{"algorithm":"OpenAPSSMBDynamicISFPlugin","input":{"glucoseStatus":{"glucose":88,"noise":0,"delta":4,"short_avgdelta":3.17,"long_avgdelta":0.95,"date":1703171438000},"currenttemp":{"temp":"absolute","duration":25,"rate":0.8,"minutesrunning":5},"iob_data":[{"iob":-0.008,"basaliob":-0.34,"bolussnooze":0.1597,"activity":6.0E-4,"lastBolusTime":1703169133442,"time":"2023-12-21T15:11:08.431Z","iobWithZeroTemp":{"iob":-0.008,"basaliob":-0.34,"bolussnooze":0.1597,"activity":6.0E-4,"lastBolusTime":1703169133442,"time":"2023-12-21T15:11:08.431Z"}},{"iob":-0.011,"basaliob":-0.323,"bolussnooze":0.1359,"activity":5.0E-4,"lastBolusTime":1703169133442,"time":"2023-12-21T15:16:08.431Z","iobWithZeroTemp":{"iob":-0.058,"basaliob":-0.37,"bolussnooze":0.1359,"activity":5.0E-4,"lastBolusTime":1703169133442,"time":"2023-12-21T15:16:08.431Z"}},{"iob":-0.013,"basaliob":-0.306,"bolussnooze":0.1147,"activity":3.0E-4,"lastBolusTime":1703169133442,"time":"2023-12-21T15:21:08.431Z","iobWithZeroTemp":{"iob":-0.117,"basaliob":-0.41,"bolussnooze":0.1147,"activity":1.0E-4,"lastBolusTime":1703169133442,"time":"2023-12-21T15:21:08.431Z"}},{"iob":-0.015,"basaliob":-0.289,"bolussnooze":0.0961,"activity":3.0E-4,"lastBolusTime":1703169133442,"time":"2023-12-21T15:26:08.431Z","iobWithZeroTemp":{"iob":-0.176,"basaliob":-0.45,"bolussnooze":0.0961,"activity":-2.0E-4,"lastBolusTime":1703169133442,"time":"2023-12-21T15:26:08.431Z"}},{"iob":-0.016,"basaliob":-0.271,"bolussnooze":0.0798,"activity":1.0E-4,"lastBolusTime":1703169133442,"time":"2023-12-21T15:31:08.431Z","iobWithZeroTemp":{"iob":-0.232,"basaliob":-0.487,"bolussnooze":0.0798,"activity":-7.0E-4,"lastBolusTime":1703169133442,"time":"2023-12-21T15:31:08.431Z"}},{"iob":-0.016,"basaliob":-0.254,"bolussnooze":0.0659,"activity":1.0E-4,"lastBolusTime":1703169133442,"time":"2023-12-21T15:36:08.431Z","iobWithZeroTemp":{"iob":-0.285,"basaliob":-0.523,"bolussnooze":0.0659,"activity":-0.0011,"lastBolusTime":1703169133442,"time":"2023-12-21T15:36:08.431Z"}},{"iob":-0.017,"basaliob":-0.237,"bolussnooze":0.0539,"activity":1.0E-4,"lastBolusTime":1703169133442,"time":"2023-12-21T15:41:08.431Z","iobWithZeroTemp":{"iob":-0.337,"basaliob":-0.557,"bolussnooze":0.0539,"activity":-0.0016,"lastBolusTime":1703169133442,"time":"2023-12-21T15:41:08.431Z"}},{"iob":-0.017,"basaliob":-0.221,"bolussnooze":0.0438,"activity":0,"lastBolusTime":1703169133442,"time":"2023-12-21T15:46:08.431Z","iobWithZeroTemp":{"iob":-0.386,"basaliob":-0.59,"bolussnooze":0.0438,"activity":-0.0022,"lastBolusTime":1703169133442,"time":"2023-12-21T15:46:08.431Z"}},{"iob":-0.017,"basaliob":-0.205,"bolussnooze":0.0353,"activity":-1.0E-4,"lastBolusTime":1703169133442,"time":"2023-12-21T15:51:08.431Z","iobWithZeroTemp":{"iob":-0.433,"basaliob":-0.621,"bolussnooze":0.0353,"activity":-0.0028,"lastBolusTime":1703169133442,"time":"2023-12-21T15:51:08.431Z"}},{"iob":-0.017,"basaliob":-0.19,"bolussnooze":0.0282,"activity":-1.0E-4,"lastBolusTime":1703169133442,"time":"2023-12-21T15:56:08.431Z","iobWithZeroTemp":{"iob":-0.476,"basaliob":-0.649,"bolussnooze":0.0282,"activity":-0.0033,"lastBolusTime":1703169133442,"time":"2023-12-21T15:56:08.431Z"}},{"iob":-0.017,"basaliob":-0.176,"bolussnooze":0.0224,"activity":-1.0E-4,"lastBolusTime":1703169133442,"time":"2023-12-21T16:01:08.431Z","iobWithZeroTemp":{"iob":-0.518,"basaliob":-0.677,"bolussnooze":0.0224,"activity":-0.0038,"lastBolusTime":1703169133442,"time":"2023-12-21T16:01:08.431Z"}},{"iob":-0.016,"basaliob":-0.162,"bolussnooze":0.0176,"activity":-2.0E-4,"lastBolusTime":1703169133442,"time":"2023-12-21T16:06:08.431Z","iobWithZeroTemp":{"iob":-0.556,"basaliob":-0.702,"bolussnooze":0.0176,"activity":-0.0044,"lastBolusTime":1703169133442,"time":"2023-12-21T16:06:08.431Z"}},{"iob":-0.015,"basaliob":-0.149,"bolussnooze":0.0136,"activity":-1.0E-4,"lastBolusTime":1703169133442,"time":"2023-12-21T16:11:08.431Z","iobWithZeroTemp":{"iob":-0.591,"basaliob":-0.725,"bolussnooze":0.0136,"activity":-0.0047,"lastBolusTime":1703169133442,"time":"2023-12-21T16:11:08.431Z"}},{"iob":-0.015,"basaliob":-0.137,"bolussnooze":0.0105,"activity":-2.0E-4,"lastBolusTime":1703169133442,"time":"2023-12-21T16:16:08.431Z","iobWithZeroTemp":{"iob":-0.625,"basaliob":-0.747,"bolussnooze":0.0105,"activity":-0.0053,"lastBolusTime":1703169133442,"time":"2023-12-21T16:16:08.431Z"}},{"iob":-0.013,"basaliob":-0.125,"bolussnooze":0.0079,"activity":-1.0E-4,"lastBolusTime":1703169133442,"time":"2023-12-21T16:21:08.431Z","iobWithZeroTemp":{"iob":-0.654,"basaliob":-0.766,"bolussnooze":0.0079,"activity":-0.0057,"lastBolusTime":1703169133442,"time":"2023-12-21T16:21:08.431Z"}},{"iob":-0.013,"basaliob":-0.115,"bolussnooze":0.0059,"activity":-2.0E-4,"lastBolusTime":1703169133442,"time":"2023-12-21T16:26:08.431Z","iobWithZeroTemp":{"iob":-0.684,"basaliob":-0.786,"bolussnooze":0.0059,"activity":-0.0062,"lastBolusTime":1703169133442,"time":"2023-12-21T16:26:08.431Z"}},{"iob":-0.013,"basaliob":-0.105,"bolussnooze":0.0043,"activity":-1.0E-4,"lastBolusTime":1703169133442,"time":"2023-12-21T16:31:08.431Z","iobWithZeroTemp":{"iob":-0.711,"basaliob":-0.803,"bolussnooze":0.0043,"activity":-0.0065,"lastBolusTime":1703169133442,"time":"2023-12-21T16:31:08.431Z"}},{"iob":-0.011,"basaliob":-0.095,"bolussnooze":0.0031,"activity":-2.0E-4,"lastBolusTime":1703169133442,"time":"2023-12-21T16:36:08.431Z","iobWithZeroTemp":{"iob":-0.734,"basaliob":-0.818,"bolussnooze":0.0031,"activity":-0.007,"lastBolusTime":1703169133442,"time":"2023-12-21T16:36:08.431Z"}},{"iob":-0.011,"basaliob":-0.087,"bolussnooze":0.0021,"activity":-2.0E-4,"lastBolusTime":1703169133442,"time":"2023-12-21T16:41:08.431Z","iobWithZeroTemp":{"iob":-0.757,"basaliob":-0.833,"bolussnooze":0.0021,"activity":-0.0074,"lastBolusTime":1703169133442,"time":"2023-12-21T16:41:08.431Z"}},{"iob":-0.01,"basaliob":-0.079,"bolussnooze":0.0014,"activity":-1.0E-4,"lastBolusTime":1703169133442,"time":"2023-12-21T16:46:08.431Z","iobWithZeroTemp":{"iob":-0.778,"basaliob":-0.847,"bolussnooze":0.0014,"activity":-0.0077,"lastBolusTime":1703169133442,"time":"2023-12-21T16:46:08.431Z"}},{"iob":-0.009,"basaliob":-0.071,"bolussnooze":9.0E-4,"activity":-1.0E-4,"lastBolusTime":1703169133442,"time":"2023-12-21T16:51:08.431Z","iobWithZeroTemp":{"iob":-0.796,"basaliob":-0.858,"bolussnooze":9.0E-4,"activity":-0.008,"lastBolusTime":1703169133442,"time":"2023-12-21T16:51:08.431Z"}},{"iob":-0.008,"basaliob":-0.064,"bolussnooze":5.0E-4,"activity":-1.0E-4,"lastBolusTime":1703169133442,"time":"2023-12-21T16:56:08.431Z","iobWithZeroTemp":{"iob":-0.813,"basaliob":-0.869,"bolussnooze":5.0E-4,"activity":-0.0083,"lastBolusTime":1703169133442,"time":"2023-12-21T16:56:08.431Z"}},{"iob":-0.008,"basaliob":-0.058,"bolussnooze":3.0E-4,"activity":-1.0E-4,"lastBolusTime":1703169133442,"time":"2023-12-21T17:01:08.431Z","iobWithZeroTemp":{"iob":-0.829,"basaliob":-0.879,"bolussnooze":3.0E-4,"activity":-0.0086,"lastBolusTime":1703169133442,"time":"2023-12-21T17:01:08.431Z"}},{"iob":-0.007,"basaliob":-0.052,"bolussnooze":1.0E-4,"activity":-1.0E-4,"lastBolusTime":1703169133442,"time":"2023-12-21T17:06:08.431Z","iobWithZeroTemp":{"iob":-0.852,"basaliob":-0.897,"bolussnooze":1.0E-4,"activity":-0.0089,"lastBolusTime":1703169133442,"time":"2023-12-21T17:06:08.431Z"}},{"iob":-0.007,"basaliob":-0.047,"bolussnooze":0,"activity":-1.0E-4,"lastBolusTime":1703169133442,"time":"2023-12-21T17:11:08.431Z","iobWithZeroTemp":{"iob":-0.873,"basaliob":-0.913,"bolussnooze":0,"activity":-0.0092,"lastBolusTime":1703169133442,"time":"2023-12-21T17:11:08.431Z"}},{"iob":-0.006,"basaliob":-0.042,"bolussnooze":0,"activity":-1.0E-4,"lastBolusTime":1703169133442,"time":"2023-12-21T17:16:08.431Z","iobWithZeroTemp":{"iob":-0.893,"basaliob":-0.929,"bolussnooze":0,"activity":-0.0095,"lastBolusTime":1703169133442,"time":"2023-12-21T17:16:08.431Z"}},{"iob":-0.006,"basaliob":-0.038,"bolussnooze":0,"activity":-1.0E-4,"lastBolusTime":1703169133442,"time":"2023-12-21T17:21:08.431Z","iobWithZeroTemp":{"iob":-0.912,"basaliob":-0.944,"bolussnooze":0,"activity":-0.0098,"lastBolusTime":1703169133442,"time":"2023-12-21T17:21:08.431Z"}},{"iob":-0.006,"basaliob":-0.034,"bolussnooze":0,"activity":-1.0E-4,"lastBolusTime":1703169133442,"time":"2023-12-21T17:26:08.431Z","iobWithZeroTemp":{"iob":-0.93,"basaliob":-0.958,"bolussnooze":0,"activity":-0.01,"lastBolusTime":1703169133442,"time":"2023-12-21T17:26:08.431Z"}},{"iob":-0.005,"basaliob":-0.03,"bolussnooze":0,"activity":-1.0E-4,"lastBolusTime":1703169133442,"time":"2023-12-21T17:31:08.431Z","iobWithZeroTemp":{"iob":-0.945,"basaliob":-0.97,"bolussnooze":0,"activity":-0.0103,"lastBolusTime":1703169133442,"time":"2023-12-21T17:31:08.431Z"}},{"iob":-0.005,"basaliob":-0.027,"bolussnooze":0,"activity":0,"lastBolusTime":1703169133442,"time":"2023-12-21T17:36:08.431Z","iobWithZeroTemp":{"iob":-0.96,"basaliob":-0.982,"bolussnooze":0,"activity":-0.0104,"lastBolusTime":1703169133442,"time":"2023-12-21T17:36:08.431Z"}},{"iob":-0.004,"basaliob":-0.024,"bolussnooze":0,"activity":-1.0E-4,"lastBolusTime":1703169133442,"time":"2023-12-21T17:41:08.431Z","iobWithZeroTemp":{"iob":-0.973,"basaliob":-0.993,"bolussnooze":0,"activity":-0.0107,"lastBolusTime":1703169133442,"time":"2023-12-21T17:41:08.431Z"}},{"iob":-0.004,"basaliob":-0.021,"bolussnooze":0,"activity":-1.0E-4,"lastBolusTime":1703169133442,"time":"2023-12-21T17:46:08.431Z","iobWithZeroTemp":{"iob":-0.986,"basaliob":-1.003,"bolussnooze":0,"activity":-0.011,"lastBolusTime":1703169133442,"time":"2023-12-21T17:46:08.431Z"}},{"iob":-0.004,"basaliob":-0.019,"bolussnooze":0,"activity":-1.0E-4,"lastBolusTime":1703169133442,"time":"2023-12-21T17:51:08.431Z","iobWithZeroTemp":{"iob":-0.998,"basaliob":-1.013,"bolussnooze":0,"activity":-0.0112,"lastBolusTime":1703169133442,"time":"2023-12-21T17:51:08.431Z"}},{"iob":-0.004,"basaliob":-0.017,"bolussnooze":0,"activity":0,"lastBolusTime":1703169133442,"time":"2023-12-21T17:56:08.431Z","iobWithZeroTemp":{"iob":-1.009,"basaliob":-1.022,"bolussnooze":0,"activity":-0.0113,"lastBolusTime":1703169133442,"time":"2023-12-21T17:56:08.431Z"}},{"iob":-0.003,"basaliob":-0.015,"bolussnooze":0,"activity":-1.0E-4,"lastBolusTime":1703169133442,"time":"2023-12-21T18:01:08.431Z","iobWithZeroTemp":{"iob":-1.018,"basaliob":-1.03,"bolussnooze":0,"activity":-0.0115,"lastBolusTime":1703169133442,"time":"2023-12-21T18:01:08.431Z"}},{"iob":-0.003,"basaliob":-0.013,"bolussnooze":0,"activity":0,"lastBolusTime":1703169133442,"time":"2023-12-21T18:06:08.431Z","iobWithZeroTemp":{"iob":-1.027,"basaliob":-1.037,"bolussnooze":0,"activity":-0.0116,"lastBolusTime":1703169133442,"time":"2023-12-21T18:06:08.431Z"}},{"iob":-0.002,"basaliob":-0.011,"bolussnooze":0,"activity":0,"lastBolusTime":1703169133442,"time":"2023-12-21T18:11:08.431Z","iobWithZeroTemp":{"iob":-1.034,"basaliob":-1.043,"bolussnooze":0,"activity":-0.0118,"lastBolusTime":1703169133442,"time":"2023-12-21T18:11:08.431Z"}},{"iob":-0.002,"basaliob":-0.01,"bolussnooze":0,"activity":-1.0E-4,"lastBolusTime":1703169133442,"time":"2023-12-21T18:16:08.431Z","iobWithZeroTemp":{"iob":-1.042,"basaliob":-1.05,"bolussnooze":0,"activity":-0.012,"lastBolusTime":1703169133442,"time":"2023-12-21T18:16:08.431Z"}},{"iob":-0.003,"basaliob":-0.009,"bolussnooze":0,"activity":0,"lastBolusTime":1703169133442,"time":"2023-12-21T18:21:08.431Z","iobWithZeroTemp":{"iob":-1.05,"basaliob":-1.056,"bolussnooze":0,"activity":-0.012,"lastBolusTime":1703169133442,"time":"2023-12-21T18:21:08.431Z"}},{"iob":-0.002,"basaliob":-0.007,"bolussnooze":0,"activity":0,"lastBolusTime":1703169133442,"time":"2023-12-21T18:26:08.431Z","iobWithZeroTemp":{"iob":-1.055,"basaliob":-1.06,"bolussnooze":0,"activity":-0.0122,"lastBolusTime":1703169133442,"time":"2023-12-21T18:26:08.431Z"}},{"iob":-0.001,"basaliob":-0.006,"bolussnooze":0,"activity":0,"lastBolusTime":1703169133442,"time":"2023-12-21T18:31:08.431Z","iobWithZeroTemp":{"iob":-1.06,"basaliob":-1.065,"bolussnooze":0,"activity":-0.0123,"lastBolusTime":1703169133442,"time":"2023-12-21T18:31:08.431Z"}},{"iob":-0.001,"basaliob":-0.005,"bolussnooze":0,"activity":-1.0E-4,"lastBolusTime":1703169133442,"time":"2023-12-21T18:36:08.431Z","iobWithZeroTemp":{"iob":-1.065,"basaliob":-1.069,"bolussnooze":0,"activity":-0.0125,"lastBolusTime":1703169133442,"time":"2023-12-21T18:36:08.431Z"}},{"iob":-0.002,"basaliob":-0.005,"bolussnooze":0,"activity":0,"lastBolusTime":1703169133442,"time":"2023-12-21T18:41:08.431Z","iobWithZeroTemp":{"iob":-1.07,"basaliob":-1.073,"bolussnooze":0,"activity":-0.0125,"lastBolusTime":1703169133442,"time":"2023-12-21T18:41:08.431Z"}},{"iob":-0.001,"basaliob":-0.004,"bolussnooze":0,"activity":0,"lastBolusTime":1703169133442,"time":"2023-12-21T18:46:08.431Z","iobWithZeroTemp":{"iob":-1.073,"basaliob":-1.076,"bolussnooze":0,"activity":-0.0126,"lastBolusTime":1703169133442,"time":"2023-12-21T18:46:08.431Z"}},{"iob":-0.001,"basaliob":-0.003,"bolussnooze":0,"activity":0,"lastBolusTime":1703169133442,"time":"2023-12-21T18:51:08.431Z","iobWithZeroTemp":{"iob":-1.077,"basaliob":-1.079,"bolussnooze":0,"activity":-0.0126,"lastBolusTime":1703169133442,"time":"2023-12-21T18:51:08.431Z"}},{"iob":-0.001,"basaliob":-0.003,"bolussnooze":0,"activity":0,"lastBolusTime":1703169133442,"time":"2023-12-21T18:56:08.431Z","iobWithZeroTemp":{"iob":-1.08,"basaliob":-1.082,"bolussnooze":0,"activity":-0.0127,"lastBolusTime":1703169133442,"time":"2023-12-21T18:56:08.431Z"}},{"iob":-0.001,"basaliob":-0.002,"bolussnooze":0,"activity":0,"lastBolusTime":1703169133442,"time":"2023-12-21T19:01:08.431Z","iobWithZeroTemp":{"iob":-1.083,"basaliob":-1.084,"bolussnooze":0,"activity":-0.0128,"lastBolusTime":1703169133442,"time":"2023-12-21T19:01:08.431Z"}},{"iob":-0.001,"basaliob":-0.002,"bolussnooze":0,"activity":0,"lastBolusTime":1703169133442,"time":"2023-12-21T19:06:08.431Z","iobWithZeroTemp":{"iob":-1.086,"basaliob":-1.087,"bolussnooze":0,"activity":-0.0128,"lastBolusTime":1703169133442,"time":"2023-12-21T19:06:08.431Z"}}],"profile":{"max_iob":7,"type":"current","max_daily_basal":0.8,"max_basal":5,"min_bg":80,"max_bg":90,"target_bg":85,"carb_ratio":16,"sens":57,"max_daily_safety_multiplier":9,"current_basal_safety_multiplier":8,"lgsThreshold":65,"high_temptarget_raises_sensitivity":false,"low_temptarget_lowers_sensitivity":false,"sensitivity_raises_target":false,"resistance_lowers_target":false,"adv_target_adjustments":false,"exercise_mode":false,"half_basal_exercise_target":160,"maxCOB":120,"skip_neutral_temps":false,"remainingCarbsCap":90,"enableUAM":true,"A52_risk_enable":false,"SMBInterval":3,"enableSMB_with_COB":true,"enableSMB_with_temptarget":true,"allowSMB_with_high_temptarget":true,"enableSMB_always":true,"enableSMB_after_carbs":true,"maxSMBBasalMinutes":120,"maxUAMSMBBasalMinutes":90,"bolus_increment":0.05,"carbsReqThreshold":5,"current_basal":0.7,"temptargetSet":false,"autosens_max":1.6,"autosens_min":0.6,"variable_sens":128,"insulinDivisor":75,"TDD":18.12014523809524},"autosens_data":{"ratio":0.9963687770262782},"meal_data":{"carbs":0,"mealCOB":0,"slopeFromMaxDeviation":-0.03827272727272729,"slopeFromMinDeviation":1.443,"lastBolusTime":1703169133442,"lastCarbTime":0},"microBolusAllowed":true,"currentTime":1703171470060,"flatBGsDetected":false,"tdd1D":20.662500000000005,"tdd7D":21.47380952380953,"tddLast24H":21.395833333333346,"tddLast4H":2.1041666666666665,"tddLast8to4H":1.8249999999999997},"output":{"temp":"absolute","bg":88,"tick":"+4","eventualBG":110,"targetBG":85,"insulinReq":0.15,"deliverAt":"2023-12-21T15:11:10.060Z","sensitivityRatio":0.9963687770262782,"variable_sens":128,"predBGs":{"IOB":[88,91,94,96,98,100,102,104,105,106,106,107,107,107,107,107,107,107,107,107,108],"ZT":[88,88,87,87,87,88,89],"UAM":[88,91,93,95,97,98,98,99,99,99,99,99,99,99,99,99,99,99,99,99,100]},"reason":"COB: 0, Dev: 21, BGI: 0, ISF: 128, CR: 16, Target: 85, minPredBG 104, minGuardBG 91, IOBpredBG 108, UAMpredBG 100; Eventual BG 110 >= 90,  insulinReq 0.15. Microbolusing 0.05U. temp 0.80 < 1U\/hr. ","COB":0,"IOB":-0.008,"units":0.05,"duration":30,"rate":0.9974581439183947,"timestamp":"2023-12-21T15:11:10.067Z"}}