{"algorithm":"OpenAPSSMBDynamicISFPlugin","input":{"glucoseStatus":{"glucose":86,"noise":0,"delta":1,"short_avgdelta":0.89,"long_avgdelta":-0.05,"date":1703115039000},"currenttemp":{"temp":"absolute","duration":25,"rate":0.8,"minutesrunning":5},"iob_data":[{"iob":-0.055,"basaliob":-0.137,"bolussnooze":0,"activity":-4.0E-4,"lastBolusTime":1703105530958,"time":"2023-12-20T23:31:07.922Z","iobWithZeroTemp":{"iob":-0.055,"basaliob":-0.137,"bolussnooze":0,"activity":-4.0E-4,"lastBolusTime":1703105530958,"time":"2023-12-20T23:31:07.922Z"}},{"iob":-0.053,"basaliob":-0.125,"bolussnooze":0,"activity":-5.0E-4,"lastBolusTime":1703105530958,"time":"2023-12-20T23:36:07.922Z","iobWithZeroTemp":{"iob":-0.1,"basaliob":-0.172,"bolussnooze":0,"activity":-5.0E-4,"lastBolusTime":1703105530958,"time":"2023-12-20T23:36:07.922Z"}},{"iob":-0.05,"basaliob":-0.114,"bolussnooze":0,"activity":-5.0E-4,"lastBolusTime":1703105530958,"time":"2023-12-20T23:41:07.922Z","iobWithZeroTemp":{"iob":-0.154,"basaliob":-0.218,"bolussnooze":0,"activity":-7.0E-4,"lastBolusTime":1703105530958,"time":"2023-12-20T23:41:07.922Z"}},{"iob":-0.048,"basaliob":-0.104,"bolussnooze":0,"activity":-5.0E-4,"lastBolusTime":1703105530958,"time":"2023-12-20T23:46:07.922Z","iobWithZeroTemp":{"iob":-0.209,"basaliob":-0.265,"bolussnooze":0,"activity":-0.001,"lastBolusTime":1703105530958,"time":"2023-12-20T23:46:07.922Z"}},{"iob":-0.046,"basaliob":-0.095,"bolussnooze":0,"activity":-5.0E-4,"lastBolusTime":1703105530958,"time":"2023-12-20T23:51:07.922Z","iobWithZeroTemp":{"iob":-0.262,"basaliob":-0.311,"bolussnooze":0,"activity":-0.0013,"lastBolusTime":1703105530958,"time":"2023-12-20T23:51:07.922Z"}},{"iob":-0.043,"basaliob":-0.086,"bolussnooze":0,"activity":-5.0E-4,"lastBolusTime":1703105530958,"time":"2023-12-20T23:56:07.922Z","iobWithZeroTemp":{"iob":-0.312,"basaliob":-0.355,"bolussnooze":0,"activity":-0.0017,"lastBolusTime":1703105530958,"time":"2023-12-20T23:56:07.922Z"}},{"iob":-0.041,"basaliob":-0.078,"bolussnooze":0,"activity":-6.0E-4,"lastBolusTime":1703105530958,"time":"2023-12-21T00:01:07.922Z","iobWithZeroTemp":{"iob":-0.361,"basaliob":-0.398,"bolussnooze":0,"activity":-0.0023,"lastBolusTime":1703105530958,"time":"2023-12-21T00:01:07.922Z"}},{"iob":-0.038,"basaliob":-0.07,"bolussnooze":0,"activity":-5.0E-4,"lastBolusTime":1703105530958,"time":"2023-12-21T00:06:07.922Z","iobWithZeroTemp":{"iob":-0.407,"basaliob":-0.439,"bolussnooze":0,"activity":-0.0027,"lastBolusTime":1703105530958,"time":"2023-12-21T00:06:07.922Z"}},{"iob":-0.035,"basaliob":-0.063,"bolussnooze":0,"activity":-5.0E-4,"lastBolusTime":1703105530958,"time":"2023-12-21T00:11:07.922Z","iobWithZeroTemp":{"iob":-0.451,"basaliob":-0.479,"bolussnooze":0,"activity":-0.0032,"lastBolusTime":1703105530958,"time":"2023-12-21T00:11:07.922Z"}},{"iob":-0.033,"basaliob":-0.057,"bolussnooze":0,"activity":-5.0E-4,"lastBolusTime":1703105530958,"time":"2023-12-21T00:16:07.922Z","iobWithZeroTemp":{"iob":-0.492,"basaliob":-0.516,"bolussnooze":0,"activity":-0.0037,"lastBolusTime":1703105530958,"time":"2023-12-21T00:16:07.922Z"}},{"iob":-0.03,"basaliob":-0.051,"bolussnooze":0,"activity":-5.0E-4,"lastBolusTime":1703105530958,"time":"2023-12-21T00:21:07.922Z","iobWithZeroTemp":{"iob":-0.531,"basaliob":-0.552,"bolussnooze":0,"activity":-0.0042,"lastBolusTime":1703105530958,"time":"2023-12-21T00:21:07.922Z"}},{"iob":-0.028,"basaliob":-0.046,"bolussnooze":0,"activity":-4.0E-4,"lastBolusTime":1703105530958,"time":"2023-12-21T00:26:07.922Z","iobWithZeroTemp":{"iob":-0.568,"basaliob":-0.586,"bolussnooze":0,"activity":-0.0046,"lastBolusTime":1703105530958,"time":"2023-12-21T00:26:07.922Z"}},{"iob":-0.026,"basaliob":-0.041,"bolussnooze":0,"activity":-4.0E-4,"lastBolusTime":1703105530958,"time":"2023-12-21T00:31:07.922Z","iobWithZeroTemp":{"iob":-0.602,"basaliob":-0.617,"bolussnooze":0,"activity":-0.005,"lastBolusTime":1703105530958,"time":"2023-12-21T00:31:07.922Z"}},{"iob":-0.024,"basaliob":-0.037,"bolussnooze":0,"activity":-4.0E-4,"lastBolusTime":1703105530958,"time":"2023-12-21T00:36:07.922Z","iobWithZeroTemp":{"iob":-0.634,"basaliob":-0.647,"bolussnooze":0,"activity":-0.0055,"lastBolusTime":1703105530958,"time":"2023-12-21T00:36:07.922Z"}},{"iob":-0.022,"basaliob":-0.033,"bolussnooze":0,"activity":-4.0E-4,"lastBolusTime":1703105530958,"time":"2023-12-21T00:41:07.922Z","iobWithZeroTemp":{"iob":-0.663,"basaliob":-0.674,"bolussnooze":0,"activity":-0.006,"lastBolusTime":1703105530958,"time":"2023-12-21T00:41:07.922Z"}},{"iob":-0.02,"basaliob":-0.029,"bolussnooze":0,"activity":-4.0E-4,"lastBolusTime":1703105530958,"time":"2023-12-21T00:46:07.922Z","iobWithZeroTemp":{"iob":-0.691,"basaliob":-0.7,"bolussnooze":0,"activity":-0.0064,"lastBolusTime":1703105530958,"time":"2023-12-21T00:46:07.922Z"}},{"iob":-0.018,"basaliob":-0.026,"bolussnooze":0,"activity":-3.0E-4,"lastBolusTime":1703105530958,"time":"2023-12-21T00:51:07.922Z","iobWithZeroTemp":{"iob":-0.716,"basaliob":-0.724,"bolussnooze":0,"activity":-0.0067,"lastBolusTime":1703105530958,"time":"2023-12-21T00:51:07.922Z"}},{"iob":-0.017,"basaliob":-0.023,"bolussnooze":0,"activity":-4.0E-4,"lastBolusTime":1703105530958,"time":"2023-12-21T00:56:07.922Z","iobWithZeroTemp":{"iob":-0.74,"basaliob":-0.746,"bolussnooze":0,"activity":-0.0072,"lastBolusTime":1703105530958,"time":"2023-12-21T00:56:07.922Z"}},{"iob":-0.015,"basaliob":-0.02,"bolussnooze":0,"activity":-3.0E-4,"lastBolusTime":1703105530958,"time":"2023-12-21T01:01:07.922Z","iobWithZeroTemp":{"iob":-0.761,"basaliob":-0.766,"bolussnooze":0,"activity":-0.0075,"lastBolusTime":1703105530958,"time":"2023-12-21T01:01:07.922Z"}},{"iob":-0.014,"basaliob":-0.018,"bolussnooze":0,"activity":-2.0E-4,"lastBolusTime":1703105530958,"time":"2023-12-21T01:06:07.922Z","iobWithZeroTemp":{"iob":-0.782,"basaliob":-0.786,"bolussnooze":0,"activity":-0.0078,"lastBolusTime":1703105530958,"time":"2023-12-21T01:06:07.922Z"}},{"iob":-0.012,"basaliob":-0.016,"bolussnooze":0,"activity":-2.0E-4,"lastBolusTime":1703105530958,"time":"2023-12-21T01:11:07.922Z","iobWithZeroTemp":{"iob":-0.799,"basaliob":-0.803,"bolussnooze":0,"activity":-0.0081,"lastBolusTime":1703105530958,"time":"2023-12-21T01:11:07.922Z"}},{"iob":-0.011,"basaliob":-0.014,"bolussnooze":0,"activity":-3.0E-4,"lastBolusTime":1703105530958,"time":"2023-12-21T01:16:07.922Z","iobWithZeroTemp":{"iob":-0.816,"basaliob":-0.819,"bolussnooze":0,"activity":-0.0085,"lastBolusTime":1703105530958,"time":"2023-12-21T01:16:07.922Z"}},{"iob":-0.01,"basaliob":-0.012,"bolussnooze":0,"activity":-2.0E-4,"lastBolusTime":1703105530958,"time":"2023-12-21T01:21:07.922Z","iobWithZeroTemp":{"iob":-0.831,"basaliob":-0.833,"bolussnooze":0,"activity":-0.0087,"lastBolusTime":1703105530958,"time":"2023-12-21T01:21:07.922Z"}},{"iob":-0.009,"basaliob":-0.011,"bolussnooze":0,"activity":-2.0E-4,"lastBolusTime":1703105530958,"time":"2023-12-21T01:26:07.922Z","iobWithZeroTemp":{"iob":-0.845,"basaliob":-0.847,"bolussnooze":0,"activity":-0.009,"lastBolusTime":1703105530958,"time":"2023-12-21T01:26:07.922Z"}},{"iob":-0.008,"basaliob":-0.009,"bolussnooze":0,"activity":-2.0E-4,"lastBolusTime":1703105530958,"time":"2023-12-21T01:31:07.922Z","iobWithZeroTemp":{"iob":-0.858,"basaliob":-0.859,"bolussnooze":0,"activity":-0.0093,"lastBolusTime":1703105530958,"time":"2023-12-21T01:31:07.922Z"}},{"iob":-0.007,"basaliob":-0.008,"bolussnooze":0,"activity":-1.0E-4,"lastBolusTime":1703105530958,"time":"2023-12-21T01:36:07.922Z","iobWithZeroTemp":{"iob":-0.869,"basaliob":-0.87,"bolussnooze":0,"activity":-0.0094,"lastBolusTime":1703105530958,"time":"2023-12-21T01:36:07.922Z"}},{"iob":-0.006,"basaliob":-0.007,"bolussnooze":0,"activity":-2.0E-4,"lastBolusTime":1703105530958,"time":"2023-12-21T01:41:07.922Z","iobWithZeroTemp":{"iob":-0.88,"basaliob":-0.881,"bolussnooze":0,"activity":-0.0097,"lastBolusTime":1703105530958,"time":"2023-12-21T01:41:07.922Z"}},{"iob":-0.006,"basaliob":-0.006,"bolussnooze":0,"activity":-2.0E-4,"lastBolusTime":1703105530958,"time":"2023-12-21T01:46:07.922Z","iobWithZeroTemp":{"iob":-0.89,"basaliob":-0.89,"bolussnooze":0,"activity":-0.0099,"lastBolusTime":1703105530958,"time":"2023-12-21T01:46:07.922Z"}},{"iob":-0.005,"basaliob":-0.005,"bolussnooze":0,"activity":-2.0E-4,"lastBolusTime":1703105530958,"time":"2023-12-21T01:51:07.922Z","iobWithZeroTemp":{"iob":-0.898,"basaliob":-0.898,"bolussnooze":0,"activity":-0.0101,"lastBolusTime":1703105530958,"time":"2023-12-21T01:51:07.922Z"}},{"iob":-0.004,"basaliob":-0.004,"bolussnooze":0,"activity":-1.0E-4,"lastBolusTime":1703105530958,"time":"2023-12-21T01:56:07.922Z","iobWithZeroTemp":{"iob":-0.906,"basaliob":-0.906,"bolussnooze":0,"activity":-0.0102,"lastBolusTime":1703105530958,"time":"2023-12-21T01:56:07.922Z"}},{"iob":-0.004,"basaliob":-0.004,"bolussnooze":0,"activity":-1.0E-4,"lastBolusTime":1703105530958,"time":"2023-12-21T02:01:07.922Z","iobWithZeroTemp":{"iob":-0.913,"basaliob":-0.913,"bolussnooze":0,"activity":-0.0103,"lastBolusTime":1703105530958,"time":"2023-12-21T02:01:07.922Z"}},{"iob":-0.003,"basaliob":-0.003,"bolussnooze":0,"activity":-1.0E-4,"lastBolusTime":1703105530958,"time":"2023-12-21T02:06:07.922Z","iobWithZeroTemp":{"iob":-0.919,"basaliob":-0.919,"bolussnooze":0,"activity":-0.0105,"lastBolusTime":1703105530958,"time":"2023-12-21T02:06:07.922Z"}},{"iob":-0.003,"basaliob":-0.003,"bolussnooze":0,"activity":-1.0E-4,"lastBolusTime":1703105530958,"time":"2023-12-21T02:11:07.922Z","iobWithZeroTemp":{"iob":-0.925,"basaliob":-0.925,"bolussnooze":0,"activity":-0.0106,"lastBolusTime":1703105530958,"time":"2023-12-21T02:11:07.922Z"}},{"iob":-0.002,"basaliob":-0.002,"bolussnooze":0,"activity":-1.0E-4,"lastBolusTime":1703105530958,"time":"2023-12-21T02:16:07.922Z","iobWithZeroTemp":{"iob":-0.929,"basaliob":-0.929,"bolussnooze":0,"activity":-0.0107,"lastBolusTime":1703105530958,"time":"2023-12-21T02:16:07.922Z"}},{"iob":-0.002,"basaliob":-0.002,"bolussnooze":0,"activity":-1.0E-4,"lastBolusTime":1703105530958,"time":"2023-12-21T02:21:07.922Z","iobWithZeroTemp":{"iob":-0.934,"basaliob":-0.934,"bolussnooze":0,"activity":-0.0109,"lastBolusTime":1703105530958,"time":"2023-12-21T02:21:07.922Z"}},{"iob":-0.002,"basaliob":-0.002,"bolussnooze":0,"activity":-1.0E-4,"lastBolusTime":0,"time":"2023-12-21T02:26:07.922Z","iobWithZeroTemp":{"iob":-0.938,"basaliob":-0.938,"bolussnooze":0,"activity":-0.011,"lastBolusTime":0,"time":"2023-12-21T02:26:07.922Z"}},{"iob":-0.001,"basaliob":-0.001,"bolussnooze":0,"activity":0,"lastBolusTime":0,"time":"2023-12-21T02:31:07.922Z","iobWithZeroTemp":{"iob":-0.941,"basaliob":-0.941,"bolussnooze":0,"activity":-0.0109,"lastBolusTime":0,"time":"2023-12-21T02:31:07.922Z"}},{"iob":-0.001,"basaliob":-0.001,"bolussnooze":0,"activity":0,"lastBolusTime":0,"time":"2023-12-21T02:36:07.922Z","iobWithZeroTemp":{"iob":-0.945,"basaliob":-0.945,"bolussnooze":0,"activity":-0.011,"lastBolusTime":0,"time":"2023-12-21T02:36:07.922Z"}},{"iob":-0.001,"basaliob":-0.001,"bolussnooze":0,"activity":0,"lastBolusTime":0,"time":"2023-12-21T02:41:07.922Z","iobWithZeroTemp":{"iob":-0.948,"basaliob":-0.948,"bolussnooze":0,"activity":-0.0111,"lastBolusTime":0,"time":"2023-12-21T02:41:07.922Z"}},{"iob":-0.001,"basaliob":-0.001,"bolussnooze":0,"activity":0,"lastBolusTime":0,"time":"2023-12-21T02:46:07.922Z","iobWithZeroTemp":{"iob":-0.95,"basaliob":-0.95,"bolussnooze":0,"activity":-0.0112,"lastBolusTime":0,"time":"2023-12-21T02:46:07.922Z"}},{"iob":-0.001,"basaliob":-0.001,"bolussnooze":0,"activity":0,"lastBolusTime":0,"time":"2023-12-21T02:51:07.922Z","iobWithZeroTemp":{"iob":-0.953,"basaliob":-0.953,"bolussnooze":0,"activity":-0.0112,"lastBolusTime":0,"time":"2023-12-21T02:51:07.922Z"}},{"iob":-0.001,"basaliob":-0.001,"bolussnooze":0,"activity":0,"lastBolusTime":0,"time":"2023-12-21T02:56:07.922Z","iobWithZeroTemp":{"iob":-0.955,"basaliob":-0.955,"bolussnooze":0,"activity":-0.0113,"lastBolusTime":0,"time":"2023-12-21T02:56:07.922Z"}},{"iob":0,"basaliob":0,"bolussnooze":0,"activity":0,"lastBolusTime":0,"time":"2023-12-21T03:01:07.922Z","iobWithZeroTemp":{"iob":-0.956,"basaliob":-0.956,"bolussnooze":0,"activity":-0.0113,"lastBolusTime":0,"time":"2023-12-21T03:01:07.922Z"}},{"iob":0,"basaliob":0,"bolussnooze":0,"activity":0,"lastBolusTime":0,"time":"2023-12-21T03:06:07.922Z","iobWithZeroTemp":{"iob":-0.957,"basaliob":-0.957,"bolussnooze":0,"activity":-0.0114,"lastBolusTime":0,"time":"2023-12-21T03:06:07.922Z"}},{"iob":0,"basaliob":0,"bolussnooze":0,"activity":0,"lastBolusTime":0,"time":"2023-12-21T03:11:07.922Z","iobWithZeroTemp":{"iob":-0.959,"basaliob":-0.959,"bolussnooze":0,"activity":-0.0114,"lastBolusTime":0,"time":"2023-12-21T03:11:07.922Z"}},{"iob":0,"basaliob":0,"bolussnooze":0,"activity":0,"lastBolusTime":0,"time":"2023-12-21T03:16:07.922Z","iobWithZeroTemp":{"iob":-0.96,"basaliob":-0.96,"bolussnooze":0,"activity":-0.0115,"lastBolusTime":0,"time":"2023-12-21T03:16:07.922Z"}},{"iob":0,"basaliob":0,"bolussnooze":0,"activity":0,"lastBolusTime":0,"time":"2023-12-21T03:21:07.922Z","iobWithZeroTemp":{"iob":-0.961,"basaliob":-0.961,"bolussnooze":0,"activity":-0.0115,"lastBolusTime":0,"time":"2023-12-21T03:21:07.922Z"}},{"iob":0,"basaliob":0,"bolussnooze":0,"activity":0,"lastBolusTime":0,"time":"2023-12-21T03:26:07.922Z","iobWithZeroTemp":{"iob":-0.962,"basaliob":-0.962,"bolussnooze":0,"activity":-0.0115,"lastBolusTime":0,"time":"2023-12-21T03:26:07.922Z"}}],"profile":{"max_iob":7,"type":"current","max_daily_basal":0.8,"max_basal":5,"min_bg":80,"max_bg":90,"target_bg":85,"carb_ratio":14,"sens":57,"max_daily_safety_multiplier":9,"current_basal_safety_multiplier":8,"lgsThreshold":65,"high_temptarget_raises_sensitivity":false,"low_temptarget_lowers_sensitivity":false,"sensitivity_raises_target":false,"resistance_lowers_target":false,"adv_target_adjustments":false,"exercise_mode":false,"half_basal_exercise_target":160,"maxCOB":120,"skip_neutral_temps":false,"remainingCarbsCap":90,"enableUAM":true,"A52_risk_enable":false,"SMBInterval":3,"enableSMB_with_COB":true,"enableSMB_with_temptarget":true,"allowSMB_with_high_temptarget":true,"enableSMB_always":true,"enableSMB_after_carbs":true,"maxSMBBasalMinutes":120,"maxUAMSMBBasalMinutes":90,"bolus_increment":0.05,"carbsReqThreshold":5,"current_basal":0.7,"temptargetSet":false,"autosens_max":1.6,"autosens_min":0.6,"variable_sens":111.8,"insulinDivisor":75,"TDD":21.076485714285717},"autosens_data":{"ratio":0.9828091534212596},"meal_data":{"carbs":0,"mealCOB":0,"slopeFromMaxDeviation":0,"slopeFromMinDeviation":0.37971428571428567,"lastBolusTime":1703105530958,"lastCarbTime":0},"microBolusAllowed":true,"currentTime":1703115069559,"flatBGsDetected":false,"tdd1D":21.666666666666675,"tdd7D":21.121428571428574,"tddLast24H":20.758333333333322,"tddLast4H":3.079166666666666,"tddLast8to4H":4.170833333333334},"output":{"temp":"absolute","bg":86,"tick":"+1","eventualBG":96,"targetBG":85,"insulinReq":0.08,"deliverAt":"2023-12-20T23:31:09.559Z","sensitivityRatio":0.9828091534212596,"variable_sens":111.8,"predBGs":{"IOB":[86,87,88,89,89,90,91,91,92,92,93,93,93,93,93,94,94,94,94,94,95,95,95,95,95,95,95,95,95,95,95,96],"ZT":[86,86,87,87,87,88,89],"UAM":[86,87,88,88,89,89,89,90,90,90,90,91,91,91,91,91,92,92,92,92,92,92,93,93,93,93,93,93,93,93,93,93,93,93,94]},"reason":"COB: 0, Dev: 4, BGI: 0, ISF: 112, CR: 14, Target: 85, minPredBG 94, minGuardBG 87, IOBpredBG 96, UAMpredBG 94; Eventual BG 96 >= 90,  insulinReq 0.08. temp 0.80 < 0.85U\/hr.  25m left and 0.8 ~ req 0.8479664073948817U\/hr: no temp required","COB":0,"IOB":-0.055,"timestamp":"2023-12-20T23:31:09.574Z"}}