{"algorithm":"OpenAPSSMBDynamicISFPlugin","input":{"glucoseStatus":{"glucose":88,"noise":0,"delta":1,"short_avgdelta":0.89,"long_avgdelta":-0.44,"date":1703085338000},"currenttemp":{"temp":"absolute","duration":25,"rate":0.85,"minutesrunning":5},"iob_data":[{"iob":-0.021,"basaliob":-0.42,"bolussnooze":0.0877,"activity":0.0021,"lastBolusTime":1703081770532,"time":"2023-12-20T15:16:08.703Z","iobWithZeroTemp":{"iob":-0.021,"basaliob":-0.42,"bolussnooze":0.0877,"activity":0.0021,"lastBolusTime":1703081770532,"time":"2023-12-20T15:16:08.703Z"}},{"iob":-0.03,"basaliob":-0.401,"bolussnooze":0.0722,"activity":0.0017,"lastBolusTime":1703081770532,"time":"2023-12-20T15:21:08.703Z","iobWithZeroTemp":{"iob":-0.077,"basaliob":-0.448,"bolussnooze":0.0722,"activity":0.0017,"lastBolusTime":1703081770532,"time":"2023-12-20T15:21:08.703Z"}},{"iob":-0.037,"basaliob":-0.381,"bolussnooze":0.059,"activity":0.0013,"lastBolusTime":1703081770532,"time":"2023-12-20T15:26:08.703Z","iobWithZeroTemp":{"iob":-0.141,"basaliob":-0.485,"bolussnooze":0.059,"activity":0.0011,"lastBolusTime":1703081770532,"time":"2023-12-20T15:26:08.703Z"}},{"iob":-0.043,"basaliob":-0.361,"bolussnooze":0.0479,"activity":9.0E-4,"lastBolusTime":1703081770532,"time":"2023-12-20T15:31:08.703Z","iobWithZeroTemp":{"iob":-0.204,"basaliob":-0.522,"bolussnooze":0.0479,"activity":4.0E-4,"lastBolusTime":1703081770532,"time":"2023-12-20T15:31:08.703Z"}},{"iob":-0.048,"basaliob":-0.341,"bolussnooze":0.0385,"activity":7.0E-4,"lastBolusTime":1703081770532,"time":"2023-12-20T15:36:08.703Z","iobWithZeroTemp":{"iob":-0.264,"basaliob":-0.557,"bolussnooze":0.0385,"activity":-1.0E-4,"lastBolusTime":1703081770532,"time":"2023-12-20T15:36:08.703Z"}},{"iob":-0.05,"basaliob":-0.32,"bolussnooze":0.0307,"activity":4.0E-4,"lastBolusTime":1703081770532,"time":"2023-12-20T15:41:08.703Z","iobWithZeroTemp":{"iob":-0.319,"basaliob":-0.589,"bolussnooze":0.0307,"activity":-8.0E-4,"lastBolusTime":1703081770532,"time":"2023-12-20T15:41:08.703Z"}},{"iob":-0.052,"basaliob":-0.3,"bolussnooze":0.0243,"activity":2.0E-4,"lastBolusTime":1703081770532,"time":"2023-12-20T15:46:08.703Z","iobWithZeroTemp":{"iob":-0.372,"basaliob":-0.62,"bolussnooze":0.0243,"activity":-0.0015,"lastBolusTime":1703081770532,"time":"2023-12-20T15:46:08.703Z"}},{"iob":-0.052,"basaliob":-0.28,"bolussnooze":0.019,"activity":1.0E-4,"lastBolusTime":1703081770532,"time":"2023-12-20T15:51:08.703Z","iobWithZeroTemp":{"iob":-0.421,"basaliob":-0.649,"bolussnooze":0.019,"activity":-0.0021,"lastBolusTime":1703081770532,"time":"2023-12-20T15:51:08.703Z"}},{"iob":-0.053,"basaliob":-0.261,"bolussnooze":0.0147,"activity":-1.0E-4,"lastBolusTime":1703081770532,"time":"2023-12-20T15:56:08.703Z","iobWithZeroTemp":{"iob":-0.469,"basaliob":-0.677,"bolussnooze":0.0147,"activity":-0.0028,"lastBolusTime":1703081770532,"time":"2023-12-20T15:56:08.703Z"}},{"iob":-0.052,"basaliob":-0.242,"bolussnooze":0.0113,"activity":-1.0E-4,"lastBolusTime":1703081770532,"time":"2023-12-20T16:01:08.703Z","iobWithZeroTemp":{"iob":-0.511,"basaliob":-0.701,"bolussnooze":0.0113,"activity":-0.0033,"lastBolusTime":1703081770532,"time":"2023-12-20T16:01:08.703Z"}},{"iob":-0.051,"basaliob":-0.225,"bolussnooze":0.0085,"activity":-3.0E-4,"lastBolusTime":1703081770532,"time":"2023-12-20T16:06:08.703Z","iobWithZeroTemp":{"iob":-0.552,"basaliob":-0.726,"bolussnooze":0.0085,"activity":-0.004,"lastBolusTime":1703081770532,"time":"2023-12-20T16:06:08.703Z"}},{"iob":-0.05,"basaliob":-0.208,"bolussnooze":0.0063,"activity":-3.0E-4,"lastBolusTime":1703081770532,"time":"2023-12-20T16:11:08.703Z","iobWithZeroTemp":{"iob":-0.59,"basaliob":-0.748,"bolussnooze":0.0063,"activity":-0.0045,"lastBolusTime":1703081770532,"time":"2023-12-20T16:11:08.703Z"}},{"iob":-0.048,"basaliob":-0.192,"bolussnooze":0.0046,"activity":-3.0E-4,"lastBolusTime":1703081770532,"time":"2023-12-20T16:16:08.703Z","iobWithZeroTemp":{"iob":-0.624,"basaliob":-0.768,"bolussnooze":0.0046,"activity":-0.0049,"lastBolusTime":1703081770532,"time":"2023-12-20T16:16:08.703Z"}},{"iob":-0.046,"basaliob":-0.176,"bolussnooze":0.0032,"activity":-4.0E-4,"lastBolusTime":1703081770532,"time":"2023-12-20T16:21:08.703Z","iobWithZeroTemp":{"iob":-0.656,"basaliob":-0.786,"bolussnooze":0.0032,"activity":-0.0055,"lastBolusTime":1703081770532,"time":"2023-12-20T16:21:08.703Z"}},{"iob":-0.044,"basaliob":-0.162,"bolussnooze":0.0022,"activity":-4.0E-4,"lastBolusTime":1703081770532,"time":"2023-12-20T16:26:08.703Z","iobWithZeroTemp":{"iob":-0.685,"basaliob":-0.803,"bolussnooze":0.0022,"activity":-0.006,"lastBolusTime":1703081770532,"time":"2023-12-20T16:26:08.703Z"}},{"iob":-0.042,"basaliob":-0.149,"bolussnooze":0.0015,"activity":-4.0E-4,"lastBolusTime":1703081770532,"time":"2023-12-20T16:31:08.703Z","iobWithZeroTemp":{"iob":-0.713,"basaliob":-0.82,"bolussnooze":0.0015,"activity":-0.0064,"lastBolusTime":1703081770532,"time":"2023-12-20T16:31:08.703Z"}},{"iob":-0.04,"basaliob":-0.136,"bolussnooze":9.0E-4,"activity":-4.0E-4,"lastBolusTime":1703081770532,"time":"2023-12-20T16:36:08.703Z","iobWithZeroTemp":{"iob":-0.738,"basaliob":-0.834,"bolussnooze":9.0E-4,"activity":-0.0068,"lastBolusTime":1703081770532,"time":"2023-12-20T16:36:08.703Z"}},{"iob":-0.038,"basaliob":-0.124,"bolussnooze":5.0E-4,"activity":-5.0E-4,"lastBolusTime":1703081770532,"time":"2023-12-20T16:41:08.703Z","iobWithZeroTemp":{"iob":-0.761,"basaliob":-0.847,"bolussnooze":5.0E-4,"activity":-0.0073,"lastBolusTime":1703081770532,"time":"2023-12-20T16:41:08.703Z"}},{"iob":-0.035,"basaliob":-0.113,"bolussnooze":3.0E-4,"activity":-4.0E-4,"lastBolusTime":1703081770532,"time":"2023-12-20T16:46:08.703Z","iobWithZeroTemp":{"iob":-0.781,"basaliob":-0.859,"bolussnooze":3.0E-4,"activity":-0.0076,"lastBolusTime":1703081770532,"time":"2023-12-20T16:46:08.703Z"}},{"iob":-0.033,"basaliob":-0.103,"bolussnooze":1.0E-4,"activity":-5.0E-4,"lastBolusTime":1703081770532,"time":"2023-12-20T16:51:08.703Z","iobWithZeroTemp":{"iob":-0.801,"basaliob":-0.871,"bolussnooze":1.0E-4,"activity":-0.0081,"lastBolusTime":1703081770532,"time":"2023-12-20T16:51:08.703Z"}},{"iob":-0.032,"basaliob":-0.094,"bolussnooze":0,"activity":-4.0E-4,"lastBolusTime":1703081770532,"time":"2023-12-20T16:56:08.703Z","iobWithZeroTemp":{"iob":-0.819,"basaliob":-0.881,"bolussnooze":0,"activity":-0.0083,"lastBolusTime":1703081770532,"time":"2023-12-20T16:56:08.703Z"}},{"iob":-0.029,"basaliob":-0.085,"bolussnooze":0,"activity":-4.0E-4,"lastBolusTime":1703081770532,"time":"2023-12-20T17:01:08.703Z","iobWithZeroTemp":{"iob":-0.834,"basaliob":-0.89,"bolussnooze":0,"activity":-0.0086,"lastBolusTime":1703081770532,"time":"2023-12-20T17:01:08.703Z"}},{"iob":-0.027,"basaliob":-0.077,"bolussnooze":0,"activity":-3.0E-4,"lastBolusTime":1703081770532,"time":"2023-12-20T17:06:08.703Z","iobWithZeroTemp":{"iob":-0.857,"basaliob":-0.907,"bolussnooze":0,"activity":-0.0088,"lastBolusTime":1703081770532,"time":"2023-12-20T17:06:08.703Z"}},{"iob":-0.025,"basaliob":-0.069,"bolussnooze":0,"activity":-4.0E-4,"lastBolusTime":1703081770532,"time":"2023-12-20T17:11:08.703Z","iobWithZeroTemp":{"iob":-0.878,"basaliob":-0.922,"bolussnooze":0,"activity":-0.0093,"lastBolusTime":1703081770532,"time":"2023-12-20T17:11:08.703Z"}},{"iob":-0.023,"basaliob":-0.062,"bolussnooze":0,"activity":-4.0E-4,"lastBolusTime":1703081770532,"time":"2023-12-20T17:16:08.703Z","iobWithZeroTemp":{"iob":-0.897,"basaliob":-0.936,"bolussnooze":0,"activity":-0.0095,"lastBolusTime":1703081770532,"time":"2023-12-20T17:16:08.703Z"}},{"iob":-0.022,"basaliob":-0.056,"bolussnooze":0,"activity":-3.0E-4,"lastBolusTime":1703081770532,"time":"2023-12-20T17:21:08.703Z","iobWithZeroTemp":{"iob":-0.917,"basaliob":-0.951,"bolussnooze":0,"activity":-0.0097,"lastBolusTime":1703081770532,"time":"2023-12-20T17:21:08.703Z"}},{"iob":-0.02,"basaliob":-0.05,"bolussnooze":0,"activity":-3.0E-4,"lastBolusTime":1703081770532,"time":"2023-12-20T17:26:08.703Z","iobWithZeroTemp":{"iob":-0.933,"basaliob":-0.963,"bolussnooze":0,"activity":-0.01,"lastBolusTime":1703081770532,"time":"2023-12-20T17:26:08.703Z"}},{"iob":-0.018,"basaliob":-0.045,"bolussnooze":0,"activity":-3.0E-4,"lastBolusTime":1703081770532,"time":"2023-12-20T17:31:08.703Z","iobWithZeroTemp":{"iob":-0.949,"basaliob":-0.976,"bolussnooze":0,"activity":-0.0103,"lastBolusTime":1703081770532,"time":"2023-12-20T17:31:08.703Z"}},{"iob":-0.017,"basaliob":-0.04,"bolussnooze":0,"activity":-3.0E-4,"lastBolusTime":1703081770532,"time":"2023-12-20T17:36:08.703Z","iobWithZeroTemp":{"iob":-0.964,"basaliob":-0.987,"bolussnooze":0,"activity":-0.0105,"lastBolusTime":1703081770532,"time":"2023-12-20T17:36:08.703Z"}},{"iob":-0.015,"basaliob":-0.036,"bolussnooze":0,"activity":-2.0E-4,"lastBolusTime":1703081770532,"time":"2023-12-20T17:41:08.703Z","iobWithZeroTemp":{"iob":-0.977,"basaliob":-0.998,"bolussnooze":0,"activity":-0.0107,"lastBolusTime":1703081770532,"time":"2023-12-20T17:41:08.703Z"}},{"iob":-0.014,"basaliob":-0.032,"bolussnooze":0,"activity":-3.0E-4,"lastBolusTime":1703081770532,"time":"2023-12-20T17:46:08.703Z","iobWithZeroTemp":{"iob":-0.99,"basaliob":-1.008,"bolussnooze":0,"activity":-0.011,"lastBolusTime":1703081770532,"time":"2023-12-20T17:46:08.703Z"}},{"iob":-0.014,"basaliob":-0.029,"bolussnooze":0,"activity":-3.0E-4,"lastBolusTime":1703081770532,"time":"2023-12-20T17:51:08.703Z","iobWithZeroTemp":{"iob":-1.002,"basaliob":-1.017,"bolussnooze":0,"activity":-0.0112,"lastBolusTime":1703081770532,"time":"2023-12-20T17:51:08.703Z"}},{"iob":-0.012,"basaliob":-0.025,"bolussnooze":0,"activity":-2.0E-4,"lastBolusTime":1703081770532,"time":"2023-12-20T17:56:08.703Z","iobWithZeroTemp":{"iob":-1.012,"basaliob":-1.025,"bolussnooze":0,"activity":-0.0113,"lastBolusTime":1703081770532,"time":"2023-12-20T17:56:08.703Z"}},{"iob":-0.01,"basaliob":-0.022,"bolussnooze":0,"activity":-2.0E-4,"lastBolusTime":1703081770532,"time":"2023-12-20T18:01:08.703Z","iobWithZeroTemp":{"iob":-1.02,"basaliob":-1.032,"bolussnooze":0,"activity":-0.0115,"lastBolusTime":1703081770532,"time":"2023-12-20T18:01:08.703Z"}},{"iob":-0.01,"basaliob":-0.02,"bolussnooze":0,"activity":-2.0E-4,"lastBolusTime":1703081770532,"time":"2023-12-20T18:06:08.703Z","iobWithZeroTemp":{"iob":-1.03,"basaliob":-1.04,"bolussnooze":0,"activity":-0.0117,"lastBolusTime":1703081770532,"time":"2023-12-20T18:06:08.703Z"}},{"iob":-0.009,"basaliob":-0.017,"bolussnooze":0,"activity":-2.0E-4,"lastBolusTime":1703081770532,"time":"2023-12-20T18:11:08.703Z","iobWithZeroTemp":{"iob":-1.038,"basaliob":-1.046,"bolussnooze":0,"activity":-0.0119,"lastBolusTime":1703081770532,"time":"2023-12-20T18:11:08.703Z"}},{"iob":-0.008,"basaliob":-0.015,"bolussnooze":0,"activity":-2.0E-4,"lastBolusTime":1703081770532,"time":"2023-12-20T18:16:08.703Z","iobWithZeroTemp":{"iob":-1.045,"basaliob":-1.052,"bolussnooze":0,"activity":-0.012,"lastBolusTime":1703081770532,"time":"2023-12-20T18:16:08.703Z"}},{"iob":-0.007,"basaliob":-0.013,"bolussnooze":0,"activity":-2.0E-4,"lastBolusTime":1703081770532,"time":"2023-12-20T18:21:08.703Z","iobWithZeroTemp":{"iob":-1.051,"basaliob":-1.057,"bolussnooze":0,"activity":-0.0122,"lastBolusTime":1703081770532,"time":"2023-12-20T18:21:08.703Z"}},{"iob":-0.007,"basaliob":-0.012,"bolussnooze":0,"activity":-1.0E-4,"lastBolusTime":1703081770532,"time":"2023-12-20T18:26:08.703Z","iobWithZeroTemp":{"iob":-1.057,"basaliob":-1.062,"bolussnooze":0,"activity":-0.0122,"lastBolusTime":1703081770532,"time":"2023-12-20T18:26:08.703Z"}},{"iob":-0.006,"basaliob":-0.01,"bolussnooze":0,"activity":-1.0E-4,"lastBolusTime":1703081770532,"time":"2023-12-20T18:31:08.703Z","iobWithZeroTemp":{"iob":-1.062,"basaliob":-1.066,"bolussnooze":0,"activity":-0.0123,"lastBolusTime":1703081770532,"time":"2023-12-20T18:31:08.703Z"}},{"iob":-0.006,"basaliob":-0.009,"bolussnooze":0,"activity":-2.0E-4,"lastBolusTime":1703081770532,"time":"2023-12-20T18:36:08.703Z","iobWithZeroTemp":{"iob":-1.068,"basaliob":-1.071,"bolussnooze":0,"activity":-0.0125,"lastBolusTime":1703081770532,"time":"2023-12-20T18:36:08.703Z"}},{"iob":-0.004,"basaliob":-0.007,"bolussnooze":0,"activity":-1.0E-4,"lastBolusTime":1703081770532,"time":"2023-12-20T18:41:08.703Z","iobWithZeroTemp":{"iob":-1.071,"basaliob":-1.074,"bolussnooze":0,"activity":-0.0125,"lastBolusTime":1703081770532,"time":"2023-12-20T18:41:08.703Z"}},{"iob":-0.004,"basaliob":-0.006,"bolussnooze":0,"activity":-1.0E-4,"lastBolusTime":1703081770532,"time":"2023-12-20T18:46:08.703Z","iobWithZeroTemp":{"iob":-1.075,"basaliob":-1.077,"bolussnooze":0,"activity":-0.0126,"lastBolusTime":1703081770532,"time":"2023-12-20T18:46:08.703Z"}},{"iob":-0.003,"basaliob":-0.005,"bolussnooze":0,"activity":-1.0E-4,"lastBolusTime":1703081770532,"time":"2023-12-20T18:51:08.703Z","iobWithZeroTemp":{"iob":-1.078,"basaliob":-1.08,"bolussnooze":0,"activity":-0.0127,"lastBolusTime":1703081770532,"time":"2023-12-20T18:51:08.703Z"}},{"iob":-0.004,"basaliob":-0.005,"bolussnooze":0,"activity":-1.0E-4,"lastBolusTime":1703081770532,"time":"2023-12-20T18:56:08.703Z","iobWithZeroTemp":{"iob":-1.082,"basaliob":-1.083,"bolussnooze":0,"activity":-0.0128,"lastBolusTime":1703081770532,"time":"2023-12-20T18:56:08.703Z"}},{"iob":-0.003,"basaliob":-0.004,"bolussnooze":0,"activity":0,"lastBolusTime":1703081770532,"time":"2023-12-20T19:01:08.703Z","iobWithZeroTemp":{"iob":-1.084,"basaliob":-1.085,"bolussnooze":0,"activity":-0.0128,"lastBolusTime":1703081770532,"time":"2023-12-20T19:01:08.703Z"}},{"iob":-0.002,"basaliob":-0.003,"bolussnooze":0,"activity":-1.0E-4,"lastBolusTime":1703081770532,"time":"2023-12-20T19:06:08.703Z","iobWithZeroTemp":{"iob":-1.086,"basaliob":-1.087,"bolussnooze":0,"activity":-0.0129,"lastBolusTime":1703081770532,"time":"2023-12-20T19:06:08.703Z"}},{"iob":-0.002,"basaliob":-0.003,"bolussnooze":0,"activity":-1.0E-4,"lastBolusTime":1703081770532,"time":"2023-12-20T19:11:08.703Z","iobWithZeroTemp":{"iob":-1.089,"basaliob":-1.09,"bolussnooze":0,"activity":-0.013,"lastBolusTime":1703081770532,"time":"2023-12-20T19:11:08.703Z"}}],"profile":{"max_iob":7,"type":"current","max_daily_basal":0.8,"max_basal":5,"min_bg":80,"max_bg":90,"target_bg":85,"carb_ratio":16,"sens":57,"max_daily_safety_multiplier":9,"current_basal_safety_multiplier":8,"lgsThreshold":65,"high_temptarget_raises_sensitivity":false,"low_temptarget_lowers_sensitivity":false,"sensitivity_raises_target":false,"resistance_lowers_target":false,"adv_target_adjustments":false,"exercise_mode":false,"half_basal_exercise_target":160,"maxCOB":120,"skip_neutral_temps":false,"remainingCarbsCap":90,"enableUAM":true,"A52_risk_enable":false,"SMBInterval":3,"enableSMB_with_COB":true,"enableSMB_with_temptarget":true,"allowSMB_with_high_temptarget":true,"enableSMB_always":true,"enableSMB_after_carbs":true,"maxSMBBasalMinutes":120,"maxUAMSMBBasalMinutes":90,"bolus_increment":0.05,"carbsReqThreshold":5,"current_basal":0.7,"temptargetSet":false,"autosens_max":1.6,"autosens_min":0.6,"variable_sens":120.8,"insulinDivisor":75,"TDD":19.188885714285718},"autosens_data":{"ratio":1.002536354413257},"meal_data":{"carbs":0,"mealCOB":0,"slopeFromMaxDeviation":-0.23463636363636367,"slopeFromMinDeviation":0.3621428571428571,"lastBolusTime":1703081770532,"lastCarbTime":0},"microBolusAllowed":true,"currentTime":1703085370476,"flatBGsDetected":false,"tdd1D":21.666666666666675,"tdd7D":21.121428571428574,"tddLast24H":21.17500000000001,"tddLast4H":2.6833333333333336,"tddLast8to4H":1.916666666666667},"output":{"temp":"absolute","bg":88,"tick":"+1","eventualBG":104,"targetBG":85,"insulinReq":0.11,"deliverAt":"2023-12-20T15:16:10.476Z","sensitivityRatio":1.002536354413257,"variable_sens":120.8,"predBGs":{"IOB":[88,89,90,90,91,92,93,94,95,95,96,96,96,96,97,97,97,97,98,98,98,98,98,99,99,99,99,99,100,100,100,100,100,100,100,101],"ZT":[88,87,86,85,85,85,85],"UAM":[88,89,89,90,91,92,92,93,93,93,93,93,93,94,94,94,94,95,95,95,95,96,96,96,96,96,97,97,97,97,97,97,98,98,98,98,98,98,98,98,98,98,99]},"reason":"COB: 0, Dev: 13, BGI: -1, ISF: 121, CR: 16, Target: 85, minPredBG 98, minGuardBG 89, IOBpredBG 101, UAMpredBG 99; Eventual BG 104 >= 90,  insulinReq 0.11. Microbolusing 0.05U. temp 0.85 < 0.92U\/hr.  25m left and 0.85 ~ req 0.9217754480892799U\/hr: no temp required","COB":0,"IOB":-0.021,"units":0.05,"timestamp":"2023-12-20T15:16:10.481Z"}}