{"algorithm":"OpenAPSSMBDynamicISFPlugin","input":{"glucoseStatus":{"glucose":70,"noise":0,"delta":-2,"short_avgdelta":-2.61,"long_avgdelta":-5.07,"date":1703120739000},"currenttemp":{"temp":"absolute","duration":75,"rate":0,"minutesrunning":45},"iob_data":[{"iob":0.168,"basaliob":-0.567,"bolussnooze":0.0632,"activity":0.0065,"lastBolusTime":1703117490018,"time":"2023-12-21T01:06:05.157Z","iobWithZeroTemp":{"iob":0.168,"basaliob":-0.567,"bolussnooze":0.0632,"activity":0.0065,"lastBolusTime":1703117490018,"time":"2023-12-21T01:06:05.157Z"}},{"iob":0.138,"basaliob":-0.543,"bolussnooze":0.0508,"activity":0.0056,"lastBolusTime":1703117490018,"time":"2023-12-21T01:11:05.157Z","iobWithZeroTemp":{"iob":0.091,"basaliob":-0.59,"bolussnooze":0.0508,"activity":0.0056,"lastBolusTime":1703117490018,"time":"2023-12-21T01:11:05.157Z"}},{"iob":0.112,"basaliob":-0.517,"bolussnooze":0.0405,"activity":0.0048,"lastBolusTime":1703117490018,"time":"2023-12-21T01:16:05.157Z","iobWithZeroTemp":{"iob":0.008,"basaliob":-0.621,"bolussnooze":0.0405,"activity":0.0046,"lastBolusTime":1703117490018,"time":"2023-12-21T01:16:05.157Z"}},{"iob":0.09,"basaliob":-0.49,"bolussnooze":0.032,"activity":0.0041,"lastBolusTime":1703117490018,"time":"2023-12-21T01:21:05.157Z","iobWithZeroTemp":{"iob":-0.071,"basaliob":-0.651,"bolussnooze":0.032,"activity":0.0036,"lastBolusTime":1703117490018,"time":"2023-12-21T01:21:05.157Z"}},{"iob":0.071,"basaliob":-0.463,"bolussnooze":0.025,"activity":0.0035,"lastBolusTime":1703117490018,"time":"2023-12-21T01:26:05.157Z","iobWithZeroTemp":{"iob":-0.145,"basaliob":-0.679,"bolussnooze":0.025,"activity":0.0027,"lastBolusTime":1703117490018,"time":"2023-12-21T01:26:05.157Z"}},{"iob":0.055,"basaliob":-0.435,"bolussnooze":0.0193,"activity":0.003,"lastBolusTime":1703117490018,"time":"2023-12-21T01:31:05.157Z","iobWithZeroTemp":{"iob":-0.214,"basaliob":-0.704,"bolussnooze":0.0193,"activity":0.0018,"lastBolusTime":1703117490018,"time":"2023-12-21T01:31:05.157Z"}},{"iob":0.041,"basaliob":-0.408,"bolussnooze":0.0148,"activity":0.0025,"lastBolusTime":1703117490018,"time":"2023-12-21T01:36:05.157Z","iobWithZeroTemp":{"iob":-0.279,"basaliob":-0.728,"bolussnooze":0.0148,"activity":8.0E-4,"lastBolusTime":1703117490018,"time":"2023-12-21T01:36:05.157Z"}},{"iob":0.029,"basaliob":-0.382,"bolussnooze":0.0111,"activity":0.0021,"lastBolusTime":1703117490018,"time":"2023-12-21T01:41:05.157Z","iobWithZeroTemp":{"iob":-0.34,"basaliob":-0.751,"bolussnooze":0.0111,"activity":-1.0E-4,"lastBolusTime":1703117490018,"time":"2023-12-21T01:41:05.157Z"}},{"iob":0.019,"basaliob":-0.356,"bolussnooze":0.0082,"activity":0.0018,"lastBolusTime":1703117490018,"time":"2023-12-21T01:46:05.157Z","iobWithZeroTemp":{"iob":-0.397,"basaliob":-0.772,"bolussnooze":0.0082,"activity":-9.0E-4,"lastBolusTime":1703117490018,"time":"2023-12-21T01:46:05.157Z"}},{"iob":0.011,"basaliob":-0.331,"bolussnooze":0.0059,"activity":0.0015,"lastBolusTime":1703117490018,"time":"2023-12-21T01:51:05.157Z","iobWithZeroTemp":{"iob":-0.448,"basaliob":-0.79,"bolussnooze":0.0059,"activity":-0.0017,"lastBolusTime":1703117490018,"time":"2023-12-21T01:51:05.157Z"}},{"iob":0.004,"basaliob":-0.307,"bolussnooze":0.0042,"activity":0.0012,"lastBolusTime":1703117490018,"time":"2023-12-21T01:56:05.157Z","iobWithZeroTemp":{"iob":-0.497,"basaliob":-0.808,"bolussnooze":0.0042,"activity":-0.0025,"lastBolusTime":1703117490018,"time":"2023-12-21T01:56:05.157Z"}},{"iob":-0.001,"basaliob":-0.284,"bolussnooze":0.0029,"activity":0.001,"lastBolusTime":1703117490018,"time":"2023-12-21T02:01:05.157Z","iobWithZeroTemp":{"iob":-0.541,"basaliob":-0.824,"bolussnooze":0.0029,"activity":-0.0032,"lastBolusTime":1703117490018,"time":"2023-12-21T02:01:05.157Z"}},{"iob":-0.006,"basaliob":-0.262,"bolussnooze":0.0019,"activity":8.0E-4,"lastBolusTime":1703117490018,"time":"2023-12-21T02:06:05.157Z","iobWithZeroTemp":{"iob":-0.582,"basaliob":-0.838,"bolussnooze":0.0019,"activity":-0.0038,"lastBolusTime":1703117490018,"time":"2023-12-21T02:06:05.157Z"}},{"iob":-0.009,"basaliob":-0.241,"bolussnooze":0.0012,"activity":7.0E-4,"lastBolusTime":1703117490018,"time":"2023-12-21T02:11:05.157Z","iobWithZeroTemp":{"iob":-0.619,"basaliob":-0.851,"bolussnooze":0.0012,"activity":-0.0044,"lastBolusTime":1703117490018,"time":"2023-12-21T02:11:05.157Z"}},{"iob":-0.013,"basaliob":-0.222,"bolussnooze":7.0E-4,"activity":5.0E-4,"lastBolusTime":1703117490018,"time":"2023-12-21T02:16:05.157Z","iobWithZeroTemp":{"iob":-0.654,"basaliob":-0.863,"bolussnooze":7.0E-4,"activity":-0.0051,"lastBolusTime":1703117490018,"time":"2023-12-21T02:16:05.157Z"}},{"iob":-0.014,"basaliob":-0.203,"bolussnooze":3.0E-4,"activity":5.0E-4,"lastBolusTime":1703117490018,"time":"2023-12-21T02:21:05.157Z","iobWithZeroTemp":{"iob":-0.685,"basaliob":-0.874,"bolussnooze":3.0E-4,"activity":-0.0055,"lastBolusTime":1703117490018,"time":"2023-12-21T02:21:05.157Z"}},{"iob":-0.016,"basaliob":-0.186,"bolussnooze":1.0E-4,"activity":3.0E-4,"lastBolusTime":1703117490018,"time":"2023-12-21T02:26:05.157Z","iobWithZeroTemp":{"iob":-0.714,"basaliob":-0.884,"bolussnooze":1.0E-4,"activity":-0.0061,"lastBolusTime":1703117490018,"time":"2023-12-21T02:26:05.157Z"}},{"iob":-0.018,"basaliob":-0.17,"bolussnooze":0,"activity":2.0E-4,"lastBolusTime":1703117490018,"time":"2023-12-21T02:31:05.157Z","iobWithZeroTemp":{"iob":-0.741,"basaliob":-0.893,"bolussnooze":0,"activity":-0.0066,"lastBolusTime":1703117490018,"time":"2023-12-21T02:31:05.157Z"}},{"iob":-0.018,"basaliob":-0.155,"bolussnooze":0,"activity":1.0E-4,"lastBolusTime":1703117490018,"time":"2023-12-21T02:36:05.157Z","iobWithZeroTemp":{"iob":-0.764,"basaliob":-0.901,"bolussnooze":0,"activity":-0.0071,"lastBolusTime":1703117490018,"time":"2023-12-21T02:36:05.157Z"}},{"iob":-0.019,"basaliob":-0.141,"bolussnooze":0,"activity":1.0E-4,"lastBolusTime":1703117490018,"time":"2023-12-21T02:41:05.157Z","iobWithZeroTemp":{"iob":-0.787,"basaliob":-0.909,"bolussnooze":0,"activity":-0.0075,"lastBolusTime":1703117490018,"time":"2023-12-21T02:41:05.157Z"}},{"iob":-0.02,"basaliob":-0.129,"bolussnooze":0,"activity":0,"lastBolusTime":1703117490018,"time":"2023-12-21T02:46:05.157Z","iobWithZeroTemp":{"iob":-0.807,"basaliob":-0.916,"bolussnooze":0,"activity":-0.0079,"lastBolusTime":1703117490018,"time":"2023-12-21T02:46:05.157Z"}},{"iob":-0.02,"basaliob":-0.117,"bolussnooze":0,"activity":0,"lastBolusTime":1703117490018,"time":"2023-12-21T02:51:05.157Z","iobWithZeroTemp":{"iob":-0.825,"basaliob":-0.922,"bolussnooze":0,"activity":-0.0082,"lastBolusTime":1703117490018,"time":"2023-12-21T02:51:05.157Z"}},{"iob":-0.02,"basaliob":-0.106,"bolussnooze":0,"activity":0,"lastBolusTime":1703117490018,"time":"2023-12-21T02:56:05.157Z","iobWithZeroTemp":{"iob":-0.841,"basaliob":-0.927,"bolussnooze":0,"activity":-0.0085,"lastBolusTime":1703117490018,"time":"2023-12-21T02:56:05.157Z"}},{"iob":-0.019,"basaliob":-0.095,"bolussnooze":0,"activity":0,"lastBolusTime":1703117490018,"time":"2023-12-21T03:01:05.157Z","iobWithZeroTemp":{"iob":-0.855,"basaliob":-0.931,"bolussnooze":0,"activity":-0.0088,"lastBolusTime":1703117490018,"time":"2023-12-21T03:01:05.157Z"}},{"iob":-0.019,"basaliob":-0.086,"bolussnooze":0,"activity":-1.0E-4,"lastBolusTime":1703117490018,"time":"2023-12-21T03:06:05.157Z","iobWithZeroTemp":{"iob":-0.869,"basaliob":-0.936,"bolussnooze":0,"activity":-0.0092,"lastBolusTime":1703117490018,"time":"2023-12-21T03:06:05.157Z"}},{"iob":-0.019,"basaliob":-0.078,"bolussnooze":0,"activity":-1.0E-4,"lastBolusTime":1703117490018,"time":"2023-12-21T03:11:05.157Z","iobWithZeroTemp":{"iob":-0.881,"basaliob":-0.94,"bolussnooze":0,"activity":-0.0094,"lastBolusTime":1703117490018,"time":"2023-12-21T03:11:05.157Z"}},{"iob":-0.018,"basaliob":-0.07,"bolussnooze":0,"activity":-1.0E-4,"lastBolusTime":1703117490018,"time":"2023-12-21T03:16:05.157Z","iobWithZeroTemp":{"iob":-0.892,"basaliob":-0.944,"bolussnooze":0,"activity":-0.0096,"lastBolusTime":1703117490018,"time":"2023-12-21T03:16:05.157Z"}},{"iob":-0.016,"basaliob":-0.062,"bolussnooze":0,"activity":-2.0E-4,"lastBolusTime":1703117490018,"time":"2023-12-21T03:21:05.157Z","iobWithZeroTemp":{"iob":-0.9,"basaliob":-0.946,"bolussnooze":0,"activity":-0.0099,"lastBolusTime":1703117490018,"time":"2023-12-21T03:21:05.157Z"}},{"iob":-0.016,"basaliob":-0.056,"bolussnooze":0,"activity":-2.0E-4,"lastBolusTime":1703117490018,"time":"2023-12-21T03:26:05.157Z","iobWithZeroTemp":{"iob":-0.909,"basaliob":-0.949,"bolussnooze":0,"activity":-0.0101,"lastBolusTime":1703117490018,"time":"2023-12-21T03:26:05.157Z"}},{"iob":-0.015,"basaliob":-0.05,"bolussnooze":0,"activity":-1.0E-4,"lastBolusTime":1703117490018,"time":"2023-12-21T03:31:05.157Z","iobWithZeroTemp":{"iob":-0.917,"basaliob":-0.952,"bolussnooze":0,"activity":-0.0102,"lastBolusTime":1703117490018,"time":"2023-12-21T03:31:05.157Z"}},{"iob":-0.015,"basaliob":-0.045,"bolussnooze":0,"activity":-1.0E-4,"lastBolusTime":1703117490018,"time":"2023-12-21T03:36:05.157Z","iobWithZeroTemp":{"iob":-0.924,"basaliob":-0.954,"bolussnooze":0,"activity":-0.0103,"lastBolusTime":1703117490018,"time":"2023-12-21T03:36:05.157Z"}},{"iob":-0.014,"basaliob":-0.04,"bolussnooze":0,"activity":-1.0E-4,"lastBolusTime":1703117490018,"time":"2023-12-21T03:41:05.157Z","iobWithZeroTemp":{"iob":-0.93,"basaliob":-0.956,"bolussnooze":0,"activity":-0.0105,"lastBolusTime":1703117490018,"time":"2023-12-21T03:41:05.157Z"}},{"iob":-0.013,"basaliob":-0.035,"bolussnooze":0,"activity":-2.0E-4,"lastBolusTime":1703117490018,"time":"2023-12-21T03:46:05.157Z","iobWithZeroTemp":{"iob":-0.935,"basaliob":-0.957,"bolussnooze":0,"activity":-0.0107,"lastBolusTime":1703117490018,"time":"2023-12-21T03:46:05.157Z"}},{"iob":-0.012,"basaliob":-0.031,"bolussnooze":0,"activity":-2.0E-4,"lastBolusTime":1703117490018,"time":"2023-12-21T03:51:05.157Z","iobWithZeroTemp":{"iob":-0.939,"basaliob":-0.958,"bolussnooze":0,"activity":-0.0108,"lastBolusTime":1703117490018,"time":"2023-12-21T03:51:05.157Z"}},{"iob":-0.011,"basaliob":-0.027,"bolussnooze":0,"activity":-2.0E-4,"lastBolusTime":1703117490018,"time":"2023-12-21T03:56:05.157Z","iobWithZeroTemp":{"iob":-0.943,"basaliob":-0.959,"bolussnooze":0,"activity":-0.011,"lastBolusTime":1703117490018,"time":"2023-12-21T03:56:05.157Z"}},{"iob":-0.01,"basaliob":-0.024,"bolussnooze":0,"activity":-1.0E-4,"lastBolusTime":1703117490018,"time":"2023-12-21T04:01:05.157Z","iobWithZeroTemp":{"iob":-0.946,"basaliob":-0.96,"bolussnooze":0,"activity":-0.011,"lastBolusTime":1703117490018,"time":"2023-12-21T04:01:05.157Z"}},{"iob":-0.01,"basaliob":-0.021,"bolussnooze":0,"activity":-2.0E-4,"lastBolusTime":1703117490018,"time":"2023-12-21T04:06:05.157Z","iobWithZeroTemp":{"iob":-0.942,"basaliob":-0.953,"bolussnooze":0,"activity":-0.0111,"lastBolusTime":1703117490018,"time":"2023-12-21T04:06:05.157Z"}},{"iob":-0.009,"basaliob":-0.019,"bolussnooze":0,"activity":-1.0E-4,"lastBolusTime":1703117490018,"time":"2023-12-21T04:11:05.157Z","iobWithZeroTemp":{"iob":-0.936,"basaliob":-0.946,"bolussnooze":0,"activity":-0.0111,"lastBolusTime":1703117490018,"time":"2023-12-21T04:11:05.157Z"}},{"iob":-0.008,"basaliob":-0.016,"bolussnooze":0,"activity":-1.0E-4,"lastBolusTime":1703117490018,"time":"2023-12-21T04:16:05.157Z","iobWithZeroTemp":{"iob":-0.93,"basaliob":-0.938,"bolussnooze":0,"activity":-0.0111,"lastBolusTime":1703117490018,"time":"2023-12-21T04:16:05.157Z"}},{"iob":-0.008,"basaliob":-0.014,"bolussnooze":0,"activity":-1.0E-4,"lastBolusTime":1703117490018,"time":"2023-12-21T04:21:05.157Z","iobWithZeroTemp":{"iob":-0.925,"basaliob":-0.931,"bolussnooze":0,"activity":-0.0111,"lastBolusTime":1703117490018,"time":"2023-12-21T04:21:05.157Z"}},{"iob":-0.007,"basaliob":-0.012,"bolussnooze":0,"activity":-2.0E-4,"lastBolusTime":1703117490018,"time":"2023-12-21T04:26:05.157Z","iobWithZeroTemp":{"iob":-0.919,"basaliob":-0.924,"bolussnooze":0,"activity":-0.0112,"lastBolusTime":1703117490018,"time":"2023-12-21T04:26:05.157Z"}},{"iob":-0.006,"basaliob":-0.01,"bolussnooze":0,"activity":-1.0E-4,"lastBolusTime":1703117490018,"time":"2023-12-21T04:31:05.157Z","iobWithZeroTemp":{"iob":-0.913,"basaliob":-0.917,"bolussnooze":0,"activity":-0.0111,"lastBolusTime":1703117490018,"time":"2023-12-21T04:31:05.157Z"}},{"iob":-0.006,"basaliob":-0.009,"bolussnooze":0,"activity":-1.0E-4,"lastBolusTime":1703117490018,"time":"2023-12-21T04:36:05.157Z","iobWithZeroTemp":{"iob":-0.908,"basaliob":-0.911,"bolussnooze":0,"activity":-0.0111,"lastBolusTime":1703117490018,"time":"2023-12-21T04:36:05.157Z"}},{"iob":-0.005,"basaliob":-0.008,"bolussnooze":0,"activity":-1.0E-4,"lastBolusTime":1703117490018,"time":"2023-12-21T04:41:05.157Z","iobWithZeroTemp":{"iob":-0.902,"basaliob":-0.905,"bolussnooze":0,"activity":-0.0111,"lastBolusTime":1703117490018,"time":"2023-12-21T04:41:05.157Z"}},{"iob":-0.004,"basaliob":-0.006,"bolussnooze":0,"activity":-1.0E-4,"lastBolusTime":1703117490018,"time":"2023-12-21T04:46:05.157Z","iobWithZeroTemp":{"iob":-0.896,"basaliob":-0.898,"bolussnooze":0,"activity":-0.0111,"lastBolusTime":1703117490018,"time":"2023-12-21T04:46:05.157Z"}},{"iob":-0.004,"basaliob":-0.005,"bolussnooze":0,"activity":-1.0E-4,"lastBolusTime":1703117490018,"time":"2023-12-21T04:51:05.157Z","iobWithZeroTemp":{"iob":-0.891,"basaliob":-0.892,"bolussnooze":0,"activity":-0.011,"lastBolusTime":1703117490018,"time":"2023-12-21T04:51:05.157Z"}},{"iob":-0.004,"basaliob":-0.005,"bolussnooze":0,"activity":-1.0E-4,"lastBolusTime":1703117490018,"time":"2023-12-21T04:56:05.157Z","iobWithZeroTemp":{"iob":-0.887,"basaliob":-0.888,"bolussnooze":0,"activity":-0.011,"lastBolusTime":1703117490018,"time":"2023-12-21T04:56:05.157Z"}},{"iob":-0.003,"basaliob":-0.004,"bolussnooze":0,"activity":0,"lastBolusTime":1703117490018,"time":"2023-12-21T05:01:05.157Z","iobWithZeroTemp":{"iob":-0.882,"basaliob":-0.883,"bolussnooze":0,"activity":-0.0108,"lastBolusTime":1703117490018,"time":"2023-12-21T05:01:05.157Z"}}],"profile":{"max_iob":7,"type":"current","max_daily_basal":0.8,"max_basal":5,"min_bg":80,"max_bg":90,"target_bg":85,"carb_ratio":14,"sens":57,"max_daily_safety_multiplier":9,"current_basal_safety_multiplier":8,"lgsThreshold":65,"high_temptarget_raises_sensitivity":false,"low_temptarget_lowers_sensitivity":false,"sensitivity_raises_target":false,"resistance_lowers_target":false,"adv_target_adjustments":false,"exercise_mode":false,"half_basal_exercise_target":160,"maxCOB":120,"skip_neutral_temps":false,"remainingCarbsCap":90,"enableUAM":true,"A52_risk_enable":false,"SMBInterval":3,"enableSMB_with_COB":true,"enableSMB_with_temptarget":true,"allowSMB_with_high_temptarget":true,"enableSMB_always":true,"enableSMB_after_carbs":true,"maxSMBBasalMinutes":120,"maxUAMSMBBasalMinutes":90,"bolus_increment":0.05,"carbsReqThreshold":5,"current_basal":0.7,"temptargetSet":false,"autosens_max":1.6,"autosens_min":0.6,"variable_sens":124.4,"insulinDivisor":75,"TDD":21.941910714285715},"autosens_data":{"ratio":0.9832036974410997},"meal_data":{"carbs":0,"mealCOB":0,"slopeFromMaxDeviation":-0.9124545454545453,"slopeFromMinDeviation":0.9749999999999999,"lastBolusTime":1703117490018,"lastCarbTime":0},"microBolusAllowed":true,"currentTime":1703120766686,"flatBGsDetected":false,"tdd1D":21.666666666666675,"tdd7D":21.121428571428574,"tddLast24H":20.76666666666666,"tddLast4H":3.3999999999999995,"tddLast8to4H":4.879166666666665},"output":{"temp":"absolute","bg":70,"tick":-2,"eventualBG":58,"targetBG":85,"insulinReq":0,"deliverAt":"2023-12-21T01:06:06.686Z","sensitivityRatio":0.9832036974410997,"variable_sens":124.4,"predBGs":{"IOB":[70,67,65,63,61,59,58,57,56,55,54,53,52,52,51,51,50,50,50,50,50,50,50,50,50,50,50,50,50,50,50,50,50,51,51,51,51,51,51,51,51,52],"ZT":[70,66,62,59,57,55,53,53,53,53,55,57,59,62,65,68,72,75,79,83],"UAM":[70,66,63,60,57,54,52,50,48,47,45,44,44,43,42,42,41,41,41,41,41,41,41,41,41,41,41,41,41,41,41,41,42,42,42,42,42,42,42,43]},"reason":"COB: 0, Dev: 9, BGI: -4, ISF: 124, CR: 14, Target: 85, minPredBG 50, minGuardBG 41, IOBpredBG 52, UAMpredBG 43; minGuardBG 41<65 75m left and 0 ~ req 0U\/hr: no temp required","COB":0,"IOB":0.168,"timestamp":"2023-12-21T01:06:06.692Z"}}