{"algorithm":"OpenAPSSMBDynamicISFPlugin","input":{"glucoseStatus":{"glucose":102,"noise":0,"delta":-2,"short_avgdelta":-2.56,"long_avgdelta":-1.89,"date":1703108138000},"currenttemp":{"temp":"absolute","duration":25,"rate":0,"minutesrunning":5},"iob_data":[{"iob":0.219,"basaliob":-0.573,"bolussnooze":0.2076,"activity":0.0064,"lastBolusTime":1703105530958,"time":"2023-12-20T21:35:57.371Z","iobWithZeroTemp":{"iob":0.219,"basaliob":-0.573,"bolussnooze":0.2076,"activity":0.0064,"lastBolusTime":1703105530958,"time":"2023-12-20T21:35:57.371Z"}},{"iob":0.189,"basaliob":-0.545,"bolussnooze":0.1725,"activity":0.0057,"lastBolusTime":1703105530958,"time":"2023-12-20T21:40:57.371Z","iobWithZeroTemp":{"iob":0.136,"basaliob":-0.598,"bolussnooze":0.1725,"activity":0.0056,"lastBolusTime":1703105530958,"time":"2023-12-20T21:40:57.371Z"}},{"iob":0.161,"basaliob":-0.517,"bolussnooze":0.1422,"activity":0.005,"lastBolusTime":1703105530958,"time":"2023-12-20T21:45:57.371Z","iobWithZeroTemp":{"iob":0.042,"basaliob":-0.636,"bolussnooze":0.1422,"activity":0.0048,"lastBolusTime":1703105530958,"time":"2023-12-20T21:45:57.371Z"}},{"iob":0.138,"basaliob":-0.488,"bolussnooze":0.1165,"activity":0.0044,"lastBolusTime":1703105530958,"time":"2023-12-20T21:50:57.371Z","iobWithZeroTemp":{"iob":-0.046,"basaliob":-0.672,"bolussnooze":0.1165,"activity":0.0038,"lastBolusTime":1703105530958,"time":"2023-12-20T21:50:57.371Z"}},{"iob":0.117,"basaliob":-0.459,"bolussnooze":0.0947,"activity":0.0039,"lastBolusTime":1703105530958,"time":"2023-12-20T21:55:57.371Z","iobWithZeroTemp":{"iob":-0.13,"basaliob":-0.706,"bolussnooze":0.0947,"activity":0.0029,"lastBolusTime":1703105530958,"time":"2023-12-20T21:55:57.371Z"}},{"iob":0.099,"basaliob":-0.43,"bolussnooze":0.0765,"activity":0.0034,"lastBolusTime":1703105530958,"time":"2023-12-20T22:00:57.371Z","iobWithZeroTemp":{"iob":-0.209,"basaliob":-0.738,"bolussnooze":0.0765,"activity":0.002,"lastBolusTime":1703105530958,"time":"2023-12-20T22:00:57.371Z"}},{"iob":0.084,"basaliob":-0.401,"bolussnooze":0.0613,"activity":0.0029,"lastBolusTime":1703105530958,"time":"2023-12-20T22:05:57.371Z","iobWithZeroTemp":{"iob":-0.282,"basaliob":-0.767,"bolussnooze":0.0613,"activity":0.001,"lastBolusTime":1703105530958,"time":"2023-12-20T22:05:57.371Z"}},{"iob":0.07,"basaliob":-0.374,"bolussnooze":0.0487,"activity":0.0026,"lastBolusTime":1703105530958,"time":"2023-12-20T22:10:57.371Z","iobWithZeroTemp":{"iob":-0.352,"basaliob":-0.796,"bolussnooze":0.0487,"activity":1.0E-4,"lastBolusTime":1703105530958,"time":"2023-12-20T22:10:57.371Z"}},{"iob":0.058,"basaliob":-0.347,"bolussnooze":0.0383,"activity":0.0023,"lastBolusTime":1703105530958,"time":"2023-12-20T22:15:57.371Z","iobWithZeroTemp":{"iob":-0.417,"basaliob":-0.822,"bolussnooze":0.0383,"activity":-7.0E-4,"lastBolusTime":1703105530958,"time":"2023-12-20T22:15:57.371Z"}},{"iob":0.047,"basaliob":-0.322,"bolussnooze":0.0298,"activity":0.0019,"lastBolusTime":1703105530958,"time":"2023-12-20T22:20:57.371Z","iobWithZeroTemp":{"iob":-0.478,"basaliob":-0.847,"bolussnooze":0.0298,"activity":-0.0017,"lastBolusTime":1703105530958,"time":"2023-12-20T22:20:57.371Z"}},{"iob":0.038,"basaliob":-0.298,"bolussnooze":0.023,"activity":0.0017,"lastBolusTime":1703105530958,"time":"2023-12-20T22:25:57.371Z","iobWithZeroTemp":{"iob":-0.534,"basaliob":-0.87,"bolussnooze":0.023,"activity":-0.0025,"lastBolusTime":1703105530958,"time":"2023-12-20T22:25:57.371Z"}},{"iob":0.03,"basaliob":-0.275,"bolussnooze":0.0175,"activity":0.0015,"lastBolusTime":1703105530958,"time":"2023-12-20T22:30:57.371Z","iobWithZeroTemp":{"iob":-0.587,"basaliob":-0.892,"bolussnooze":0.0175,"activity":-0.0032,"lastBolusTime":1703105530958,"time":"2023-12-20T22:30:57.371Z"}},{"iob":0.023,"basaliob":-0.253,"bolussnooze":0.0131,"activity":0.0013,"lastBolusTime":1703105530958,"time":"2023-12-20T22:35:57.371Z","iobWithZeroTemp":{"iob":-0.635,"basaliob":-0.911,"bolussnooze":0.0131,"activity":-0.004,"lastBolusTime":1703105530958,"time":"2023-12-20T22:35:57.371Z"}},{"iob":0.018,"basaliob":-0.232,"bolussnooze":0.0096,"activity":0.0011,"lastBolusTime":1703105530958,"time":"2023-12-20T22:40:57.371Z","iobWithZeroTemp":{"iob":-0.679,"basaliob":-0.929,"bolussnooze":0.0096,"activity":-0.0048,"lastBolusTime":1703105530958,"time":"2023-12-20T22:40:57.371Z"}},{"iob":0.012,"basaliob":-0.213,"bolussnooze":0.0069,"activity":9.0E-4,"lastBolusTime":1703105530958,"time":"2023-12-20T22:45:57.371Z","iobWithZeroTemp":{"iob":-0.721,"basaliob":-0.946,"bolussnooze":0.0069,"activity":-0.0055,"lastBolusTime":1703105530958,"time":"2023-12-20T22:45:57.371Z"}},{"iob":0.008,"basaliob":-0.195,"bolussnooze":0.0049,"activity":8.0E-4,"lastBolusTime":1703105530958,"time":"2023-12-20T22:50:57.371Z","iobWithZeroTemp":{"iob":-0.759,"basaliob":-0.962,"bolussnooze":0.0049,"activity":-0.0061,"lastBolusTime":1703105530958,"time":"2023-12-20T22:50:57.371Z"}},{"iob":0.005,"basaliob":-0.178,"bolussnooze":0.0033,"activity":6.0E-4,"lastBolusTime":1703105530958,"time":"2023-12-20T22:55:57.371Z","iobWithZeroTemp":{"iob":-0.793,"basaliob":-0.976,"bolussnooze":0.0033,"activity":-0.0068,"lastBolusTime":1703105530958,"time":"2023-12-20T22:55:57.371Z"}},{"iob":0.002,"basaliob":-0.162,"bolussnooze":0.0021,"activity":6.0E-4,"lastBolusTime":1703105530958,"time":"2023-12-20T23:00:57.371Z","iobWithZeroTemp":{"iob":-0.824,"basaliob":-0.988,"bolussnooze":0.0021,"activity":-0.0072,"lastBolusTime":1703105530958,"time":"2023-12-20T23:00:57.371Z"}},{"iob":0,"basaliob":-0.147,"bolussnooze":0.0013,"activity":5.0E-4,"lastBolusTime":1703105530958,"time":"2023-12-20T23:05:57.371Z","iobWithZeroTemp":{"iob":-0.845,"basaliob":-0.992,"bolussnooze":0.0013,"activity":-0.0078,"lastBolusTime":1703105530958,"time":"2023-12-20T23:05:57.371Z"}},{"iob":-0.003,"basaliob":-0.134,"bolussnooze":8.0E-4,"activity":4.0E-4,"lastBolusTime":1703105530958,"time":"2023-12-20T23:10:57.371Z","iobWithZeroTemp":{"iob":-0.864,"basaliob":-0.995,"bolussnooze":8.0E-4,"activity":-0.0082,"lastBolusTime":1703105530958,"time":"2023-12-20T23:10:57.371Z"}},{"iob":-0.004,"basaliob":-0.121,"bolussnooze":4.0E-4,"activity":3.0E-4,"lastBolusTime":1703105530958,"time":"2023-12-20T23:15:57.371Z","iobWithZeroTemp":{"iob":-0.879,"basaliob":-0.996,"bolussnooze":4.0E-4,"activity":-0.0087,"lastBolusTime":1703105530958,"time":"2023-12-20T23:15:57.371Z"}},{"iob":-0.006,"basaliob":-0.11,"bolussnooze":2.0E-4,"activity":3.0E-4,"lastBolusTime":1703105530958,"time":"2023-12-20T23:20:57.371Z","iobWithZeroTemp":{"iob":-0.894,"basaliob":-0.998,"bolussnooze":2.0E-4,"activity":-0.009,"lastBolusTime":1703105530958,"time":"2023-12-20T23:20:57.371Z"}},{"iob":-0.007,"basaliob":-0.099,"bolussnooze":1.0E-4,"activity":2.0E-4,"lastBolusTime":1703105530958,"time":"2023-12-20T23:25:57.371Z","iobWithZeroTemp":{"iob":-0.906,"basaliob":-0.998,"bolussnooze":1.0E-4,"activity":-0.0094,"lastBolusTime":1703105530958,"time":"2023-12-20T23:25:57.371Z"}},{"iob":-0.007,"basaliob":-0.089,"bolussnooze":0,"activity":1.0E-4,"lastBolusTime":1703105530958,"time":"2023-12-20T23:30:57.371Z","iobWithZeroTemp":{"iob":-0.916,"basaliob":-0.998,"bolussnooze":0,"activity":-0.0097,"lastBolusTime":1703105530958,"time":"2023-12-20T23:30:57.371Z"}},{"iob":-0.008,"basaliob":-0.08,"bolussnooze":0,"activity":1.0E-4,"lastBolusTime":1703105530958,"time":"2023-12-20T23:35:57.371Z","iobWithZeroTemp":{"iob":-0.926,"basaliob":-0.998,"bolussnooze":0,"activity":-0.0099,"lastBolusTime":1703105530958,"time":"2023-12-20T23:35:57.371Z"}},{"iob":-0.008,"basaliob":-0.072,"bolussnooze":0,"activity":0,"lastBolusTime":1703105530958,"time":"2023-12-20T23:40:57.371Z","iobWithZeroTemp":{"iob":-0.933,"basaliob":-0.997,"bolussnooze":0,"activity":-0.0102,"lastBolusTime":1703105530958,"time":"2023-12-20T23:40:57.371Z"}},{"iob":-0.008,"basaliob":-0.064,"bolussnooze":0,"activity":1.0E-4,"lastBolusTime":1703105530958,"time":"2023-12-20T23:45:57.371Z","iobWithZeroTemp":{"iob":-0.94,"basaliob":-0.996,"bolussnooze":0,"activity":-0.0103,"lastBolusTime":1703105530958,"time":"2023-12-20T23:45:57.371Z"}},{"iob":-0.009,"basaliob":-0.058,"bolussnooze":0,"activity":0,"lastBolusTime":1703105530958,"time":"2023-12-20T23:50:57.371Z","iobWithZeroTemp":{"iob":-0.947,"basaliob":-0.996,"bolussnooze":0,"activity":-0.0106,"lastBolusTime":1703105530958,"time":"2023-12-20T23:50:57.371Z"}},{"iob":-0.008,"basaliob":-0.051,"bolussnooze":0,"activity":0,"lastBolusTime":1703105530958,"time":"2023-12-20T23:55:57.371Z","iobWithZeroTemp":{"iob":-0.951,"basaliob":-0.994,"bolussnooze":0,"activity":-0.0107,"lastBolusTime":1703105530958,"time":"2023-12-20T23:55:57.371Z"}},{"iob":-0.009,"basaliob":-0.046,"bolussnooze":0,"activity":-1.0E-4,"lastBolusTime":1703105530958,"time":"2023-12-21T00:00:57.371Z","iobWithZeroTemp":{"iob":-0.956,"basaliob":-0.993,"bolussnooze":0,"activity":-0.011,"lastBolusTime":1703105530958,"time":"2023-12-21T00:00:57.371Z"}},{"iob":-0.008,"basaliob":-0.041,"bolussnooze":0,"activity":-1.0E-4,"lastBolusTime":1703105530958,"time":"2023-12-21T00:05:57.371Z","iobWithZeroTemp":{"iob":-0.959,"basaliob":-0.992,"bolussnooze":0,"activity":-0.0111,"lastBolusTime":1703105530958,"time":"2023-12-21T00:05:57.371Z"}},{"iob":-0.008,"basaliob":-0.036,"bolussnooze":0,"activity":-1.0E-4,"lastBolusTime":1703105530958,"time":"2023-12-21T00:10:57.371Z","iobWithZeroTemp":{"iob":-0.963,"basaliob":-0.991,"bolussnooze":0,"activity":-0.0112,"lastBolusTime":1703105530958,"time":"2023-12-21T00:10:57.371Z"}},{"iob":-0.008,"basaliob":-0.032,"bolussnooze":0,"activity":-1.0E-4,"lastBolusTime":1703105530958,"time":"2023-12-21T00:15:57.371Z","iobWithZeroTemp":{"iob":-0.965,"basaliob":-0.989,"bolussnooze":0,"activity":-0.0113,"lastBolusTime":1703105530958,"time":"2023-12-21T00:15:57.371Z"}},{"iob":-0.007,"basaliob":-0.028,"bolussnooze":0,"activity":-1.0E-4,"lastBolusTime":1703105530958,"time":"2023-12-21T00:20:57.371Z","iobWithZeroTemp":{"iob":-0.967,"basaliob":-0.988,"bolussnooze":0,"activity":-0.0113,"lastBolusTime":1703105530958,"time":"2023-12-21T00:20:57.371Z"}},{"iob":-0.007,"basaliob":-0.025,"bolussnooze":0,"activity":0,"lastBolusTime":1703105530958,"time":"2023-12-21T00:25:57.371Z","iobWithZeroTemp":{"iob":-0.969,"basaliob":-0.987,"bolussnooze":0,"activity":-0.0113,"lastBolusTime":1703105530958,"time":"2023-12-21T00:25:57.371Z"}},{"iob":-0.007,"basaliob":-0.022,"bolussnooze":0,"activity":-1.0E-4,"lastBolusTime":1703105530958,"time":"2023-12-21T00:30:57.371Z","iobWithZeroTemp":{"iob":-0.97,"basaliob":-0.985,"bolussnooze":0,"activity":-0.0115,"lastBolusTime":1703105530958,"time":"2023-12-21T00:30:57.371Z"}},{"iob":-0.006,"basaliob":-0.019,"bolussnooze":0,"activity":-1.0E-4,"lastBolusTime":1703105530958,"time":"2023-12-21T00:35:57.371Z","iobWithZeroTemp":{"iob":-0.971,"basaliob":-0.984,"bolussnooze":0,"activity":-0.0115,"lastBolusTime":1703105530958,"time":"2023-12-21T00:35:57.371Z"}},{"iob":-0.006,"basaliob":-0.017,"bolussnooze":0,"activity":-1.0E-4,"lastBolusTime":1703105530958,"time":"2023-12-21T00:40:57.371Z","iobWithZeroTemp":{"iob":-0.972,"basaliob":-0.983,"bolussnooze":0,"activity":-0.0116,"lastBolusTime":1703105530958,"time":"2023-12-21T00:40:57.371Z"}},{"iob":-0.005,"basaliob":-0.014,"bolussnooze":0,"activity":-1.0E-4,"lastBolusTime":1703105530958,"time":"2023-12-21T00:45:57.371Z","iobWithZeroTemp":{"iob":-0.972,"basaliob":-0.981,"bolussnooze":0,"activity":-0.0116,"lastBolusTime":1703105530958,"time":"2023-12-21T00:45:57.371Z"}},{"iob":-0.005,"basaliob":-0.013,"bolussnooze":0,"activity":-1.0E-4,"lastBolusTime":1703105530958,"time":"2023-12-21T00:50:57.371Z","iobWithZeroTemp":{"iob":-0.973,"basaliob":-0.981,"bolussnooze":0,"activity":-0.0116,"lastBolusTime":1703105530958,"time":"2023-12-21T00:50:57.371Z"}},{"iob":-0.004,"basaliob":-0.011,"bolussnooze":0,"activity":-1.0E-4,"lastBolusTime":1703105530958,"time":"2023-12-21T00:55:57.371Z","iobWithZeroTemp":{"iob":-0.972,"basaliob":-0.979,"bolussnooze":0,"activity":-0.0117,"lastBolusTime":1703105530958,"time":"2023-12-21T00:55:57.371Z"}},{"iob":-0.004,"basaliob":-0.009,"bolussnooze":0,"activity":-1.0E-4,"lastBolusTime":1703105530958,"time":"2023-12-21T01:00:57.371Z","iobWithZeroTemp":{"iob":-0.973,"basaliob":-0.978,"bolussnooze":0,"activity":-0.0117,"lastBolusTime":1703105530958,"time":"2023-12-21T01:00:57.371Z"}},{"iob":-0.004,"basaliob":-0.008,"bolussnooze":0,"activity":0,"lastBolusTime":1703105530958,"time":"2023-12-21T01:05:57.371Z","iobWithZeroTemp":{"iob":-0.973,"basaliob":-0.977,"bolussnooze":0,"activity":-0.0116,"lastBolusTime":1703105530958,"time":"2023-12-21T01:05:57.371Z"}},{"iob":-0.003,"basaliob":-0.007,"bolussnooze":0,"activity":0,"lastBolusTime":1703105530958,"time":"2023-12-21T01:10:57.371Z","iobWithZeroTemp":{"iob":-0.972,"basaliob":-0.976,"bolussnooze":0,"activity":-0.0116,"lastBolusTime":1703105530958,"time":"2023-12-21T01:10:57.371Z"}},{"iob":-0.003,"basaliob":-0.006,"bolussnooze":0,"activity":-1.0E-4,"lastBolusTime":1703105530958,"time":"2023-12-21T01:15:57.371Z","iobWithZeroTemp":{"iob":-0.972,"basaliob":-0.975,"bolussnooze":0,"activity":-0.0118,"lastBolusTime":1703105530958,"time":"2023-12-21T01:15:57.371Z"}},{"iob":-0.003,"basaliob":-0.005,"bolussnooze":0,"activity":-1.0E-4,"lastBolusTime":1703105530958,"time":"2023-12-21T01:20:57.371Z","iobWithZeroTemp":{"iob":-0.972,"basaliob":-0.974,"bolussnooze":0,"activity":-0.0118,"lastBolusTime":1703105530958,"time":"2023-12-21T01:20:57.371Z"}},{"iob":-0.002,"basaliob":-0.004,"bolussnooze":0,"activity":0,"lastBolusTime":1703105530958,"time":"2023-12-21T01:25:57.371Z","iobWithZeroTemp":{"iob":-0.971,"basaliob":-0.973,"bolussnooze":0,"activity":-0.0117,"lastBolusTime":1703105530958,"time":"2023-12-21T01:25:57.371Z"}},{"iob":-0.002,"basaliob":-0.003,"bolussnooze":0,"activity":0,"lastBolusTime":1703105530958,"time":"2023-12-21T01:30:57.371Z","iobWithZeroTemp":{"iob":-0.971,"basaliob":-0.972,"bolussnooze":0,"activity":-0.0117,"lastBolusTime":1703105530958,"time":"2023-12-21T01:30:57.371Z"}}],"profile":{"max_iob":7,"type":"current","max_daily_basal":0.8,"max_basal":5,"min_bg":80,"max_bg":90,"target_bg":85,"carb_ratio":14,"sens":57,"max_daily_safety_multiplier":9,"current_basal_safety_multiplier":8,"lgsThreshold":65,"high_temptarget_raises_sensitivity":false,"low_temptarget_lowers_sensitivity":false,"sensitivity_raises_target":false,"resistance_lowers_target":false,"adv_target_adjustments":false,"exercise_mode":false,"half_basal_exercise_target":160,"maxCOB":120,"skip_neutral_temps":false,"remainingCarbsCap":90,"enableUAM":true,"A52_risk_enable":false,"SMBInterval":3,"enableSMB_with_COB":true,"enableSMB_with_temptarget":true,"allowSMB_with_high_temptarget":true,"enableSMB_always":true,"enableSMB_after_carbs":true,"maxSMBBasalMinutes":120,"maxUAMSMBBasalMinutes":90,"bolus_increment":0.05,"carbsReqThreshold":5,"current_basal":0.8,"temptargetSet":false,"autosens_max":1.6,"autosens_min":0.6,"variable_sens":94.6,"insulinDivisor":75,"TDD":22.164660714285716},"autosens_data":{"ratio":1.003522714462856},"meal_data":{"carbs":0,"mealCOB":0,"slopeFromMaxDeviation":-0.552375,"slopeFromMinDeviation":0,"lastBolusTime":1703105530958,"lastCarbTime":0},"microBolusAllowed":true,"currentTime":1703108158800,"flatBGsDetected":false,"tdd1D":21.666666666666675,"tdd7D":21.121428571428574,"tddLast24H":21.195833333333326,"tddLast4H":4.2875,"tddLast8to4H":3.183333333333333},"output":{"temp":"absolute","bg":102,"tick":-2,"eventualBG":84,"targetBG":85,"insulinReq":-0.02,"deliverAt":"2023-12-20T21:35:58.800Z","sensitivityRatio":1.003522714462856,"variable_sens":94.6,"predBGs":{"IOB":[102,99,97,95,93,92,90,89,88,86,86,85,84,83,83,82,82,81,81,81,81,80,80,80,80,80,80,80,80,80,80,80,80,80,80,80,80,80,80,80,80,81],"ZT":[102,99,96,94,92,91,90,89,89,89],"UAM":[102,99,96,94,92,90,88,86,85,84,83,82,81,80,80,79,79,78,78,78,77,77,77,77,77,77,77,77,77,77,77,77,77,77,77,77,77,77,77,77,77,77,78]},"reason":"COB: 0, Dev: 3, BGI: -3, ISF: 95, CR: 14, Target: 85, minPredBG 83, minGuardBG 77, IOBpredBG 81, UAMpredBG 78;  insulinReq -0.02; setting 30m low temp of 0.11U\/h. ","COB":0,"IOB":0.219,"rate":0.11,"duration":30,"timestamp":"2023-12-20T21:35:58.816Z"}}