{"algorithm":"OpenAPSSMBDynamicISFPlugin","input":{"glucoseStatus":{"glucose":88,"noise":0,"delta":-3,"short_avgdelta":-2.44,"long_avgdelta":-2.48,"date":1703144736000},"currenttemp":{"temp":"absolute","duration":10,"rate":0.05,"minutesrunning":20},"iob_data":[{"iob":-0.013,"basaliob":-0.587,"bolussnooze":0,"activity":0.0035,"lastBolusTime":1703140265451,"time":"2023-12-21T07:46:22.512Z","iobWithZeroTemp":{"iob":-0.013,"basaliob":-0.587,"bolussnooze":0,"activity":0.0035,"lastBolusTime":1703140265451,"time":"2023-12-21T07:46:22.512Z"}},{"iob":-0.029,"basaliob":-0.555,"bolussnooze":0,"activity":0.0028,"lastBolusTime":1703140265451,"time":"2023-12-21T07:51:22.512Z","iobWithZeroTemp":{"iob":-0.066,"basaliob":-0.592,"bolussnooze":0,"activity":0.0028,"lastBolusTime":1703140265451,"time":"2023-12-21T07:51:22.512Z"}},{"iob":-0.042,"basaliob":-0.522,"bolussnooze":0,"activity":0.0021,"lastBolusTime":1703140265451,"time":"2023-12-21T07:56:22.512Z","iobWithZeroTemp":{"iob":-0.124,"basaliob":-0.604,"bolussnooze":0,"activity":0.0019,"lastBolusTime":1703140265451,"time":"2023-12-21T07:56:22.512Z"}},{"iob":-0.051,"basaliob":-0.489,"bolussnooze":0,"activity":0.0016,"lastBolusTime":1703140265451,"time":"2023-12-21T08:01:22.512Z","iobWithZeroTemp":{"iob":-0.178,"basaliob":-0.616,"bolussnooze":0,"activity":0.0012,"lastBolusTime":1703140265451,"time":"2023-12-21T08:01:22.512Z"}},{"iob":-0.058,"basaliob":-0.457,"bolussnooze":0,"activity":0.0012,"lastBolusTime":1703140265451,"time":"2023-12-21T08:06:22.512Z","iobWithZeroTemp":{"iob":-0.228,"basaliob":-0.627,"bolussnooze":0,"activity":5.0E-4,"lastBolusTime":1703140265451,"time":"2023-12-21T08:06:22.512Z"}},{"iob":-0.063,"basaliob":-0.426,"bolussnooze":0,"activity":9.0E-4,"lastBolusTime":1703140265451,"time":"2023-12-21T08:11:22.512Z","iobWithZeroTemp":{"iob":-0.275,"basaliob":-0.638,"bolussnooze":0,"activity":-1.0E-4,"lastBolusTime":1703140265451,"time":"2023-12-21T08:11:22.512Z"}},{"iob":-0.067,"basaliob":-0.396,"bolussnooze":0,"activity":6.0E-4,"lastBolusTime":1703140265451,"time":"2023-12-21T08:16:22.512Z","iobWithZeroTemp":{"iob":-0.319,"basaliob":-0.648,"bolussnooze":0,"activity":-7.0E-4,"lastBolusTime":1703140265451,"time":"2023-12-21T08:16:22.512Z"}},{"iob":-0.069,"basaliob":-0.367,"bolussnooze":0,"activity":2.0E-4,"lastBolusTime":1703140265451,"time":"2023-12-21T08:21:22.512Z","iobWithZeroTemp":{"iob":-0.359,"basaliob":-0.657,"bolussnooze":0,"activity":-0.0015,"lastBolusTime":1703140265451,"time":"2023-12-21T08:21:22.512Z"}},{"iob":-0.07,"basaliob":-0.339,"bolussnooze":0,"activity":1.0E-4,"lastBolusTime":1703140265451,"time":"2023-12-21T08:26:22.512Z","iobWithZeroTemp":{"iob":-0.396,"basaliob":-0.665,"bolussnooze":0,"activity":-0.002,"lastBolusTime":1703140265451,"time":"2023-12-21T08:26:22.512Z"}},{"iob":-0.07,"basaliob":-0.313,"bolussnooze":0,"activity":-1.0E-4,"lastBolusTime":1703140265451,"time":"2023-12-21T08:31:22.512Z","iobWithZeroTemp":{"iob":-0.431,"basaliob":-0.674,"bolussnooze":0,"activity":-0.0026,"lastBolusTime":1703140265451,"time":"2023-12-21T08:31:22.512Z"}},{"iob":-0.069,"basaliob":-0.288,"bolussnooze":0,"activity":-2.0E-4,"lastBolusTime":1703140265451,"time":"2023-12-21T08:36:22.512Z","iobWithZeroTemp":{"iob":-0.462,"basaliob":-0.681,"bolussnooze":0,"activity":-0.0031,"lastBolusTime":1703140265451,"time":"2023-12-21T08:36:22.512Z"}},{"iob":-0.068,"basaliob":-0.265,"bolussnooze":0,"activity":-3.0E-4,"lastBolusTime":1703140265451,"time":"2023-12-21T08:41:22.512Z","iobWithZeroTemp":{"iob":-0.492,"basaliob":-0.689,"bolussnooze":0,"activity":-0.0036,"lastBolusTime":1703140265451,"time":"2023-12-21T08:41:22.512Z"}},{"iob":-0.066,"basaliob":-0.243,"bolussnooze":0,"activity":-5.0E-4,"lastBolusTime":1703140265451,"time":"2023-12-21T08:46:22.512Z","iobWithZeroTemp":{"iob":-0.518,"basaliob":-0.695,"bolussnooze":0,"activity":-0.0042,"lastBolusTime":1703140265451,"time":"2023-12-21T08:46:22.512Z"}},{"iob":-0.063,"basaliob":-0.222,"bolussnooze":0,"activity":-5.0E-4,"lastBolusTime":1703140265451,"time":"2023-12-21T08:51:22.512Z","iobWithZeroTemp":{"iob":-0.542,"basaliob":-0.701,"bolussnooze":0,"activity":-0.0045,"lastBolusTime":1703140265451,"time":"2023-12-21T08:51:22.512Z"}},{"iob":-0.061,"basaliob":-0.203,"bolussnooze":0,"activity":-5.0E-4,"lastBolusTime":1703140265451,"time":"2023-12-21T08:56:22.512Z","iobWithZeroTemp":{"iob":-0.565,"basaliob":-0.707,"bolussnooze":0,"activity":-0.0049,"lastBolusTime":1703140265451,"time":"2023-12-21T08:56:22.512Z"}},{"iob":-0.058,"basaliob":-0.185,"bolussnooze":0,"activity":-6.0E-4,"lastBolusTime":1703140265451,"time":"2023-12-21T09:01:22.512Z","iobWithZeroTemp":{"iob":-0.585,"basaliob":-0.712,"bolussnooze":0,"activity":-0.0053,"lastBolusTime":1703140265451,"time":"2023-12-21T09:01:22.512Z"}},{"iob":-0.054,"basaliob":-0.168,"bolussnooze":0,"activity":-6.0E-4,"lastBolusTime":1703140265451,"time":"2023-12-21T09:06:22.512Z","iobWithZeroTemp":{"iob":-0.602,"basaliob":-0.716,"bolussnooze":0,"activity":-0.0057,"lastBolusTime":1703140265451,"time":"2023-12-21T09:06:22.512Z"}},{"iob":-0.052,"basaliob":-0.153,"bolussnooze":0,"activity":-6.0E-4,"lastBolusTime":1703140265451,"time":"2023-12-21T09:11:22.512Z","iobWithZeroTemp":{"iob":-0.62,"basaliob":-0.721,"bolussnooze":0,"activity":-0.006,"lastBolusTime":1703140265451,"time":"2023-12-21T09:11:22.512Z"}},{"iob":-0.049,"basaliob":-0.139,"bolussnooze":0,"activity":-6.0E-4,"lastBolusTime":1703140265451,"time":"2023-12-21T09:16:22.512Z","iobWithZeroTemp":{"iob":-0.635,"basaliob":-0.725,"bolussnooze":0,"activity":-0.0063,"lastBolusTime":1703140265451,"time":"2023-12-21T09:16:22.512Z"}},{"iob":-0.045,"basaliob":-0.125,"bolussnooze":0,"activity":-6.0E-4,"lastBolusTime":1703140265451,"time":"2023-12-21T09:21:22.512Z","iobWithZeroTemp":{"iob":-0.648,"basaliob":-0.728,"bolussnooze":0,"activity":-0.0066,"lastBolusTime":1703140265451,"time":"2023-12-21T09:21:22.512Z"}},{"iob":-0.043,"basaliob":-0.113,"bolussnooze":0,"activity":-5.0E-4,"lastBolusTime":1703140265451,"time":"2023-12-21T09:26:22.512Z","iobWithZeroTemp":{"iob":-0.661,"basaliob":-0.731,"bolussnooze":0,"activity":-0.0067,"lastBolusTime":1703140265451,"time":"2023-12-21T09:26:22.512Z"}},{"iob":-0.04,"basaliob":-0.102,"bolussnooze":0,"activity":-5.0E-4,"lastBolusTime":1703140265451,"time":"2023-12-21T09:31:22.512Z","iobWithZeroTemp":{"iob":-0.673,"basaliob":-0.735,"bolussnooze":0,"activity":-0.007,"lastBolusTime":1703140265451,"time":"2023-12-21T09:31:22.512Z"}},{"iob":-0.038,"basaliob":-0.092,"bolussnooze":0,"activity":-5.0E-4,"lastBolusTime":1703140265451,"time":"2023-12-21T09:36:22.512Z","iobWithZeroTemp":{"iob":-0.683,"basaliob":-0.737,"bolussnooze":0,"activity":-0.0072,"lastBolusTime":1703140265451,"time":"2023-12-21T09:36:22.512Z"}},{"iob":-0.035,"basaliob":-0.083,"bolussnooze":0,"activity":-5.0E-4,"lastBolusTime":1703140265451,"time":"2023-12-21T09:41:22.512Z","iobWithZeroTemp":{"iob":-0.692,"basaliob":-0.74,"bolussnooze":0,"activity":-0.0074,"lastBolusTime":1703140265451,"time":"2023-12-21T09:41:22.512Z"}},{"iob":-0.032,"basaliob":-0.074,"bolussnooze":0,"activity":-5.0E-4,"lastBolusTime":1703140265451,"time":"2023-12-21T09:46:22.512Z","iobWithZeroTemp":{"iob":-0.7,"basaliob":-0.742,"bolussnooze":0,"activity":-0.0076,"lastBolusTime":1703140265451,"time":"2023-12-21T09:46:22.512Z"}},{"iob":-0.03,"basaliob":-0.066,"bolussnooze":0,"activity":-5.0E-4,"lastBolusTime":1703140265451,"time":"2023-12-21T09:51:22.512Z","iobWithZeroTemp":{"iob":-0.708,"basaliob":-0.744,"bolussnooze":0,"activity":-0.0078,"lastBolusTime":1703140265451,"time":"2023-12-21T09:51:22.512Z"}},{"iob":-0.027,"basaliob":-0.059,"bolussnooze":0,"activity":-4.0E-4,"lastBolusTime":1703140265451,"time":"2023-12-21T09:56:22.512Z","iobWithZeroTemp":{"iob":-0.714,"basaliob":-0.746,"bolussnooze":0,"activity":-0.0079,"lastBolusTime":1703140265451,"time":"2023-12-21T09:56:22.512Z"}},{"iob":-0.026,"basaliob":-0.053,"bolussnooze":0,"activity":-4.0E-4,"lastBolusTime":1703140265451,"time":"2023-12-21T10:01:22.512Z","iobWithZeroTemp":{"iob":-0.721,"basaliob":-0.748,"bolussnooze":0,"activity":-0.008,"lastBolusTime":1703140265451,"time":"2023-12-21T10:01:22.512Z"}},{"iob":-0.024,"basaliob":-0.047,"bolussnooze":0,"activity":-4.0E-4,"lastBolusTime":1703140265451,"time":"2023-12-21T10:06:22.512Z","iobWithZeroTemp":{"iob":-0.726,"basaliob":-0.749,"bolussnooze":0,"activity":-0.0082,"lastBolusTime":1703140265451,"time":"2023-12-21T10:06:22.512Z"}},{"iob":-0.022,"basaliob":-0.042,"bolussnooze":0,"activity":-4.0E-4,"lastBolusTime":1703140265451,"time":"2023-12-21T10:11:22.512Z","iobWithZeroTemp":{"iob":-0.73,"basaliob":-0.75,"bolussnooze":0,"activity":-0.0083,"lastBolusTime":1703140265451,"time":"2023-12-21T10:11:22.512Z"}},{"iob":-0.02,"basaliob":-0.037,"bolussnooze":0,"activity":-3.0E-4,"lastBolusTime":1703140265451,"time":"2023-12-21T10:16:22.512Z","iobWithZeroTemp":{"iob":-0.734,"basaliob":-0.751,"bolussnooze":0,"activity":-0.0084,"lastBolusTime":1703140265451,"time":"2023-12-21T10:16:22.512Z"}},{"iob":-0.019,"basaliob":-0.033,"bolussnooze":0,"activity":-3.0E-4,"lastBolusTime":1703140265451,"time":"2023-12-21T10:21:22.512Z","iobWithZeroTemp":{"iob":-0.739,"basaliob":-0.753,"bolussnooze":0,"activity":-0.0085,"lastBolusTime":1703140265451,"time":"2023-12-21T10:21:22.512Z"}},{"iob":-0.017,"basaliob":-0.029,"bolussnooze":0,"activity":-3.0E-4,"lastBolusTime":1703140265451,"time":"2023-12-21T10:26:22.512Z","iobWithZeroTemp":{"iob":-0.741,"basaliob":-0.753,"bolussnooze":0,"activity":-0.0086,"lastBolusTime":1703140265451,"time":"2023-12-21T10:26:22.512Z"}},{"iob":-0.015,"basaliob":-0.025,"bolussnooze":0,"activity":-3.0E-4,"lastBolusTime":1703140265451,"time":"2023-12-21T10:31:22.512Z","iobWithZeroTemp":{"iob":-0.744,"basaliob":-0.754,"bolussnooze":0,"activity":-0.0087,"lastBolusTime":1703140265451,"time":"2023-12-21T10:31:22.512Z"}},{"iob":-0.014,"basaliob":-0.022,"bolussnooze":0,"activity":-3.0E-4,"lastBolusTime":1703140265451,"time":"2023-12-21T10:36:22.512Z","iobWithZeroTemp":{"iob":-0.746,"basaliob":-0.754,"bolussnooze":0,"activity":-0.0088,"lastBolusTime":1703140265451,"time":"2023-12-21T10:36:22.512Z"}},{"iob":-0.012,"basaliob":-0.019,"bolussnooze":0,"activity":-2.0E-4,"lastBolusTime":1703140265451,"time":"2023-12-21T10:41:22.512Z","iobWithZeroTemp":{"iob":-0.748,"basaliob":-0.755,"bolussnooze":0,"activity":-0.0087,"lastBolusTime":1703140265451,"time":"2023-12-21T10:41:22.512Z"}},{"iob":-0.011,"basaliob":-0.017,"bolussnooze":0,"activity":-3.0E-4,"lastBolusTime":1703140265451,"time":"2023-12-21T10:46:22.512Z","iobWithZeroTemp":{"iob":-0.75,"basaliob":-0.756,"bolussnooze":0,"activity":-0.0089,"lastBolusTime":1703140265451,"time":"2023-12-21T10:46:22.512Z"}},{"iob":-0.011,"basaliob":-0.015,"bolussnooze":0,"activity":-2.0E-4,"lastBolusTime":1703140265451,"time":"2023-12-21T10:51:22.512Z","iobWithZeroTemp":{"iob":-0.752,"basaliob":-0.756,"bolussnooze":0,"activity":-0.0089,"lastBolusTime":1703140265451,"time":"2023-12-21T10:51:22.512Z"}},{"iob":-0.009,"basaliob":-0.013,"bolussnooze":0,"activity":-2.0E-4,"lastBolusTime":1703140265451,"time":"2023-12-21T10:56:22.512Z","iobWithZeroTemp":{"iob":-0.753,"basaliob":-0.757,"bolussnooze":0,"activity":-0.0089,"lastBolusTime":1703140265451,"time":"2023-12-21T10:56:22.512Z"}},{"iob":-0.008,"basaliob":-0.011,"bolussnooze":0,"activity":-2.0E-4,"lastBolusTime":1703140265451,"time":"2023-12-21T11:01:22.512Z","iobWithZeroTemp":{"iob":-0.754,"basaliob":-0.757,"bolussnooze":0,"activity":-0.009,"lastBolusTime":1703140265451,"time":"2023-12-21T11:01:22.512Z"}},{"iob":-0.007,"basaliob":-0.009,"bolussnooze":0,"activity":-2.0E-4,"lastBolusTime":1703140265451,"time":"2023-12-21T11:06:22.512Z","iobWithZeroTemp":{"iob":-0.755,"basaliob":-0.757,"bolussnooze":0,"activity":-0.009,"lastBolusTime":1703140265451,"time":"2023-12-21T11:06:22.512Z"}},{"iob":-0.006,"basaliob":-0.008,"bolussnooze":0,"activity":-2.0E-4,"lastBolusTime":1703140265451,"time":"2023-12-21T11:11:22.512Z","iobWithZeroTemp":{"iob":-0.755,"basaliob":-0.757,"bolussnooze":0,"activity":-0.0091,"lastBolusTime":1703140265451,"time":"2023-12-21T11:11:22.512Z"}},{"iob":-0.006,"basaliob":-0.007,"bolussnooze":0,"activity":-1.0E-4,"lastBolusTime":1703140265451,"time":"2023-12-21T11:16:22.512Z","iobWithZeroTemp":{"iob":-0.757,"basaliob":-0.758,"bolussnooze":0,"activity":-0.009,"lastBolusTime":1703140265451,"time":"2023-12-21T11:16:22.512Z"}},{"iob":-0.005,"basaliob":-0.006,"bolussnooze":0,"activity":-1.0E-4,"lastBolusTime":1703140265451,"time":"2023-12-21T11:21:22.512Z","iobWithZeroTemp":{"iob":-0.757,"basaliob":-0.758,"bolussnooze":0,"activity":-0.009,"lastBolusTime":1703140265451,"time":"2023-12-21T11:21:22.512Z"}},{"iob":-0.004,"basaliob":-0.005,"bolussnooze":0,"activity":-2.0E-4,"lastBolusTime":1703140265451,"time":"2023-12-21T11:26:22.512Z","iobWithZeroTemp":{"iob":-0.757,"basaliob":-0.758,"bolussnooze":0,"activity":-0.0092,"lastBolusTime":1703140265451,"time":"2023-12-21T11:26:22.512Z"}},{"iob":-0.004,"basaliob":-0.004,"bolussnooze":0,"activity":-1.0E-4,"lastBolusTime":1703140265451,"time":"2023-12-21T11:31:22.512Z","iobWithZeroTemp":{"iob":-0.758,"basaliob":-0.758,"bolussnooze":0,"activity":-0.0091,"lastBolusTime":1703140265451,"time":"2023-12-21T11:31:22.512Z"}},{"iob":-0.003,"basaliob":-0.003,"bolussnooze":0,"activity":-1.0E-4,"lastBolusTime":1703140265451,"time":"2023-12-21T11:36:22.512Z","iobWithZeroTemp":{"iob":-0.758,"basaliob":-0.758,"bolussnooze":0,"activity":-0.0091,"lastBolusTime":1703140265451,"time":"2023-12-21T11:36:22.512Z"}},{"iob":-0.003,"basaliob":-0.003,"bolussnooze":0,"activity":-1.0E-4,"lastBolusTime":1703140265451,"time":"2023-12-21T11:41:22.512Z","iobWithZeroTemp":{"iob":-0.759,"basaliob":-0.759,"bolussnooze":0,"activity":-0.0091,"lastBolusTime":1703140265451,"time":"2023-12-21T11:41:22.512Z"}}],"profile":{"max_iob":7,"type":"current","max_daily_basal":0.8,"max_basal":4.4,"min_bg":90,"max_bg":90,"target_bg":90,"carb_ratio":16,"sens":57,"max_daily_safety_multiplier":9,"current_basal_safety_multiplier":8,"lgsThreshold":65,"high_temptarget_raises_sensitivity":false,"low_temptarget_lowers_sensitivity":false,"sensitivity_raises_target":false,"resistance_lowers_target":false,"adv_target_adjustments":false,"exercise_mode":false,"half_basal_exercise_target":160,"maxCOB":120,"skip_neutral_temps":false,"remainingCarbsCap":90,"enableUAM":true,"A52_risk_enable":false,"SMBInterval":3,"enableSMB_with_COB":true,"enableSMB_with_temptarget":true,"allowSMB_with_high_temptarget":true,"enableSMB_always":true,"enableSMB_after_carbs":true,"maxSMBBasalMinutes":120,"maxUAMSMBBasalMinutes":90,"bolus_increment":0.05,"carbsReqThreshold":5,"current_basal":0.55,"temptargetSet":false,"autosens_max":1.6,"autosens_min":0.6,"variable_sens":106.9,"insulinDivisor":75,"TDD":21.69817023809524},"autosens_data":{"ratio":1.0097571792881697},"meal_data":{"carbs":0,"mealCOB":0,"slopeFromMaxDeviation":-0.23418181818181816,"slopeFromMinDeviation":0.10550000000000004,"lastBolusTime":1703140265451,"lastCarbTime":0},"microBolusAllowed":true,"currentTime":1703144784067,"flatBGsDetected":false,"tdd1D":20.662500000000005,"tdd7D":21.47380952380953,"tddLast24H":21.683333333333344,"tddLast4H":2.4625000000000004,"tddLast8to4H":7.0125},"output":{"temp":"absolute","bg":88,"tick":-3,"eventualBG":85,"targetBG":90,"insulinReq":0,"deliverAt":"2023-12-21T07:46:24.067Z","sensitivityRatio":1.0097571792881697,"variable_sens":106.9,"predBGs":{"IOB":[88,85,83,81,79,78,77,76,75,75,75,75,75,75,76,76,76,77,77,77,78,78,78,79,79,79,79,80,80,80,80,81,81,81,81,81,81,82],"ZT":[88,86,85,84,83,83,83,83,84,85,86,88,90]},"reason":"COB: 0, Dev: -4, BGI: -2, ISF: 107, CR: 16, Target: 90, minPredBG 77, minGuardBG 75, IOBpredBG 82; Eventual BG 85 < 90, temp 0.05 ~< req 0.38U\/hr. ","COB":0,"IOB":-0.013,"timestamp":"2023-12-21T07:46:24.072Z"}}