{"algorithm":"OpenAPSSMBDynamicISFPlugin","input":{"glucoseStatus":{"glucose":88,"noise":0,"delta":-2,"short_avgdelta":-1.72,"long_avgdelta":-1.01,"date":1703096738000},"currenttemp":{"temp":"absolute","duration":0,"rate":0},"iob_data":[{"iob":-0.008,"basaliob":-0.104,"bolussnooze":0,"activity":3.0E-4,"lastBolusTime":1703093175895,"time":"2023-12-20T18:25:59.771Z","iobWithZeroTemp":{"iob":-0.008,"basaliob":-0.104,"bolussnooze":0,"activity":3.0E-4,"lastBolusTime":1703093175895,"time":"2023-12-20T18:25:59.771Z"}},{"iob":-0.01,"basaliob":-0.098,"bolussnooze":0,"activity":3.0E-4,"lastBolusTime":1703093175895,"time":"2023-12-20T18:30:59.771Z","iobWithZeroTemp":{"iob":-0.063,"basaliob":-0.151,"bolussnooze":0,"activity":2.0E-4,"lastBolusTime":1703093175895,"time":"2023-12-20T18:30:59.771Z"}},{"iob":-0.011,"basaliob":-0.092,"bolussnooze":0,"activity":2.0E-4,"lastBolusTime":1703093175895,"time":"2023-12-20T18:35:59.771Z","iobWithZeroTemp":{"iob":-0.13,"basaliob":-0.211,"bolussnooze":0,"activity":0,"lastBolusTime":1703093175895,"time":"2023-12-20T18:35:59.771Z"}},{"iob":-0.012,"basaliob":-0.086,"bolussnooze":0,"activity":1.0E-4,"lastBolusTime":1703093175895,"time":"2023-12-20T18:40:59.771Z","iobWithZeroTemp":{"iob":-0.196,"basaliob":-0.27,"bolussnooze":0,"activity":-5.0E-4,"lastBolusTime":1703093175895,"time":"2023-12-20T18:40:59.771Z"}},{"iob":-0.013,"basaliob":-0.081,"bolussnooze":0,"activity":1.0E-4,"lastBolusTime":1703093175895,"time":"2023-12-20T18:45:59.771Z","iobWithZeroTemp":{"iob":-0.26,"basaliob":-0.328,"bolussnooze":0,"activity":-9.0E-4,"lastBolusTime":1703093175895,"time":"2023-12-20T18:45:59.771Z"}},{"iob":-0.013,"basaliob":-0.075,"bolussnooze":0,"activity":0,"lastBolusTime":1703093175895,"time":"2023-12-20T18:50:59.771Z","iobWithZeroTemp":{"iob":-0.321,"basaliob":-0.383,"bolussnooze":0,"activity":-0.0014,"lastBolusTime":1703093175895,"time":"2023-12-20T18:50:59.771Z"}},{"iob":-0.013,"basaliob":-0.07,"bolussnooze":0,"activity":0,"lastBolusTime":1703093175895,"time":"2023-12-20T18:55:59.771Z","iobWithZeroTemp":{"iob":-0.379,"basaliob":-0.436,"bolussnooze":0,"activity":-0.0019,"lastBolusTime":1703093175895,"time":"2023-12-20T18:55:59.771Z"}},{"iob":-0.013,"basaliob":-0.065,"bolussnooze":0,"activity":0,"lastBolusTime":1703093175895,"time":"2023-12-20T19:00:59.771Z","iobWithZeroTemp":{"iob":-0.435,"basaliob":-0.487,"bolussnooze":0,"activity":-0.0025,"lastBolusTime":1703093175895,"time":"2023-12-20T19:00:59.771Z"}},{"iob":-0.013,"basaliob":-0.06,"bolussnooze":0,"activity":-1.0E-4,"lastBolusTime":1703093175895,"time":"2023-12-20T19:05:59.771Z","iobWithZeroTemp":{"iob":-0.488,"basaliob":-0.535,"bolussnooze":0,"activity":-0.0031,"lastBolusTime":1703093175895,"time":"2023-12-20T19:05:59.771Z"}},{"iob":-0.012,"basaliob":-0.055,"bolussnooze":0,"activity":-1.0E-4,"lastBolusTime":1703093175895,"time":"2023-12-20T19:10:59.771Z","iobWithZeroTemp":{"iob":-0.537,"basaliob":-0.58,"bolussnooze":0,"activity":-0.0037,"lastBolusTime":1703093175895,"time":"2023-12-20T19:10:59.771Z"}},{"iob":-0.012,"basaliob":-0.051,"bolussnooze":0,"activity":-1.0E-4,"lastBolusTime":1703093175895,"time":"2023-12-20T19:15:59.771Z","iobWithZeroTemp":{"iob":-0.584,"basaliob":-0.623,"bolussnooze":0,"activity":-0.0043,"lastBolusTime":1703093175895,"time":"2023-12-20T19:15:59.771Z"}},{"iob":-0.011,"basaliob":-0.046,"bolussnooze":0,"activity":-1.0E-4,"lastBolusTime":1703093175895,"time":"2023-12-20T19:20:59.771Z","iobWithZeroTemp":{"iob":-0.628,"basaliob":-0.663,"bolussnooze":0,"activity":-0.0048,"lastBolusTime":1703093175895,"time":"2023-12-20T19:20:59.771Z"}},{"iob":-0.01,"basaliob":-0.042,"bolussnooze":0,"activity":-2.0E-4,"lastBolusTime":1703093175895,"time":"2023-12-20T19:25:59.771Z","iobWithZeroTemp":{"iob":-0.668,"basaliob":-0.7,"bolussnooze":0,"activity":-0.0055,"lastBolusTime":1703093175895,"time":"2023-12-20T19:25:59.771Z"}},{"iob":-0.01,"basaliob":-0.039,"bolussnooze":0,"activity":-1.0E-4,"lastBolusTime":1703093175895,"time":"2023-12-20T19:30:59.771Z","iobWithZeroTemp":{"iob":-0.707,"basaliob":-0.736,"bolussnooze":0,"activity":-0.006,"lastBolusTime":1703093175895,"time":"2023-12-20T19:30:59.771Z"}},{"iob":-0.009,"basaliob":-0.035,"bolussnooze":0,"activity":-2.0E-4,"lastBolusTime":1703093175895,"time":"2023-12-20T19:35:59.771Z","iobWithZeroTemp":{"iob":-0.742,"basaliob":-0.768,"bolussnooze":0,"activity":-0.0066,"lastBolusTime":1703093175895,"time":"2023-12-20T19:35:59.771Z"}},{"iob":-0.009,"basaliob":-0.032,"bolussnooze":0,"activity":-1.0E-4,"lastBolusTime":1703093175895,"time":"2023-12-20T19:40:59.771Z","iobWithZeroTemp":{"iob":-0.776,"basaliob":-0.799,"bolussnooze":0,"activity":-0.007,"lastBolusTime":1703093175895,"time":"2023-12-20T19:40:59.771Z"}},{"iob":-0.008,"basaliob":-0.029,"bolussnooze":0,"activity":-2.0E-4,"lastBolusTime":1703093175895,"time":"2023-12-20T19:45:59.771Z","iobWithZeroTemp":{"iob":-0.806,"basaliob":-0.827,"bolussnooze":0,"activity":-0.0076,"lastBolusTime":1703093175895,"time":"2023-12-20T19:45:59.771Z"}},{"iob":-0.008,"basaliob":-0.027,"bolussnooze":0,"activity":-1.0E-4,"lastBolusTime":1703093175895,"time":"2023-12-20T19:50:59.771Z","iobWithZeroTemp":{"iob":-0.834,"basaliob":-0.853,"bolussnooze":0,"activity":-0.0079,"lastBolusTime":1703093175895,"time":"2023-12-20T19:50:59.771Z"}},{"iob":-0.007,"basaliob":-0.024,"bolussnooze":0,"activity":-1.0E-4,"lastBolusTime":1703093175895,"time":"2023-12-20T19:55:59.771Z","iobWithZeroTemp":{"iob":-0.86,"basaliob":-0.877,"bolussnooze":0,"activity":-0.0084,"lastBolusTime":1703093175895,"time":"2023-12-20T19:55:59.771Z"}},{"iob":-0.007,"basaliob":-0.022,"bolussnooze":0,"activity":-1.0E-4,"lastBolusTime":1703093175895,"time":"2023-12-20T20:00:59.771Z","iobWithZeroTemp":{"iob":-0.884,"basaliob":-0.899,"bolussnooze":0,"activity":-0.0088,"lastBolusTime":1703093175895,"time":"2023-12-20T20:00:59.771Z"}},{"iob":-0.007,"basaliob":-0.02,"bolussnooze":0,"activity":-1.0E-4,"lastBolusTime":1703093175895,"time":"2023-12-20T20:05:59.771Z","iobWithZeroTemp":{"iob":-0.907,"basaliob":-0.92,"bolussnooze":0,"activity":-0.0092,"lastBolusTime":1703093175895,"time":"2023-12-20T20:05:59.771Z"}},{"iob":-0.006,"basaliob":-0.018,"bolussnooze":0,"activity":-1.0E-4,"lastBolusTime":1703093175895,"time":"2023-12-20T20:10:59.771Z","iobWithZeroTemp":{"iob":-0.926,"basaliob":-0.938,"bolussnooze":0,"activity":-0.0095,"lastBolusTime":1703093175895,"time":"2023-12-20T20:10:59.771Z"}},{"iob":-0.005,"basaliob":-0.016,"bolussnooze":0,"activity":0,"lastBolusTime":1703093175895,"time":"2023-12-20T20:15:59.771Z","iobWithZeroTemp":{"iob":-0.944,"basaliob":-0.955,"bolussnooze":0,"activity":-0.0098,"lastBolusTime":1703093175895,"time":"2023-12-20T20:15:59.771Z"}},{"iob":-0.005,"basaliob":-0.014,"bolussnooze":0,"activity":-1.0E-4,"lastBolusTime":1703093175895,"time":"2023-12-20T20:20:59.771Z","iobWithZeroTemp":{"iob":-0.961,"basaliob":-0.97,"bolussnooze":0,"activity":-0.0102,"lastBolusTime":1703093175895,"time":"2023-12-20T20:20:59.771Z"}},{"iob":-0.005,"basaliob":-0.013,"bolussnooze":0,"activity":-1.0E-4,"lastBolusTime":1703093175895,"time":"2023-12-20T20:25:59.771Z","iobWithZeroTemp":{"iob":-0.977,"basaliob":-0.985,"bolussnooze":0,"activity":-0.0105,"lastBolusTime":1703093175895,"time":"2023-12-20T20:25:59.771Z"}},{"iob":-0.005,"basaliob":-0.012,"bolussnooze":0,"activity":-1.0E-4,"lastBolusTime":1703093175895,"time":"2023-12-20T20:30:59.771Z","iobWithZeroTemp":{"iob":-0.991,"basaliob":-0.998,"bolussnooze":0,"activity":-0.0107,"lastBolusTime":1703093175895,"time":"2023-12-20T20:30:59.771Z"}},{"iob":-0.004,"basaliob":-0.01,"bolussnooze":0,"activity":0,"lastBolusTime":1703093175895,"time":"2023-12-20T20:35:59.771Z","iobWithZeroTemp":{"iob":-1.003,"basaliob":-1.009,"bolussnooze":0,"activity":-0.0109,"lastBolusTime":1703093175895,"time":"2023-12-20T20:35:59.771Z"}},{"iob":-0.003,"basaliob":-0.009,"bolussnooze":0,"activity":-1.0E-4,"lastBolusTime":1703093175895,"time":"2023-12-20T20:40:59.771Z","iobWithZeroTemp":{"iob":-1.013,"basaliob":-1.019,"bolussnooze":0,"activity":-0.0112,"lastBolusTime":1703093175895,"time":"2023-12-20T20:40:59.771Z"}},{"iob":-0.003,"basaliob":-0.008,"bolussnooze":0,"activity":-1.0E-4,"lastBolusTime":1703093175895,"time":"2023-12-20T20:45:59.771Z","iobWithZeroTemp":{"iob":-1.024,"basaliob":-1.029,"bolussnooze":0,"activity":-0.0114,"lastBolusTime":1703093175895,"time":"2023-12-20T20:45:59.771Z"}},{"iob":-0.003,"basaliob":-0.007,"bolussnooze":0,"activity":-1.0E-4,"lastBolusTime":1703093175895,"time":"2023-12-20T20:50:59.771Z","iobWithZeroTemp":{"iob":-1.033,"basaliob":-1.037,"bolussnooze":0,"activity":-0.0116,"lastBolusTime":1703093175895,"time":"2023-12-20T20:50:59.771Z"}},{"iob":-0.003,"basaliob":-0.007,"bolussnooze":0,"activity":-1.0E-4,"lastBolusTime":1703093175895,"time":"2023-12-20T20:55:59.771Z","iobWithZeroTemp":{"iob":-1.042,"basaliob":-1.046,"bolussnooze":0,"activity":-0.0118,"lastBolusTime":1703093175895,"time":"2023-12-20T20:55:59.771Z"}},{"iob":-0.003,"basaliob":-0.006,"bolussnooze":0,"activity":0,"lastBolusTime":1703093175895,"time":"2023-12-20T21:00:59.771Z","iobWithZeroTemp":{"iob":-1.05,"basaliob":-1.053,"bolussnooze":0,"activity":-0.0119,"lastBolusTime":1703093175895,"time":"2023-12-20T21:00:59.771Z"}},{"iob":-0.002,"basaliob":-0.005,"bolussnooze":0,"activity":0,"lastBolusTime":1703093175895,"time":"2023-12-20T21:05:59.771Z","iobWithZeroTemp":{"iob":-1.056,"basaliob":-1.059,"bolussnooze":0,"activity":-0.012,"lastBolusTime":1703093175895,"time":"2023-12-20T21:05:59.771Z"}},{"iob":-0.003,"basaliob":-0.005,"bolussnooze":0,"activity":0,"lastBolusTime":1703093175895,"time":"2023-12-20T21:10:59.771Z","iobWithZeroTemp":{"iob":-1.063,"basaliob":-1.065,"bolussnooze":0,"activity":-0.0122,"lastBolusTime":1703093175895,"time":"2023-12-20T21:10:59.771Z"}},{"iob":-0.002,"basaliob":-0.004,"bolussnooze":0,"activity":0,"lastBolusTime":1703093175895,"time":"2023-12-20T21:15:59.771Z","iobWithZeroTemp":{"iob":-1.067,"basaliob":-1.069,"bolussnooze":0,"activity":-0.0123,"lastBolusTime":1703093175895,"time":"2023-12-20T21:15:59.771Z"}},{"iob":-0.002,"basaliob":-0.004,"bolussnooze":0,"activity":0,"lastBolusTime":1703093175895,"time":"2023-12-20T21:20:59.771Z","iobWithZeroTemp":{"iob":-1.072,"basaliob":-1.074,"bolussnooze":0,"activity":-0.0124,"lastBolusTime":1703093175895,"time":"2023-12-20T21:20:59.771Z"}},{"iob":-0.002,"basaliob":-0.003,"bolussnooze":0,"activity":0,"lastBolusTime":1703093175895,"time":"2023-12-20T21:25:59.771Z","iobWithZeroTemp":{"iob":-1.077,"basaliob":-1.078,"bolussnooze":0,"activity":-0.0125,"lastBolusTime":1703093175895,"time":"2023-12-20T21:25:59.771Z"}},{"iob":-0.002,"basaliob":-0.003,"bolussnooze":0,"activity":-1.0E-4,"lastBolusTime":1703093175895,"time":"2023-12-20T21:30:59.771Z","iobWithZeroTemp":{"iob":-1.081,"basaliob":-1.082,"bolussnooze":0,"activity":-0.0127,"lastBolusTime":1703093175895,"time":"2023-12-20T21:30:59.771Z"}},{"iob":-0.001,"basaliob":-0.002,"bolussnooze":0,"activity":-1.0E-4,"lastBolusTime":1703093175895,"time":"2023-12-20T21:35:59.771Z","iobWithZeroTemp":{"iob":-1.083,"basaliob":-1.084,"bolussnooze":0,"activity":-0.0128,"lastBolusTime":1703093175895,"time":"2023-12-20T21:35:59.771Z"}},{"iob":-0.001,"basaliob":-0.002,"bolussnooze":0,"activity":-1.0E-4,"lastBolusTime":1703093175895,"time":"2023-12-20T21:40:59.771Z","iobWithZeroTemp":{"iob":-1.086,"basaliob":-1.087,"bolussnooze":0,"activity":-0.0129,"lastBolusTime":1703093175895,"time":"2023-12-20T21:40:59.771Z"}},{"iob":-0.001,"basaliob":-0.002,"bolussnooze":0,"activity":-1.0E-4,"lastBolusTime":1703093175895,"time":"2023-12-20T21:45:59.771Z","iobWithZeroTemp":{"iob":-1.089,"basaliob":-1.09,"bolussnooze":0,"activity":-0.0129,"lastBolusTime":1703093175895,"time":"2023-12-20T21:45:59.771Z"}},{"iob":-0.001,"basaliob":-0.002,"bolussnooze":0,"activity":0,"lastBolusTime":1703093175895,"time":"2023-12-20T21:50:59.771Z","iobWithZeroTemp":{"iob":-1.091,"basaliob":-1.092,"bolussnooze":0,"activity":-0.0129,"lastBolusTime":1703093175895,"time":"2023-12-20T21:50:59.771Z"}},{"iob":-0.001,"basaliob":-0.001,"bolussnooze":0,"activity":0,"lastBolusTime":1703093175895,"time":"2023-12-20T21:55:59.771Z","iobWithZeroTemp":{"iob":-1.093,"basaliob":-1.093,"bolussnooze":0,"activity":-0.013,"lastBolusTime":1703093175895,"time":"2023-12-20T21:55:59.771Z"}},{"iob":-0.001,"basaliob":-0.001,"bolussnooze":0,"activity":0,"lastBolusTime":1703093175895,"time":"2023-12-20T22:00:59.771Z","iobWithZeroTemp":{"iob":-1.095,"basaliob":-1.095,"bolussnooze":0,"activity":-0.013,"lastBolusTime":1703093175895,"time":"2023-12-20T22:00:59.771Z"}},{"iob":-0.001,"basaliob":-0.001,"bolussnooze":0,"activity":0,"lastBolusTime":1703093175895,"time":"2023-12-20T22:05:59.771Z","iobWithZeroTemp":{"iob":-1.097,"basaliob":-1.097,"bolussnooze":0,"activity":-0.013,"lastBolusTime":1703093175895,"time":"2023-12-20T22:05:59.771Z"}},{"iob":-0.001,"basaliob":-0.001,"bolussnooze":0,"activity":0,"lastBolusTime":1703093175895,"time":"2023-12-20T22:10:59.771Z","iobWithZeroTemp":{"iob":-1.098,"basaliob":-1.098,"bolussnooze":0,"activity":-0.0131,"lastBolusTime":1703093175895,"time":"2023-12-20T22:10:59.771Z"}},{"iob":-0.001,"basaliob":-0.001,"bolussnooze":0,"activity":0,"lastBolusTime":1703093175895,"time":"2023-12-20T22:15:59.771Z","iobWithZeroTemp":{"iob":-1.099,"basaliob":-1.099,"bolussnooze":0,"activity":-0.0131,"lastBolusTime":1703093175895,"time":"2023-12-20T22:15:59.771Z"}},{"iob":-0.001,"basaliob":-0.001,"bolussnooze":0,"activity":0,"lastBolusTime":1703093175895,"time":"2023-12-20T22:20:59.771Z","iobWithZeroTemp":{"iob":-1.1,"basaliob":-1.1,"bolussnooze":0,"activity":-0.0132,"lastBolusTime":1703093175895,"time":"2023-12-20T22:20:59.771Z"}}],"profile":{"max_iob":7,"type":"current","max_daily_basal":0.8,"max_basal":5,"min_bg":80,"max_bg":90,"target_bg":85,"carb_ratio":14,"sens":57,"max_daily_safety_multiplier":9,"current_basal_safety_multiplier":8,"lgsThreshold":65,"high_temptarget_raises_sensitivity":false,"low_temptarget_lowers_sensitivity":false,"sensitivity_raises_target":false,"resistance_lowers_target":false,"adv_target_adjustments":false,"exercise_mode":false,"half_basal_exercise_target":160,"maxCOB":120,"skip_neutral_temps":false,"remainingCarbsCap":90,"enableUAM":true,"A52_risk_enable":false,"SMBInterval":3,"enableSMB_with_COB":true,"enableSMB_with_temptarget":true,"allowSMB_with_high_temptarget":true,"enableSMB_always":true,"enableSMB_after_carbs":true,"maxSMBBasalMinutes":120,"maxUAMSMBBasalMinutes":90,"bolus_increment":0.05,"carbsReqThreshold":5,"current_basal":0.8,"temptargetSet":false,"autosens_max":1.6,"autosens_min":0.6,"variable_sens":119.4,"insulinDivisor":75,"TDD":19.42071071428572},"autosens_data":{"ratio":0.9972100101454172},"meal_data":{"carbs":0,"mealCOB":0,"slopeFromMaxDeviation":-0.36290909090909096,"slopeFromMinDeviation":0,"lastBolusTime":1703093175895,"lastCarbTime":0},"microBolusAllowed":true,"currentTime":1703096761237,"flatBGsDetected":false,"tdd1D":21.666666666666675,"tdd7D":21.121428571428574,"tddLast24H":21.062499999999993,"tddLast4H":2.4041666666666663,"tddLast8to4H":2.9583333333333335},"output":{"temp":"absolute","bg":88,"tick":-2,"eventualBG":84,"targetBG":85,"insulinReq":-0.02,"deliverAt":"2023-12-20T18:26:01.237Z","sensitivityRatio":0.9972100101454172,"variable_sens":119.4,"predBGs":{"IOB":[88,86,84,83,82,81,80,79,78,78,78,78,78,78,78,78,78,78,78,78,78,79],"ZT":[88,88,88,88,88,89,89]},"reason":"COB: 0, Dev: -5, BGI: 0, ISF: 119, CR: 14, Target: 85, minPredBG 83, minGuardBG 78, IOBpredBG 79;  insulinReq -0.02; setting 30m low temp of 0.03U\/h. ","COB":0,"IOB":-0.008,"rate":0.03,"duration":30,"timestamp":"2023-12-20T18:26:01.297Z"}}