{"algorithm":"OpenAPSSMBDynamicISFPlugin","input":{"glucoseStatus":{"glucose":84,"noise":0,"delta":0,"short_avgdelta":-0.39,"long_avgdelta":-0.84,"date":1703114438000},"currenttemp":{"temp":"absolute","duration":0,"rate":0},"iob_data":[{"iob":-0.068,"basaliob":-0.171,"bolussnooze":2.0E-4,"activity":-3.0E-4,"lastBolusTime":1703105530958,"time":"2023-12-20T23:21:13.886Z","iobWithZeroTemp":{"iob":-0.068,"basaliob":-0.171,"bolussnooze":2.0E-4,"activity":-3.0E-4,"lastBolusTime":1703105530958,"time":"2023-12-20T23:21:13.886Z"}},{"iob":-0.066,"basaliob":-0.158,"bolussnooze":1.0E-4,"activity":-4.0E-4,"lastBolusTime":1703105530958,"time":"2023-12-20T23:26:13.886Z","iobWithZeroTemp":{"iob":-0.113,"basaliob":-0.205,"bolussnooze":1.0E-4,"activity":-4.0E-4,"lastBolusTime":1703105530958,"time":"2023-12-20T23:26:13.886Z"}},{"iob":-0.064,"basaliob":-0.145,"bolussnooze":0,"activity":-5.0E-4,"lastBolusTime":1703105530958,"time":"2023-12-20T23:31:13.886Z","iobWithZeroTemp":{"iob":-0.168,"basaliob":-0.249,"bolussnooze":0,"activity":-7.0E-4,"lastBolusTime":1703105530958,"time":"2023-12-20T23:31:13.886Z"}},{"iob":-0.061,"basaliob":-0.133,"bolussnooze":0,"activity":-5.0E-4,"lastBolusTime":1703105530958,"time":"2023-12-20T23:36:13.886Z","iobWithZeroTemp":{"iob":-0.222,"basaliob":-0.294,"bolussnooze":0,"activity":-0.001,"lastBolusTime":1703105530958,"time":"2023-12-20T23:36:13.886Z"}},{"iob":-0.059,"basaliob":-0.122,"bolussnooze":0,"activity":-6.0E-4,"lastBolusTime":1703105530958,"time":"2023-12-20T23:41:13.886Z","iobWithZeroTemp":{"iob":-0.275,"basaliob":-0.338,"bolussnooze":0,"activity":-0.0014,"lastBolusTime":1703105530958,"time":"2023-12-20T23:41:13.886Z"}},{"iob":-0.056,"basaliob":-0.112,"bolussnooze":0,"activity":-5.0E-4,"lastBolusTime":1703105530958,"time":"2023-12-20T23:46:13.886Z","iobWithZeroTemp":{"iob":-0.325,"basaliob":-0.381,"bolussnooze":0,"activity":-0.0017,"lastBolusTime":1703105530958,"time":"2023-12-20T23:46:13.886Z"}},{"iob":-0.053,"basaliob":-0.102,"bolussnooze":0,"activity":-6.0E-4,"lastBolusTime":1703105530958,"time":"2023-12-20T23:51:13.886Z","iobWithZeroTemp":{"iob":-0.373,"basaliob":-0.422,"bolussnooze":0,"activity":-0.0023,"lastBolusTime":1703105530958,"time":"2023-12-20T23:51:13.886Z"}},{"iob":-0.05,"basaliob":-0.093,"bolussnooze":0,"activity":-6.0E-4,"lastBolusTime":1703105530958,"time":"2023-12-20T23:56:13.886Z","iobWithZeroTemp":{"iob":-0.419,"basaliob":-0.462,"bolussnooze":0,"activity":-0.0028,"lastBolusTime":1703105530958,"time":"2023-12-20T23:56:13.886Z"}},{"iob":-0.047,"basaliob":-0.084,"bolussnooze":0,"activity":-6.0E-4,"lastBolusTime":1703105530958,"time":"2023-12-21T00:01:13.886Z","iobWithZeroTemp":{"iob":-0.463,"basaliob":-0.5,"bolussnooze":0,"activity":-0.0033,"lastBolusTime":1703105530958,"time":"2023-12-21T00:01:13.886Z"}},{"iob":-0.045,"basaliob":-0.077,"bolussnooze":0,"activity":-6.0E-4,"lastBolusTime":1703105530958,"time":"2023-12-21T00:06:13.886Z","iobWithZeroTemp":{"iob":-0.504,"basaliob":-0.536,"bolussnooze":0,"activity":-0.0038,"lastBolusTime":1703105530958,"time":"2023-12-21T00:06:13.886Z"}},{"iob":-0.041,"basaliob":-0.069,"bolussnooze":0,"activity":-6.0E-4,"lastBolusTime":1703105530958,"time":"2023-12-21T00:11:13.886Z","iobWithZeroTemp":{"iob":-0.542,"basaliob":-0.57,"bolussnooze":0,"activity":-0.0043,"lastBolusTime":1703105530958,"time":"2023-12-21T00:11:13.886Z"}},{"iob":-0.039,"basaliob":-0.063,"bolussnooze":0,"activity":-6.0E-4,"lastBolusTime":1703105530958,"time":"2023-12-21T00:16:13.886Z","iobWithZeroTemp":{"iob":-0.579,"basaliob":-0.603,"bolussnooze":0,"activity":-0.0048,"lastBolusTime":1703105530958,"time":"2023-12-21T00:16:13.886Z"}},{"iob":-0.035,"basaliob":-0.056,"bolussnooze":0,"activity":-6.0E-4,"lastBolusTime":1703105530958,"time":"2023-12-21T00:21:13.886Z","iobWithZeroTemp":{"iob":-0.611,"basaliob":-0.632,"bolussnooze":0,"activity":-0.0052,"lastBolusTime":1703105530958,"time":"2023-12-21T00:21:13.886Z"}},{"iob":-0.033,"basaliob":-0.051,"bolussnooze":0,"activity":-5.0E-4,"lastBolusTime":1703105530958,"time":"2023-12-21T00:26:13.886Z","iobWithZeroTemp":{"iob":-0.643,"basaliob":-0.661,"bolussnooze":0,"activity":-0.0056,"lastBolusTime":1703105530958,"time":"2023-12-21T00:26:13.886Z"}},{"iob":-0.031,"basaliob":-0.046,"bolussnooze":0,"activity":-5.0E-4,"lastBolusTime":1703105530958,"time":"2023-12-21T00:31:13.886Z","iobWithZeroTemp":{"iob":-0.672,"basaliob":-0.687,"bolussnooze":0,"activity":-0.0061,"lastBolusTime":1703105530958,"time":"2023-12-21T00:31:13.886Z"}},{"iob":-0.028,"basaliob":-0.041,"bolussnooze":0,"activity":-5.0E-4,"lastBolusTime":1703105530958,"time":"2023-12-21T00:36:13.886Z","iobWithZeroTemp":{"iob":-0.699,"basaliob":-0.712,"bolussnooze":0,"activity":-0.0065,"lastBolusTime":1703105530958,"time":"2023-12-21T00:36:13.886Z"}},{"iob":-0.026,"basaliob":-0.037,"bolussnooze":0,"activity":-4.0E-4,"lastBolusTime":1703105530958,"time":"2023-12-21T00:41:13.886Z","iobWithZeroTemp":{"iob":-0.724,"basaliob":-0.735,"bolussnooze":0,"activity":-0.0068,"lastBolusTime":1703105530958,"time":"2023-12-21T00:41:13.886Z"}},{"iob":-0.024,"basaliob":-0.033,"bolussnooze":0,"activity":-4.0E-4,"lastBolusTime":1703105530958,"time":"2023-12-21T00:46:13.886Z","iobWithZeroTemp":{"iob":-0.747,"basaliob":-0.756,"bolussnooze":0,"activity":-0.0072,"lastBolusTime":1703105530958,"time":"2023-12-21T00:46:13.886Z"}},{"iob":-0.021,"basaliob":-0.029,"bolussnooze":0,"activity":-4.0E-4,"lastBolusTime":1703105530958,"time":"2023-12-21T00:51:13.886Z","iobWithZeroTemp":{"iob":-0.767,"basaliob":-0.775,"bolussnooze":0,"activity":-0.0076,"lastBolusTime":1703105530958,"time":"2023-12-21T00:51:13.886Z"}},{"iob":-0.02,"basaliob":-0.026,"bolussnooze":0,"activity":-4.0E-4,"lastBolusTime":1703105530958,"time":"2023-12-21T00:56:13.886Z","iobWithZeroTemp":{"iob":-0.788,"basaliob":-0.794,"bolussnooze":0,"activity":-0.008,"lastBolusTime":1703105530958,"time":"2023-12-21T00:56:13.886Z"}},{"iob":-0.018,"basaliob":-0.023,"bolussnooze":0,"activity":-3.0E-4,"lastBolusTime":1703105530958,"time":"2023-12-21T01:01:13.886Z","iobWithZeroTemp":{"iob":-0.805,"basaliob":-0.81,"bolussnooze":0,"activity":-0.0082,"lastBolusTime":1703105530958,"time":"2023-12-21T01:01:13.886Z"}},{"iob":-0.017,"basaliob":-0.021,"bolussnooze":0,"activity":-3.0E-4,"lastBolusTime":1703105530958,"time":"2023-12-21T01:06:13.886Z","iobWithZeroTemp":{"iob":-0.822,"basaliob":-0.826,"bolussnooze":0,"activity":-0.0085,"lastBolusTime":1703105530958,"time":"2023-12-21T01:06:13.886Z"}},{"iob":-0.014,"basaliob":-0.018,"bolussnooze":0,"activity":-2.0E-4,"lastBolusTime":1703105530958,"time":"2023-12-21T01:11:13.886Z","iobWithZeroTemp":{"iob":-0.835,"basaliob":-0.839,"bolussnooze":0,"activity":-0.0087,"lastBolusTime":1703105530958,"time":"2023-12-21T01:11:13.886Z"}},{"iob":-0.013,"basaliob":-0.016,"bolussnooze":0,"activity":-3.0E-4,"lastBolusTime":1703105530958,"time":"2023-12-21T01:16:13.886Z","iobWithZeroTemp":{"iob":-0.849,"basaliob":-0.852,"bolussnooze":0,"activity":-0.0091,"lastBolusTime":1703105530958,"time":"2023-12-21T01:16:13.886Z"}},{"iob":-0.012,"basaliob":-0.014,"bolussnooze":0,"activity":-3.0E-4,"lastBolusTime":1703105530958,"time":"2023-12-21T01:21:13.886Z","iobWithZeroTemp":{"iob":-0.862,"basaliob":-0.864,"bolussnooze":0,"activity":-0.0094,"lastBolusTime":1703105530958,"time":"2023-12-21T01:21:13.886Z"}},{"iob":-0.01,"basaliob":-0.012,"bolussnooze":0,"activity":-2.0E-4,"lastBolusTime":1703105530958,"time":"2023-12-21T01:26:13.886Z","iobWithZeroTemp":{"iob":-0.872,"basaliob":-0.874,"bolussnooze":0,"activity":-0.0095,"lastBolusTime":1703105530958,"time":"2023-12-21T01:26:13.886Z"}},{"iob":-0.01,"basaliob":-0.011,"bolussnooze":0,"activity":-2.0E-4,"lastBolusTime":1703105530958,"time":"2023-12-21T01:31:13.886Z","iobWithZeroTemp":{"iob":-0.884,"basaliob":-0.885,"bolussnooze":0,"activity":-0.0097,"lastBolusTime":1703105530958,"time":"2023-12-21T01:31:13.886Z"}},{"iob":-0.009,"basaliob":-0.01,"bolussnooze":0,"activity":-2.0E-4,"lastBolusTime":1703105530958,"time":"2023-12-21T01:36:13.886Z","iobWithZeroTemp":{"iob":-0.893,"basaliob":-0.894,"bolussnooze":0,"activity":-0.0099,"lastBolusTime":1703105530958,"time":"2023-12-21T01:36:13.886Z"}},{"iob":-0.007,"basaliob":-0.008,"bolussnooze":0,"activity":-2.0E-4,"lastBolusTime":1703105530958,"time":"2023-12-21T01:41:13.886Z","iobWithZeroTemp":{"iob":-0.9,"basaliob":-0.901,"bolussnooze":0,"activity":-0.0101,"lastBolusTime":1703105530958,"time":"2023-12-21T01:41:13.886Z"}},{"iob":-0.007,"basaliob":-0.007,"bolussnooze":0,"activity":-2.0E-4,"lastBolusTime":1703105530958,"time":"2023-12-21T01:46:13.886Z","iobWithZeroTemp":{"iob":-0.909,"basaliob":-0.909,"bolussnooze":0,"activity":-0.0103,"lastBolusTime":1703105530958,"time":"2023-12-21T01:46:13.886Z"}},{"iob":-0.006,"basaliob":-0.006,"bolussnooze":0,"activity":-2.0E-4,"lastBolusTime":1703105530958,"time":"2023-12-21T01:51:13.886Z","iobWithZeroTemp":{"iob":-0.915,"basaliob":-0.915,"bolussnooze":0,"activity":-0.0104,"lastBolusTime":1703105530958,"time":"2023-12-21T01:51:13.886Z"}},{"iob":-0.005,"basaliob":-0.005,"bolussnooze":0,"activity":-2.0E-4,"lastBolusTime":1703105530958,"time":"2023-12-21T01:56:13.886Z","iobWithZeroTemp":{"iob":-0.921,"basaliob":-0.921,"bolussnooze":0,"activity":-0.0106,"lastBolusTime":1703105530958,"time":"2023-12-21T01:56:13.886Z"}},{"iob":-0.005,"basaliob":-0.005,"bolussnooze":0,"activity":-1.0E-4,"lastBolusTime":1703105530958,"time":"2023-12-21T02:01:13.886Z","iobWithZeroTemp":{"iob":-0.927,"basaliob":-0.927,"bolussnooze":0,"activity":-0.0106,"lastBolusTime":1703105530958,"time":"2023-12-21T02:01:13.886Z"}},{"iob":-0.004,"basaliob":-0.004,"bolussnooze":0,"activity":-1.0E-4,"lastBolusTime":1703105530958,"time":"2023-12-21T02:06:13.886Z","iobWithZeroTemp":{"iob":-0.931,"basaliob":-0.931,"bolussnooze":0,"activity":-0.0107,"lastBolusTime":1703105530958,"time":"2023-12-21T02:06:13.886Z"}},{"iob":-0.003,"basaliob":-0.003,"bolussnooze":0,"activity":-1.0E-4,"lastBolusTime":1703105530958,"time":"2023-12-21T02:11:13.886Z","iobWithZeroTemp":{"iob":-0.935,"basaliob":-0.935,"bolussnooze":0,"activity":-0.0109,"lastBolusTime":1703105530958,"time":"2023-12-21T02:11:13.886Z"}},{"iob":-0.003,"basaliob":-0.003,"bolussnooze":0,"activity":-1.0E-4,"lastBolusTime":1703105530958,"time":"2023-12-21T02:16:13.886Z","iobWithZeroTemp":{"iob":-0.939,"basaliob":-0.939,"bolussnooze":0,"activity":-0.011,"lastBolusTime":1703105530958,"time":"2023-12-21T02:16:13.886Z"}},{"iob":-0.003,"basaliob":-0.003,"bolussnooze":0,"activity":-1.0E-4,"lastBolusTime":1703105530958,"time":"2023-12-21T02:21:13.886Z","iobWithZeroTemp":{"iob":-0.943,"basaliob":-0.943,"bolussnooze":0,"activity":-0.011,"lastBolusTime":1703105530958,"time":"2023-12-21T02:21:13.886Z"}},{"iob":-0.002,"basaliob":-0.002,"bolussnooze":0,"activity":-1.0E-4,"lastBolusTime":0,"time":"2023-12-21T02:26:13.886Z","iobWithZeroTemp":{"iob":-0.946,"basaliob":-0.946,"bolussnooze":0,"activity":-0.0111,"lastBolusTime":0,"time":"2023-12-21T02:26:13.886Z"}},{"iob":-0.002,"basaliob":-0.002,"bolussnooze":0,"activity":-1.0E-4,"lastBolusTime":0,"time":"2023-12-21T02:31:13.886Z","iobWithZeroTemp":{"iob":-0.949,"basaliob":-0.949,"bolussnooze":0,"activity":-0.0112,"lastBolusTime":0,"time":"2023-12-21T02:31:13.886Z"}},{"iob":-0.002,"basaliob":-0.002,"bolussnooze":0,"activity":0,"lastBolusTime":0,"time":"2023-12-21T02:36:13.886Z","iobWithZeroTemp":{"iob":-0.951,"basaliob":-0.951,"bolussnooze":0,"activity":-0.0112,"lastBolusTime":0,"time":"2023-12-21T02:36:13.886Z"}},{"iob":-0.001,"basaliob":-0.001,"bolussnooze":0,"activity":0,"lastBolusTime":0,"time":"2023-12-21T02:41:13.886Z","iobWithZeroTemp":{"iob":-0.953,"basaliob":-0.953,"bolussnooze":0,"activity":-0.0112,"lastBolusTime":0,"time":"2023-12-21T02:41:13.886Z"}},{"iob":-0.001,"basaliob":-0.001,"bolussnooze":0,"activity":0,"lastBolusTime":0,"time":"2023-12-21T02:46:13.886Z","iobWithZeroTemp":{"iob":-0.955,"basaliob":-0.955,"bolussnooze":0,"activity":-0.0113,"lastBolusTime":0,"time":"2023-12-21T02:46:13.886Z"}},{"iob":-0.001,"basaliob":-0.001,"bolussnooze":0,"activity":0,"lastBolusTime":0,"time":"2023-12-21T02:51:13.886Z","iobWithZeroTemp":{"iob":-0.957,"basaliob":-0.957,"bolussnooze":0,"activity":-0.0113,"lastBolusTime":0,"time":"2023-12-21T02:51:13.886Z"}},{"iob":-0.001,"basaliob":-0.001,"bolussnooze":0,"activity":0,"lastBolusTime":0,"time":"2023-12-21T02:56:13.886Z","iobWithZeroTemp":{"iob":-0.958,"basaliob":-0.958,"bolussnooze":0,"activity":-0.0114,"lastBolusTime":0,"time":"2023-12-21T02:56:13.886Z"}},{"iob":-0.001,"basaliob":-0.001,"bolussnooze":0,"activity":0,"lastBolusTime":0,"time":"2023-12-21T03:01:13.886Z","iobWithZeroTemp":{"iob":-0.96,"basaliob":-0.96,"bolussnooze":0,"activity":-0.0114,"lastBolusTime":0,"time":"2023-12-21T03:01:13.886Z"}},{"iob":-0.001,"basaliob":-0.001,"bolussnooze":0,"activity":0,"lastBolusTime":0,"time":"2023-12-21T03:06:13.886Z","iobWithZeroTemp":{"iob":-0.961,"basaliob":-0.961,"bolussnooze":0,"activity":-0.0115,"lastBolusTime":0,"time":"2023-12-21T03:06:13.886Z"}},{"iob":0,"basaliob":0,"bolussnooze":0,"activity":0,"lastBolusTime":0,"time":"2023-12-21T03:11:13.886Z","iobWithZeroTemp":{"iob":-0.961,"basaliob":-0.961,"bolussnooze":0,"activity":-0.0115,"lastBolusTime":0,"time":"2023-12-21T03:11:13.886Z"}},{"iob":0,"basaliob":0,"bolussnooze":0,"activity":0,"lastBolusTime":0,"time":"2023-12-21T03:16:13.886Z","iobWithZeroTemp":{"iob":-0.962,"basaliob":-0.962,"bolussnooze":0,"activity":-0.0115,"lastBolusTime":0,"time":"2023-12-21T03:16:13.886Z"}}],"profile":{"max_iob":7,"type":"current","max_daily_basal":0.8,"max_basal":5,"min_bg":80,"max_bg":90,"target_bg":85,"carb_ratio":14,"sens":57,"max_daily_safety_multiplier":9,"current_basal_safety_multiplier":8,"lgsThreshold":65,"high_temptarget_raises_sensitivity":false,"low_temptarget_lowers_sensitivity":false,"sensitivity_raises_target":false,"resistance_lowers_target":false,"adv_target_adjustments":false,"exercise_mode":false,"half_basal_exercise_target":160,"maxCOB":120,"skip_neutral_temps":false,"remainingCarbsCap":90,"enableUAM":true,"A52_risk_enable":false,"SMBInterval":3,"enableSMB_with_COB":true,"enableSMB_with_temptarget":true,"allowSMB_with_high_temptarget":true,"enableSMB_always":true,"enableSMB_after_carbs":true,"maxSMBBasalMinutes":120,"maxUAMSMBBasalMinutes":90,"bolus_increment":0.05,"carbsReqThreshold":5,"current_basal":0.7,"temptargetSet":false,"autosens_max":1.6,"autosens_min":0.6,"variable_sens":111.5,"insulinDivisor":75,"TDD":21.48568571428572},"autosens_data":{"ratio":0.9822173373914997},"meal_data":{"carbs":0,"mealCOB":0,"slopeFromMaxDeviation":-0.10727272727272726,"slopeFromMinDeviation":0.2764,"lastBolusTime":1703105530958,"lastCarbTime":0},"microBolusAllowed":true,"currentTime":1703114475284,"flatBGsDetected":false,"tdd1D":21.666666666666675,"tdd7D":21.121428571428574,"tddLast24H":20.745833333333323,"tddLast4H":3.583333333333333,"tddLast8to4H":3.6833333333333345},"output":{"temp":"absolute","bg":84,"tick":"+0","eventualBG":86,"targetBG":85,"insulinReq":0.01,"deliverAt":"2023-12-20T23:21:15.284Z","sensitivityRatio":0.9822173373914997,"variable_sens":111.5,"predBGs":{"IOB":[84,84,83,83,83,83,83,83,83,83,84,84,84,85,85,85,85,86,86,86,86,87,87,87,87,87,87,87,87,88],"ZT":[84,84,84,85,85,86,87]},"reason":"COB: 0, Dev: -6, BGI: 0, ISF: 112, CR: 14, Target: 85, minPredBG 86, minGuardBG 83, IOBpredBG 88;  insulinReq 0.01. no temp, setting 0.71U\/hr. ","COB":0,"IOB":-0.068,"duration":30,"rate":0.7075521361740498,"timestamp":"2023-12-20T23:21:15.354Z"}}