{"algorithm":"OpenAPSSMBDynamicISFPlugin","input":{"glucoseStatus":{"glucose":80,"noise":0,"delta":2,"short_avgdelta":1.5,"long_avgdelta":0.18,"date":1703075438000},"currenttemp":{"temp":"absolute","duration":0,"rate":0},"iob_data":[{"iob":-0.112,"basaliob":-0.17,"bolussnooze":0,"activity":-0.0016,"lastBolusTime":1703072489509,"time":"2023-12-20T12:31:14.134Z","iobWithZeroTemp":{"iob":-0.112,"basaliob":-0.17,"bolussnooze":0,"activity":-0.0016,"lastBolusTime":1703072489509,"time":"2023-12-20T12:31:14.134Z"}},{"iob":-0.103,"basaliob":-0.157,"bolussnooze":0,"activity":-0.0015,"lastBolusTime":1703072489509,"time":"2023-12-20T12:36:14.134Z","iobWithZeroTemp":{"iob":-0.143,"basaliob":-0.197,"bolussnooze":0,"activity":-0.0015,"lastBolusTime":1703072489509,"time":"2023-12-20T12:36:14.134Z"}},{"iob":-0.097,"basaliob":-0.146,"bolussnooze":0,"activity":-0.0015,"lastBolusTime":1703072489509,"time":"2023-12-20T12:41:14.134Z","iobWithZeroTemp":{"iob":-0.186,"basaliob":-0.235,"bolussnooze":0,"activity":-0.0017,"lastBolusTime":1703072489509,"time":"2023-12-20T12:41:14.134Z"}},{"iob":-0.089,"basaliob":-0.134,"bolussnooze":0,"activity":-0.0014,"lastBolusTime":1703072489509,"time":"2023-12-20T12:46:14.134Z","iobWithZeroTemp":{"iob":-0.227,"basaliob":-0.272,"bolussnooze":0,"activity":-0.0018,"lastBolusTime":1703072489509,"time":"2023-12-20T12:46:14.134Z"}},{"iob":-0.083,"basaliob":-0.124,"bolussnooze":0,"activity":-0.0014,"lastBolusTime":1703072489509,"time":"2023-12-20T12:51:14.134Z","iobWithZeroTemp":{"iob":-0.268,"basaliob":-0.309,"bolussnooze":0,"activity":-0.0021,"lastBolusTime":1703072489509,"time":"2023-12-20T12:51:14.134Z"}},{"iob":-0.076,"basaliob":-0.114,"bolussnooze":0,"activity":-0.0012,"lastBolusTime":1703072489509,"time":"2023-12-20T12:56:14.134Z","iobWithZeroTemp":{"iob":-0.307,"basaliob":-0.345,"bolussnooze":0,"activity":-0.0023,"lastBolusTime":1703072489509,"time":"2023-12-20T12:56:14.134Z"}},{"iob":-0.069,"basaliob":-0.104,"bolussnooze":0,"activity":-0.0012,"lastBolusTime":1703072489509,"time":"2023-12-20T13:01:14.134Z","iobWithZeroTemp":{"iob":-0.344,"basaliob":-0.379,"bolussnooze":0,"activity":-0.0026,"lastBolusTime":1703072489509,"time":"2023-12-20T13:01:14.134Z"}},{"iob":-0.064,"basaliob":-0.096,"bolussnooze":0,"activity":-0.0011,"lastBolusTime":1703072489509,"time":"2023-12-20T13:06:14.134Z","iobWithZeroTemp":{"iob":-0.38,"basaliob":-0.412,"bolussnooze":0,"activity":-0.0029,"lastBolusTime":1703072489509,"time":"2023-12-20T13:06:14.134Z"}},{"iob":-0.058,"basaliob":-0.087,"bolussnooze":0,"activity":-0.0011,"lastBolusTime":1703072489509,"time":"2023-12-20T13:11:14.134Z","iobWithZeroTemp":{"iob":-0.414,"basaliob":-0.443,"bolussnooze":0,"activity":-0.0034,"lastBolusTime":1703072489509,"time":"2023-12-20T13:11:14.134Z"}},{"iob":-0.054,"basaliob":-0.08,"bolussnooze":0,"activity":-0.001,"lastBolusTime":1703072489509,"time":"2023-12-20T13:16:14.134Z","iobWithZeroTemp":{"iob":-0.448,"basaliob":-0.474,"bolussnooze":0,"activity":-0.0037,"lastBolusTime":1703072489509,"time":"2023-12-20T13:16:14.134Z"}},{"iob":-0.048,"basaliob":-0.072,"bolussnooze":0,"activity":-9.0E-4,"lastBolusTime":1703072489509,"time":"2023-12-20T13:21:14.134Z","iobWithZeroTemp":{"iob":-0.477,"basaliob":-0.501,"bolussnooze":0,"activity":-0.004,"lastBolusTime":1703072489509,"time":"2023-12-20T13:21:14.134Z"}},{"iob":-0.045,"basaliob":-0.066,"bolussnooze":0,"activity":-9.0E-4,"lastBolusTime":1703072489509,"time":"2023-12-20T13:26:14.134Z","iobWithZeroTemp":{"iob":-0.507,"basaliob":-0.528,"bolussnooze":0,"activity":-0.0045,"lastBolusTime":1703072489509,"time":"2023-12-20T13:26:14.134Z"}},{"iob":-0.041,"basaliob":-0.06,"bolussnooze":0,"activity":-8.0E-4,"lastBolusTime":1703072489509,"time":"2023-12-20T13:31:14.134Z","iobWithZeroTemp":{"iob":-0.535,"basaliob":-0.554,"bolussnooze":0,"activity":-0.0048,"lastBolusTime":1703072489509,"time":"2023-12-20T13:31:14.134Z"}},{"iob":-0.037,"basaliob":-0.054,"bolussnooze":0,"activity":-7.0E-4,"lastBolusTime":1703072489509,"time":"2023-12-20T13:36:14.134Z","iobWithZeroTemp":{"iob":-0.56,"basaliob":-0.577,"bolussnooze":0,"activity":-0.0051,"lastBolusTime":1703072489509,"time":"2023-12-20T13:36:14.134Z"}},{"iob":-0.033,"basaliob":-0.049,"bolussnooze":0,"activity":-7.0E-4,"lastBolusTime":1703072489509,"time":"2023-12-20T13:41:14.134Z","iobWithZeroTemp":{"iob":-0.583,"basaliob":-0.599,"bolussnooze":0,"activity":-0.0055,"lastBolusTime":1703072489509,"time":"2023-12-20T13:41:14.134Z"}},{"iob":-0.03,"basaliob":-0.044,"bolussnooze":0,"activity":-6.0E-4,"lastBolusTime":1703072489509,"time":"2023-12-20T13:46:14.134Z","iobWithZeroTemp":{"iob":-0.605,"basaliob":-0.619,"bolussnooze":0,"activity":-0.0058,"lastBolusTime":1703072489509,"time":"2023-12-20T13:46:14.134Z"}},{"iob":-0.026,"basaliob":-0.039,"bolussnooze":0,"activity":-5.0E-4,"lastBolusTime":1703072489509,"time":"2023-12-20T13:51:14.134Z","iobWithZeroTemp":{"iob":-0.624,"basaliob":-0.637,"bolussnooze":0,"activity":-0.006,"lastBolusTime":1703072489509,"time":"2023-12-20T13:51:14.134Z"}},{"iob":-0.024,"basaliob":-0.035,"bolussnooze":0,"activity":-5.0E-4,"lastBolusTime":1703072489509,"time":"2023-12-20T13:56:14.134Z","iobWithZeroTemp":{"iob":-0.644,"basaliob":-0.655,"bolussnooze":0,"activity":-0.0064,"lastBolusTime":1703072489509,"time":"2023-12-20T13:56:14.134Z"}},{"iob":-0.022,"basaliob":-0.032,"bolussnooze":0,"activity":-5.0E-4,"lastBolusTime":1703072489509,"time":"2023-12-20T14:01:14.134Z","iobWithZeroTemp":{"iob":-0.662,"basaliob":-0.672,"bolussnooze":0,"activity":-0.0067,"lastBolusTime":1703072489509,"time":"2023-12-20T14:01:14.134Z"}},{"iob":-0.019,"basaliob":-0.028,"bolussnooze":0,"activity":-4.0E-4,"lastBolusTime":1703072489509,"time":"2023-12-20T14:06:14.134Z","iobWithZeroTemp":{"iob":-0.685,"basaliob":-0.694,"bolussnooze":0,"activity":-0.0069,"lastBolusTime":1703072489509,"time":"2023-12-20T14:06:14.134Z"}},{"iob":-0.017,"basaliob":-0.025,"bolussnooze":0,"activity":-4.0E-4,"lastBolusTime":1703072489509,"time":"2023-12-20T14:11:14.134Z","iobWithZeroTemp":{"iob":-0.708,"basaliob":-0.716,"bolussnooze":0,"activity":-0.0072,"lastBolusTime":1703072489509,"time":"2023-12-20T14:11:14.134Z"}},{"iob":-0.016,"basaliob":-0.023,"bolussnooze":0,"activity":-3.0E-4,"lastBolusTime":1703072489509,"time":"2023-12-20T14:16:14.134Z","iobWithZeroTemp":{"iob":-0.73,"basaliob":-0.737,"bolussnooze":0,"activity":-0.0074,"lastBolusTime":1703072489509,"time":"2023-12-20T14:16:14.134Z"}},{"iob":-0.014,"basaliob":-0.02,"bolussnooze":0,"activity":-3.0E-4,"lastBolusTime":1703072489509,"time":"2023-12-20T14:21:14.134Z","iobWithZeroTemp":{"iob":-0.75,"basaliob":-0.756,"bolussnooze":0,"activity":-0.0077,"lastBolusTime":1703072489509,"time":"2023-12-20T14:21:14.134Z"}},{"iob":-0.012,"basaliob":-0.018,"bolussnooze":0,"activity":-3.0E-4,"lastBolusTime":1703072489509,"time":"2023-12-20T14:26:14.134Z","iobWithZeroTemp":{"iob":-0.769,"basaliob":-0.775,"bolussnooze":0,"activity":-0.008,"lastBolusTime":1703072489509,"time":"2023-12-20T14:26:14.134Z"}},{"iob":-0.011,"basaliob":-0.016,"bolussnooze":0,"activity":-3.0E-4,"lastBolusTime":1703072489509,"time":"2023-12-20T14:31:14.134Z","iobWithZeroTemp":{"iob":-0.786,"basaliob":-0.791,"bolussnooze":0,"activity":-0.0083,"lastBolusTime":1703072489509,"time":"2023-12-20T14:31:14.134Z"}},{"iob":-0.01,"basaliob":-0.014,"bolussnooze":0,"activity":-3.0E-4,"lastBolusTime":1703072489509,"time":"2023-12-20T14:36:14.134Z","iobWithZeroTemp":{"iob":-0.803,"basaliob":-0.807,"bolussnooze":0,"activity":-0.0086,"lastBolusTime":1703072489509,"time":"2023-12-20T14:36:14.134Z"}},{"iob":-0.008,"basaliob":-0.012,"bolussnooze":0,"activity":-2.0E-4,"lastBolusTime":1703072489509,"time":"2023-12-20T14:41:14.134Z","iobWithZeroTemp":{"iob":-0.817,"basaliob":-0.821,"bolussnooze":0,"activity":-0.0088,"lastBolusTime":1703072489509,"time":"2023-12-20T14:41:14.134Z"}},{"iob":-0.008,"basaliob":-0.011,"bolussnooze":0,"activity":-2.0E-4,"lastBolusTime":1703072489509,"time":"2023-12-20T14:46:14.134Z","iobWithZeroTemp":{"iob":-0.832,"basaliob":-0.835,"bolussnooze":0,"activity":-0.009,"lastBolusTime":1703072489509,"time":"2023-12-20T14:46:14.134Z"}},{"iob":-0.006,"basaliob":-0.009,"bolussnooze":0,"activity":-2.0E-4,"lastBolusTime":1703072489509,"time":"2023-12-20T14:51:14.134Z","iobWithZeroTemp":{"iob":-0.844,"basaliob":-0.847,"bolussnooze":0,"activity":-0.0092,"lastBolusTime":1703072489509,"time":"2023-12-20T14:51:14.134Z"}},{"iob":-0.005,"basaliob":-0.008,"bolussnooze":0,"activity":-1.0E-4,"lastBolusTime":1703072489509,"time":"2023-12-20T14:56:14.134Z","iobWithZeroTemp":{"iob":-0.855,"basaliob":-0.858,"bolussnooze":0,"activity":-0.0094,"lastBolusTime":1703072489509,"time":"2023-12-20T14:56:14.134Z"}},{"iob":-0.005,"basaliob":-0.007,"bolussnooze":0,"activity":-1.0E-4,"lastBolusTime":1703072489509,"time":"2023-12-20T15:01:14.134Z","iobWithZeroTemp":{"iob":-0.867,"basaliob":-0.869,"bolussnooze":0,"activity":-0.0096,"lastBolusTime":1703072489509,"time":"2023-12-20T15:01:14.134Z"}},{"iob":-0.004,"basaliob":-0.006,"bolussnooze":0,"activity":-1.0E-4,"lastBolusTime":1703072489509,"time":"2023-12-20T15:06:14.134Z","iobWithZeroTemp":{"iob":-0.877,"basaliob":-0.879,"bolussnooze":0,"activity":-0.0097,"lastBolusTime":1703072489509,"time":"2023-12-20T15:06:14.134Z"}},{"iob":-0.003,"basaliob":-0.005,"bolussnooze":0,"activity":-2.0E-4,"lastBolusTime":1703072489509,"time":"2023-12-20T15:11:14.134Z","iobWithZeroTemp":{"iob":-0.885,"basaliob":-0.887,"bolussnooze":0,"activity":-0.01,"lastBolusTime":1703072489509,"time":"2023-12-20T15:11:14.134Z"}},{"iob":-0.004,"basaliob":-0.005,"bolussnooze":0,"activity":-1.0E-4,"lastBolusTime":1703072489509,"time":"2023-12-20T15:16:14.134Z","iobWithZeroTemp":{"iob":-0.895,"basaliob":-0.896,"bolussnooze":0,"activity":-0.0101,"lastBolusTime":1703072489509,"time":"2023-12-20T15:16:14.134Z"}},{"iob":-0.003,"basaliob":-0.004,"bolussnooze":0,"activity":-1.0E-4,"lastBolusTime":1703072489509,"time":"2023-12-20T15:21:14.134Z","iobWithZeroTemp":{"iob":-0.902,"basaliob":-0.903,"bolussnooze":0,"activity":-0.0102,"lastBolusTime":1703072489509,"time":"2023-12-20T15:21:14.134Z"}},{"iob":-0.002,"basaliob":-0.003,"bolussnooze":0,"activity":-1.0E-4,"lastBolusTime":1703072489509,"time":"2023-12-20T15:26:14.134Z","iobWithZeroTemp":{"iob":-0.908,"basaliob":-0.909,"bolussnooze":0,"activity":-0.0104,"lastBolusTime":1703072489509,"time":"2023-12-20T15:26:14.134Z"}},{"iob":-0.002,"basaliob":-0.003,"bolussnooze":0,"activity":-1.0E-4,"lastBolusTime":1703072489509,"time":"2023-12-20T15:31:14.134Z","iobWithZeroTemp":{"iob":-0.915,"basaliob":-0.916,"bolussnooze":0,"activity":-0.0105,"lastBolusTime":1703072489509,"time":"2023-12-20T15:31:14.134Z"}},{"iob":-0.001,"basaliob":-0.002,"bolussnooze":0,"activity":-1.0E-4,"lastBolusTime":1703072489509,"time":"2023-12-20T15:36:14.134Z","iobWithZeroTemp":{"iob":-0.92,"basaliob":-0.921,"bolussnooze":0,"activity":-0.0106,"lastBolusTime":1703072489509,"time":"2023-12-20T15:36:14.134Z"}},{"iob":-0.001,"basaliob":-0.002,"bolussnooze":0,"activity":-1.0E-4,"lastBolusTime":1703072489509,"time":"2023-12-20T15:41:14.134Z","iobWithZeroTemp":{"iob":-0.925,"basaliob":-0.926,"bolussnooze":0,"activity":-0.0108,"lastBolusTime":1703072489509,"time":"2023-12-20T15:41:14.134Z"}},{"iob":-0.002,"basaliob":-0.002,"bolussnooze":0,"activity":-1.0E-4,"lastBolusTime":1703072489509,"time":"2023-12-20T15:46:14.134Z","iobWithZeroTemp":{"iob":-0.931,"basaliob":-0.931,"bolussnooze":0,"activity":-0.0109,"lastBolusTime":1703072489509,"time":"2023-12-20T15:46:14.134Z"}},{"iob":-0.002,"basaliob":-0.002,"bolussnooze":0,"activity":-1.0E-4,"lastBolusTime":1703072489509,"time":"2023-12-20T15:51:14.134Z","iobWithZeroTemp":{"iob":-0.935,"basaliob":-0.935,"bolussnooze":0,"activity":-0.011,"lastBolusTime":1703072489509,"time":"2023-12-20T15:51:14.134Z"}},{"iob":-0.001,"basaliob":-0.001,"bolussnooze":0,"activity":0,"lastBolusTime":1703072489509,"time":"2023-12-20T15:56:14.134Z","iobWithZeroTemp":{"iob":-0.938,"basaliob":-0.938,"bolussnooze":0,"activity":-0.0109,"lastBolusTime":1703072489509,"time":"2023-12-20T15:56:14.134Z"}},{"iob":-0.001,"basaliob":-0.001,"bolussnooze":0,"activity":0,"lastBolusTime":1703072489509,"time":"2023-12-20T16:01:14.134Z","iobWithZeroTemp":{"iob":-0.942,"basaliob":-0.942,"bolussnooze":0,"activity":-0.011,"lastBolusTime":1703072489509,"time":"2023-12-20T16:01:14.134Z"}},{"iob":-0.001,"basaliob":-0.001,"bolussnooze":0,"activity":0,"lastBolusTime":1703072489509,"time":"2023-12-20T16:06:14.134Z","iobWithZeroTemp":{"iob":-0.945,"basaliob":-0.945,"bolussnooze":0,"activity":-0.0111,"lastBolusTime":1703072489509,"time":"2023-12-20T16:06:14.134Z"}},{"iob":-0.001,"basaliob":-0.001,"bolussnooze":0,"activity":0,"lastBolusTime":1703072489509,"time":"2023-12-20T16:11:14.134Z","iobWithZeroTemp":{"iob":-0.948,"basaliob":-0.948,"bolussnooze":0,"activity":-0.0112,"lastBolusTime":1703072489509,"time":"2023-12-20T16:11:14.134Z"}},{"iob":-0.001,"basaliob":-0.001,"bolussnooze":0,"activity":0,"lastBolusTime":1703072489509,"time":"2023-12-20T16:16:14.134Z","iobWithZeroTemp":{"iob":-0.95,"basaliob":-0.95,"bolussnooze":0,"activity":-0.0112,"lastBolusTime":1703072489509,"time":"2023-12-20T16:16:14.134Z"}},{"iob":0,"basaliob":0,"bolussnooze":0,"activity":0,"lastBolusTime":1703072489509,"time":"2023-12-20T16:21:14.134Z","iobWithZeroTemp":{"iob":-0.951,"basaliob":-0.951,"bolussnooze":0,"activity":-0.0113,"lastBolusTime":1703072489509,"time":"2023-12-20T16:21:14.134Z"}},{"iob":0,"basaliob":0,"bolussnooze":0,"activity":0,"lastBolusTime":1703072489509,"time":"2023-12-20T16:26:14.134Z","iobWithZeroTemp":{"iob":-0.953,"basaliob":-0.953,"bolussnooze":0,"activity":-0.0113,"lastBolusTime":1703072489509,"time":"2023-12-20T16:26:14.134Z"}}],"profile":{"max_iob":7,"type":"current","max_daily_basal":0.8,"max_basal":4.8,"min_bg":80,"max_bg":90,"target_bg":85,"carb_ratio":16,"sens":57,"max_daily_safety_multiplier":9,"current_basal_safety_multiplier":8,"lgsThreshold":65,"high_temptarget_raises_sensitivity":false,"low_temptarget_lowers_sensitivity":false,"sensitivity_raises_target":false,"resistance_lowers_target":false,"adv_target_adjustments":false,"exercise_mode":false,"half_basal_exercise_target":160,"maxCOB":120,"skip_neutral_temps":false,"remainingCarbsCap":90,"enableUAM":true,"A52_risk_enable":false,"SMBInterval":3,"enableSMB_with_COB":true,"enableSMB_with_temptarget":true,"allowSMB_with_high_temptarget":true,"enableSMB_always":true,"enableSMB_after_carbs":true,"maxSMBBasalMinutes":120,"maxUAMSMBBasalMinutes":90,"bolus_increment":0.05,"carbsReqThreshold":5,"current_basal":0.6,"temptargetSet":false,"autosens_max":1.6,"autosens_min":0.6,"variable_sens":129.1,"insulinDivisor":75,"TDD":19.20951071428572},"autosens_data":{"ratio":0.98695186562958},"meal_data":{"carbs":0,"mealCOB":0,"slopeFromMaxDeviation":-0.138125,"slopeFromMinDeviation":0.5905,"lastBolusTime":1703072489509,"lastCarbTime":0},"microBolusAllowed":true,"currentTime":1703075476336,"flatBGsDetected":false,"tdd1D":21.666666666666675,"tdd7D":21.121428571428574,"tddLast24H":20.845833333333346,"tddLast4H":1.8750000000000007,"tddLast8to4H":3.8374999999999995},"output":{"temp":"absolute","bg":80,"tick":"+2","eventualBG":97,"targetBG":85,"insulinReq":0.07,"deliverAt":"2023-12-20T12:31:16.336Z","sensitivityRatio":0.98695186562958,"variable_sens":129.1,"predBGs":{"IOB":[80,81,83,84,85,87,88,88,89,90,91,91,92,92,93,93,93,94,94,94,95,95,95,95,95,95,96,96,96,96,96,96,96,96,96,96,96,97],"ZT":[80,81,82,83,84,86,87],"UAM":[80,81,82,83,84,85,86,87,87,88,89,89,90,90,91,91,91,92,92,92,92,93,93,93,93,93,93,94,94,94,94,94,94,94,94,94,94,94,94,94,95]},"reason":"COB: 0, Dev: 3, BGI: 1, ISF: 129, CR: 16, Target: 85, minPredBG 94, minGuardBG 81, IOBpredBG 97, UAMpredBG 95; Eventual BG 97 >= 90,  insulinReq 0.07. no temp, setting 0.73U\/hr. ","COB":0,"IOB":-0.112,"duration":30,"rate":0.732171119377748,"timestamp":"2023-12-20T12:31:16.399Z"}}