{"algorithm":"OpenAPSSMBDynamicISFPlugin","input":{"glucoseStatus":{"glucose":111,"noise":0,"delta":1,"short_avgdelta":0.89,"long_avgdelta":0.9,"date":1703104239000},"currenttemp":{"temp":"absolute","duration":15,"rate":1.05,"minutesrunning":15},"iob_data":[{"iob":0.377,"basaliob":-0.346,"bolussnooze":0.1041,"activity":0.0051,"lastBolusTime":1703103964594,"time":"2023-12-20T20:30:56.401Z","iobWithZeroTemp":{"iob":0.377,"basaliob":-0.346,"bolussnooze":0.1041,"activity":0.0051,"lastBolusTime":1703103964594,"time":"2023-12-20T20:30:56.401Z"}},{"iob":0.353,"basaliob":-0.321,"bolussnooze":0.0838,"activity":0.005,"lastBolusTime":1703103964594,"time":"2023-12-20T20:35:56.401Z","iobWithZeroTemp":{"iob":0.3,"basaliob":-0.374,"bolussnooze":0.0838,"activity":0.0049,"lastBolusTime":1703103964594,"time":"2023-12-20T20:35:56.401Z"}},{"iob":0.328,"basaliob":-0.298,"bolussnooze":0.0669,"activity":0.0048,"lastBolusTime":1703103964594,"time":"2023-12-20T20:40:56.401Z","iobWithZeroTemp":{"iob":0.209,"basaliob":-0.417,"bolussnooze":0.0669,"activity":0.0046,"lastBolusTime":1703103964594,"time":"2023-12-20T20:40:56.401Z"}},{"iob":0.305,"basaliob":-0.275,"bolussnooze":0.053,"activity":0.0046,"lastBolusTime":1703103964594,"time":"2023-12-20T20:45:56.401Z","iobWithZeroTemp":{"iob":0.121,"basaliob":-0.459,"bolussnooze":0.053,"activity":0.004,"lastBolusTime":1703103964594,"time":"2023-12-20T20:45:56.401Z"}},{"iob":0.282,"basaliob":-0.254,"bolussnooze":0.0415,"activity":0.0044,"lastBolusTime":1703103964594,"time":"2023-12-20T20:50:56.401Z","iobWithZeroTemp":{"iob":0.035,"basaliob":-0.501,"bolussnooze":0.0415,"activity":0.0034,"lastBolusTime":1703103964594,"time":"2023-12-20T20:50:56.401Z"}},{"iob":0.261,"basaliob":-0.234,"bolussnooze":0.0322,"activity":0.0042,"lastBolusTime":1703103964594,"time":"2023-12-20T20:55:56.401Z","iobWithZeroTemp":{"iob":-0.047,"basaliob":-0.542,"bolussnooze":0.0322,"activity":0.0028,"lastBolusTime":1703103964594,"time":"2023-12-20T20:55:56.401Z"}},{"iob":0.24,"basaliob":-0.215,"bolussnooze":0.0246,"activity":0.004,"lastBolusTime":1703103964594,"time":"2023-12-20T21:00:56.401Z","iobWithZeroTemp":{"iob":-0.126,"basaliob":-0.581,"bolussnooze":0.0246,"activity":0.0021,"lastBolusTime":1703103964594,"time":"2023-12-20T21:00:56.401Z"}},{"iob":0.221,"basaliob":-0.197,"bolussnooze":0.0186,"activity":0.0037,"lastBolusTime":1703103964594,"time":"2023-12-20T21:05:56.401Z","iobWithZeroTemp":{"iob":-0.201,"basaliob":-0.619,"bolussnooze":0.0186,"activity":0.0012,"lastBolusTime":1703103964594,"time":"2023-12-20T21:05:56.401Z"}},{"iob":0.202,"basaliob":-0.181,"bolussnooze":0.0138,"activity":0.0036,"lastBolusTime":1703103964594,"time":"2023-12-20T21:10:56.401Z","iobWithZeroTemp":{"iob":-0.273,"basaliob":-0.656,"bolussnooze":0.0138,"activity":6.0E-4,"lastBolusTime":1703103964594,"time":"2023-12-20T21:10:56.401Z"}},{"iob":0.186,"basaliob":-0.165,"bolussnooze":0.0101,"activity":0.0033,"lastBolusTime":1703103964594,"time":"2023-12-20T21:15:56.401Z","iobWithZeroTemp":{"iob":-0.339,"basaliob":-0.69,"bolussnooze":0.0101,"activity":-3.0E-4,"lastBolusTime":1703103964594,"time":"2023-12-20T21:15:56.401Z"}},{"iob":0.17,"basaliob":-0.15,"bolussnooze":0.0072,"activity":0.0031,"lastBolusTime":1703103964594,"time":"2023-12-20T21:20:56.401Z","iobWithZeroTemp":{"iob":-0.402,"basaliob":-0.722,"bolussnooze":0.0072,"activity":-0.0011,"lastBolusTime":1703103964594,"time":"2023-12-20T21:20:56.401Z"}},{"iob":0.155,"basaliob":-0.137,"bolussnooze":0.005,"activity":0.0029,"lastBolusTime":1703103964594,"time":"2023-12-20T21:25:56.401Z","iobWithZeroTemp":{"iob":-0.462,"basaliob":-0.754,"bolussnooze":0.005,"activity":-0.0018,"lastBolusTime":1703103964594,"time":"2023-12-20T21:25:56.401Z"}},{"iob":0.141,"basaliob":-0.124,"bolussnooze":0.0033,"activity":0.0027,"lastBolusTime":1703103964594,"time":"2023-12-20T21:30:56.401Z","iobWithZeroTemp":{"iob":-0.517,"basaliob":-0.782,"bolussnooze":0.0033,"activity":-0.0026,"lastBolusTime":1703103964594,"time":"2023-12-20T21:30:56.401Z"}},{"iob":0.128,"basaliob":-0.113,"bolussnooze":0.0021,"activity":0.0025,"lastBolusTime":1703103964594,"time":"2023-12-20T21:35:56.401Z","iobWithZeroTemp":{"iob":-0.569,"basaliob":-0.81,"bolussnooze":0.0021,"activity":-0.0034,"lastBolusTime":1703103964594,"time":"2023-12-20T21:35:56.401Z"}},{"iob":0.116,"basaliob":-0.102,"bolussnooze":0.0012,"activity":0.0022,"lastBolusTime":1703103964594,"time":"2023-12-20T21:40:56.401Z","iobWithZeroTemp":{"iob":-0.617,"basaliob":-0.835,"bolussnooze":0.0012,"activity":-0.0042,"lastBolusTime":1703103964594,"time":"2023-12-20T21:40:56.401Z"}},{"iob":0.105,"basaliob":-0.092,"bolussnooze":7.0E-4,"activity":0.0021,"lastBolusTime":1703103964594,"time":"2023-12-20T21:45:56.401Z","iobWithZeroTemp":{"iob":-0.662,"basaliob":-0.859,"bolussnooze":7.0E-4,"activity":-0.0048,"lastBolusTime":1703103964594,"time":"2023-12-20T21:45:56.401Z"}},{"iob":0.095,"basaliob":-0.083,"bolussnooze":3.0E-4,"activity":0.002,"lastBolusTime":1703103964594,"time":"2023-12-20T21:50:56.401Z","iobWithZeroTemp":{"iob":-0.703,"basaliob":-0.881,"bolussnooze":3.0E-4,"activity":-0.0054,"lastBolusTime":1703103964594,"time":"2023-12-20T21:50:56.401Z"}},{"iob":0.085,"basaliob":-0.075,"bolussnooze":1.0E-4,"activity":0.0018,"lastBolusTime":1703103964594,"time":"2023-12-20T21:55:56.401Z","iobWithZeroTemp":{"iob":-0.741,"basaliob":-0.901,"bolussnooze":1.0E-4,"activity":-0.006,"lastBolusTime":1703103964594,"time":"2023-12-20T21:55:56.401Z"}},{"iob":0.077,"basaliob":-0.067,"bolussnooze":0,"activity":0.0016,"lastBolusTime":1703103964594,"time":"2023-12-20T22:00:56.401Z","iobWithZeroTemp":{"iob":-0.776,"basaliob":-0.92,"bolussnooze":0,"activity":-0.0067,"lastBolusTime":1703103964594,"time":"2023-12-20T22:00:56.401Z"}},{"iob":0.069,"basaliob":-0.06,"bolussnooze":0,"activity":0.0015,"lastBolusTime":1703103964594,"time":"2023-12-20T22:05:56.401Z","iobWithZeroTemp":{"iob":-0.808,"basaliob":-0.937,"bolussnooze":0,"activity":-0.0072,"lastBolusTime":1703103964594,"time":"2023-12-20T22:05:56.401Z"}},{"iob":0.062,"basaliob":-0.054,"bolussnooze":0,"activity":0.0014,"lastBolusTime":1703103964594,"time":"2023-12-20T22:10:56.401Z","iobWithZeroTemp":{"iob":-0.838,"basaliob":-0.954,"bolussnooze":0,"activity":-0.0077,"lastBolusTime":1703103964594,"time":"2023-12-20T22:10:56.401Z"}},{"iob":0.056,"basaliob":-0.048,"bolussnooze":0,"activity":0.0013,"lastBolusTime":1703103964594,"time":"2023-12-20T22:15:56.401Z","iobWithZeroTemp":{"iob":-0.864,"basaliob":-0.968,"bolussnooze":0,"activity":-0.0081,"lastBolusTime":1703103964594,"time":"2023-12-20T22:15:56.401Z"}},{"iob":0.049,"basaliob":-0.043,"bolussnooze":0,"activity":0.0011,"lastBolusTime":1703103964594,"time":"2023-12-20T22:20:56.401Z","iobWithZeroTemp":{"iob":-0.89,"basaliob":-0.982,"bolussnooze":0,"activity":-0.0087,"lastBolusTime":1703103964594,"time":"2023-12-20T22:20:56.401Z"}},{"iob":0.044,"basaliob":-0.038,"bolussnooze":0,"activity":0.001,"lastBolusTime":1703103964594,"time":"2023-12-20T22:25:56.401Z","iobWithZeroTemp":{"iob":-0.912,"basaliob":-0.994,"bolussnooze":0,"activity":-0.0091,"lastBolusTime":1703103964594,"time":"2023-12-20T22:25:56.401Z"}},{"iob":0.039,"basaliob":-0.034,"bolussnooze":0,"activity":0.001,"lastBolusTime":1703103964594,"time":"2023-12-20T22:30:56.401Z","iobWithZeroTemp":{"iob":-0.933,"basaliob":-1.006,"bolussnooze":0,"activity":-0.0094,"lastBolusTime":1703103964594,"time":"2023-12-20T22:30:56.401Z"}},{"iob":0.035,"basaliob":-0.03,"bolussnooze":0,"activity":9.0E-4,"lastBolusTime":1703103964594,"time":"2023-12-20T22:35:56.401Z","iobWithZeroTemp":{"iob":-0.951,"basaliob":-1.016,"bolussnooze":0,"activity":-0.0097,"lastBolusTime":1703103964594,"time":"2023-12-20T22:35:56.401Z"}},{"iob":0.031,"basaliob":-0.026,"bolussnooze":0,"activity":7.0E-4,"lastBolusTime":1703103964594,"time":"2023-12-20T22:40:56.401Z","iobWithZeroTemp":{"iob":-0.968,"basaliob":-1.025,"bolussnooze":0,"activity":-0.0102,"lastBolusTime":1703103964594,"time":"2023-12-20T22:40:56.401Z"}},{"iob":0.027,"basaliob":-0.023,"bolussnooze":0,"activity":7.0E-4,"lastBolusTime":1703103964594,"time":"2023-12-20T22:45:56.401Z","iobWithZeroTemp":{"iob":-0.983,"basaliob":-1.033,"bolussnooze":0,"activity":-0.0104,"lastBolusTime":1703103964594,"time":"2023-12-20T22:45:56.401Z"}},{"iob":0.024,"basaliob":-0.02,"bolussnooze":0,"activity":7.0E-4,"lastBolusTime":1703103964594,"time":"2023-12-20T22:50:56.401Z","iobWithZeroTemp":{"iob":-0.997,"basaliob":-1.041,"bolussnooze":0,"activity":-0.0106,"lastBolusTime":1703103964594,"time":"2023-12-20T22:50:56.401Z"}},{"iob":0.021,"basaliob":-0.018,"bolussnooze":0,"activity":5.0E-4,"lastBolusTime":1703103964594,"time":"2023-12-20T22:55:56.401Z","iobWithZeroTemp":{"iob":-1.009,"basaliob":-1.048,"bolussnooze":0,"activity":-0.011,"lastBolusTime":1703103964594,"time":"2023-12-20T22:55:56.401Z"}},{"iob":0.018,"basaliob":-0.016,"bolussnooze":0,"activity":5.0E-4,"lastBolusTime":1703103964594,"time":"2023-12-20T23:00:56.401Z","iobWithZeroTemp":{"iob":-1.021,"basaliob":-1.055,"bolussnooze":0,"activity":-0.0112,"lastBolusTime":1703103964594,"time":"2023-12-20T23:00:56.401Z"}},{"iob":0.015,"basaliob":-0.014,"bolussnooze":0,"activity":4.0E-4,"lastBolusTime":1703103964594,"time":"2023-12-20T23:05:56.401Z","iobWithZeroTemp":{"iob":-1.023,"basaliob":-1.052,"bolussnooze":0,"activity":-0.0115,"lastBolusTime":1703103964594,"time":"2023-12-20T23:05:56.401Z"}},{"iob":0.013,"basaliob":-0.012,"bolussnooze":0,"activity":4.0E-4,"lastBolusTime":1703103964594,"time":"2023-12-20T23:10:56.401Z","iobWithZeroTemp":{"iob":-1.024,"basaliob":-1.049,"bolussnooze":0,"activity":-0.0116,"lastBolusTime":1703103964594,"time":"2023-12-20T23:10:56.401Z"}},{"iob":0.012,"basaliob":-0.01,"bolussnooze":0,"activity":4.0E-4,"lastBolusTime":1703103964594,"time":"2023-12-20T23:15:56.401Z","iobWithZeroTemp":{"iob":-1.023,"basaliob":-1.045,"bolussnooze":0,"activity":-0.0117,"lastBolusTime":1703103964594,"time":"2023-12-20T23:15:56.401Z"}},{"iob":0.01,"basaliob":-0.009,"bolussnooze":0,"activity":3.0E-4,"lastBolusTime":1703103964594,"time":"2023-12-20T23:20:56.401Z","iobWithZeroTemp":{"iob":-1.023,"basaliob":-1.042,"bolussnooze":0,"activity":-0.0119,"lastBolusTime":1703103964594,"time":"2023-12-20T23:20:56.401Z"}},{"iob":0.009,"basaliob":-0.007,"bolussnooze":0,"activity":3.0E-4,"lastBolusTime":1703103964594,"time":"2023-12-20T23:25:56.401Z","iobWithZeroTemp":{"iob":-1.021,"basaliob":-1.037,"bolussnooze":0,"activity":-0.0119,"lastBolusTime":1703103964594,"time":"2023-12-20T23:25:56.401Z"}},{"iob":0.008,"basaliob":-0.006,"bolussnooze":0,"activity":3.0E-4,"lastBolusTime":1703103964594,"time":"2023-12-20T23:30:56.401Z","iobWithZeroTemp":{"iob":-1.02,"basaliob":-1.034,"bolussnooze":0,"activity":-0.012,"lastBolusTime":1703103964594,"time":"2023-12-20T23:30:56.401Z"}},{"iob":0.007,"basaliob":-0.005,"bolussnooze":0,"activity":2.0E-4,"lastBolusTime":1703103964594,"time":"2023-12-20T23:35:56.401Z","iobWithZeroTemp":{"iob":-1.018,"basaliob":-1.03,"bolussnooze":0,"activity":-0.0121,"lastBolusTime":1703103964594,"time":"2023-12-20T23:35:56.401Z"}},{"iob":0.006,"basaliob":-0.004,"bolussnooze":0,"activity":1.0E-4,"lastBolusTime":1703103964594,"time":"2023-12-20T23:40:56.401Z","iobWithZeroTemp":{"iob":-1.016,"basaliob":-1.026,"bolussnooze":0,"activity":-0.0122,"lastBolusTime":1703103964594,"time":"2023-12-20T23:40:56.401Z"}},{"iob":0.004,"basaliob":-0.004,"bolussnooze":0,"activity":2.0E-4,"lastBolusTime":1703103964594,"time":"2023-12-20T23:45:56.401Z","iobWithZeroTemp":{"iob":-1.014,"basaliob":-1.022,"bolussnooze":0,"activity":-0.0121,"lastBolusTime":1703103964594,"time":"2023-12-20T23:45:56.401Z"}},{"iob":0.004,"basaliob":-0.003,"bolussnooze":0,"activity":2.0E-4,"lastBolusTime":1703103964594,"time":"2023-12-20T23:50:56.401Z","iobWithZeroTemp":{"iob":-1.011,"basaliob":-1.018,"bolussnooze":0,"activity":-0.0121,"lastBolusTime":1703103964594,"time":"2023-12-20T23:50:56.401Z"}},{"iob":0.004,"basaliob":-0.002,"bolussnooze":0,"activity":1.0E-4,"lastBolusTime":1703103964594,"time":"2023-12-20T23:55:56.401Z","iobWithZeroTemp":{"iob":-1.008,"basaliob":-1.014,"bolussnooze":0,"activity":-0.0122,"lastBolusTime":1703103964594,"time":"2023-12-20T23:55:56.401Z"}},{"iob":0.002,"basaliob":-0.002,"bolussnooze":0,"activity":1.0E-4,"lastBolusTime":1703103964594,"time":"2023-12-21T00:00:56.401Z","iobWithZeroTemp":{"iob":-1.007,"basaliob":-1.011,"bolussnooze":0,"activity":-0.0122,"lastBolusTime":1703103964594,"time":"2023-12-21T00:00:56.401Z"}},{"iob":0.002,"basaliob":-0.002,"bolussnooze":0,"activity":1.0E-4,"lastBolusTime":1703103964594,"time":"2023-12-21T00:05:56.401Z","iobWithZeroTemp":{"iob":-1.004,"basaliob":-1.008,"bolussnooze":0,"activity":-0.0122,"lastBolusTime":1703103964594,"time":"2023-12-21T00:05:56.401Z"}},{"iob":0.002,"basaliob":-0.001,"bolussnooze":0,"activity":0,"lastBolusTime":1703103964594,"time":"2023-12-21T00:10:56.401Z","iobWithZeroTemp":{"iob":-1.001,"basaliob":-1.004,"bolussnooze":0,"activity":-0.0122,"lastBolusTime":1703103964594,"time":"2023-12-21T00:10:56.401Z"}},{"iob":0.001,"basaliob":-0.001,"bolussnooze":0,"activity":0,"lastBolusTime":1703103964594,"time":"2023-12-21T00:15:56.401Z","iobWithZeroTemp":{"iob":-1,"basaliob":-1.002,"bolussnooze":0,"activity":-0.0122,"lastBolusTime":1703103964594,"time":"2023-12-21T00:15:56.401Z"}},{"iob":0.001,"basaliob":-0.001,"bolussnooze":0,"activity":1.0E-4,"lastBolusTime":1703103964594,"time":"2023-12-21T00:20:56.401Z","iobWithZeroTemp":{"iob":-0.997,"basaliob":-0.999,"bolussnooze":0,"activity":-0.0121,"lastBolusTime":1703103964594,"time":"2023-12-21T00:20:56.401Z"}},{"iob":0,"basaliob":-0.001,"bolussnooze":0,"activity":1.0E-4,"lastBolusTime":1703103964594,"time":"2023-12-21T00:25:56.401Z","iobWithZeroTemp":{"iob":-0.995,"basaliob":-0.996,"bolussnooze":0,"activity":-0.0121,"lastBolusTime":1703103964594,"time":"2023-12-21T00:25:56.401Z"}}],"profile":{"max_iob":7,"type":"current","max_daily_basal":0.8,"max_basal":5,"min_bg":80,"max_bg":90,"target_bg":85,"carb_ratio":14,"sens":57,"max_daily_safety_multiplier":9,"current_basal_safety_multiplier":8,"lgsThreshold":65,"high_temptarget_raises_sensitivity":false,"low_temptarget_lowers_sensitivity":false,"sensitivity_raises_target":false,"resistance_lowers_target":false,"adv_target_adjustments":false,"exercise_mode":false,"half_basal_exercise_target":160,"maxCOB":120,"skip_neutral_temps":false,"remainingCarbsCap":90,"enableUAM":true,"A52_risk_enable":false,"SMBInterval":3,"enableSMB_with_COB":true,"enableSMB_with_temptarget":true,"allowSMB_with_high_temptarget":true,"enableSMB_always":true,"enableSMB_after_carbs":true,"maxSMBBasalMinutes":120,"maxUAMSMBBasalMinutes":90,"bolus_increment":0.05,"carbsReqThreshold":5,"current_basal":0.8,"temptargetSet":false,"autosens_max":1.6,"autosens_min":0.6,"variable_sens":92.1,"insulinDivisor":75,"TDD":21.52446071428572},"autosens_data":{"ratio":1.0078626986810952},"meal_data":{"carbs":0,"mealCOB":0,"slopeFromMaxDeviation":-0.28309090909090906,"slopeFromMinDeviation":0.18333333333333335,"lastBolusTime":1703103964594,"lastCarbTime":0},"microBolusAllowed":true,"currentTime":1703104257827,"flatBGsDetected":false,"tdd1D":21.666666666666675,"tdd7D":21.121428571428574,"tddLast24H":21.28749999999999,"tddLast4H":3.966666666666667,"tddLast8to4H":2.854166666666667},"output":{"temp":"absolute","bg":111,"tick":"+1","eventualBG":95,"targetBG":85,"insulinReq":0.09,"deliverAt":"2023-12-20T20:30:57.827Z","sensitivityRatio":1.0078626986810952,"variable_sens":92.1,"predBGs":{"IOB":[111,112,112,112,112,112,112,111,111,110,109,108,106,105,104,103,102,101,100,99,98,98,97,96,96,95,95,95,94,94,94,93,93,93,93,92],"ZT":[111,109,106,104,102,101,99,98,98,97,97],"UAM":[111,112,112,112,112,112,111,111,110,109,108,107,105,104,103,102,101,100,99,98,97,97,96,95,95,94,94,94,93,93,93,92,92,92,92,91]},"reason":"COB: 0, Dev: 19, BGI: -2, ISF: 92, CR: 14, Target: 85, minPredBG 94, minGuardBG 91, IOBpredBG 92, UAMpredBG 91; Eventual BG 95 >= 90,  insulinReq 0.09. temp 1.05 >~ req 0.99U\/hr. ","COB":0,"IOB":0.377,"timestamp":"2023-12-20T20:30:57.832Z"}}