{"algorithm":"OpenAPSSMBDynamicISFPlugin","input":{"glucoseStatus":{"glucose":80,"noise":0,"delta":0,"short_avgdelta":0.67,"long_avgdelta":0.31,"date":1703075737000},"currenttemp":{"temp":"absolute","duration":25,"rate":0.75,"minutesrunning":5},"iob_data":[{"iob":-0.091,"basaliob":-0.145,"bolussnooze":0,"activity":-0.0015,"lastBolusTime":1703072489509,"time":"2023-12-20T12:36:11.596Z","iobWithZeroTemp":{"iob":-0.091,"basaliob":-0.145,"bolussnooze":0,"activity":-0.0015,"lastBolusTime":1703072489509,"time":"2023-12-20T12:36:11.596Z"}},{"iob":-0.084,"basaliob":-0.133,"bolussnooze":0,"activity":-0.0015,"lastBolusTime":1703072489509,"time":"2023-12-20T12:41:11.596Z","iobWithZeroTemp":{"iob":-0.124,"basaliob":-0.173,"bolussnooze":0,"activity":-0.0015,"lastBolusTime":1703072489509,"time":"2023-12-20T12:41:11.596Z"}},{"iob":-0.077,"basaliob":-0.122,"bolussnooze":0,"activity":-0.0013,"lastBolusTime":1703072489509,"time":"2023-12-20T12:46:11.596Z","iobWithZeroTemp":{"iob":-0.166,"basaliob":-0.211,"bolussnooze":0,"activity":-0.0015,"lastBolusTime":1703072489509,"time":"2023-12-20T12:46:11.596Z"}},{"iob":-0.07,"basaliob":-0.112,"bolussnooze":0,"activity":-0.0013,"lastBolusTime":1703072489509,"time":"2023-12-20T12:51:11.596Z","iobWithZeroTemp":{"iob":-0.208,"basaliob":-0.25,"bolussnooze":0,"activity":-0.0017,"lastBolusTime":1703072489509,"time":"2023-12-20T12:51:11.596Z"}},{"iob":-0.065,"basaliob":-0.103,"bolussnooze":0,"activity":-0.0012,"lastBolusTime":1703072489509,"time":"2023-12-20T12:56:11.596Z","iobWithZeroTemp":{"iob":-0.25,"basaliob":-0.288,"bolussnooze":0,"activity":-0.0019,"lastBolusTime":1703072489509,"time":"2023-12-20T12:56:11.596Z"}},{"iob":-0.059,"basaliob":-0.094,"bolussnooze":0,"activity":-0.0011,"lastBolusTime":1703072489509,"time":"2023-12-20T13:01:11.596Z","iobWithZeroTemp":{"iob":-0.29,"basaliob":-0.325,"bolussnooze":0,"activity":-0.0022,"lastBolusTime":1703072489509,"time":"2023-12-20T13:01:11.596Z"}},{"iob":-0.053,"basaliob":-0.085,"bolussnooze":0,"activity":-0.001,"lastBolusTime":1703072489509,"time":"2023-12-20T13:06:11.596Z","iobWithZeroTemp":{"iob":-0.328,"basaliob":-0.36,"bolussnooze":0,"activity":-0.0024,"lastBolusTime":1703072489509,"time":"2023-12-20T13:06:11.596Z"}},{"iob":-0.048,"basaliob":-0.077,"bolussnooze":0,"activity":-0.001,"lastBolusTime":1703072489509,"time":"2023-12-20T13:11:11.596Z","iobWithZeroTemp":{"iob":-0.364,"basaliob":-0.393,"bolussnooze":0,"activity":-0.0028,"lastBolusTime":1703072489509,"time":"2023-12-20T13:11:11.596Z"}},{"iob":-0.044,"basaliob":-0.07,"bolussnooze":0,"activity":-9.0E-4,"lastBolusTime":1703072489509,"time":"2023-12-20T13:16:11.596Z","iobWithZeroTemp":{"iob":-0.4,"basaliob":-0.426,"bolussnooze":0,"activity":-0.0032,"lastBolusTime":1703072489509,"time":"2023-12-20T13:16:11.596Z"}},{"iob":-0.04,"basaliob":-0.064,"bolussnooze":0,"activity":-8.0E-4,"lastBolusTime":1703072489509,"time":"2023-12-20T13:21:11.596Z","iobWithZeroTemp":{"iob":-0.434,"basaliob":-0.458,"bolussnooze":0,"activity":-0.0035,"lastBolusTime":1703072489509,"time":"2023-12-20T13:21:11.596Z"}},{"iob":-0.037,"basaliob":-0.058,"bolussnooze":0,"activity":-8.0E-4,"lastBolusTime":1703072489509,"time":"2023-12-20T13:26:11.596Z","iobWithZeroTemp":{"iob":-0.466,"basaliob":-0.487,"bolussnooze":0,"activity":-0.0039,"lastBolusTime":1703072489509,"time":"2023-12-20T13:26:11.596Z"}},{"iob":-0.033,"basaliob":-0.052,"bolussnooze":0,"activity":-7.0E-4,"lastBolusTime":1703072489509,"time":"2023-12-20T13:31:11.596Z","iobWithZeroTemp":{"iob":-0.495,"basaliob":-0.514,"bolussnooze":0,"activity":-0.0043,"lastBolusTime":1703072489509,"time":"2023-12-20T13:31:11.596Z"}},{"iob":-0.03,"basaliob":-0.047,"bolussnooze":0,"activity":-6.0E-4,"lastBolusTime":1703072489509,"time":"2023-12-20T13:36:11.596Z","iobWithZeroTemp":{"iob":-0.524,"basaliob":-0.541,"bolussnooze":0,"activity":-0.0046,"lastBolusTime":1703072489509,"time":"2023-12-20T13:36:11.596Z"}},{"iob":-0.026,"basaliob":-0.042,"bolussnooze":0,"activity":-6.0E-4,"lastBolusTime":1703072489509,"time":"2023-12-20T13:41:11.596Z","iobWithZeroTemp":{"iob":-0.549,"basaliob":-0.565,"bolussnooze":0,"activity":-0.005,"lastBolusTime":1703072489509,"time":"2023-12-20T13:41:11.596Z"}},{"iob":-0.024,"basaliob":-0.038,"bolussnooze":0,"activity":-5.0E-4,"lastBolusTime":1703072489509,"time":"2023-12-20T13:46:11.596Z","iobWithZeroTemp":{"iob":-0.574,"basaliob":-0.588,"bolussnooze":0,"activity":-0.0053,"lastBolusTime":1703072489509,"time":"2023-12-20T13:46:11.596Z"}},{"iob":-0.021,"basaliob":-0.034,"bolussnooze":0,"activity":-5.0E-4,"lastBolusTime":1703072489509,"time":"2023-12-20T13:51:11.596Z","iobWithZeroTemp":{"iob":-0.596,"basaliob":-0.609,"bolussnooze":0,"activity":-0.0057,"lastBolusTime":1703072489509,"time":"2023-12-20T13:51:11.596Z"}},{"iob":-0.019,"basaliob":-0.03,"bolussnooze":0,"activity":-4.0E-4,"lastBolusTime":1703072489509,"time":"2023-12-20T13:56:11.596Z","iobWithZeroTemp":{"iob":-0.617,"basaliob":-0.628,"bolussnooze":0,"activity":-0.0059,"lastBolusTime":1703072489509,"time":"2023-12-20T13:56:11.596Z"}},{"iob":-0.017,"basaliob":-0.027,"bolussnooze":0,"activity":-4.0E-4,"lastBolusTime":1703072489509,"time":"2023-12-20T14:01:11.596Z","iobWithZeroTemp":{"iob":-0.637,"basaliob":-0.647,"bolussnooze":0,"activity":-0.0063,"lastBolusTime":1703072489509,"time":"2023-12-20T14:01:11.596Z"}},{"iob":-0.015,"basaliob":-0.024,"bolussnooze":0,"activity":-4.0E-4,"lastBolusTime":1703072489509,"time":"2023-12-20T14:06:11.596Z","iobWithZeroTemp":{"iob":-0.663,"basaliob":-0.672,"bolussnooze":0,"activity":-0.0066,"lastBolusTime":1703072489509,"time":"2023-12-20T14:06:11.596Z"}},{"iob":-0.013,"basaliob":-0.021,"bolussnooze":0,"activity":-3.0E-4,"lastBolusTime":1703072489509,"time":"2023-12-20T14:11:11.596Z","iobWithZeroTemp":{"iob":-0.687,"basaliob":-0.695,"bolussnooze":0,"activity":-0.0068,"lastBolusTime":1703072489509,"time":"2023-12-20T14:11:11.596Z"}},{"iob":-0.012,"basaliob":-0.019,"bolussnooze":0,"activity":-3.0E-4,"lastBolusTime":1703072489509,"time":"2023-12-20T14:16:11.596Z","iobWithZeroTemp":{"iob":-0.711,"basaliob":-0.718,"bolussnooze":0,"activity":-0.0072,"lastBolusTime":1703072489509,"time":"2023-12-20T14:16:11.596Z"}},{"iob":-0.011,"basaliob":-0.017,"bolussnooze":0,"activity":-2.0E-4,"lastBolusTime":1703072489509,"time":"2023-12-20T14:21:11.596Z","iobWithZeroTemp":{"iob":-0.733,"basaliob":-0.739,"bolussnooze":0,"activity":-0.0074,"lastBolusTime":1703072489509,"time":"2023-12-20T14:21:11.596Z"}},{"iob":-0.009,"basaliob":-0.015,"bolussnooze":0,"activity":-3.0E-4,"lastBolusTime":1703072489509,"time":"2023-12-20T14:26:11.596Z","iobWithZeroTemp":{"iob":-0.753,"basaliob":-0.759,"bolussnooze":0,"activity":-0.0078,"lastBolusTime":1703072489509,"time":"2023-12-20T14:26:11.596Z"}},{"iob":-0.008,"basaliob":-0.013,"bolussnooze":0,"activity":-2.0E-4,"lastBolusTime":1703072489509,"time":"2023-12-20T14:31:11.596Z","iobWithZeroTemp":{"iob":-0.772,"basaliob":-0.777,"bolussnooze":0,"activity":-0.008,"lastBolusTime":1703072489509,"time":"2023-12-20T14:31:11.596Z"}},{"iob":-0.007,"basaliob":-0.011,"bolussnooze":0,"activity":-2.0E-4,"lastBolusTime":1703072489509,"time":"2023-12-20T14:36:11.596Z","iobWithZeroTemp":{"iob":-0.789,"basaliob":-0.793,"bolussnooze":0,"activity":-0.0083,"lastBolusTime":1703072489509,"time":"2023-12-20T14:36:11.596Z"}},{"iob":-0.006,"basaliob":-0.01,"bolussnooze":0,"activity":-2.0E-4,"lastBolusTime":1703072489509,"time":"2023-12-20T14:41:11.596Z","iobWithZeroTemp":{"iob":-0.806,"basaliob":-0.81,"bolussnooze":0,"activity":-0.0086,"lastBolusTime":1703072489509,"time":"2023-12-20T14:41:11.596Z"}},{"iob":-0.006,"basaliob":-0.009,"bolussnooze":0,"activity":-1.0E-4,"lastBolusTime":1703072489509,"time":"2023-12-20T14:46:11.596Z","iobWithZeroTemp":{"iob":-0.821,"basaliob":-0.824,"bolussnooze":0,"activity":-0.0087,"lastBolusTime":1703072489509,"time":"2023-12-20T14:46:11.596Z"}},{"iob":-0.004,"basaliob":-0.007,"bolussnooze":0,"activity":-1.0E-4,"lastBolusTime":1703072489509,"time":"2023-12-20T14:51:11.596Z","iobWithZeroTemp":{"iob":-0.834,"basaliob":-0.837,"bolussnooze":0,"activity":-0.009,"lastBolusTime":1703072489509,"time":"2023-12-20T14:51:11.596Z"}},{"iob":-0.003,"basaliob":-0.006,"bolussnooze":0,"activity":-1.0E-4,"lastBolusTime":1703072489509,"time":"2023-12-20T14:56:11.596Z","iobWithZeroTemp":{"iob":-0.846,"basaliob":-0.849,"bolussnooze":0,"activity":-0.0092,"lastBolusTime":1703072489509,"time":"2023-12-20T14:56:11.596Z"}},{"iob":-0.004,"basaliob":-0.006,"bolussnooze":0,"activity":-1.0E-4,"lastBolusTime":1703072489509,"time":"2023-12-20T15:01:11.596Z","iobWithZeroTemp":{"iob":-0.86,"basaliob":-0.862,"bolussnooze":0,"activity":-0.0094,"lastBolusTime":1703072489509,"time":"2023-12-20T15:01:11.596Z"}},{"iob":-0.003,"basaliob":-0.005,"bolussnooze":0,"activity":0,"lastBolusTime":1703072489509,"time":"2023-12-20T15:06:11.596Z","iobWithZeroTemp":{"iob":-0.87,"basaliob":-0.872,"bolussnooze":0,"activity":-0.0095,"lastBolusTime":1703072489509,"time":"2023-12-20T15:06:11.596Z"}},{"iob":-0.002,"basaliob":-0.004,"bolussnooze":0,"activity":-1.0E-4,"lastBolusTime":1703072489509,"time":"2023-12-20T15:11:11.596Z","iobWithZeroTemp":{"iob":-0.879,"basaliob":-0.881,"bolussnooze":0,"activity":-0.0098,"lastBolusTime":1703072489509,"time":"2023-12-20T15:11:11.596Z"}},{"iob":-0.002,"basaliob":-0.003,"bolussnooze":0,"activity":-1.0E-4,"lastBolusTime":1703072489509,"time":"2023-12-20T15:16:11.596Z","iobWithZeroTemp":{"iob":-0.888,"basaliob":-0.889,"bolussnooze":0,"activity":-0.01,"lastBolusTime":1703072489509,"time":"2023-12-20T15:16:11.596Z"}},{"iob":-0.002,"basaliob":-0.003,"bolussnooze":0,"activity":-1.0E-4,"lastBolusTime":1703072489509,"time":"2023-12-20T15:21:11.596Z","iobWithZeroTemp":{"iob":-0.897,"basaliob":-0.898,"bolussnooze":0,"activity":-0.0102,"lastBolusTime":1703072489509,"time":"2023-12-20T15:21:11.596Z"}},{"iob":-0.001,"basaliob":-0.002,"bolussnooze":0,"activity":-1.0E-4,"lastBolusTime":1703072489509,"time":"2023-12-20T15:26:11.596Z","iobWithZeroTemp":{"iob":-0.904,"basaliob":-0.905,"bolussnooze":0,"activity":-0.0103,"lastBolusTime":1703072489509,"time":"2023-12-20T15:26:11.596Z"}},{"iob":-0.001,"basaliob":-0.002,"bolussnooze":0,"activity":-1.0E-4,"lastBolusTime":1703072489509,"time":"2023-12-20T15:31:11.596Z","iobWithZeroTemp":{"iob":-0.911,"basaliob":-0.912,"bolussnooze":0,"activity":-0.0104,"lastBolusTime":1703072489509,"time":"2023-12-20T15:31:11.596Z"}},{"iob":-0.001,"basaliob":-0.002,"bolussnooze":0,"activity":-1.0E-4,"lastBolusTime":1703072489509,"time":"2023-12-20T15:36:11.596Z","iobWithZeroTemp":{"iob":-0.917,"basaliob":-0.918,"bolussnooze":0,"activity":-0.0106,"lastBolusTime":1703072489509,"time":"2023-12-20T15:36:11.596Z"}},{"iob":0,"basaliob":-0.001,"bolussnooze":0,"activity":-1.0E-4,"lastBolusTime":1703072489509,"time":"2023-12-20T15:41:11.596Z","iobWithZeroTemp":{"iob":-0.922,"basaliob":-0.923,"bolussnooze":0,"activity":-0.0107,"lastBolusTime":1703072489509,"time":"2023-12-20T15:41:11.596Z"}},{"iob":-0.001,"basaliob":-0.001,"bolussnooze":0,"activity":0,"lastBolusTime":1703072489509,"time":"2023-12-20T15:46:11.596Z","iobWithZeroTemp":{"iob":-0.928,"basaliob":-0.928,"bolussnooze":0,"activity":-0.0107,"lastBolusTime":1703072489509,"time":"2023-12-20T15:46:11.596Z"}},{"iob":-0.001,"basaliob":-0.001,"bolussnooze":0,"activity":0,"lastBolusTime":1703072489509,"time":"2023-12-20T15:51:11.596Z","iobWithZeroTemp":{"iob":-0.932,"basaliob":-0.932,"bolussnooze":0,"activity":-0.0108,"lastBolusTime":1703072489509,"time":"2023-12-20T15:51:11.596Z"}},{"iob":-0.001,"basaliob":-0.001,"bolussnooze":0,"activity":0,"lastBolusTime":1703072489509,"time":"2023-12-20T15:56:11.596Z","iobWithZeroTemp":{"iob":-0.936,"basaliob":-0.936,"bolussnooze":0,"activity":-0.0109,"lastBolusTime":1703072489509,"time":"2023-12-20T15:56:11.596Z"}},{"iob":-0.001,"basaliob":-0.001,"bolussnooze":0,"activity":0,"lastBolusTime":1703072489509,"time":"2023-12-20T16:01:11.596Z","iobWithZeroTemp":{"iob":-0.94,"basaliob":-0.94,"bolussnooze":0,"activity":-0.011,"lastBolusTime":1703072489509,"time":"2023-12-20T16:01:11.596Z"}},{"iob":-0.001,"basaliob":-0.001,"bolussnooze":0,"activity":0,"lastBolusTime":1703072489509,"time":"2023-12-20T16:06:11.596Z","iobWithZeroTemp":{"iob":-0.943,"basaliob":-0.943,"bolussnooze":0,"activity":-0.011,"lastBolusTime":1703072489509,"time":"2023-12-20T16:06:11.596Z"}},{"iob":0,"basaliob":0,"bolussnooze":0,"activity":0,"lastBolusTime":1703072489509,"time":"2023-12-20T16:11:11.596Z","iobWithZeroTemp":{"iob":-0.945,"basaliob":-0.945,"bolussnooze":0,"activity":-0.0111,"lastBolusTime":1703072489509,"time":"2023-12-20T16:11:11.596Z"}},{"iob":0,"basaliob":0,"bolussnooze":0,"activity":0,"lastBolusTime":1703072489509,"time":"2023-12-20T16:16:11.596Z","iobWithZeroTemp":{"iob":-0.948,"basaliob":-0.948,"bolussnooze":0,"activity":-0.0112,"lastBolusTime":1703072489509,"time":"2023-12-20T16:16:11.596Z"}},{"iob":0,"basaliob":0,"bolussnooze":0,"activity":0,"lastBolusTime":1703072489509,"time":"2023-12-20T16:21:11.596Z","iobWithZeroTemp":{"iob":-0.95,"basaliob":-0.95,"bolussnooze":0,"activity":-0.0112,"lastBolusTime":1703072489509,"time":"2023-12-20T16:21:11.596Z"}},{"iob":0,"basaliob":0,"bolussnooze":0,"activity":0,"lastBolusTime":1703072489509,"time":"2023-12-20T16:26:11.596Z","iobWithZeroTemp":{"iob":-0.952,"basaliob":-0.952,"bolussnooze":0,"activity":-0.0113,"lastBolusTime":1703072489509,"time":"2023-12-20T16:26:11.596Z"}},{"iob":0,"basaliob":0,"bolussnooze":0,"activity":0,"lastBolusTime":1703072489509,"time":"2023-12-20T16:31:11.596Z","iobWithZeroTemp":{"iob":-0.954,"basaliob":-0.954,"bolussnooze":0,"activity":-0.0113,"lastBolusTime":1703072489509,"time":"2023-12-20T16:31:11.596Z"}}],"profile":{"max_iob":7,"type":"current","max_daily_basal":0.8,"max_basal":4.8,"min_bg":80,"max_bg":90,"target_bg":85,"carb_ratio":16,"sens":57,"max_daily_safety_multiplier":9,"current_basal_safety_multiplier":8,"lgsThreshold":65,"high_temptarget_raises_sensitivity":false,"low_temptarget_lowers_sensitivity":false,"sensitivity_raises_target":false,"resistance_lowers_target":false,"adv_target_adjustments":false,"exercise_mode":false,"half_basal_exercise_target":160,"maxCOB":120,"skip_neutral_temps":false,"remainingCarbsCap":90,"enableUAM":true,"A52_risk_enable":false,"SMBInterval":3,"enableSMB_with_COB":true,"enableSMB_with_temptarget":true,"allowSMB_with_high_temptarget":true,"enableSMB_always":true,"enableSMB_after_carbs":true,"maxSMBBasalMinutes":120,"maxUAMSMBBasalMinutes":90,"bolus_increment":0.05,"carbsReqThreshold":5,"current_basal":0.6,"temptargetSet":false,"autosens_max":1.6,"autosens_min":0.6,"variable_sens":129,"insulinDivisor":75,"TDD":19.21611071428572},"autosens_data":{"ratio":0.98695186562958},"meal_data":{"carbs":0,"mealCOB":0,"slopeFromMaxDeviation":-0.11955555555555555,"slopeFromMinDeviation":0.4782,"lastBolusTime":1703072489509,"lastCarbTime":0},"microBolusAllowed":true,"currentTime":1703075773832,"flatBGsDetected":false,"tdd1D":21.666666666666675,"tdd7D":21.121428571428574,"tddLast24H":20.845833333333346,"tddLast4H":1.8458333333333339,"tddLast8to4H":3.916666666666666},"output":{"temp":"absolute","bg":80,"tick":"+0","eventualBG":88,"targetBG":85,"insulinReq":0,"deliverAt":"2023-12-20T12:36:13.832Z","sensitivityRatio":0.98695186562958,"variable_sens":129,"predBGs":{"IOB":[80,80,80,80,80,81,81,81,81,82,82,82,83,83,84,84,84,85,85,85,85,85,86,86,86,86,86,86,86,86,86,86,86,86,87],"ZT":[80,81,82,83,84,85,86]},"reason":"COB: 0, Dev: -4, BGI: 1, ISF: 129, CR: 16, Target: 85, minPredBG 85, minGuardBG 80, IOBpredBG 87;  insulinReq 0. 25m@0.75 > 2 * insulinReq. Setting temp basal of 0.59U\/hr. ","COB":0,"IOB":-0.091,"duration":30,"rate":0.592171119377748,"timestamp":"2023-12-20T12:36:13.839Z"}}