{"algorithm":"OpenAPSSMBDynamicISFPlugin","input":{"glucoseStatus":{"glucose":125,"noise":0,"delta":6,"short_avgdelta":5.78,"long_avgdelta":3.4,"date":1703187037000},"currenttemp":{"temp":"absolute","duration":105,"rate":0,"minutesrunning":15},"iob_data":[{"iob":1.949,"basaliob":-0.569,"bolussnooze":1.8568,"activity":0.0157,"lastBolusTime":1703186546486,"time":"2023-12-21T19:30:59.189Z","iobWithZeroTemp":{"iob":1.949,"basaliob":-0.569,"bolussnooze":1.8568,"activity":0.0157,"lastBolusTime":1703186546486,"time":"2023-12-21T19:30:59.189Z"}},{"iob":1.866,"basaliob":-0.547,"bolussnooze":1.6593,"activity":0.0172,"lastBolusTime":1703186546486,"time":"2023-12-21T19:35:59.189Z","iobWithZeroTemp":{"iob":1.813,"basaliob":-0.6,"bolussnooze":1.6593,"activity":0.0171,"lastBolusTime":1703186546486,"time":"2023-12-21T19:35:59.189Z"}},{"iob":1.778,"basaliob":-0.523,"bolussnooze":1.4615,"activity":0.018,"lastBolusTime":1703186546486,"time":"2023-12-21T19:40:59.189Z","iobWithZeroTemp":{"iob":1.659,"basaliob":-0.642,"bolussnooze":1.4615,"activity":0.0178,"lastBolusTime":1703186546486,"time":"2023-12-21T19:40:59.189Z"}},{"iob":1.686,"basaliob":-0.498,"bolussnooze":1.2717,"activity":0.0186,"lastBolusTime":1703186546486,"time":"2023-12-21T19:45:59.189Z","iobWithZeroTemp":{"iob":1.502,"basaliob":-0.682,"bolussnooze":1.2717,"activity":0.018,"lastBolusTime":1703186546486,"time":"2023-12-21T19:45:59.189Z"}},{"iob":1.593,"basaliob":-0.471,"bolussnooze":1.0948,"activity":0.0188,"lastBolusTime":1703186546486,"time":"2023-12-21T19:50:59.189Z","iobWithZeroTemp":{"iob":1.346,"basaliob":-0.718,"bolussnooze":1.0948,"activity":0.0178,"lastBolusTime":1703186546486,"time":"2023-12-21T19:50:59.189Z"}},{"iob":1.499,"basaliob":-0.445,"bolussnooze":0.9336,"activity":0.0188,"lastBolusTime":1703186546486,"time":"2023-12-21T19:55:59.189Z","iobWithZeroTemp":{"iob":1.191,"basaliob":-0.753,"bolussnooze":0.9336,"activity":0.0174,"lastBolusTime":1703186546486,"time":"2023-12-21T19:55:59.189Z"}},{"iob":1.406,"basaliob":-0.418,"bolussnooze":0.7893,"activity":0.0185,"lastBolusTime":1703186546486,"time":"2023-12-21T20:00:59.189Z","iobWithZeroTemp":{"iob":1.04,"basaliob":-0.784,"bolussnooze":0.7893,"activity":0.0166,"lastBolusTime":1703186546486,"time":"2023-12-21T20:00:59.189Z"}},{"iob":1.314,"basaliob":-0.392,"bolussnooze":0.662,"activity":0.0181,"lastBolusTime":1703186546486,"time":"2023-12-21T20:05:59.189Z","iobWithZeroTemp":{"iob":0.892,"basaliob":-0.814,"bolussnooze":0.662,"activity":0.0156,"lastBolusTime":1703186546486,"time":"2023-12-21T20:05:59.189Z"}},{"iob":1.226,"basaliob":-0.366,"bolussnooze":0.5509,"activity":0.0175,"lastBolusTime":1703186546486,"time":"2023-12-21T20:10:59.189Z","iobWithZeroTemp":{"iob":0.751,"basaliob":-0.841,"bolussnooze":0.5509,"activity":0.0145,"lastBolusTime":1703186546486,"time":"2023-12-21T20:10:59.189Z"}},{"iob":1.139,"basaliob":-0.341,"bolussnooze":0.4549,"activity":0.0169,"lastBolusTime":1703186546486,"time":"2023-12-21T20:15:59.189Z","iobWithZeroTemp":{"iob":0.614,"basaliob":-0.866,"bolussnooze":0.4549,"activity":0.0133,"lastBolusTime":1703186546486,"time":"2023-12-21T20:15:59.189Z"}},{"iob":1.057,"basaliob":-0.317,"bolussnooze":0.3729,"activity":0.0162,"lastBolusTime":1703186546486,"time":"2023-12-21T20:20:59.189Z","iobWithZeroTemp":{"iob":0.485,"basaliob":-0.889,"bolussnooze":0.3729,"activity":0.012,"lastBolusTime":1703186546486,"time":"2023-12-21T20:20:59.189Z"}},{"iob":0.978,"basaliob":-0.293,"bolussnooze":0.3034,"activity":0.0155,"lastBolusTime":1703186546486,"time":"2023-12-21T20:25:59.189Z","iobWithZeroTemp":{"iob":0.361,"basaliob":-0.91,"bolussnooze":0.3034,"activity":0.0108,"lastBolusTime":1703186546486,"time":"2023-12-21T20:25:59.189Z"}},{"iob":0.903,"basaliob":-0.271,"bolussnooze":0.2449,"activity":0.0147,"lastBolusTime":1703186546486,"time":"2023-12-21T20:30:59.189Z","iobWithZeroTemp":{"iob":0.245,"basaliob":-0.929,"bolussnooze":0.2449,"activity":0.0094,"lastBolusTime":1703186546486,"time":"2023-12-21T20:30:59.189Z"}},{"iob":0.832,"basaliob":-0.25,"bolussnooze":0.1961,"activity":0.0138,"lastBolusTime":1703186546486,"time":"2023-12-21T20:35:59.189Z","iobWithZeroTemp":{"iob":0.135,"basaliob":-0.947,"bolussnooze":0.1961,"activity":0.0079,"lastBolusTime":1703186546486,"time":"2023-12-21T20:35:59.189Z"}},{"iob":0.765,"basaliob":-0.23,"bolussnooze":0.1556,"activity":0.013,"lastBolusTime":1703186546486,"time":"2023-12-21T20:40:59.189Z","iobWithZeroTemp":{"iob":0.032,"basaliob":-0.963,"bolussnooze":0.1556,"activity":0.0066,"lastBolusTime":1703186546486,"time":"2023-12-21T20:40:59.189Z"}},{"iob":0.701,"basaliob":-0.212,"bolussnooze":0.1224,"activity":0.0123,"lastBolusTime":1703186546486,"time":"2023-12-21T20:45:59.189Z","iobWithZeroTemp":{"iob":-0.066,"basaliob":-0.979,"bolussnooze":0.1224,"activity":0.0054,"lastBolusTime":1703186546486,"time":"2023-12-21T20:45:59.189Z"}},{"iob":0.642,"basaliob":-0.194,"bolussnooze":0.0952,"activity":0.0115,"lastBolusTime":1703186546486,"time":"2023-12-21T20:50:59.189Z","iobWithZeroTemp":{"iob":-0.156,"basaliob":-0.992,"bolussnooze":0.0952,"activity":0.0041,"lastBolusTime":1703186546486,"time":"2023-12-21T20:50:59.189Z"}},{"iob":0.587,"basaliob":-0.177,"bolussnooze":0.0732,"activity":0.0107,"lastBolusTime":1703186546486,"time":"2023-12-21T20:55:59.189Z","iobWithZeroTemp":{"iob":-0.239,"basaliob":-1.003,"bolussnooze":0.0732,"activity":0.0029,"lastBolusTime":1703186546486,"time":"2023-12-21T20:55:59.189Z"}},{"iob":0.535,"basaliob":-0.162,"bolussnooze":0.0556,"activity":0.0099,"lastBolusTime":1703186546486,"time":"2023-12-21T21:00:59.189Z","iobWithZeroTemp":{"iob":-0.318,"basaliob":-1.015,"bolussnooze":0.0556,"activity":0.0016,"lastBolusTime":1703186546486,"time":"2023-12-21T21:00:59.189Z"}},{"iob":0.487,"basaliob":-0.148,"bolussnooze":0.0416,"activity":0.0092,"lastBolusTime":1703186546486,"time":"2023-12-21T21:05:59.189Z","iobWithZeroTemp":{"iob":-0.39,"basaliob":-1.025,"bolussnooze":0.0416,"activity":5.0E-4,"lastBolusTime":1703186546486,"time":"2023-12-21T21:05:59.189Z"}},{"iob":0.443,"basaliob":-0.134,"bolussnooze":0.0306,"activity":0.0085,"lastBolusTime":1703186546486,"time":"2023-12-21T21:10:59.189Z","iobWithZeroTemp":{"iob":-0.457,"basaliob":-1.034,"bolussnooze":0.0306,"activity":-6.0E-4,"lastBolusTime":1703186546486,"time":"2023-12-21T21:10:59.189Z"}},{"iob":0.401,"basaliob":-0.122,"bolussnooze":0.022,"activity":0.0079,"lastBolusTime":1703186546486,"time":"2023-12-21T21:15:59.189Z","iobWithZeroTemp":{"iob":-0.519,"basaliob":-1.042,"bolussnooze":0.022,"activity":-0.0015,"lastBolusTime":1703186546486,"time":"2023-12-21T21:15:59.189Z"}},{"iob":0.363,"basaliob":-0.111,"bolussnooze":0.0155,"activity":0.0073,"lastBolusTime":1703186546486,"time":"2023-12-21T21:20:59.189Z","iobWithZeroTemp":{"iob":-0.576,"basaliob":-1.05,"bolussnooze":0.0155,"activity":-0.0025,"lastBolusTime":1703186546486,"time":"2023-12-21T21:20:59.189Z"}},{"iob":0.328,"basaliob":-0.1,"bolussnooze":0.0106,"activity":0.0067,"lastBolusTime":1703186546486,"time":"2023-12-21T21:25:59.189Z","iobWithZeroTemp":{"iob":-0.628,"basaliob":-1.056,"bolussnooze":0.0106,"activity":-0.0034,"lastBolusTime":1703186546486,"time":"2023-12-21T21:25:59.189Z"}},{"iob":0.296,"basaliob":-0.09,"bolussnooze":0.0069,"activity":0.0061,"lastBolusTime":1703186546486,"time":"2023-12-21T21:30:59.189Z","iobWithZeroTemp":{"iob":-0.676,"basaliob":-1.062,"bolussnooze":0.0069,"activity":-0.0043,"lastBolusTime":1703186546486,"time":"2023-12-21T21:30:59.189Z"}},{"iob":0.267,"basaliob":-0.081,"bolussnooze":0.0043,"activity":0.0057,"lastBolusTime":1703186546486,"time":"2023-12-21T21:35:59.189Z","iobWithZeroTemp":{"iob":-0.719,"basaliob":-1.067,"bolussnooze":0.0043,"activity":-0.0049,"lastBolusTime":1703186546486,"time":"2023-12-21T21:35:59.189Z"}},{"iob":0.24,"basaliob":-0.073,"bolussnooze":0.0025,"activity":0.0052,"lastBolusTime":1703186546486,"time":"2023-12-21T21:40:59.189Z","iobWithZeroTemp":{"iob":-0.759,"basaliob":-1.072,"bolussnooze":0.0025,"activity":-0.0057,"lastBolusTime":1703186546486,"time":"2023-12-21T21:40:59.189Z"}},{"iob":0.214,"basaliob":-0.066,"bolussnooze":0.0014,"activity":0.0048,"lastBolusTime":1703186546486,"time":"2023-12-21T21:45:59.189Z","iobWithZeroTemp":{"iob":-0.796,"basaliob":-1.076,"bolussnooze":0.0014,"activity":-0.0063,"lastBolusTime":1703186546486,"time":"2023-12-21T21:45:59.189Z"}},{"iob":0.192,"basaliob":-0.059,"bolussnooze":7.0E-4,"activity":0.0043,"lastBolusTime":1703186546486,"time":"2023-12-21T21:50:59.189Z","iobWithZeroTemp":{"iob":-0.829,"basaliob":-1.08,"bolussnooze":7.0E-4,"activity":-0.007,"lastBolusTime":1703186546486,"time":"2023-12-21T21:50:59.189Z"}},{"iob":0.171,"basaliob":-0.053,"bolussnooze":3.0E-4,"activity":0.0039,"lastBolusTime":1703186546486,"time":"2023-12-21T21:55:59.189Z","iobWithZeroTemp":{"iob":-0.859,"basaliob":-1.083,"bolussnooze":3.0E-4,"activity":-0.0076,"lastBolusTime":1703186546486,"time":"2023-12-21T21:55:59.189Z"}},{"iob":0.153,"basaliob":-0.047,"bolussnooze":1.0E-4,"activity":0.0036,"lastBolusTime":1703186546486,"time":"2023-12-21T22:00:59.189Z","iobWithZeroTemp":{"iob":-0.886,"basaliob":-1.086,"bolussnooze":1.0E-4,"activity":-0.0081,"lastBolusTime":1703186546486,"time":"2023-12-21T22:00:59.189Z"}},{"iob":0.135,"basaliob":-0.042,"bolussnooze":0,"activity":0.0032,"lastBolusTime":1703186546486,"time":"2023-12-21T22:05:59.189Z","iobWithZeroTemp":{"iob":-0.912,"basaliob":-1.089,"bolussnooze":0,"activity":-0.0087,"lastBolusTime":1703186546486,"time":"2023-12-21T22:05:59.189Z"}},{"iob":0.12,"basaliob":-0.037,"bolussnooze":0,"activity":0.0029,"lastBolusTime":1703186546486,"time":"2023-12-21T22:10:59.189Z","iobWithZeroTemp":{"iob":-0.934,"basaliob":-1.091,"bolussnooze":0,"activity":-0.0091,"lastBolusTime":1703186546486,"time":"2023-12-21T22:10:59.189Z"}},{"iob":0.106,"basaliob":-0.033,"bolussnooze":0,"activity":0.0027,"lastBolusTime":1703186546486,"time":"2023-12-21T22:15:59.189Z","iobWithZeroTemp":{"iob":-0.954,"basaliob":-1.093,"bolussnooze":0,"activity":-0.0095,"lastBolusTime":1703186546486,"time":"2023-12-21T22:15:59.189Z"}},{"iob":0.094,"basaliob":-0.029,"bolussnooze":0,"activity":0.0024,"lastBolusTime":1703186546486,"time":"2023-12-21T22:20:59.189Z","iobWithZeroTemp":{"iob":-0.971,"basaliob":-1.094,"bolussnooze":0,"activity":-0.0099,"lastBolusTime":1703186546486,"time":"2023-12-21T22:20:59.189Z"}},{"iob":0.082,"basaliob":-0.026,"bolussnooze":0,"activity":0.0021,"lastBolusTime":1703186546486,"time":"2023-12-21T22:25:59.189Z","iobWithZeroTemp":{"iob":-0.988,"basaliob":-1.096,"bolussnooze":0,"activity":-0.0103,"lastBolusTime":1703186546486,"time":"2023-12-21T22:25:59.189Z"}},{"iob":0.072,"basaliob":-0.023,"bolussnooze":0,"activity":0.0019,"lastBolusTime":1703186546486,"time":"2023-12-21T22:30:59.189Z","iobWithZeroTemp":{"iob":-1.003,"basaliob":-1.098,"bolussnooze":0,"activity":-0.0106,"lastBolusTime":1703186546486,"time":"2023-12-21T22:30:59.189Z"}},{"iob":0.063,"basaliob":-0.02,"bolussnooze":0,"activity":0.0018,"lastBolusTime":1703186546486,"time":"2023-12-21T22:35:59.189Z","iobWithZeroTemp":{"iob":-1.016,"basaliob":-1.099,"bolussnooze":0,"activity":-0.0108,"lastBolusTime":1703186546486,"time":"2023-12-21T22:35:59.189Z"}},{"iob":0.055,"basaliob":-0.017,"bolussnooze":0,"activity":0.0015,"lastBolusTime":1703186546486,"time":"2023-12-21T22:40:59.189Z","iobWithZeroTemp":{"iob":-1.027,"basaliob":-1.099,"bolussnooze":0,"activity":-0.0112,"lastBolusTime":1703186546486,"time":"2023-12-21T22:40:59.189Z"}},{"iob":0.048,"basaliob":-0.015,"bolussnooze":0,"activity":0.0014,"lastBolusTime":1703186546486,"time":"2023-12-21T22:45:59.189Z","iobWithZeroTemp":{"iob":-1.037,"basaliob":-1.1,"bolussnooze":0,"activity":-0.0114,"lastBolusTime":1703186546486,"time":"2023-12-21T22:45:59.189Z"}},{"iob":0.041,"basaliob":-0.013,"bolussnooze":0,"activity":0.0012,"lastBolusTime":1703186546486,"time":"2023-12-21T22:50:59.189Z","iobWithZeroTemp":{"iob":-1.047,"basaliob":-1.101,"bolussnooze":0,"activity":-0.0116,"lastBolusTime":1703186546486,"time":"2023-12-21T22:50:59.189Z"}},{"iob":0.036,"basaliob":-0.011,"bolussnooze":0,"activity":0.0011,"lastBolusTime":1703186546486,"time":"2023-12-21T22:55:59.189Z","iobWithZeroTemp":{"iob":-1.054,"basaliob":-1.101,"bolussnooze":0,"activity":-0.0118,"lastBolusTime":1703186546486,"time":"2023-12-21T22:55:59.189Z"}},{"iob":0.03,"basaliob":-0.01,"bolussnooze":0,"activity":0.001,"lastBolusTime":1703186546486,"time":"2023-12-21T23:00:59.189Z","iobWithZeroTemp":{"iob":-1.062,"basaliob":-1.102,"bolussnooze":0,"activity":-0.012,"lastBolusTime":1703186546486,"time":"2023-12-21T23:00:59.189Z"}},{"iob":0.026,"basaliob":-0.008,"bolussnooze":0,"activity":8.0E-4,"lastBolusTime":1703186546486,"time":"2023-12-21T23:05:59.189Z","iobWithZeroTemp":{"iob":-1.06,"basaliob":-1.094,"bolussnooze":0,"activity":-0.0122,"lastBolusTime":1703186546486,"time":"2023-12-21T23:05:59.189Z"}},{"iob":0.022,"basaliob":-0.007,"bolussnooze":0,"activity":8.0E-4,"lastBolusTime":1703186546486,"time":"2023-12-21T23:10:59.189Z","iobWithZeroTemp":{"iob":-1.057,"basaliob":-1.086,"bolussnooze":0,"activity":-0.0122,"lastBolusTime":1703186546486,"time":"2023-12-21T23:10:59.189Z"}},{"iob":0.018,"basaliob":-0.006,"bolussnooze":0,"activity":6.0E-4,"lastBolusTime":1703186546486,"time":"2023-12-21T23:15:59.189Z","iobWithZeroTemp":{"iob":-1.054,"basaliob":-1.078,"bolussnooze":0,"activity":-0.0124,"lastBolusTime":1703186546486,"time":"2023-12-21T23:15:59.189Z"}},{"iob":0.015,"basaliob":-0.005,"bolussnooze":0,"activity":5.0E-4,"lastBolusTime":1703186546486,"time":"2023-12-21T23:20:59.189Z","iobWithZeroTemp":{"iob":-1.051,"basaliob":-1.071,"bolussnooze":0,"activity":-0.0125,"lastBolusTime":1703186546486,"time":"2023-12-21T23:20:59.189Z"}},{"iob":0.013,"basaliob":-0.004,"bolussnooze":0,"activity":4.0E-4,"lastBolusTime":1703186546486,"time":"2023-12-21T23:25:59.189Z","iobWithZeroTemp":{"iob":-1.046,"basaliob":-1.063,"bolussnooze":0,"activity":-0.0126,"lastBolusTime":1703186546486,"time":"2023-12-21T23:25:59.189Z"}}],"profile":{"max_iob":7,"type":"current","max_daily_basal":0.8,"max_basal":5,"min_bg":80,"max_bg":90,"target_bg":85,"carb_ratio":14,"sens":57,"max_daily_safety_multiplier":9,"current_basal_safety_multiplier":8,"lgsThreshold":65,"high_temptarget_raises_sensitivity":false,"low_temptarget_lowers_sensitivity":false,"sensitivity_raises_target":false,"resistance_lowers_target":false,"adv_target_adjustments":false,"exercise_mode":false,"half_basal_exercise_target":160,"maxCOB":120,"skip_neutral_temps":false,"remainingCarbsCap":90,"enableUAM":true,"A52_risk_enable":false,"SMBInterval":3,"enableSMB_with_COB":true,"enableSMB_with_temptarget":true,"allowSMB_with_high_temptarget":true,"enableSMB_always":true,"enableSMB_after_carbs":true,"maxSMBBasalMinutes":120,"maxUAMSMBBasalMinutes":90,"bolus_increment":0.05,"carbsReqThreshold":5,"current_basal":0.8,"temptargetSet":false,"autosens_max":1.6,"autosens_min":0.6,"variable_sens":79.4,"insulinDivisor":75,"TDD":23.12212023809524},"autosens_data":{"ratio":1.0629227187049561},"meal_data":{"carbs":0,"mealCOB":0,"slopeFromMaxDeviation":0,"slopeFromMinDeviation":0.9908749999999998,"lastBolusTime":1703186546486,"lastCarbTime":0},"microBolusAllowed":true,"currentTime":1703187060580,"flatBGsDetected":false,"tdd1D":20.662500000000005,"tdd7D":21.47380952380953,"tddLast24H":22.825000000000003,"tddLast4H":5.441666666666666,"tddLast8to4H":2.458333333333333},"output":{"temp":"absolute","bg":125,"tick":"+6","eventualBG":202,"targetBG":85,"insulinReq":-0.11,"deliverAt":"2023-12-21T19:31:00.580Z","sensitivityRatio":1.0629227187049561,"variable_sens":79.4,"predBGs":{"IOB":[125,130,133,135,136,136,135,133,130,126,122,116,110,103,97,91,85,79,73,68,62,57,51,46,40,39],"ZT":[125,119,112,104,96,88,79,70,61,51,41,39,39,39,39,39,39,39,39,39,39,39,39,39,39,39,39,39,39,39,39,39,41,49,57,64,70,76,82],"UAM":[125,130,135,139,143,147,150,153,156,159,162,165,167,170,173,176,178,181,184,186,189,191,193,195,197,199,201,202,204,205,205,206,206,207,207,206,206,205,204,204,204,203,203,203,202]},"reason":"COB: 0, Dev: 72, BGI: -6, ISF: 79, CR: 14, Target: 85, minPredBG 76, minGuardBG 130, IOBpredBG 39, UAMpredBG 202; Eventual BG 202 >= 90,  insulinReq -0.11; setting 60m low temp of 0U\/h. ","COB":0,"IOB":1.949,"rate":0,"duration":60,"timestamp":"2023-12-21T19:31:00.587Z"}}