{"algorithm":"OpenAPSSMBDynamicISFPlugin","input":{"glucoseStatus":{"glucose":91,"noise":0,"delta":1,"short_avgdelta":1.39,"long_avgdelta":1.32,"date":1703150437000},"currenttemp":{"temp":"absolute","duration":15,"rate":0.8,"minutesrunning":15},"iob_data":[{"iob":0.056,"basaliob":-0.165,"bolussnooze":0,"activity":-5.0E-4,"lastBolusTime":1703150165846,"time":"2023-12-21T09:20:55.340Z","iobWithZeroTemp":{"iob":0.056,"basaliob":-0.165,"bolussnooze":0,"activity":-5.0E-4,"lastBolusTime":1703150165846,"time":"2023-12-21T09:20:55.340Z"}},{"iob":0.058,"basaliob":-0.148,"bolussnooze":0,"activity":-3.0E-4,"lastBolusTime":1703150165846,"time":"2023-12-21T09:25:55.340Z","iobWithZeroTemp":{"iob":0.021,"basaliob":-0.185,"bolussnooze":0,"activity":-3.0E-4,"lastBolusTime":1703150165846,"time":"2023-12-21T09:25:55.340Z"}},{"iob":0.058,"basaliob":-0.133,"bolussnooze":0,"activity":0,"lastBolusTime":1703150165846,"time":"2023-12-21T09:30:55.340Z","iobWithZeroTemp":{"iob":-0.024,"basaliob":-0.215,"bolussnooze":0,"activity":-2.0E-4,"lastBolusTime":1703150165846,"time":"2023-12-21T09:30:55.340Z"}},{"iob":0.058,"basaliob":-0.119,"bolussnooze":0,"activity":1.0E-4,"lastBolusTime":1703150165846,"time":"2023-12-21T09:35:55.340Z","iobWithZeroTemp":{"iob":-0.069,"basaliob":-0.246,"bolussnooze":0,"activity":-3.0E-4,"lastBolusTime":1703150165846,"time":"2023-12-21T09:35:55.340Z"}},{"iob":0.057,"basaliob":-0.107,"bolussnooze":0,"activity":2.0E-4,"lastBolusTime":1703150165846,"time":"2023-12-21T09:40:55.340Z","iobWithZeroTemp":{"iob":-0.113,"basaliob":-0.277,"bolussnooze":0,"activity":-5.0E-4,"lastBolusTime":1703150165846,"time":"2023-12-21T09:40:55.340Z"}},{"iob":0.056,"basaliob":-0.095,"bolussnooze":0,"activity":3.0E-4,"lastBolusTime":1703150165846,"time":"2023-12-21T09:45:55.340Z","iobWithZeroTemp":{"iob":-0.156,"basaliob":-0.307,"bolussnooze":0,"activity":-7.0E-4,"lastBolusTime":1703150165846,"time":"2023-12-21T09:45:55.340Z"}},{"iob":0.054,"basaliob":-0.085,"bolussnooze":0,"activity":3.0E-4,"lastBolusTime":1703150165846,"time":"2023-12-21T09:50:55.340Z","iobWithZeroTemp":{"iob":-0.198,"basaliob":-0.337,"bolussnooze":0,"activity":-0.001,"lastBolusTime":1703150165846,"time":"2023-12-21T09:50:55.340Z"}},{"iob":0.051,"basaliob":-0.076,"bolussnooze":0,"activity":4.0E-4,"lastBolusTime":1703150165846,"time":"2023-12-21T09:55:55.340Z","iobWithZeroTemp":{"iob":-0.239,"basaliob":-0.366,"bolussnooze":0,"activity":-0.0013,"lastBolusTime":1703150165846,"time":"2023-12-21T09:55:55.340Z"}},{"iob":0.05,"basaliob":-0.067,"bolussnooze":0,"activity":5.0E-4,"lastBolusTime":1703150165846,"time":"2023-12-21T10:00:55.340Z","iobWithZeroTemp":{"iob":-0.276,"basaliob":-0.393,"bolussnooze":0,"activity":-0.0016,"lastBolusTime":1703150165846,"time":"2023-12-21T10:00:55.340Z"}},{"iob":0.048,"basaliob":-0.059,"bolussnooze":0,"activity":5.0E-4,"lastBolusTime":1703150165846,"time":"2023-12-21T10:05:55.340Z","iobWithZeroTemp":{"iob":-0.313,"basaliob":-0.42,"bolussnooze":0,"activity":-0.002,"lastBolusTime":1703150165846,"time":"2023-12-21T10:05:55.340Z"}},{"iob":0.045,"basaliob":-0.052,"bolussnooze":0,"activity":5.0E-4,"lastBolusTime":1703150165846,"time":"2023-12-21T10:10:55.340Z","iobWithZeroTemp":{"iob":-0.348,"basaliob":-0.445,"bolussnooze":0,"activity":-0.0024,"lastBolusTime":1703150165846,"time":"2023-12-21T10:10:55.340Z"}},{"iob":0.043,"basaliob":-0.046,"bolussnooze":0,"activity":5.0E-4,"lastBolusTime":1703150165846,"time":"2023-12-21T10:15:55.340Z","iobWithZeroTemp":{"iob":-0.381,"basaliob":-0.47,"bolussnooze":0,"activity":-0.0028,"lastBolusTime":1703150165846,"time":"2023-12-21T10:15:55.340Z"}},{"iob":0.04,"basaliob":-0.041,"bolussnooze":0,"activity":5.0E-4,"lastBolusTime":1703150165846,"time":"2023-12-21T10:20:55.340Z","iobWithZeroTemp":{"iob":-0.412,"basaliob":-0.493,"bolussnooze":0,"activity":-0.0032,"lastBolusTime":1703150165846,"time":"2023-12-21T10:20:55.340Z"}},{"iob":0.037,"basaliob":-0.036,"bolussnooze":0,"activity":5.0E-4,"lastBolusTime":1703150165846,"time":"2023-12-21T10:25:55.340Z","iobWithZeroTemp":{"iob":-0.442,"basaliob":-0.515,"bolussnooze":0,"activity":-0.0035,"lastBolusTime":1703150165846,"time":"2023-12-21T10:25:55.340Z"}},{"iob":0.035,"basaliob":-0.031,"bolussnooze":0,"activity":5.0E-4,"lastBolusTime":1703150165846,"time":"2023-12-21T10:30:55.340Z","iobWithZeroTemp":{"iob":-0.469,"basaliob":-0.535,"bolussnooze":0,"activity":-0.0039,"lastBolusTime":1703150165846,"time":"2023-12-21T10:30:55.340Z"}},{"iob":0.033,"basaliob":-0.027,"bolussnooze":0,"activity":4.0E-4,"lastBolusTime":1703150165846,"time":"2023-12-21T10:35:55.340Z","iobWithZeroTemp":{"iob":-0.494,"basaliob":-0.554,"bolussnooze":0,"activity":-0.0043,"lastBolusTime":1703150165846,"time":"2023-12-21T10:35:55.340Z"}},{"iob":0.03,"basaliob":-0.024,"bolussnooze":0,"activity":4.0E-4,"lastBolusTime":1703150165846,"time":"2023-12-21T10:40:55.340Z","iobWithZeroTemp":{"iob":-0.518,"basaliob":-0.572,"bolussnooze":0,"activity":-0.0047,"lastBolusTime":1703150165846,"time":"2023-12-21T10:40:55.340Z"}},{"iob":0.029,"basaliob":-0.02,"bolussnooze":0,"activity":4.0E-4,"lastBolusTime":1703150165846,"time":"2023-12-21T10:45:55.340Z","iobWithZeroTemp":{"iob":-0.539,"basaliob":-0.588,"bolussnooze":0,"activity":-0.005,"lastBolusTime":1703150165846,"time":"2023-12-21T10:45:55.340Z"}},{"iob":0.026,"basaliob":-0.018,"bolussnooze":0,"activity":4.0E-4,"lastBolusTime":1703150165846,"time":"2023-12-21T10:50:55.340Z","iobWithZeroTemp":{"iob":-0.56,"basaliob":-0.604,"bolussnooze":0,"activity":-0.0053,"lastBolusTime":1703150165846,"time":"2023-12-21T10:50:55.340Z"}},{"iob":0.024,"basaliob":-0.015,"bolussnooze":0,"activity":3.0E-4,"lastBolusTime":1703150165846,"time":"2023-12-21T10:55:55.340Z","iobWithZeroTemp":{"iob":-0.579,"basaliob":-0.618,"bolussnooze":0,"activity":-0.0057,"lastBolusTime":1703150165846,"time":"2023-12-21T10:55:55.340Z"}},{"iob":0.022,"basaliob":-0.013,"bolussnooze":0,"activity":4.0E-4,"lastBolusTime":1703150165846,"time":"2023-12-21T11:00:55.340Z","iobWithZeroTemp":{"iob":-0.596,"basaliob":-0.631,"bolussnooze":0,"activity":-0.0058,"lastBolusTime":1703150165846,"time":"2023-12-21T11:00:55.340Z"}},{"iob":0.021,"basaliob":-0.011,"bolussnooze":0,"activity":3.0E-4,"lastBolusTime":1703150165846,"time":"2023-12-21T11:05:55.340Z","iobWithZeroTemp":{"iob":-0.612,"basaliob":-0.644,"bolussnooze":0,"activity":-0.0062,"lastBolusTime":1703150165846,"time":"2023-12-21T11:05:55.340Z"}},{"iob":0.019,"basaliob":-0.009,"bolussnooze":0,"activity":3.0E-4,"lastBolusTime":1703150165846,"time":"2023-12-21T11:10:55.340Z","iobWithZeroTemp":{"iob":-0.626,"basaliob":-0.654,"bolussnooze":0,"activity":-0.0064,"lastBolusTime":1703150165846,"time":"2023-12-21T11:10:55.340Z"}},{"iob":0.017,"basaliob":-0.008,"bolussnooze":0,"activity":3.0E-4,"lastBolusTime":1703150165846,"time":"2023-12-21T11:15:55.340Z","iobWithZeroTemp":{"iob":-0.64,"basaliob":-0.665,"bolussnooze":0,"activity":-0.0066,"lastBolusTime":1703150165846,"time":"2023-12-21T11:15:55.340Z"}},{"iob":0.016,"basaliob":-0.006,"bolussnooze":0,"activity":3.0E-4,"lastBolusTime":1703150165846,"time":"2023-12-21T11:20:55.340Z","iobWithZeroTemp":{"iob":-0.652,"basaliob":-0.674,"bolussnooze":0,"activity":-0.0068,"lastBolusTime":1703150165846,"time":"2023-12-21T11:20:55.340Z"}},{"iob":0.015,"basaliob":-0.005,"bolussnooze":0,"activity":3.0E-4,"lastBolusTime":1703150165846,"time":"2023-12-21T11:25:55.340Z","iobWithZeroTemp":{"iob":-0.663,"basaliob":-0.683,"bolussnooze":0,"activity":-0.007,"lastBolusTime":1703150165846,"time":"2023-12-21T11:25:55.340Z"}},{"iob":0.014,"basaliob":-0.004,"bolussnooze":0,"activity":2.0E-4,"lastBolusTime":1703150165846,"time":"2023-12-21T11:30:55.340Z","iobWithZeroTemp":{"iob":-0.673,"basaliob":-0.691,"bolussnooze":0,"activity":-0.0073,"lastBolusTime":1703150165846,"time":"2023-12-21T11:30:55.340Z"}},{"iob":0.013,"basaliob":-0.003,"bolussnooze":0,"activity":2.0E-4,"lastBolusTime":1703150165846,"time":"2023-12-21T11:35:55.340Z","iobWithZeroTemp":{"iob":-0.682,"basaliob":-0.698,"bolussnooze":0,"activity":-0.0074,"lastBolusTime":1703150165846,"time":"2023-12-21T11:35:55.340Z"}},{"iob":0.011,"basaliob":-0.003,"bolussnooze":0,"activity":2.0E-4,"lastBolusTime":1703150165846,"time":"2023-12-21T11:40:55.340Z","iobWithZeroTemp":{"iob":-0.691,"basaliob":-0.705,"bolussnooze":0,"activity":-0.0076,"lastBolusTime":1703150165846,"time":"2023-12-21T11:40:55.340Z"}},{"iob":0.011,"basaliob":-0.002,"bolussnooze":0,"activity":2.0E-4,"lastBolusTime":1703150165846,"time":"2023-12-21T11:45:55.340Z","iobWithZeroTemp":{"iob":-0.697,"basaliob":-0.71,"bolussnooze":0,"activity":-0.0077,"lastBolusTime":1703150165846,"time":"2023-12-21T11:45:55.340Z"}},{"iob":0.009,"basaliob":-0.002,"bolussnooze":0,"activity":2.0E-4,"lastBolusTime":1703150165846,"time":"2023-12-21T11:50:55.340Z","iobWithZeroTemp":{"iob":-0.705,"basaliob":-0.716,"bolussnooze":0,"activity":-0.0079,"lastBolusTime":1703150165846,"time":"2023-12-21T11:50:55.340Z"}},{"iob":0.009,"basaliob":-0.001,"bolussnooze":0,"activity":1.0E-4,"lastBolusTime":1703150165846,"time":"2023-12-21T11:55:55.340Z","iobWithZeroTemp":{"iob":-0.711,"basaliob":-0.721,"bolussnooze":0,"activity":-0.0081,"lastBolusTime":1703150165846,"time":"2023-12-21T11:55:55.340Z"}},{"iob":0.008,"basaliob":-0.001,"bolussnooze":0,"activity":1.0E-4,"lastBolusTime":1703150165846,"time":"2023-12-21T12:00:55.340Z","iobWithZeroTemp":{"iob":-0.716,"basaliob":-0.725,"bolussnooze":0,"activity":-0.0082,"lastBolusTime":1703150165846,"time":"2023-12-21T12:00:55.340Z"}},{"iob":0.007,"basaliob":-0.001,"bolussnooze":0,"activity":1.0E-4,"lastBolusTime":1703150165846,"time":"2023-12-21T12:05:55.340Z","iobWithZeroTemp":{"iob":-0.726,"basaliob":-0.734,"bolussnooze":0,"activity":-0.0083,"lastBolusTime":1703150165846,"time":"2023-12-21T12:05:55.340Z"}},{"iob":0.007,"basaliob":0,"bolussnooze":0,"activity":2.0E-4,"lastBolusTime":1703150165846,"time":"2023-12-21T12:10:55.340Z","iobWithZeroTemp":{"iob":-0.734,"basaliob":-0.741,"bolussnooze":0,"activity":-0.0083,"lastBolusTime":1703150165846,"time":"2023-12-21T12:10:55.340Z"}},{"iob":0.006,"basaliob":0,"bolussnooze":0,"activity":2.0E-4,"lastBolusTime":1703150165846,"time":"2023-12-21T12:15:55.340Z","iobWithZeroTemp":{"iob":-0.742,"basaliob":-0.748,"bolussnooze":0,"activity":-0.0084,"lastBolusTime":1703150165846,"time":"2023-12-21T12:15:55.340Z"}},{"iob":0.005,"basaliob":0,"bolussnooze":0,"activity":1.0E-4,"lastBolusTime":1703150165846,"time":"2023-12-21T12:20:55.340Z","iobWithZeroTemp":{"iob":-0.75,"basaliob":-0.755,"bolussnooze":0,"activity":-0.0086,"lastBolusTime":1703150165846,"time":"2023-12-21T12:20:55.340Z"}},{"iob":0.005,"basaliob":0,"bolussnooze":0,"activity":1.0E-4,"lastBolusTime":1703150165846,"time":"2023-12-21T12:25:55.340Z","iobWithZeroTemp":{"iob":-0.756,"basaliob":-0.761,"bolussnooze":0,"activity":-0.0087,"lastBolusTime":1703150165846,"time":"2023-12-21T12:25:55.340Z"}},{"iob":0.004,"basaliob":0,"bolussnooze":0,"activity":1.0E-4,"lastBolusTime":1703150165846,"time":"2023-12-21T12:30:55.340Z","iobWithZeroTemp":{"iob":-0.763,"basaliob":-0.767,"bolussnooze":0,"activity":-0.0088,"lastBolusTime":1703150165846,"time":"2023-12-21T12:30:55.340Z"}},{"iob":0.004,"basaliob":0,"bolussnooze":0,"activity":1.0E-4,"lastBolusTime":1703150165846,"time":"2023-12-21T12:35:55.340Z","iobWithZeroTemp":{"iob":-0.769,"basaliob":-0.773,"bolussnooze":0,"activity":-0.0088,"lastBolusTime":1703150165846,"time":"2023-12-21T12:35:55.340Z"}},{"iob":0.003,"basaliob":0,"bolussnooze":0,"activity":1.0E-4,"lastBolusTime":1703150165846,"time":"2023-12-21T12:40:55.340Z","iobWithZeroTemp":{"iob":-0.775,"basaliob":-0.778,"bolussnooze":0,"activity":-0.0089,"lastBolusTime":1703150165846,"time":"2023-12-21T12:40:55.340Z"}},{"iob":0.003,"basaliob":0,"bolussnooze":0,"activity":1.0E-4,"lastBolusTime":1703150165846,"time":"2023-12-21T12:45:55.340Z","iobWithZeroTemp":{"iob":-0.78,"basaliob":-0.783,"bolussnooze":0,"activity":-0.009,"lastBolusTime":1703150165846,"time":"2023-12-21T12:45:55.340Z"}},{"iob":0.002,"basaliob":0,"bolussnooze":0,"activity":1.0E-4,"lastBolusTime":1703150165846,"time":"2023-12-21T12:50:55.340Z","iobWithZeroTemp":{"iob":-0.785,"basaliob":-0.787,"bolussnooze":0,"activity":-0.0091,"lastBolusTime":1703150165846,"time":"2023-12-21T12:50:55.340Z"}},{"iob":0.002,"basaliob":0,"bolussnooze":0,"activity":1.0E-4,"lastBolusTime":1703150165846,"time":"2023-12-21T12:55:55.340Z","iobWithZeroTemp":{"iob":-0.789,"basaliob":-0.791,"bolussnooze":0,"activity":-0.0091,"lastBolusTime":1703150165846,"time":"2023-12-21T12:55:55.340Z"}},{"iob":0.002,"basaliob":0,"bolussnooze":0,"activity":1.0E-4,"lastBolusTime":1703150165846,"time":"2023-12-21T13:00:55.340Z","iobWithZeroTemp":{"iob":-0.793,"basaliob":-0.795,"bolussnooze":0,"activity":-0.0092,"lastBolusTime":1703150165846,"time":"2023-12-21T13:00:55.340Z"}},{"iob":0.001,"basaliob":0,"bolussnooze":0,"activity":0,"lastBolusTime":1703150165846,"time":"2023-12-21T13:05:55.340Z","iobWithZeroTemp":{"iob":-0.797,"basaliob":-0.798,"bolussnooze":0,"activity":-0.0094,"lastBolusTime":1703150165846,"time":"2023-12-21T13:05:55.340Z"}},{"iob":0.001,"basaliob":0,"bolussnooze":0,"activity":0,"lastBolusTime":1703150165846,"time":"2023-12-21T13:10:55.340Z","iobWithZeroTemp":{"iob":-0.8,"basaliob":-0.801,"bolussnooze":0,"activity":-0.0094,"lastBolusTime":1703150165846,"time":"2023-12-21T13:10:55.340Z"}},{"iob":0.001,"basaliob":0,"bolussnooze":0,"activity":0,"lastBolusTime":1703150165846,"time":"2023-12-21T13:15:55.340Z","iobWithZeroTemp":{"iob":-0.803,"basaliob":-0.804,"bolussnooze":0,"activity":-0.0095,"lastBolusTime":1703150165846,"time":"2023-12-21T13:15:55.340Z"}}],"profile":{"max_iob":7,"type":"current","max_daily_basal":0.8,"max_basal":4.4,"min_bg":90,"max_bg":90,"target_bg":90,"carb_ratio":16,"sens":57,"max_daily_safety_multiplier":9,"current_basal_safety_multiplier":8,"lgsThreshold":65,"high_temptarget_raises_sensitivity":false,"low_temptarget_lowers_sensitivity":false,"sensitivity_raises_target":false,"resistance_lowers_target":false,"adv_target_adjustments":false,"exercise_mode":false,"half_basal_exercise_target":160,"maxCOB":120,"skip_neutral_temps":false,"remainingCarbsCap":90,"enableUAM":true,"A52_risk_enable":false,"SMBInterval":3,"enableSMB_with_COB":true,"enableSMB_with_temptarget":true,"allowSMB_with_high_temptarget":true,"enableSMB_always":true,"enableSMB_after_carbs":true,"maxSMBBasalMinutes":120,"maxUAMSMBBasalMinutes":90,"bolus_increment":0.05,"carbsReqThreshold":5,"current_basal":0.55,"temptargetSet":false,"autosens_max":1.6,"autosens_min":0.6,"variable_sens":105.6,"insulinDivisor":75,"TDD":21.46057023809524},"autosens_data":{"ratio":1.013637875595964},"meal_data":{"carbs":0,"mealCOB":0,"slopeFromMaxDeviation":0,"slopeFromMinDeviation":0.4402222222222222,"lastBolusTime":1703150165846,"lastCarbTime":0},"microBolusAllowed":true,"currentTime":1703150456935,"flatBGsDetected":false,"tdd1D":20.662500000000005,"tdd7D":21.47380952380953,"tddLast24H":21.766666666666673,"tddLast4H":3,"tddLast8to4H":5.358333333333334},"output":{"temp":"absolute","bg":91,"tick":"+1","eventualBG":89,"targetBG":90,"insulinReq":0,"deliverAt":"2023-12-21T09:20:56.935Z","sensitivityRatio":1.013637875595964,"variable_sens":105.6,"predBGs":{"IOB":[91,92,93,93,94,94,94,94,94,94,94,94,94,93,93,93,93,92,92,92,92,92,91,91,91,91,91,91,91,90,90,90,90,90,90,90,90,90,90,90,90,90,90,90,89],"ZT":[91,91,91,92,92,92,92,93,94,94],"UAM":[91,92,92,93,93,93,92,92,92,92,92,91,91,91,91,90,90,90,90,89,89,89,89,89,89,88,88,88,88,88,88,88,88,88,88,87]},"reason":"COB: 0, Dev: 4, BGI: 0, ISF: 106, CR: 16, Target: 90, minPredBG 89, minGuardBG 87, IOBpredBG 89, UAMpredBG 87; Eventual BG 89 < 90, setting 0.52U\/hr. ","COB":0,"IOB":0.056,"duration":30,"rate":0.5175008315777803,"timestamp":"2023-12-21T09:20:56.944Z"}}