{"algorithm":"OpenAPSSMBDynamicISFPlugin","input":{"glucoseStatus":{"glucose":107,"noise":0,"delta":4,"short_avgdelta":4,"long_avgdelta":3.82,"date":1703139336000},"currenttemp":{"temp":"absolute","duration":25,"rate":0.2,"minutesrunning":5},"iob_data":[{"iob":0.542,"basaliob":-0.364,"bolussnooze":0.0012,"activity":0.0042,"lastBolusTime":1703139087093,"time":"2023-12-21T06:16:08.803Z","iobWithZeroTemp":{"iob":0.542,"basaliob":-0.364,"bolussnooze":0.0012,"activity":0.0042,"lastBolusTime":1703139087093,"time":"2023-12-21T06:16:08.803Z"}},{"iob":0.519,"basaliob":-0.337,"bolussnooze":7.0E-4,"activity":0.0047,"lastBolusTime":1703139087093,"time":"2023-12-21T06:21:08.803Z","iobWithZeroTemp":{"iob":0.482,"basaliob":-0.374,"bolussnooze":7.0E-4,"activity":0.0047,"lastBolusTime":1703139087093,"time":"2023-12-21T06:21:08.803Z"}},{"iob":0.495,"basaliob":-0.311,"bolussnooze":4.0E-4,"activity":0.0049,"lastBolusTime":1703139087093,"time":"2023-12-21T06:26:08.803Z","iobWithZeroTemp":{"iob":0.413,"basaliob":-0.393,"bolussnooze":4.0E-4,"activity":0.0047,"lastBolusTime":1703139087093,"time":"2023-12-21T06:26:08.803Z"}},{"iob":0.469,"basaliob":-0.287,"bolussnooze":2.0E-4,"activity":0.0051,"lastBolusTime":1703139087093,"time":"2023-12-21T06:31:08.803Z","iobWithZeroTemp":{"iob":0.342,"basaliob":-0.414,"bolussnooze":2.0E-4,"activity":0.0047,"lastBolusTime":1703139087093,"time":"2023-12-21T06:31:08.803Z"}},{"iob":0.444,"basaliob":-0.263,"bolussnooze":1.0E-4,"activity":0.0052,"lastBolusTime":1703139087093,"time":"2023-12-21T06:36:08.803Z","iobWithZeroTemp":{"iob":0.274,"basaliob":-0.433,"bolussnooze":1.0E-4,"activity":0.0045,"lastBolusTime":1703139087093,"time":"2023-12-21T06:36:08.803Z"}},{"iob":0.417,"basaliob":-0.242,"bolussnooze":0,"activity":0.0052,"lastBolusTime":1703139087093,"time":"2023-12-21T06:41:08.803Z","iobWithZeroTemp":{"iob":0.205,"basaliob":-0.454,"bolussnooze":0,"activity":0.0042,"lastBolusTime":1703139087093,"time":"2023-12-21T06:41:08.803Z"}},{"iob":0.392,"basaliob":-0.221,"bolussnooze":0,"activity":0.0051,"lastBolusTime":1703139087093,"time":"2023-12-21T06:46:08.803Z","iobWithZeroTemp":{"iob":0.14,"basaliob":-0.473,"bolussnooze":0,"activity":0.0038,"lastBolusTime":1703139087093,"time":"2023-12-21T06:46:08.803Z"}},{"iob":0.366,"basaliob":-0.202,"bolussnooze":0,"activity":0.005,"lastBolusTime":1703139087093,"time":"2023-12-21T06:51:08.803Z","iobWithZeroTemp":{"iob":0.076,"basaliob":-0.492,"bolussnooze":0,"activity":0.0033,"lastBolusTime":1703139087093,"time":"2023-12-21T06:51:08.803Z"}},{"iob":0.342,"basaliob":-0.184,"bolussnooze":0,"activity":0.0049,"lastBolusTime":1703139087093,"time":"2023-12-21T06:56:08.803Z","iobWithZeroTemp":{"iob":0.016,"basaliob":-0.51,"bolussnooze":0,"activity":0.0028,"lastBolusTime":1703139087093,"time":"2023-12-21T06:56:08.803Z"}},{"iob":0.318,"basaliob":-0.167,"bolussnooze":0,"activity":0.0047,"lastBolusTime":1703139087093,"time":"2023-12-21T07:01:08.803Z","iobWithZeroTemp":{"iob":-0.043,"basaliob":-0.528,"bolussnooze":0,"activity":0.0022,"lastBolusTime":1703139087093,"time":"2023-12-21T07:01:08.803Z"}},{"iob":0.294,"basaliob":-0.152,"bolussnooze":0,"activity":0.0045,"lastBolusTime":1703139087093,"time":"2023-12-21T07:06:08.803Z","iobWithZeroTemp":{"iob":-0.099,"basaliob":-0.545,"bolussnooze":0,"activity":0.0016,"lastBolusTime":1703139087093,"time":"2023-12-21T07:06:08.803Z"}},{"iob":0.272,"basaliob":-0.138,"bolussnooze":0,"activity":0.0043,"lastBolusTime":1703139087093,"time":"2023-12-21T07:11:08.803Z","iobWithZeroTemp":{"iob":-0.152,"basaliob":-0.562,"bolussnooze":0,"activity":0.001,"lastBolusTime":1703139087093,"time":"2023-12-21T07:11:08.803Z"}},{"iob":0.253,"basaliob":-0.123,"bolussnooze":0,"activity":0.0041,"lastBolusTime":1703139087093,"time":"2023-12-21T07:16:08.803Z","iobWithZeroTemp":{"iob":-0.199,"basaliob":-0.575,"bolussnooze":0,"activity":4.0E-4,"lastBolusTime":1703139087093,"time":"2023-12-21T07:16:08.803Z"}},{"iob":0.232,"basaliob":-0.112,"bolussnooze":0,"activity":0.0039,"lastBolusTime":1703139087093,"time":"2023-12-21T07:21:08.803Z","iobWithZeroTemp":{"iob":-0.247,"basaliob":-0.591,"bolussnooze":0,"activity":-1.0E-4,"lastBolusTime":1703139087093,"time":"2023-12-21T07:21:08.803Z"}},{"iob":0.213,"basaliob":-0.101,"bolussnooze":0,"activity":0.0037,"lastBolusTime":1703139087093,"time":"2023-12-21T07:26:08.803Z","iobWithZeroTemp":{"iob":-0.291,"basaliob":-0.605,"bolussnooze":0,"activity":-7.0E-4,"lastBolusTime":1703139087093,"time":"2023-12-21T07:26:08.803Z"}},{"iob":0.195,"basaliob":-0.091,"bolussnooze":0,"activity":0.0035,"lastBolusTime":1703139087093,"time":"2023-12-21T07:31:08.803Z","iobWithZeroTemp":{"iob":-0.332,"basaliob":-0.618,"bolussnooze":0,"activity":-0.0012,"lastBolusTime":1703139087093,"time":"2023-12-21T07:31:08.803Z"}},{"iob":0.179,"basaliob":-0.082,"bolussnooze":0,"activity":0.0032,"lastBolusTime":1703139087093,"time":"2023-12-21T07:36:08.803Z","iobWithZeroTemp":{"iob":-0.369,"basaliob":-0.63,"bolussnooze":0,"activity":-0.0019,"lastBolusTime":1703139087093,"time":"2023-12-21T07:36:08.803Z"}},{"iob":0.164,"basaliob":-0.073,"bolussnooze":0,"activity":0.003,"lastBolusTime":1703139087093,"time":"2023-12-21T07:41:08.803Z","iobWithZeroTemp":{"iob":-0.404,"basaliob":-0.641,"bolussnooze":0,"activity":-0.0024,"lastBolusTime":1703139087093,"time":"2023-12-21T07:41:08.803Z"}},{"iob":0.148,"basaliob":-0.066,"bolussnooze":0,"activity":0.0027,"lastBolusTime":1703139087093,"time":"2023-12-21T07:46:08.803Z","iobWithZeroTemp":{"iob":-0.438,"basaliob":-0.652,"bolussnooze":0,"activity":-0.003,"lastBolusTime":1703139087093,"time":"2023-12-21T07:46:08.803Z"}},{"iob":0.135,"basaliob":-0.059,"bolussnooze":0,"activity":0.0026,"lastBolusTime":1703139087093,"time":"2023-12-21T07:51:08.803Z","iobWithZeroTemp":{"iob":-0.468,"basaliob":-0.662,"bolussnooze":0,"activity":-0.0034,"lastBolusTime":1703139087093,"time":"2023-12-21T07:51:08.803Z"}},{"iob":0.123,"basaliob":-0.052,"bolussnooze":0,"activity":0.0024,"lastBolusTime":1703139087093,"time":"2023-12-21T07:56:08.803Z","iobWithZeroTemp":{"iob":-0.495,"basaliob":-0.67,"bolussnooze":0,"activity":-0.0038,"lastBolusTime":1703139087093,"time":"2023-12-21T07:56:08.803Z"}},{"iob":0.111,"basaliob":-0.047,"bolussnooze":0,"activity":0.0022,"lastBolusTime":1703139087093,"time":"2023-12-21T08:01:08.803Z","iobWithZeroTemp":{"iob":-0.522,"basaliob":-0.68,"bolussnooze":0,"activity":-0.0043,"lastBolusTime":1703139087093,"time":"2023-12-21T08:01:08.803Z"}},{"iob":0.101,"basaliob":-0.041,"bolussnooze":0,"activity":0.002,"lastBolusTime":1703139087093,"time":"2023-12-21T08:06:08.803Z","iobWithZeroTemp":{"iob":-0.544,"basaliob":-0.686,"bolussnooze":0,"activity":-0.0047,"lastBolusTime":1703139087093,"time":"2023-12-21T08:06:08.803Z"}},{"iob":0.091,"basaliob":-0.037,"bolussnooze":0,"activity":0.0018,"lastBolusTime":1703139087093,"time":"2023-12-21T08:11:08.803Z","iobWithZeroTemp":{"iob":-0.566,"basaliob":-0.694,"bolussnooze":0,"activity":-0.0051,"lastBolusTime":1703139087093,"time":"2023-12-21T08:11:08.803Z"}},{"iob":0.083,"basaliob":-0.032,"bolussnooze":0,"activity":0.0017,"lastBolusTime":1703139087093,"time":"2023-12-21T08:16:08.803Z","iobWithZeroTemp":{"iob":-0.585,"basaliob":-0.7,"bolussnooze":0,"activity":-0.0054,"lastBolusTime":1703139087093,"time":"2023-12-21T08:16:08.803Z"}},{"iob":0.074,"basaliob":-0.029,"bolussnooze":0,"activity":0.0016,"lastBolusTime":1703139087093,"time":"2023-12-21T08:21:08.803Z","iobWithZeroTemp":{"iob":-0.604,"basaliob":-0.707,"bolussnooze":0,"activity":-0.0057,"lastBolusTime":1703139087093,"time":"2023-12-21T08:21:08.803Z"}},{"iob":0.067,"basaliob":-0.025,"bolussnooze":0,"activity":0.0014,"lastBolusTime":1703139087093,"time":"2023-12-21T08:26:08.803Z","iobWithZeroTemp":{"iob":-0.62,"basaliob":-0.712,"bolussnooze":0,"activity":-0.0061,"lastBolusTime":1703139087093,"time":"2023-12-21T08:26:08.803Z"}},{"iob":0.06,"basaliob":-0.022,"bolussnooze":0,"activity":0.0013,"lastBolusTime":1703139087093,"time":"2023-12-21T08:31:08.803Z","iobWithZeroTemp":{"iob":-0.635,"basaliob":-0.717,"bolussnooze":0,"activity":-0.0063,"lastBolusTime":1703139087093,"time":"2023-12-21T08:31:08.803Z"}},{"iob":0.054,"basaliob":-0.019,"bolussnooze":0,"activity":0.0012,"lastBolusTime":1703139087093,"time":"2023-12-21T08:36:08.803Z","iobWithZeroTemp":{"iob":-0.648,"basaliob":-0.721,"bolussnooze":0,"activity":-0.0066,"lastBolusTime":1703139087093,"time":"2023-12-21T08:36:08.803Z"}},{"iob":0.048,"basaliob":-0.017,"bolussnooze":0,"activity":0.001,"lastBolusTime":1703139087093,"time":"2023-12-21T08:41:08.803Z","iobWithZeroTemp":{"iob":-0.66,"basaliob":-0.725,"bolussnooze":0,"activity":-0.0069,"lastBolusTime":1703139087093,"time":"2023-12-21T08:41:08.803Z"}},{"iob":0.043,"basaliob":-0.015,"bolussnooze":0,"activity":0.001,"lastBolusTime":1703139087093,"time":"2023-12-21T08:46:08.803Z","iobWithZeroTemp":{"iob":-0.671,"basaliob":-0.729,"bolussnooze":0,"activity":-0.0071,"lastBolusTime":1703139087093,"time":"2023-12-21T08:46:08.803Z"}},{"iob":0.039,"basaliob":-0.013,"bolussnooze":0,"activity":8.0E-4,"lastBolusTime":1703139087093,"time":"2023-12-21T08:51:08.803Z","iobWithZeroTemp":{"iob":-0.681,"basaliob":-0.733,"bolussnooze":0,"activity":-0.0074,"lastBolusTime":1703139087093,"time":"2023-12-21T08:51:08.803Z"}},{"iob":0.035,"basaliob":-0.011,"bolussnooze":0,"activity":8.0E-4,"lastBolusTime":1703139087093,"time":"2023-12-21T08:56:08.803Z","iobWithZeroTemp":{"iob":-0.689,"basaliob":-0.735,"bolussnooze":0,"activity":-0.0075,"lastBolusTime":1703139087093,"time":"2023-12-21T08:56:08.803Z"}},{"iob":0.032,"basaliob":-0.009,"bolussnooze":0,"activity":7.0E-4,"lastBolusTime":1703139087093,"time":"2023-12-21T09:01:08.803Z","iobWithZeroTemp":{"iob":-0.697,"basaliob":-0.738,"bolussnooze":0,"activity":-0.0077,"lastBolusTime":1703139087093,"time":"2023-12-21T09:01:08.803Z"}},{"iob":0.028,"basaliob":-0.008,"bolussnooze":0,"activity":7.0E-4,"lastBolusTime":1703139087093,"time":"2023-12-21T09:06:08.803Z","iobWithZeroTemp":{"iob":-0.704,"basaliob":-0.74,"bolussnooze":0,"activity":-0.0078,"lastBolusTime":1703139087093,"time":"2023-12-21T09:06:08.803Z"}},{"iob":0.025,"basaliob":-0.007,"bolussnooze":0,"activity":6.0E-4,"lastBolusTime":1703139087093,"time":"2023-12-21T09:11:08.803Z","iobWithZeroTemp":{"iob":-0.711,"basaliob":-0.743,"bolussnooze":0,"activity":-0.0079,"lastBolusTime":1703139087093,"time":"2023-12-21T09:11:08.803Z"}},{"iob":0.022,"basaliob":-0.006,"bolussnooze":0,"activity":5.0E-4,"lastBolusTime":1703139087093,"time":"2023-12-21T09:16:08.803Z","iobWithZeroTemp":{"iob":-0.717,"basaliob":-0.745,"bolussnooze":0,"activity":-0.0081,"lastBolusTime":1703139087093,"time":"2023-12-21T09:16:08.803Z"}},{"iob":0.02,"basaliob":-0.005,"bolussnooze":0,"activity":4.0E-4,"lastBolusTime":1703139087093,"time":"2023-12-21T09:21:08.803Z","iobWithZeroTemp":{"iob":-0.721,"basaliob":-0.746,"bolussnooze":0,"activity":-0.0083,"lastBolusTime":1703139087093,"time":"2023-12-21T09:21:08.803Z"}},{"iob":0.018,"basaliob":-0.004,"bolussnooze":0,"activity":5.0E-4,"lastBolusTime":1703139087093,"time":"2023-12-21T09:26:08.803Z","iobWithZeroTemp":{"iob":-0.726,"basaliob":-0.748,"bolussnooze":0,"activity":-0.0082,"lastBolusTime":1703139087093,"time":"2023-12-21T09:26:08.803Z"}},{"iob":0.015,"basaliob":-0.004,"bolussnooze":0,"activity":4.0E-4,"lastBolusTime":1703139087093,"time":"2023-12-21T09:31:08.803Z","iobWithZeroTemp":{"iob":-0.731,"basaliob":-0.75,"bolussnooze":0,"activity":-0.0084,"lastBolusTime":1703139087093,"time":"2023-12-21T09:31:08.803Z"}},{"iob":0.013,"basaliob":-0.003,"bolussnooze":0,"activity":4.0E-4,"lastBolusTime":1703139087093,"time":"2023-12-21T09:36:08.803Z","iobWithZeroTemp":{"iob":-0.735,"basaliob":-0.751,"bolussnooze":0,"activity":-0.0084,"lastBolusTime":1703139087093,"time":"2023-12-21T09:36:08.803Z"}},{"iob":0.011,"basaliob":-0.003,"bolussnooze":0,"activity":3.0E-4,"lastBolusTime":1703139087093,"time":"2023-12-21T09:41:08.803Z","iobWithZeroTemp":{"iob":-0.738,"basaliob":-0.752,"bolussnooze":0,"activity":-0.0086,"lastBolusTime":1703139087093,"time":"2023-12-21T09:41:08.803Z"}},{"iob":0.01,"basaliob":-0.002,"bolussnooze":0,"activity":3.0E-4,"lastBolusTime":1703139087093,"time":"2023-12-21T09:46:08.803Z","iobWithZeroTemp":{"iob":-0.741,"basaliob":-0.753,"bolussnooze":0,"activity":-0.0086,"lastBolusTime":1703139087093,"time":"2023-12-21T09:46:08.803Z"}},{"iob":0.009,"basaliob":-0.002,"bolussnooze":0,"activity":2.0E-4,"lastBolusTime":1703139087093,"time":"2023-12-21T09:51:08.803Z","iobWithZeroTemp":{"iob":-0.743,"basaliob":-0.754,"bolussnooze":0,"activity":-0.0087,"lastBolusTime":1703139087093,"time":"2023-12-21T09:51:08.803Z"}},{"iob":0.008,"basaliob":-0.001,"bolussnooze":0,"activity":3.0E-4,"lastBolusTime":1703139087093,"time":"2023-12-21T09:56:08.803Z","iobWithZeroTemp":{"iob":-0.745,"basaliob":-0.754,"bolussnooze":0,"activity":-0.0087,"lastBolusTime":1703139087093,"time":"2023-12-21T09:56:08.803Z"}},{"iob":0.007,"basaliob":-0.001,"bolussnooze":0,"activity":3.0E-4,"lastBolusTime":1703139087093,"time":"2023-12-21T10:01:08.803Z","iobWithZeroTemp":{"iob":-0.747,"basaliob":-0.755,"bolussnooze":0,"activity":-0.0087,"lastBolusTime":1703139087093,"time":"2023-12-21T10:01:08.803Z"}},{"iob":0.006,"basaliob":-0.001,"bolussnooze":0,"activity":2.0E-4,"lastBolusTime":1703139087093,"time":"2023-12-21T10:06:08.803Z","iobWithZeroTemp":{"iob":-0.749,"basaliob":-0.756,"bolussnooze":0,"activity":-0.0088,"lastBolusTime":1703139087093,"time":"2023-12-21T10:06:08.803Z"}},{"iob":0.005,"basaliob":-0.001,"bolussnooze":0,"activity":2.0E-4,"lastBolusTime":1703139087093,"time":"2023-12-21T10:11:08.803Z","iobWithZeroTemp":{"iob":-0.751,"basaliob":-0.757,"bolussnooze":0,"activity":-0.0088,"lastBolusTime":1703139087093,"time":"2023-12-21T10:11:08.803Z"}}],"profile":{"max_iob":7,"type":"current","max_daily_basal":0.8,"max_basal":4.4,"min_bg":90,"max_bg":90,"target_bg":90,"carb_ratio":16,"sens":57,"max_daily_safety_multiplier":9,"current_basal_safety_multiplier":8,"lgsThreshold":65,"high_temptarget_raises_sensitivity":false,"low_temptarget_lowers_sensitivity":false,"sensitivity_raises_target":false,"resistance_lowers_target":false,"adv_target_adjustments":false,"exercise_mode":false,"half_basal_exercise_target":160,"maxCOB":120,"skip_neutral_temps":false,"remainingCarbsCap":90,"enableUAM":true,"A52_risk_enable":false,"SMBInterval":3,"enableSMB_with_COB":true,"enableSMB_with_temptarget":true,"allowSMB_with_high_temptarget":true,"enableSMB_always":true,"enableSMB_after_carbs":true,"maxSMBBasalMinutes":120,"maxUAMSMBBasalMinutes":90,"bolus_increment":0.05,"carbsReqThreshold":5,"current_basal":0.55,"temptargetSet":false,"autosens_max":1.6,"autosens_min":0.6,"variable_sens":85.1,"insulinDivisor":75,"TDD":23.86379523809524},"autosens_data":{"ratio":0.9866670362567912},"meal_data":{"carbs":0,"mealCOB":0,"slopeFromMaxDeviation":-0.030090909090909043,"slopeFromMinDeviation":0.5157142857142858,"lastBolusTime":1703139087093,"lastCarbTime":0},"microBolusAllowed":true,"currentTime":1703139370472,"flatBGsDetected":false,"tdd1D":20.662500000000005,"tdd7D":21.47380952380953,"tddLast24H":21.187500000000004,"tddLast4H":4.8625,"tddLast8to4H":5.058333333333333},"output":{"temp":"absolute","bg":107,"tick":"+4","eventualBG":161,"targetBG":90,"insulinReq":0.43,"deliverAt":"2023-12-21T06:16:10.472Z","sensitivityRatio":0.9866670362567912,"variable_sens":85.1,"predBGs":{"IOB":[107,111,113,116,118,119,120,120,120,120,119,117,116,114,112,111,109,108,107,106,105,104,103,102,101,100,99,99,98,98,97,97,96,96,96,95,95,95,95,94,94,94,94,94,94,94,93],"ZT":[107,105,103,101,99,97,95,93,92,91,89,89,88,88,88,88,89,90],"UAM":[107,111,114,118,121,124,126,129,131,134,136,139,141,143,145,147,148,150,152,153,155,156,157,159,160,161,161,162,163,163,163,163,163,163,163,163,162,162,162,162,162,162,162,162,161]},"reason":"COB: 0, Dev: 35, BGI: -2, ISF: 85, CR: 16, Target: 90, minPredBG 127, minGuardBG 111, IOBpredBG 93, UAMpredBG 161; Eventual BG 161 >= 90,  insulinReq 0.43; setting 30m low temp of 0.31U\/h. Microbolusing 0.2U. ","COB":0,"IOB":0.542,"units":0.2,"rate":0.31,"duration":30,"timestamp":"2023-12-21T06:16:10.480Z"}}