{"algorithm":"OpenAPSSMBDynamicISFPlugin","input":{"glucoseStatus":{"glucose":98,"noise":0,"delta":5,"short_avgdelta":4.5,"long_avgdelta":2.35,"date":1703115939000},"currenttemp":{"temp":"absolute","duration":20,"rate":1.05,"minutesrunning":10},"iob_data":[{"iob":0.316,"basaliob":-0.038,"bolussnooze":0.1492,"activity":3.0E-4,"lastBolusTime":1703115817223,"time":"2023-12-20T23:45:56.936Z","iobWithZeroTemp":{"iob":0.316,"basaliob":-0.038,"bolussnooze":0.1492,"activity":3.0E-4,"lastBolusTime":1703115817223,"time":"2023-12-20T23:45:56.936Z"}},{"iob":0.313,"basaliob":-0.03,"bolussnooze":0.1433,"activity":9.0E-4,"lastBolusTime":1703115817223,"time":"2023-12-20T23:50:56.936Z","iobWithZeroTemp":{"iob":0.266,"basaliob":-0.077,"bolussnooze":0.1433,"activity":9.0E-4,"lastBolusTime":1703115817223,"time":"2023-12-20T23:50:56.936Z"}},{"iob":0.307,"basaliob":-0.023,"bolussnooze":0.1334,"activity":0.0015,"lastBolusTime":1703115817223,"time":"2023-12-20T23:55:56.936Z","iobWithZeroTemp":{"iob":0.203,"basaliob":-0.127,"bolussnooze":0.1334,"activity":0.0013,"lastBolusTime":1703115817223,"time":"2023-12-20T23:55:56.936Z"}},{"iob":0.298,"basaliob":-0.017,"bolussnooze":0.1215,"activity":0.0019,"lastBolusTime":1703115817223,"time":"2023-12-21T00:00:56.936Z","iobWithZeroTemp":{"iob":0.137,"basaliob":-0.178,"bolussnooze":0.1215,"activity":0.0014,"lastBolusTime":1703115817223,"time":"2023-12-21T00:00:56.936Z"}},{"iob":0.288,"basaliob":-0.012,"bolussnooze":0.1087,"activity":0.0022,"lastBolusTime":1703115817223,"time":"2023-12-21T00:05:56.936Z","iobWithZeroTemp":{"iob":0.072,"basaliob":-0.228,"bolussnooze":0.1087,"activity":0.0014,"lastBolusTime":1703115817223,"time":"2023-12-21T00:05:56.936Z"}},{"iob":0.277,"basaliob":-0.007,"bolussnooze":0.0958,"activity":0.0024,"lastBolusTime":1703115817223,"time":"2023-12-21T00:10:56.936Z","iobWithZeroTemp":{"iob":0.008,"basaliob":-0.276,"bolussnooze":0.0958,"activity":0.0012,"lastBolusTime":1703115817223,"time":"2023-12-21T00:10:56.936Z"}},{"iob":0.264,"basaliob":-0.004,"bolussnooze":0.0834,"activity":0.0025,"lastBolusTime":1703115817223,"time":"2023-12-21T00:15:56.936Z","iobWithZeroTemp":{"iob":-0.056,"basaliob":-0.324,"bolussnooze":0.0834,"activity":8.0E-4,"lastBolusTime":1703115817223,"time":"2023-12-21T00:15:56.936Z"}},{"iob":0.251,"basaliob":-0.001,"bolussnooze":0.0719,"activity":0.0027,"lastBolusTime":1703115817223,"time":"2023-12-21T00:20:56.936Z","iobWithZeroTemp":{"iob":-0.118,"basaliob":-0.37,"bolussnooze":0.0719,"activity":5.0E-4,"lastBolusTime":1703115817223,"time":"2023-12-21T00:20:56.936Z"}},{"iob":0.238,"basaliob":0.002,"bolussnooze":0.0614,"activity":0.0027,"lastBolusTime":1703115817223,"time":"2023-12-21T00:25:56.936Z","iobWithZeroTemp":{"iob":-0.178,"basaliob":-0.414,"bolussnooze":0.0614,"activity":0,"lastBolusTime":1703115817223,"time":"2023-12-21T00:25:56.936Z"}},{"iob":0.225,"basaliob":0.004,"bolussnooze":0.0519,"activity":0.0027,"lastBolusTime":1703115817223,"time":"2023-12-21T00:30:56.936Z","iobWithZeroTemp":{"iob":-0.234,"basaliob":-0.455,"bolussnooze":0.0519,"activity":-5.0E-4,"lastBolusTime":1703115817223,"time":"2023-12-21T00:30:56.936Z"}},{"iob":0.211,"basaliob":0.005,"bolussnooze":0.0436,"activity":0.0027,"lastBolusTime":1703115817223,"time":"2023-12-21T00:35:56.936Z","iobWithZeroTemp":{"iob":-0.29,"basaliob":-0.496,"bolussnooze":0.0436,"activity":-0.001,"lastBolusTime":1703115817223,"time":"2023-12-21T00:35:56.936Z"}},{"iob":0.197,"basaliob":0.006,"bolussnooze":0.0363,"activity":0.0026,"lastBolusTime":1703115817223,"time":"2023-12-21T00:40:56.936Z","iobWithZeroTemp":{"iob":-0.343,"basaliob":-0.534,"bolussnooze":0.0363,"activity":-0.0016,"lastBolusTime":1703115817223,"time":"2023-12-21T00:40:56.936Z"}},{"iob":0.184,"basaliob":0.007,"bolussnooze":0.03,"activity":0.0025,"lastBolusTime":1703115817223,"time":"2023-12-21T00:45:56.936Z","iobWithZeroTemp":{"iob":-0.392,"basaliob":-0.569,"bolussnooze":0.03,"activity":-0.0021,"lastBolusTime":1703115817223,"time":"2023-12-21T00:45:56.936Z"}},{"iob":0.172,"basaliob":0.008,"bolussnooze":0.0246,"activity":0.0025,"lastBolusTime":1703115817223,"time":"2023-12-21T00:50:56.936Z","iobWithZeroTemp":{"iob":-0.438,"basaliob":-0.602,"bolussnooze":0.0246,"activity":-0.0026,"lastBolusTime":1703115817223,"time":"2023-12-21T00:50:56.936Z"}},{"iob":0.159,"basaliob":0.008,"bolussnooze":0.0201,"activity":0.0024,"lastBolusTime":1703115817223,"time":"2023-12-21T00:55:56.936Z","iobWithZeroTemp":{"iob":-0.482,"basaliob":-0.633,"bolussnooze":0.0201,"activity":-0.0032,"lastBolusTime":1703115817223,"time":"2023-12-21T00:55:56.936Z"}},{"iob":0.148,"basaliob":0.009,"bolussnooze":0.0162,"activity":0.0023,"lastBolusTime":1703115817223,"time":"2023-12-21T01:00:56.936Z","iobWithZeroTemp":{"iob":-0.523,"basaliob":-0.662,"bolussnooze":0.0162,"activity":-0.0037,"lastBolusTime":1703115817223,"time":"2023-12-21T01:00:56.936Z"}},{"iob":0.137,"basaliob":0.009,"bolussnooze":0.013,"activity":0.0022,"lastBolusTime":1703115817223,"time":"2023-12-21T01:05:56.936Z","iobWithZeroTemp":{"iob":-0.561,"basaliob":-0.689,"bolussnooze":0.013,"activity":-0.0042,"lastBolusTime":1703115817223,"time":"2023-12-21T01:05:56.936Z"}},{"iob":0.126,"basaliob":0.009,"bolussnooze":0.0103,"activity":0.002,"lastBolusTime":1703115817223,"time":"2023-12-21T01:10:56.936Z","iobWithZeroTemp":{"iob":-0.597,"basaliob":-0.714,"bolussnooze":0.0103,"activity":-0.0048,"lastBolusTime":1703115817223,"time":"2023-12-21T01:10:56.936Z"}},{"iob":0.116,"basaliob":0.009,"bolussnooze":0.0081,"activity":0.0019,"lastBolusTime":1703115817223,"time":"2023-12-21T01:15:56.936Z","iobWithZeroTemp":{"iob":-0.63,"basaliob":-0.737,"bolussnooze":0.0081,"activity":-0.0053,"lastBolusTime":1703115817223,"time":"2023-12-21T01:15:56.936Z"}},{"iob":0.107,"basaliob":0.009,"bolussnooze":0.0063,"activity":0.0018,"lastBolusTime":1703115817223,"time":"2023-12-21T01:20:56.936Z","iobWithZeroTemp":{"iob":-0.661,"basaliob":-0.759,"bolussnooze":0.0063,"activity":-0.0058,"lastBolusTime":1703115817223,"time":"2023-12-21T01:20:56.936Z"}},{"iob":0.098,"basaliob":0.008,"bolussnooze":0.0049,"activity":0.0018,"lastBolusTime":1703115817223,"time":"2023-12-21T01:25:56.936Z","iobWithZeroTemp":{"iob":-0.689,"basaliob":-0.779,"bolussnooze":0.0049,"activity":-0.0061,"lastBolusTime":1703115817223,"time":"2023-12-21T01:25:56.936Z"}},{"iob":0.09,"basaliob":0.008,"bolussnooze":0.0037,"activity":0.0016,"lastBolusTime":1703115817223,"time":"2023-12-21T01:30:56.936Z","iobWithZeroTemp":{"iob":-0.715,"basaliob":-0.797,"bolussnooze":0.0037,"activity":-0.0066,"lastBolusTime":1703115817223,"time":"2023-12-21T01:30:56.936Z"}},{"iob":0.082,"basaliob":0.008,"bolussnooze":0.0028,"activity":0.0015,"lastBolusTime":1703115817223,"time":"2023-12-21T01:35:56.936Z","iobWithZeroTemp":{"iob":-0.739,"basaliob":-0.813,"bolussnooze":0.0028,"activity":-0.007,"lastBolusTime":1703115817223,"time":"2023-12-21T01:35:56.936Z"}},{"iob":0.074,"basaliob":0.007,"bolussnooze":0.002,"activity":0.0014,"lastBolusTime":1703115817223,"time":"2023-12-21T01:40:56.936Z","iobWithZeroTemp":{"iob":-0.762,"basaliob":-0.829,"bolussnooze":0.002,"activity":-0.0074,"lastBolusTime":1703115817223,"time":"2023-12-21T01:40:56.936Z"}},{"iob":0.068,"basaliob":0.007,"bolussnooze":0.0015,"activity":0.0013,"lastBolusTime":1703115817223,"time":"2023-12-21T01:45:56.936Z","iobWithZeroTemp":{"iob":-0.782,"basaliob":-0.843,"bolussnooze":0.0015,"activity":-0.0078,"lastBolusTime":1703115817223,"time":"2023-12-21T01:45:56.936Z"}},{"iob":0.062,"basaliob":0.007,"bolussnooze":0.001,"activity":0.0012,"lastBolusTime":1703115817223,"time":"2023-12-21T01:50:56.936Z","iobWithZeroTemp":{"iob":-0.8,"basaliob":-0.855,"bolussnooze":0.001,"activity":-0.0081,"lastBolusTime":1703115817223,"time":"2023-12-21T01:50:56.936Z"}},{"iob":0.056,"basaliob":0.006,"bolussnooze":7.0E-4,"activity":0.0011,"lastBolusTime":1703115817223,"time":"2023-12-21T01:55:56.936Z","iobWithZeroTemp":{"iob":-0.818,"basaliob":-0.868,"bolussnooze":7.0E-4,"activity":-0.0084,"lastBolusTime":1703115817223,"time":"2023-12-21T01:55:56.936Z"}},{"iob":0.051,"basaliob":0.006,"bolussnooze":4.0E-4,"activity":0.001,"lastBolusTime":1703115817223,"time":"2023-12-21T02:00:56.936Z","iobWithZeroTemp":{"iob":-0.833,"basaliob":-0.878,"bolussnooze":4.0E-4,"activity":-0.0087,"lastBolusTime":1703115817223,"time":"2023-12-21T02:00:56.936Z"}},{"iob":0.047,"basaliob":0.006,"bolussnooze":3.0E-4,"activity":0.001,"lastBolusTime":1703115817223,"time":"2023-12-21T02:05:56.936Z","iobWithZeroTemp":{"iob":-0.846,"basaliob":-0.887,"bolussnooze":3.0E-4,"activity":-0.0089,"lastBolusTime":1703115817223,"time":"2023-12-21T02:05:56.936Z"}},{"iob":0.041,"basaliob":0.005,"bolussnooze":1.0E-4,"activity":9.0E-4,"lastBolusTime":1703115817223,"time":"2023-12-21T02:10:56.936Z","iobWithZeroTemp":{"iob":-0.861,"basaliob":-0.897,"bolussnooze":1.0E-4,"activity":-0.0092,"lastBolusTime":1703115817223,"time":"2023-12-21T02:10:56.936Z"}},{"iob":0.038,"basaliob":0.005,"bolussnooze":1.0E-4,"activity":8.0E-4,"lastBolusTime":1703115817223,"time":"2023-12-21T02:15:56.936Z","iobWithZeroTemp":{"iob":-0.871,"basaliob":-0.904,"bolussnooze":1.0E-4,"activity":-0.0094,"lastBolusTime":1703115817223,"time":"2023-12-21T02:15:56.936Z"}},{"iob":0.033,"basaliob":0.004,"bolussnooze":0,"activity":7.0E-4,"lastBolusTime":1703115817223,"time":"2023-12-21T02:20:56.936Z","iobWithZeroTemp":{"iob":-0.883,"basaliob":-0.912,"bolussnooze":0,"activity":-0.0097,"lastBolusTime":1703115817223,"time":"2023-12-21T02:20:56.936Z"}},{"iob":0.03,"basaliob":0.004,"bolussnooze":0,"activity":7.0E-4,"lastBolusTime":1703115817223,"time":"2023-12-21T02:25:56.936Z","iobWithZeroTemp":{"iob":-0.892,"basaliob":-0.918,"bolussnooze":0,"activity":-0.0098,"lastBolusTime":1703115817223,"time":"2023-12-21T02:25:56.936Z"}},{"iob":0.027,"basaliob":0.004,"bolussnooze":0,"activity":6.0E-4,"lastBolusTime":1703115817223,"time":"2023-12-21T02:30:56.936Z","iobWithZeroTemp":{"iob":-0.9,"basaliob":-0.923,"bolussnooze":0,"activity":-0.01,"lastBolusTime":1703115817223,"time":"2023-12-21T02:30:56.936Z"}},{"iob":0.024,"basaliob":0.003,"bolussnooze":0,"activity":6.0E-4,"lastBolusTime":1703115817223,"time":"2023-12-21T02:35:56.936Z","iobWithZeroTemp":{"iob":-0.908,"basaliob":-0.929,"bolussnooze":0,"activity":-0.0102,"lastBolusTime":1703115817223,"time":"2023-12-21T02:35:56.936Z"}},{"iob":0.022,"basaliob":0.003,"bolussnooze":0,"activity":5.0E-4,"lastBolusTime":1703115817223,"time":"2023-12-21T02:40:56.936Z","iobWithZeroTemp":{"iob":-0.914,"basaliob":-0.933,"bolussnooze":0,"activity":-0.0104,"lastBolusTime":1703115817223,"time":"2023-12-21T02:40:56.936Z"}},{"iob":0.019,"basaliob":0.003,"bolussnooze":0,"activity":5.0E-4,"lastBolusTime":1703115817223,"time":"2023-12-21T02:45:56.936Z","iobWithZeroTemp":{"iob":-0.921,"basaliob":-0.937,"bolussnooze":0,"activity":-0.0104,"lastBolusTime":1703115817223,"time":"2023-12-21T02:45:56.936Z"}},{"iob":0.017,"basaliob":0.002,"bolussnooze":0,"activity":5.0E-4,"lastBolusTime":1703115817223,"time":"2023-12-21T02:50:56.936Z","iobWithZeroTemp":{"iob":-0.927,"basaliob":-0.942,"bolussnooze":0,"activity":-0.0105,"lastBolusTime":1703115817223,"time":"2023-12-21T02:50:56.936Z"}},{"iob":0.015,"basaliob":0.002,"bolussnooze":0,"activity":4.0E-4,"lastBolusTime":1703115817223,"time":"2023-12-21T02:55:56.936Z","iobWithZeroTemp":{"iob":-0.932,"basaliob":-0.945,"bolussnooze":0,"activity":-0.0107,"lastBolusTime":1703115817223,"time":"2023-12-21T02:55:56.936Z"}},{"iob":0.013,"basaliob":0.002,"bolussnooze":0,"activity":3.0E-4,"lastBolusTime":1703115817223,"time":"2023-12-21T03:00:56.936Z","iobWithZeroTemp":{"iob":-0.936,"basaliob":-0.947,"bolussnooze":0,"activity":-0.0109,"lastBolusTime":1703115817223,"time":"2023-12-21T03:00:56.936Z"}},{"iob":0.012,"basaliob":0.002,"bolussnooze":0,"activity":3.0E-4,"lastBolusTime":1703115817223,"time":"2023-12-21T03:05:56.936Z","iobWithZeroTemp":{"iob":-0.94,"basaliob":-0.95,"bolussnooze":0,"activity":-0.0109,"lastBolusTime":1703115817223,"time":"2023-12-21T03:05:56.936Z"}},{"iob":0.011,"basaliob":0.002,"bolussnooze":0,"activity":2.0E-4,"lastBolusTime":1703115817223,"time":"2023-12-21T03:10:56.936Z","iobWithZeroTemp":{"iob":-0.943,"basaliob":-0.952,"bolussnooze":0,"activity":-0.0111,"lastBolusTime":1703115817223,"time":"2023-12-21T03:10:56.936Z"}},{"iob":0.009,"basaliob":0.001,"bolussnooze":0,"activity":2.0E-4,"lastBolusTime":1703115817223,"time":"2023-12-21T03:15:56.936Z","iobWithZeroTemp":{"iob":-0.947,"basaliob":-0.955,"bolussnooze":0,"activity":-0.0111,"lastBolusTime":1703115817223,"time":"2023-12-21T03:15:56.936Z"}},{"iob":0.008,"basaliob":0.001,"bolussnooze":0,"activity":2.0E-4,"lastBolusTime":1703115817223,"time":"2023-12-21T03:20:56.936Z","iobWithZeroTemp":{"iob":-0.949,"basaliob":-0.956,"bolussnooze":0,"activity":-0.0112,"lastBolusTime":1703115817223,"time":"2023-12-21T03:20:56.936Z"}},{"iob":0.007,"basaliob":0.001,"bolussnooze":0,"activity":2.0E-4,"lastBolusTime":1703115817223,"time":"2023-12-21T03:25:56.936Z","iobWithZeroTemp":{"iob":-0.952,"basaliob":-0.958,"bolussnooze":0,"activity":-0.0112,"lastBolusTime":1703115817223,"time":"2023-12-21T03:25:56.936Z"}},{"iob":0.006,"basaliob":0.001,"bolussnooze":0,"activity":1.0E-4,"lastBolusTime":1703115817223,"time":"2023-12-21T03:30:56.936Z","iobWithZeroTemp":{"iob":-0.954,"basaliob":-0.959,"bolussnooze":0,"activity":-0.0114,"lastBolusTime":1703115817223,"time":"2023-12-21T03:30:56.936Z"}},{"iob":0.005,"basaliob":0.001,"bolussnooze":0,"activity":1.0E-4,"lastBolusTime":1703115817223,"time":"2023-12-21T03:35:56.936Z","iobWithZeroTemp":{"iob":-0.956,"basaliob":-0.96,"bolussnooze":0,"activity":-0.0114,"lastBolusTime":1703115817223,"time":"2023-12-21T03:35:56.936Z"}},{"iob":0.005,"basaliob":0.001,"bolussnooze":0,"activity":1.0E-4,"lastBolusTime":1703115817223,"time":"2023-12-21T03:40:56.936Z","iobWithZeroTemp":{"iob":-0.957,"basaliob":-0.961,"bolussnooze":0,"activity":-0.0114,"lastBolusTime":1703115817223,"time":"2023-12-21T03:40:56.936Z"}}],"profile":{"max_iob":7,"type":"current","max_daily_basal":0.8,"max_basal":5,"min_bg":80,"max_bg":90,"target_bg":85,"carb_ratio":14,"sens":57,"max_daily_safety_multiplier":9,"current_basal_safety_multiplier":8,"lgsThreshold":65,"high_temptarget_raises_sensitivity":false,"low_temptarget_lowers_sensitivity":false,"sensitivity_raises_target":false,"resistance_lowers_target":false,"adv_target_adjustments":false,"exercise_mode":false,"half_basal_exercise_target":160,"maxCOB":120,"skip_neutral_temps":false,"remainingCarbsCap":90,"enableUAM":true,"A52_risk_enable":false,"SMBInterval":3,"enableSMB_with_COB":true,"enableSMB_with_temptarget":true,"allowSMB_with_high_temptarget":true,"enableSMB_always":true,"enableSMB_after_carbs":true,"maxSMBBasalMinutes":120,"maxUAMSMBBasalMinutes":90,"bolus_increment":0.05,"carbsReqThreshold":5,"current_basal":0.7,"temptargetSet":false,"autosens_max":1.6,"autosens_min":0.6,"variable_sens":99.1,"insulinDivisor":75,"TDD":21.724110714285718},"autosens_data":{"ratio":0.9910945778378982},"meal_data":{"carbs":0,"mealCOB":0,"slopeFromMaxDeviation":0,"slopeFromMinDeviation":0.5207777777777777,"lastBolusTime":1703115817223,"lastCarbTime":0},"microBolusAllowed":true,"currentTime":1703115958397,"flatBGsDetected":false,"tdd1D":21.666666666666675,"tdd7D":21.121428571428574,"tddLast24H":20.933333333333323,"tddLast4H":3.5999999999999996,"tddLast8to4H":4.045833333333333},"output":{"temp":"absolute","bg":98,"tick":"+5","eventualBG":133,"targetBG":85,"insulinReq":0.29,"deliverAt":"2023-12-20T23:45:58.397Z","sensitivityRatio":0.9910945778378982,"variable_sens":99.1,"predBGs":{"IOB":[98,102,106,108,111,112,114,115,115,115,114,114,112,111,110,109,108,107,106,105,104,103,103,102,101,101,100,100,99,99,98,98,97,97,97,96,96,96,96,96,95],"ZT":[98,98,97,97,96,95,95,94,94,94,94],"UAM":[98,102,106,110,113,116,118,121,123,125,127,128,130,131,133,134,135,136,136,137,137,138,138,138,138,138,138,137,137,137,136,136,136,135,135,135,135,134,134,134,134,134,134,134,134,133]},"reason":"COB: 0, Dev: 28, BGI: 0, ISF: 99, CR: 14, Target: 85, minPredBG 114, minGuardBG 102, IOBpredBG 95, UAMpredBG 133; Eventual BG 133 >= 90,  insulinReq 0.29; setting 30m low temp of 0.07U\/h. Waiting 1m 36s to microbolus again. ","COB":0,"IOB":0.316,"rate":0.07,"duration":30,"timestamp":"2023-12-20T23:45:58.403Z"}}