{"algorithm":"OpenAPSSMBDynamicISFPlugin","input":{"glucoseStatus":{"glucose":96,"noise":0,"delta":-10,"short_avgdelta":-9,"long_avgdelta":-5.64,"date":1703125539000},"currenttemp":{"temp":"absolute","duration":80,"rate":0,"minutesrunning":40},"iob_data":[{"iob":0.567,"basaliob":-0.673,"bolussnooze":0.3276,"activity":0.0115,"lastBolusTime":1703123025877,"time":"2023-12-21T02:26:02.986Z","iobWithZeroTemp":{"iob":0.567,"basaliob":-0.673,"bolussnooze":0.3276,"activity":0.0115,"lastBolusTime":1703123025877,"time":"2023-12-21T02:26:02.986Z"}},{"iob":0.511,"basaliob":-0.639,"bolussnooze":0.2713,"activity":0.0105,"lastBolusTime":1703123025877,"time":"2023-12-21T02:31:02.986Z","iobWithZeroTemp":{"iob":0.464,"basaliob":-0.686,"bolussnooze":0.2713,"activity":0.0105,"lastBolusTime":1703123025877,"time":"2023-12-21T02:31:02.986Z"}},{"iob":0.461,"basaliob":-0.603,"bolussnooze":0.2231,"activity":0.0096,"lastBolusTime":1703123025877,"time":"2023-12-21T02:36:02.986Z","iobWithZeroTemp":{"iob":0.357,"basaliob":-0.707,"bolussnooze":0.2231,"activity":0.0094,"lastBolusTime":1703123025877,"time":"2023-12-21T02:36:02.986Z"}},{"iob":0.415,"basaliob":-0.568,"bolussnooze":0.1821,"activity":0.0088,"lastBolusTime":1703123025877,"time":"2023-12-21T02:41:02.986Z","iobWithZeroTemp":{"iob":0.254,"basaliob":-0.729,"bolussnooze":0.1821,"activity":0.0083,"lastBolusTime":1703123025877,"time":"2023-12-21T02:41:02.986Z"}},{"iob":0.373,"basaliob":-0.532,"bolussnooze":0.1475,"activity":0.008,"lastBolusTime":1703123025877,"time":"2023-12-21T02:46:02.986Z","iobWithZeroTemp":{"iob":0.157,"basaliob":-0.748,"bolussnooze":0.1475,"activity":0.0072,"lastBolusTime":1703123025877,"time":"2023-12-21T02:46:02.986Z"}},{"iob":0.334,"basaliob":-0.498,"bolussnooze":0.1185,"activity":0.0073,"lastBolusTime":1703123025877,"time":"2023-12-21T02:51:02.986Z","iobWithZeroTemp":{"iob":0.065,"basaliob":-0.767,"bolussnooze":0.1185,"activity":0.0061,"lastBolusTime":1703123025877,"time":"2023-12-21T02:51:02.986Z"}},{"iob":0.3,"basaliob":-0.464,"bolussnooze":0.0944,"activity":0.0066,"lastBolusTime":1703123025877,"time":"2023-12-21T02:56:02.986Z","iobWithZeroTemp":{"iob":-0.02,"basaliob":-0.784,"bolussnooze":0.0944,"activity":0.0049,"lastBolusTime":1703123025877,"time":"2023-12-21T02:56:02.986Z"}},{"iob":0.268,"basaliob":-0.431,"bolussnooze":0.0745,"activity":0.0061,"lastBolusTime":1703123025877,"time":"2023-12-21T03:01:02.986Z","iobWithZeroTemp":{"iob":-0.101,"basaliob":-0.8,"bolussnooze":0.0745,"activity":0.0039,"lastBolusTime":1703123025877,"time":"2023-12-21T03:01:02.986Z"}},{"iob":0.239,"basaliob":-0.4,"bolussnooze":0.0582,"activity":0.0055,"lastBolusTime":1703123025877,"time":"2023-12-21T03:06:02.986Z","iobWithZeroTemp":{"iob":-0.177,"basaliob":-0.816,"bolussnooze":0.0582,"activity":0.0028,"lastBolusTime":1703123025877,"time":"2023-12-21T03:06:02.986Z"}},{"iob":0.213,"basaliob":-0.37,"bolussnooze":0.045,"activity":0.0049,"lastBolusTime":1703123025877,"time":"2023-12-21T03:11:02.986Z","iobWithZeroTemp":{"iob":-0.246,"basaliob":-0.829,"bolussnooze":0.045,"activity":0.0017,"lastBolusTime":1703123025877,"time":"2023-12-21T03:11:02.986Z"}},{"iob":0.189,"basaliob":-0.341,"bolussnooze":0.0343,"activity":0.0045,"lastBolusTime":1703123025877,"time":"2023-12-21T03:16:02.986Z","iobWithZeroTemp":{"iob":-0.312,"basaliob":-0.842,"bolussnooze":0.0343,"activity":8.0E-4,"lastBolusTime":1703123025877,"time":"2023-12-21T03:16:02.986Z"}},{"iob":0.168,"basaliob":-0.314,"bolussnooze":0.0258,"activity":0.004,"lastBolusTime":1703123025877,"time":"2023-12-21T03:21:02.986Z","iobWithZeroTemp":{"iob":-0.372,"basaliob":-0.854,"bolussnooze":0.0258,"activity":-2.0E-4,"lastBolusTime":1703123025877,"time":"2023-12-21T03:21:02.986Z"}},{"iob":0.148,"basaliob":-0.289,"bolussnooze":0.0191,"activity":0.0037,"lastBolusTime":1703123025877,"time":"2023-12-21T03:26:02.986Z","iobWithZeroTemp":{"iob":-0.428,"basaliob":-0.865,"bolussnooze":0.0191,"activity":-9.0E-4,"lastBolusTime":1703123025877,"time":"2023-12-21T03:26:02.986Z"}},{"iob":0.131,"basaliob":-0.265,"bolussnooze":0.0138,"activity":0.0034,"lastBolusTime":1703123025877,"time":"2023-12-21T03:31:02.986Z","iobWithZeroTemp":{"iob":-0.479,"basaliob":-0.875,"bolussnooze":0.0138,"activity":-0.0017,"lastBolusTime":1703123025877,"time":"2023-12-21T03:31:02.986Z"}},{"iob":0.115,"basaliob":-0.242,"bolussnooze":0.0098,"activity":0.003,"lastBolusTime":1703123025877,"time":"2023-12-21T03:36:02.986Z","iobWithZeroTemp":{"iob":-0.526,"basaliob":-0.883,"bolussnooze":0.0098,"activity":-0.0026,"lastBolusTime":1703123025877,"time":"2023-12-21T03:36:02.986Z"}},{"iob":0.101,"basaliob":-0.221,"bolussnooze":0.0067,"activity":0.0026,"lastBolusTime":1703123025877,"time":"2023-12-21T03:41:02.986Z","iobWithZeroTemp":{"iob":-0.57,"basaliob":-0.892,"bolussnooze":0.0067,"activity":-0.0034,"lastBolusTime":1703123025877,"time":"2023-12-21T03:41:02.986Z"}},{"iob":0.088,"basaliob":-0.202,"bolussnooze":0.0045,"activity":0.0024,"lastBolusTime":1703123025877,"time":"2023-12-21T03:46:02.986Z","iobWithZeroTemp":{"iob":-0.61,"basaliob":-0.9,"bolussnooze":0.0045,"activity":-0.004,"lastBolusTime":1703123025877,"time":"2023-12-21T03:46:02.986Z"}},{"iob":0.078,"basaliob":-0.183,"bolussnooze":0.0028,"activity":0.0021,"lastBolusTime":1703123025877,"time":"2023-12-21T03:51:02.986Z","iobWithZeroTemp":{"iob":-0.645,"basaliob":-0.906,"bolussnooze":0.0028,"activity":-0.0047,"lastBolusTime":1703123025877,"time":"2023-12-21T03:51:02.986Z"}},{"iob":0.067,"basaliob":-0.167,"bolussnooze":0.0017,"activity":0.002,"lastBolusTime":1703123025877,"time":"2023-12-21T03:56:02.986Z","iobWithZeroTemp":{"iob":-0.679,"basaliob":-0.913,"bolussnooze":0.0017,"activity":-0.0052,"lastBolusTime":1703123025877,"time":"2023-12-21T03:56:02.986Z"}},{"iob":0.058,"basaliob":-0.151,"bolussnooze":9.0E-4,"activity":0.0017,"lastBolusTime":1703123025877,"time":"2023-12-21T04:01:02.986Z","iobWithZeroTemp":{"iob":-0.71,"basaliob":-0.919,"bolussnooze":9.0E-4,"activity":-0.0059,"lastBolusTime":1703123025877,"time":"2023-12-21T04:01:02.986Z"}},{"iob":0.05,"basaliob":-0.137,"bolussnooze":5.0E-4,"activity":0.0015,"lastBolusTime":1703123025877,"time":"2023-12-21T04:06:02.986Z","iobWithZeroTemp":{"iob":-0.729,"basaliob":-0.916,"bolussnooze":5.0E-4,"activity":-0.0064,"lastBolusTime":1703123025877,"time":"2023-12-21T04:06:02.986Z"}},{"iob":0.043,"basaliob":-0.123,"bolussnooze":2.0E-4,"activity":0.0014,"lastBolusTime":1703123025877,"time":"2023-12-21T04:11:02.986Z","iobWithZeroTemp":{"iob":-0.746,"basaliob":-0.912,"bolussnooze":2.0E-4,"activity":-0.0068,"lastBolusTime":1703123025877,"time":"2023-12-21T04:11:02.986Z"}},{"iob":0.037,"basaliob":-0.111,"bolussnooze":1.0E-4,"activity":0.0012,"lastBolusTime":1703123025877,"time":"2023-12-21T04:16:02.986Z","iobWithZeroTemp":{"iob":-0.76,"basaliob":-0.908,"bolussnooze":1.0E-4,"activity":-0.0073,"lastBolusTime":1703123025877,"time":"2023-12-21T04:16:02.986Z"}},{"iob":0.031,"basaliob":-0.1,"bolussnooze":0,"activity":0.0011,"lastBolusTime":1703123025877,"time":"2023-12-21T04:21:02.986Z","iobWithZeroTemp":{"iob":-0.773,"basaliob":-0.904,"bolussnooze":0,"activity":-0.0076,"lastBolusTime":1703123025877,"time":"2023-12-21T04:21:02.986Z"}},{"iob":0.026,"basaliob":-0.09,"bolussnooze":0,"activity":9.0E-4,"lastBolusTime":1703123025877,"time":"2023-12-21T04:26:02.986Z","iobWithZeroTemp":{"iob":-0.784,"basaliob":-0.9,"bolussnooze":0,"activity":-0.008,"lastBolusTime":1703123025877,"time":"2023-12-21T04:26:02.986Z"}},{"iob":0.022,"basaliob":-0.08,"bolussnooze":0,"activity":8.0E-4,"lastBolusTime":1703123025877,"time":"2023-12-21T04:31:02.986Z","iobWithZeroTemp":{"iob":-0.794,"basaliob":-0.896,"bolussnooze":0,"activity":-0.0083,"lastBolusTime":1703123025877,"time":"2023-12-21T04:31:02.986Z"}},{"iob":0.018,"basaliob":-0.072,"bolussnooze":0,"activity":7.0E-4,"lastBolusTime":1703123025877,"time":"2023-12-21T04:36:02.986Z","iobWithZeroTemp":{"iob":-0.802,"basaliob":-0.892,"bolussnooze":0,"activity":-0.0085,"lastBolusTime":1703123025877,"time":"2023-12-21T04:36:02.986Z"}},{"iob":0.015,"basaliob":-0.064,"bolussnooze":0,"activity":6.0E-4,"lastBolusTime":1703123025877,"time":"2023-12-21T04:41:02.986Z","iobWithZeroTemp":{"iob":-0.809,"basaliob":-0.888,"bolussnooze":0,"activity":-0.0087,"lastBolusTime":1703123025877,"time":"2023-12-21T04:41:02.986Z"}},{"iob":0.012,"basaliob":-0.057,"bolussnooze":0,"activity":6.0E-4,"lastBolusTime":1703123025877,"time":"2023-12-21T04:46:02.986Z","iobWithZeroTemp":{"iob":-0.815,"basaliob":-0.884,"bolussnooze":0,"activity":-0.0089,"lastBolusTime":1703123025877,"time":"2023-12-21T04:46:02.986Z"}},{"iob":0.009,"basaliob":-0.051,"bolussnooze":0,"activity":5.0E-4,"lastBolusTime":1703123025877,"time":"2023-12-21T04:51:02.986Z","iobWithZeroTemp":{"iob":-0.82,"basaliob":-0.88,"bolussnooze":0,"activity":-0.0091,"lastBolusTime":1703123025877,"time":"2023-12-21T04:51:02.986Z"}},{"iob":0.008,"basaliob":-0.045,"bolussnooze":0,"activity":4.0E-4,"lastBolusTime":1703123025877,"time":"2023-12-21T04:56:02.986Z","iobWithZeroTemp":{"iob":-0.823,"basaliob":-0.876,"bolussnooze":0,"activity":-0.0092,"lastBolusTime":1703123025877,"time":"2023-12-21T04:56:02.986Z"}},{"iob":0.006,"basaliob":-0.04,"bolussnooze":0,"activity":3.0E-4,"lastBolusTime":1703123025877,"time":"2023-12-21T05:01:02.986Z","iobWithZeroTemp":{"iob":-0.827,"basaliob":-0.873,"bolussnooze":0,"activity":-0.0094,"lastBolusTime":1703123025877,"time":"2023-12-21T05:01:02.986Z"}},{"iob":0.004,"basaliob":-0.035,"bolussnooze":0,"activity":3.0E-4,"lastBolusTime":1703123025877,"time":"2023-12-21T05:06:02.986Z","iobWithZeroTemp":{"iob":-0.826,"basaliob":-0.865,"bolussnooze":0,"activity":-0.0095,"lastBolusTime":1703123025877,"time":"2023-12-21T05:06:02.986Z"}},{"iob":0.003,"basaliob":-0.031,"bolussnooze":0,"activity":2.0E-4,"lastBolusTime":1703123025877,"time":"2023-12-21T05:11:02.986Z","iobWithZeroTemp":{"iob":-0.824,"basaliob":-0.858,"bolussnooze":0,"activity":-0.0096,"lastBolusTime":1703123025877,"time":"2023-12-21T05:11:02.986Z"}},{"iob":0.002,"basaliob":-0.027,"bolussnooze":0,"activity":2.0E-4,"lastBolusTime":1703123025877,"time":"2023-12-21T05:16:02.986Z","iobWithZeroTemp":{"iob":-0.822,"basaliob":-0.851,"bolussnooze":0,"activity":-0.0097,"lastBolusTime":1703123025877,"time":"2023-12-21T05:16:02.986Z"}},{"iob":0.001,"basaliob":-0.024,"bolussnooze":0,"activity":2.0E-4,"lastBolusTime":1703123025877,"time":"2023-12-21T05:21:02.986Z","iobWithZeroTemp":{"iob":-0.819,"basaliob":-0.844,"bolussnooze":0,"activity":-0.0097,"lastBolusTime":1703123025877,"time":"2023-12-21T05:21:02.986Z"}},{"iob":0,"basaliob":-0.021,"bolussnooze":0,"activity":1.0E-4,"lastBolusTime":1703123025877,"time":"2023-12-21T05:26:02.986Z","iobWithZeroTemp":{"iob":-0.817,"basaliob":-0.838,"bolussnooze":0,"activity":-0.0098,"lastBolusTime":1703123025877,"time":"2023-12-21T05:26:02.986Z"}},{"iob":0,"basaliob":-0.018,"bolussnooze":0,"activity":1.0E-4,"lastBolusTime":1703123025877,"time":"2023-12-21T05:31:02.986Z","iobWithZeroTemp":{"iob":-0.813,"basaliob":-0.831,"bolussnooze":0,"activity":-0.0098,"lastBolusTime":1703123025877,"time":"2023-12-21T05:31:02.986Z"}},{"iob":-0.001,"basaliob":-0.016,"bolussnooze":0,"activity":1.0E-4,"lastBolusTime":1703123025877,"time":"2023-12-21T05:36:02.986Z","iobWithZeroTemp":{"iob":-0.811,"basaliob":-0.826,"bolussnooze":0,"activity":-0.0098,"lastBolusTime":1703123025877,"time":"2023-12-21T05:36:02.986Z"}},{"iob":0,"basaliob":-0.013,"bolussnooze":0,"activity":1.0E-4,"lastBolusTime":1703123025877,"time":"2023-12-21T05:41:02.986Z","iobWithZeroTemp":{"iob":-0.807,"basaliob":-0.82,"bolussnooze":0,"activity":-0.0097,"lastBolusTime":1703123025877,"time":"2023-12-21T05:41:02.986Z"}},{"iob":-0.002,"basaliob":-0.012,"bolussnooze":0,"activity":0,"lastBolusTime":1703123025877,"time":"2023-12-21T05:46:02.986Z","iobWithZeroTemp":{"iob":-0.805,"basaliob":-0.815,"bolussnooze":0,"activity":-0.0098,"lastBolusTime":1703123025877,"time":"2023-12-21T05:46:02.986Z"}},{"iob":-0.001,"basaliob":-0.01,"bolussnooze":0,"activity":0,"lastBolusTime":1703123025877,"time":"2023-12-21T05:51:02.986Z","iobWithZeroTemp":{"iob":-0.801,"basaliob":-0.81,"bolussnooze":0,"activity":-0.0098,"lastBolusTime":1703123025877,"time":"2023-12-21T05:51:02.986Z"}},{"iob":-0.001,"basaliob":-0.008,"bolussnooze":0,"activity":1.0E-4,"lastBolusTime":1703123025877,"time":"2023-12-21T05:56:02.986Z","iobWithZeroTemp":{"iob":-0.798,"basaliob":-0.805,"bolussnooze":0,"activity":-0.0097,"lastBolusTime":1703123025877,"time":"2023-12-21T05:56:02.986Z"}},{"iob":-0.001,"basaliob":-0.007,"bolussnooze":0,"activity":1.0E-4,"lastBolusTime":1703123025877,"time":"2023-12-21T06:01:02.986Z","iobWithZeroTemp":{"iob":-0.795,"basaliob":-0.801,"bolussnooze":0,"activity":-0.0096,"lastBolusTime":1703123025877,"time":"2023-12-21T06:01:02.986Z"}},{"iob":-0.002,"basaliob":-0.006,"bolussnooze":0,"activity":0,"lastBolusTime":1703123025877,"time":"2023-12-21T06:06:02.986Z","iobWithZeroTemp":{"iob":-0.793,"basaliob":-0.797,"bolussnooze":0,"activity":-0.0097,"lastBolusTime":1703123025877,"time":"2023-12-21T06:06:02.986Z"}},{"iob":-0.002,"basaliob":-0.005,"bolussnooze":0,"activity":0,"lastBolusTime":1703123025877,"time":"2023-12-21T06:11:02.986Z","iobWithZeroTemp":{"iob":-0.791,"basaliob":-0.794,"bolussnooze":0,"activity":-0.0097,"lastBolusTime":1703123025877,"time":"2023-12-21T06:11:02.986Z"}},{"iob":-0.001,"basaliob":-0.004,"bolussnooze":0,"activity":0,"lastBolusTime":1703123025877,"time":"2023-12-21T06:16:02.986Z","iobWithZeroTemp":{"iob":-0.787,"basaliob":-0.79,"bolussnooze":0,"activity":-0.0097,"lastBolusTime":1703123025877,"time":"2023-12-21T06:16:02.986Z"}},{"iob":-0.002,"basaliob":-0.004,"bolussnooze":0,"activity":0,"lastBolusTime":1703123025877,"time":"2023-12-21T06:21:02.986Z","iobWithZeroTemp":{"iob":-0.786,"basaliob":-0.788,"bolussnooze":0,"activity":-0.0096,"lastBolusTime":1703123025877,"time":"2023-12-21T06:21:02.986Z"}}],"profile":{"max_iob":7,"type":"current","max_daily_basal":0.8,"max_basal":5,"min_bg":80,"max_bg":90,"target_bg":85,"carb_ratio":14,"sens":57,"max_daily_safety_multiplier":9,"current_basal_safety_multiplier":8,"lgsThreshold":65,"high_temptarget_raises_sensitivity":false,"low_temptarget_lowers_sensitivity":false,"sensitivity_raises_target":false,"resistance_lowers_target":false,"adv_target_adjustments":false,"exercise_mode":false,"half_basal_exercise_target":160,"maxCOB":120,"skip_neutral_temps":false,"remainingCarbsCap":90,"enableUAM":true,"A52_risk_enable":false,"SMBInterval":3,"enableSMB_with_COB":true,"enableSMB_with_temptarget":true,"allowSMB_with_high_temptarget":true,"enableSMB_always":true,"enableSMB_after_carbs":true,"maxSMBBasalMinutes":120,"maxUAMSMBBasalMinutes":90,"bolus_increment":0.05,"carbsReqThreshold":5,"current_basal":0.7,"temptargetSet":false,"autosens_max":1.6,"autosens_min":0.6,"variable_sens":92.1,"insulinDivisor":75,"TDD":23.723085714285716},"autosens_data":{"ratio":1.019896291286213},"meal_data":{"carbs":0,"mealCOB":0,"slopeFromMaxDeviation":-1.7571999999999999,"slopeFromMinDeviation":0,"lastBolusTime":1703123025877,"lastCarbTime":0},"microBolusAllowed":true,"currentTime":1703125564623,"flatBGsDetected":false,"tdd1D":21.666666666666675,"tdd7D":21.121428571428574,"tddLast24H":21.54166666666666,"tddLast4H":4.908333333333333,"tddLast8to4H":4.3583333333333325},"output":{"temp":"absolute","bg":96,"tick":-10,"eventualBG":42,"targetBG":85,"insulinReq":0,"deliverAt":"2023-12-21T02:26:04.623Z","sensitivityRatio":1.019896291286213,"variable_sens":92.1,"predBGs":{"IOB":[96,86,77,69,60,52,45,39,39,39,39,39,39],"ZT":[96,91,86,81,77,73,69,67,64,63,61,61,61,62,63,64,66,69,72,75,78,81,85]},"reason":"COB: 0, Dev: -2, BGI: -5, ISF: 92, CR: 14, Target: 85, minPredBG 50, minGuardBG -18, IOBpredBG 39; minGuardBG -18<65","COB":0,"IOB":0.567,"duration":90,"rate":0,"timestamp":"2023-12-21T02:26:04.632Z"}}