{"algorithm":"OpenAPSSMBDynamicISFPlugin","input":{"glucoseStatus":{"glucose":95,"noise":0,"delta":-6,"short_avgdelta":-6.22,"long_avgdelta":-5.07,"date":1703119239000},"currenttemp":{"temp":"absolute","duration":100,"rate":0,"minutesrunning":20},"iob_data":[{"iob":0.673,"basaliob":-0.362,"bolussnooze":0.1674,"activity":0.0103,"lastBolusTime":1703117490018,"time":"2023-12-21T00:41:08.135Z","iobWithZeroTemp":{"iob":0.673,"basaliob":-0.362,"bolussnooze":0.1674,"activity":0.0103,"lastBolusTime":1703117490018,"time":"2023-12-21T00:41:08.135Z"}},{"iob":0.624,"basaliob":-0.349,"bolussnooze":0.1398,"activity":0.0098,"lastBolusTime":1703117490018,"time":"2023-12-21T00:46:08.135Z","iobWithZeroTemp":{"iob":0.577,"basaliob":-0.396,"bolussnooze":0.1398,"activity":0.0098,"lastBolusTime":1703117490018,"time":"2023-12-21T00:46:08.135Z"}},{"iob":0.575,"basaliob":-0.335,"bolussnooze":0.1158,"activity":0.0093,"lastBolusTime":1703117490018,"time":"2023-12-21T00:51:08.135Z","iobWithZeroTemp":{"iob":0.471,"basaliob":-0.439,"bolussnooze":0.1158,"activity":0.0091,"lastBolusTime":1703117490018,"time":"2023-12-21T00:51:08.135Z"}},{"iob":0.531,"basaliob":-0.319,"bolussnooze":0.0953,"activity":0.0087,"lastBolusTime":1703117490018,"time":"2023-12-21T00:56:08.135Z","iobWithZeroTemp":{"iob":0.37,"basaliob":-0.48,"bolussnooze":0.0953,"activity":0.0082,"lastBolusTime":1703117490018,"time":"2023-12-21T00:56:08.135Z"}},{"iob":0.488,"basaliob":-0.303,"bolussnooze":0.0778,"activity":0.0082,"lastBolusTime":1703117490018,"time":"2023-12-21T01:01:08.135Z","iobWithZeroTemp":{"iob":0.272,"basaliob":-0.519,"bolussnooze":0.0778,"activity":0.0074,"lastBolusTime":1703117490018,"time":"2023-12-21T01:01:08.135Z"}},{"iob":0.448,"basaliob":-0.287,"bolussnooze":0.063,"activity":0.0078,"lastBolusTime":1703117490018,"time":"2023-12-21T01:06:08.135Z","iobWithZeroTemp":{"iob":0.179,"basaliob":-0.556,"bolussnooze":0.063,"activity":0.0066,"lastBolusTime":1703117490018,"time":"2023-12-21T01:06:08.135Z"}},{"iob":0.41,"basaliob":-0.27,"bolussnooze":0.0507,"activity":0.0073,"lastBolusTime":1703117490018,"time":"2023-12-21T01:11:08.135Z","iobWithZeroTemp":{"iob":0.09,"basaliob":-0.59,"bolussnooze":0.0507,"activity":0.0056,"lastBolusTime":1703117490018,"time":"2023-12-21T01:11:08.135Z"}},{"iob":0.376,"basaliob":-0.253,"bolussnooze":0.0404,"activity":0.0068,"lastBolusTime":1703117490018,"time":"2023-12-21T01:16:08.135Z","iobWithZeroTemp":{"iob":0.007,"basaliob":-0.622,"bolussnooze":0.0404,"activity":0.0046,"lastBolusTime":1703117490018,"time":"2023-12-21T01:16:08.135Z"}},{"iob":0.343,"basaliob":-0.237,"bolussnooze":0.0319,"activity":0.0063,"lastBolusTime":1703117490018,"time":"2023-12-21T01:21:08.135Z","iobWithZeroTemp":{"iob":-0.073,"basaliob":-0.653,"bolussnooze":0.0319,"activity":0.0036,"lastBolusTime":1703117490018,"time":"2023-12-21T01:21:08.135Z"}},{"iob":0.312,"basaliob":-0.221,"bolussnooze":0.0249,"activity":0.0059,"lastBolusTime":1703117490018,"time":"2023-12-21T01:26:08.135Z","iobWithZeroTemp":{"iob":-0.147,"basaliob":-0.68,"bolussnooze":0.0249,"activity":0.0027,"lastBolusTime":1703117490018,"time":"2023-12-21T01:26:08.135Z"}},{"iob":0.284,"basaliob":-0.206,"bolussnooze":0.0193,"activity":0.0055,"lastBolusTime":1703117490018,"time":"2023-12-21T01:31:08.135Z","iobWithZeroTemp":{"iob":-0.217,"basaliob":-0.707,"bolussnooze":0.0193,"activity":0.0018,"lastBolusTime":1703117490018,"time":"2023-12-21T01:31:08.135Z"}},{"iob":0.258,"basaliob":-0.191,"bolussnooze":0.0147,"activity":0.005,"lastBolusTime":1703117490018,"time":"2023-12-21T01:36:08.135Z","iobWithZeroTemp":{"iob":-0.282,"basaliob":-0.731,"bolussnooze":0.0147,"activity":8.0E-4,"lastBolusTime":1703117490018,"time":"2023-12-21T01:36:08.135Z"}},{"iob":0.234,"basaliob":-0.177,"bolussnooze":0.0111,"activity":0.0046,"lastBolusTime":1703117490018,"time":"2023-12-21T01:41:08.135Z","iobWithZeroTemp":{"iob":-0.342,"basaliob":-0.753,"bolussnooze":0.0111,"activity":0,"lastBolusTime":1703117490018,"time":"2023-12-21T01:41:08.135Z"}},{"iob":0.212,"basaliob":-0.163,"bolussnooze":0.0082,"activity":0.0043,"lastBolusTime":1703117490018,"time":"2023-12-21T01:46:08.135Z","iobWithZeroTemp":{"iob":-0.398,"basaliob":-0.773,"bolussnooze":0.0082,"activity":-8.0E-4,"lastBolusTime":1703117490018,"time":"2023-12-21T01:46:08.135Z"}},{"iob":0.191,"basaliob":-0.151,"bolussnooze":0.0059,"activity":0.0039,"lastBolusTime":1703117490018,"time":"2023-12-21T01:51:08.135Z","iobWithZeroTemp":{"iob":-0.45,"basaliob":-0.792,"bolussnooze":0.0059,"activity":-0.0017,"lastBolusTime":1703117490018,"time":"2023-12-21T01:51:08.135Z"}},{"iob":0.172,"basaliob":-0.139,"bolussnooze":0.0042,"activity":0.0036,"lastBolusTime":1703117490018,"time":"2023-12-21T01:56:08.135Z","iobWithZeroTemp":{"iob":-0.499,"basaliob":-0.81,"bolussnooze":0.0042,"activity":-0.0024,"lastBolusTime":1703117490018,"time":"2023-12-21T01:56:08.135Z"}},{"iob":0.155,"basaliob":-0.127,"bolussnooze":0.0029,"activity":0.0033,"lastBolusTime":1703117490018,"time":"2023-12-21T02:01:08.135Z","iobWithZeroTemp":{"iob":-0.543,"basaliob":-0.825,"bolussnooze":0.0029,"activity":-0.0031,"lastBolusTime":1703117490018,"time":"2023-12-21T02:01:08.135Z"}},{"iob":0.139,"basaliob":-0.117,"bolussnooze":0.0019,"activity":0.003,"lastBolusTime":1703117490018,"time":"2023-12-21T02:06:08.135Z","iobWithZeroTemp":{"iob":-0.584,"basaliob":-0.84,"bolussnooze":0.0019,"activity":-0.0038,"lastBolusTime":1703117490018,"time":"2023-12-21T02:06:08.135Z"}},{"iob":0.124,"basaliob":-0.107,"bolussnooze":0.0012,"activity":0.0028,"lastBolusTime":1703117490018,"time":"2023-12-21T02:11:08.135Z","iobWithZeroTemp":{"iob":-0.622,"basaliob":-0.853,"bolussnooze":0.0012,"activity":-0.0044,"lastBolusTime":1703117490018,"time":"2023-12-21T02:11:08.135Z"}},{"iob":0.112,"basaliob":-0.097,"bolussnooze":7.0E-4,"activity":0.0025,"lastBolusTime":1703117490018,"time":"2023-12-21T02:16:08.135Z","iobWithZeroTemp":{"iob":-0.656,"basaliob":-0.865,"bolussnooze":7.0E-4,"activity":-0.0051,"lastBolusTime":1703117490018,"time":"2023-12-21T02:16:08.135Z"}},{"iob":0.099,"basaliob":-0.089,"bolussnooze":3.0E-4,"activity":0.0022,"lastBolusTime":1703117490018,"time":"2023-12-21T02:21:08.135Z","iobWithZeroTemp":{"iob":-0.688,"basaliob":-0.876,"bolussnooze":3.0E-4,"activity":-0.0057,"lastBolusTime":1703117490018,"time":"2023-12-21T02:21:08.135Z"}},{"iob":0.089,"basaliob":-0.081,"bolussnooze":1.0E-4,"activity":0.0021,"lastBolusTime":1703117490018,"time":"2023-12-21T02:26:08.135Z","iobWithZeroTemp":{"iob":-0.716,"basaliob":-0.886,"bolussnooze":1.0E-4,"activity":-0.0061,"lastBolusTime":1703117490018,"time":"2023-12-21T02:26:08.135Z"}},{"iob":0.079,"basaliob":-0.073,"bolussnooze":0,"activity":0.0019,"lastBolusTime":1703117490018,"time":"2023-12-21T02:31:08.135Z","iobWithZeroTemp":{"iob":-0.742,"basaliob":-0.894,"bolussnooze":0,"activity":-0.0066,"lastBolusTime":1703117490018,"time":"2023-12-21T02:31:08.135Z"}},{"iob":0.07,"basaliob":-0.066,"bolussnooze":0,"activity":0.0017,"lastBolusTime":1703117490018,"time":"2023-12-21T02:36:08.135Z","iobWithZeroTemp":{"iob":-0.766,"basaliob":-0.902,"bolussnooze":0,"activity":-0.0071,"lastBolusTime":1703117490018,"time":"2023-12-21T02:36:08.135Z"}},{"iob":0.062,"basaliob":-0.06,"bolussnooze":0,"activity":0.0016,"lastBolusTime":1703117490018,"time":"2023-12-21T02:41:08.135Z","iobWithZeroTemp":{"iob":-0.788,"basaliob":-0.91,"bolussnooze":0,"activity":-0.0075,"lastBolusTime":1703117490018,"time":"2023-12-21T02:41:08.135Z"}},{"iob":0.055,"basaliob":-0.054,"bolussnooze":0,"activity":0.0014,"lastBolusTime":1703117490018,"time":"2023-12-21T02:46:08.135Z","iobWithZeroTemp":{"iob":-0.807,"basaliob":-0.916,"bolussnooze":0,"activity":-0.0079,"lastBolusTime":1703117490018,"time":"2023-12-21T02:46:08.135Z"}},{"iob":0.048,"basaliob":-0.049,"bolussnooze":0,"activity":0.0013,"lastBolusTime":1703117490018,"time":"2023-12-21T02:51:08.135Z","iobWithZeroTemp":{"iob":-0.826,"basaliob":-0.923,"bolussnooze":0,"activity":-0.0082,"lastBolusTime":1703117490018,"time":"2023-12-21T02:51:08.135Z"}},{"iob":0.042,"basaliob":-0.044,"bolussnooze":0,"activity":0.0012,"lastBolusTime":1703117490018,"time":"2023-12-21T02:56:08.135Z","iobWithZeroTemp":{"iob":-0.842,"basaliob":-0.928,"bolussnooze":0,"activity":-0.0085,"lastBolusTime":1703117490018,"time":"2023-12-21T02:56:08.135Z"}},{"iob":0.036,"basaliob":-0.04,"bolussnooze":0,"activity":0.001,"lastBolusTime":1703117490018,"time":"2023-12-21T03:01:08.135Z","iobWithZeroTemp":{"iob":-0.857,"basaliob":-0.933,"bolussnooze":0,"activity":-0.0089,"lastBolusTime":1703117490018,"time":"2023-12-21T03:01:08.135Z"}},{"iob":0.032,"basaliob":-0.035,"bolussnooze":0,"activity":9.0E-4,"lastBolusTime":1703117490018,"time":"2023-12-21T03:06:08.135Z","iobWithZeroTemp":{"iob":-0.87,"basaliob":-0.937,"bolussnooze":0,"activity":-0.0092,"lastBolusTime":1703117490018,"time":"2023-12-21T03:06:08.135Z"}},{"iob":0.027,"basaliob":-0.032,"bolussnooze":0,"activity":8.0E-4,"lastBolusTime":1703117490018,"time":"2023-12-21T03:11:08.135Z","iobWithZeroTemp":{"iob":-0.882,"basaliob":-0.941,"bolussnooze":0,"activity":-0.0094,"lastBolusTime":1703117490018,"time":"2023-12-21T03:11:08.135Z"}},{"iob":0.024,"basaliob":-0.028,"bolussnooze":0,"activity":8.0E-4,"lastBolusTime":1703117490018,"time":"2023-12-21T03:16:08.135Z","iobWithZeroTemp":{"iob":-0.892,"basaliob":-0.944,"bolussnooze":0,"activity":-0.0096,"lastBolusTime":1703117490018,"time":"2023-12-21T03:16:08.135Z"}},{"iob":0.021,"basaliob":-0.025,"bolussnooze":0,"activity":6.0E-4,"lastBolusTime":1703117490018,"time":"2023-12-21T03:21:08.135Z","iobWithZeroTemp":{"iob":-0.901,"basaliob":-0.947,"bolussnooze":0,"activity":-0.0099,"lastBolusTime":1703117490018,"time":"2023-12-21T03:21:08.135Z"}},{"iob":0.018,"basaliob":-0.022,"bolussnooze":0,"activity":6.0E-4,"lastBolusTime":1703117490018,"time":"2023-12-21T03:26:08.135Z","iobWithZeroTemp":{"iob":-0.909,"basaliob":-0.949,"bolussnooze":0,"activity":-0.01,"lastBolusTime":1703117490018,"time":"2023-12-21T03:26:08.135Z"}},{"iob":0.015,"basaliob":-0.02,"bolussnooze":0,"activity":5.0E-4,"lastBolusTime":1703117490018,"time":"2023-12-21T03:31:08.135Z","iobWithZeroTemp":{"iob":-0.917,"basaliob":-0.952,"bolussnooze":0,"activity":-0.0103,"lastBolusTime":1703117490018,"time":"2023-12-21T03:31:08.135Z"}},{"iob":0.012,"basaliob":-0.018,"bolussnooze":0,"activity":5.0E-4,"lastBolusTime":1703117490018,"time":"2023-12-21T03:36:08.135Z","iobWithZeroTemp":{"iob":-0.924,"basaliob":-0.954,"bolussnooze":0,"activity":-0.0104,"lastBolusTime":1703117490018,"time":"2023-12-21T03:36:08.135Z"}},{"iob":0.01,"basaliob":-0.016,"bolussnooze":0,"activity":4.0E-4,"lastBolusTime":1703117490018,"time":"2023-12-21T03:41:08.135Z","iobWithZeroTemp":{"iob":-0.93,"basaliob":-0.956,"bolussnooze":0,"activity":-0.0105,"lastBolusTime":1703117490018,"time":"2023-12-21T03:41:08.135Z"}},{"iob":0.008,"basaliob":-0.014,"bolussnooze":0,"activity":3.0E-4,"lastBolusTime":1703117490018,"time":"2023-12-21T03:46:08.135Z","iobWithZeroTemp":{"iob":-0.936,"basaliob":-0.958,"bolussnooze":0,"activity":-0.0107,"lastBolusTime":1703117490018,"time":"2023-12-21T03:46:08.135Z"}},{"iob":0.007,"basaliob":-0.012,"bolussnooze":0,"activity":3.0E-4,"lastBolusTime":1703117490018,"time":"2023-12-21T03:51:08.135Z","iobWithZeroTemp":{"iob":-0.94,"basaliob":-0.959,"bolussnooze":0,"activity":-0.0108,"lastBolusTime":1703117490018,"time":"2023-12-21T03:51:08.135Z"}},{"iob":0.006,"basaliob":-0.01,"bolussnooze":0,"activity":2.0E-4,"lastBolusTime":1703117490018,"time":"2023-12-21T03:56:08.135Z","iobWithZeroTemp":{"iob":-0.943,"basaliob":-0.959,"bolussnooze":0,"activity":-0.011,"lastBolusTime":1703117490018,"time":"2023-12-21T03:56:08.135Z"}},{"iob":0.005,"basaliob":-0.009,"bolussnooze":0,"activity":2.0E-4,"lastBolusTime":1703117490018,"time":"2023-12-21T04:01:08.135Z","iobWithZeroTemp":{"iob":-0.947,"basaliob":-0.961,"bolussnooze":0,"activity":-0.011,"lastBolusTime":1703117490018,"time":"2023-12-21T04:01:08.135Z"}},{"iob":0.003,"basaliob":-0.008,"bolussnooze":0,"activity":2.0E-4,"lastBolusTime":1703117490018,"time":"2023-12-21T04:06:08.135Z","iobWithZeroTemp":{"iob":-0.943,"basaliob":-0.954,"bolussnooze":0,"activity":-0.0111,"lastBolusTime":1703117490018,"time":"2023-12-21T04:06:08.135Z"}},{"iob":0.003,"basaliob":-0.007,"bolussnooze":0,"activity":2.0E-4,"lastBolusTime":1703117490018,"time":"2023-12-21T04:11:08.135Z","iobWithZeroTemp":{"iob":-0.936,"basaliob":-0.946,"bolussnooze":0,"activity":-0.0111,"lastBolusTime":1703117490018,"time":"2023-12-21T04:11:08.135Z"}},{"iob":0.002,"basaliob":-0.006,"bolussnooze":0,"activity":1.0E-4,"lastBolusTime":1703117490018,"time":"2023-12-21T04:16:08.135Z","iobWithZeroTemp":{"iob":-0.931,"basaliob":-0.939,"bolussnooze":0,"activity":-0.0112,"lastBolusTime":1703117490018,"time":"2023-12-21T04:16:08.135Z"}},{"iob":0.001,"basaliob":-0.005,"bolussnooze":0,"activity":1.0E-4,"lastBolusTime":1703117490018,"time":"2023-12-21T04:21:08.135Z","iobWithZeroTemp":{"iob":-0.925,"basaliob":-0.931,"bolussnooze":0,"activity":-0.0112,"lastBolusTime":1703117490018,"time":"2023-12-21T04:21:08.135Z"}},{"iob":0.001,"basaliob":-0.004,"bolussnooze":0,"activity":1.0E-4,"lastBolusTime":1703117490018,"time":"2023-12-21T04:26:08.135Z","iobWithZeroTemp":{"iob":-0.919,"basaliob":-0.924,"bolussnooze":0,"activity":-0.0112,"lastBolusTime":1703117490018,"time":"2023-12-21T04:26:08.135Z"}},{"iob":0,"basaliob":-0.004,"bolussnooze":0,"activity":1.0E-4,"lastBolusTime":1703117490018,"time":"2023-12-21T04:31:08.135Z","iobWithZeroTemp":{"iob":-0.914,"basaliob":-0.918,"bolussnooze":0,"activity":-0.0111,"lastBolusTime":1703117490018,"time":"2023-12-21T04:31:08.135Z"}},{"iob":0,"basaliob":-0.003,"bolussnooze":0,"activity":1.0E-4,"lastBolusTime":1703117490018,"time":"2023-12-21T04:36:08.135Z","iobWithZeroTemp":{"iob":-0.908,"basaliob":-0.911,"bolussnooze":0,"activity":-0.0111,"lastBolusTime":1703117490018,"time":"2023-12-21T04:36:08.135Z"}}],"profile":{"max_iob":7,"type":"current","max_daily_basal":0.8,"max_basal":5,"min_bg":80,"max_bg":90,"target_bg":85,"carb_ratio":14,"sens":57,"max_daily_safety_multiplier":9,"current_basal_safety_multiplier":8,"lgsThreshold":65,"high_temptarget_raises_sensitivity":false,"low_temptarget_lowers_sensitivity":false,"sensitivity_raises_target":false,"resistance_lowers_target":false,"adv_target_adjustments":false,"exercise_mode":false,"half_basal_exercise_target":160,"maxCOB":120,"skip_neutral_temps":false,"remainingCarbsCap":90,"enableUAM":true,"A52_risk_enable":false,"SMBInterval":3,"enableSMB_with_COB":true,"enableSMB_with_temptarget":true,"allowSMB_with_high_temptarget":true,"enableSMB_always":true,"enableSMB_after_carbs":true,"maxSMBBasalMinutes":120,"maxUAMSMBBasalMinutes":90,"bolus_increment":0.05,"carbsReqThreshold":5,"current_basal":0.7,"temptargetSet":false,"autosens_max":1.6,"autosens_min":0.6,"variable_sens":96.7,"insulinDivisor":75,"TDD":22.755360714285718},"autosens_data":{"ratio":0.9946454740164576},"meal_data":{"carbs":0,"mealCOB":0,"slopeFromMaxDeviation":-2.0478333333333327,"slopeFromMinDeviation":0.5529999999999999,"lastBolusTime":1703117490018,"lastCarbTime":0},"microBolusAllowed":true,"currentTime":1703119269699,"flatBGsDetected":false,"tdd1D":21.666666666666675,"tdd7D":21.121428571428574,"tddLast24H":21.008333333333326,"tddLast4H":4.220833333333332,"tddLast8to4H":4.333333333333333},"output":{"temp":"absolute","bg":95,"tick":-6,"eventualBG":29,"targetBG":85,"insulinReq":0,"deliverAt":"2023-12-21T00:41:09.699Z","sensitivityRatio":0.9946454740164576,"variable_sens":96.7,"predBGs":{"IOB":[95,89,83,77,71,66,60,55,50,45,39,39,39],"ZT":[95,90,85,80,76,72,68,64,61,59,57,56,55,55,56,57,59,61,63,66,70,73,77,80,84]},"reason":"COB: 0, Dev: -1, BGI: -5, ISF: 97, CR: 14, Target: 85, minPredBG 47, minGuardBG -17, IOBpredBG 39; 7 add'l carbs req w\/in 30m; minGuardBG -17<65 100m left and 0 ~ req 0U\/hr: no temp required","COB":0,"IOB":0.673,"carbsReq":7,"carbsReqWithin":30,"timestamp":"2023-12-21T00:41:09.705Z"}}