{"algorithm":"OpenAPSSMBDynamicISFPlugin","input":{"glucoseStatus":{"glucose":164,"noise":0,"delta":4,"short_avgdelta":4.67,"long_avgdelta":4.13,"date":1703190937000},"currenttemp":{"temp":"absolute","duration":0,"rate":0},"iob_data":[{"iob":-0.616,"basaliob":-0.669,"bolussnooze":0,"activity":-0.0066,"lastBolusTime":1703183165349,"time":"2023-12-21T20:38:11.283Z","iobWithZeroTemp":{"iob":-0.616,"basaliob":-0.669,"bolussnooze":0,"activity":-0.0066,"lastBolusTime":1703183165349,"time":"2023-12-21T20:38:11.283Z"}},{"iob":-0.582,"basaliob":-0.63,"bolussnooze":0,"activity":-0.0067,"lastBolusTime":1703183165349,"time":"2023-12-21T20:43:11.283Z","iobWithZeroTemp":{"iob":-0.635,"basaliob":-0.683,"bolussnooze":0,"activity":-0.0068,"lastBolusTime":1703183165349,"time":"2023-12-21T20:43:11.283Z"}},{"iob":-0.549,"basaliob":-0.592,"bolussnooze":0,"activity":-0.0067,"lastBolusTime":1703183165349,"time":"2023-12-21T20:48:11.283Z","iobWithZeroTemp":{"iob":-0.668,"basaliob":-0.711,"bolussnooze":0,"activity":-0.0069,"lastBolusTime":1703183165349,"time":"2023-12-21T20:48:11.283Z"}},{"iob":-0.515,"basaliob":-0.554,"bolussnooze":0,"activity":-0.0067,"lastBolusTime":1703183165349,"time":"2023-12-21T20:53:11.283Z","iobWithZeroTemp":{"iob":-0.699,"basaliob":-0.738,"bolussnooze":0,"activity":-0.0073,"lastBolusTime":1703183165349,"time":"2023-12-21T20:53:11.283Z"}},{"iob":-0.482,"basaliob":-0.517,"bolussnooze":0,"activity":-0.0065,"lastBolusTime":1703183165349,"time":"2023-12-21T20:58:11.283Z","iobWithZeroTemp":{"iob":-0.729,"basaliob":-0.764,"bolussnooze":0,"activity":-0.0075,"lastBolusTime":1703183165349,"time":"2023-12-21T20:58:11.283Z"}},{"iob":-0.45,"basaliob":-0.481,"bolussnooze":0,"activity":-0.0064,"lastBolusTime":1703183165349,"time":"2023-12-21T21:03:11.283Z","iobWithZeroTemp":{"iob":-0.758,"basaliob":-0.789,"bolussnooze":0,"activity":-0.0078,"lastBolusTime":1703183165349,"time":"2023-12-21T21:03:11.283Z"}},{"iob":-0.419,"basaliob":-0.446,"bolussnooze":0,"activity":-0.0062,"lastBolusTime":1703183165349,"time":"2023-12-21T21:08:11.283Z","iobWithZeroTemp":{"iob":-0.785,"basaliob":-0.812,"bolussnooze":0,"activity":-0.0081,"lastBolusTime":1703183165349,"time":"2023-12-21T21:08:11.283Z"}},{"iob":-0.389,"basaliob":-0.413,"bolussnooze":0,"activity":-0.0059,"lastBolusTime":1703183165349,"time":"2023-12-21T21:13:11.283Z","iobWithZeroTemp":{"iob":-0.811,"basaliob":-0.835,"bolussnooze":0,"activity":-0.0084,"lastBolusTime":1703183165349,"time":"2023-12-21T21:13:11.283Z"}},{"iob":-0.36,"basaliob":-0.382,"bolussnooze":0,"activity":-0.0056,"lastBolusTime":1703183165349,"time":"2023-12-21T21:18:11.283Z","iobWithZeroTemp":{"iob":-0.835,"basaliob":-0.857,"bolussnooze":0,"activity":-0.0086,"lastBolusTime":1703183165349,"time":"2023-12-21T21:18:11.283Z"}},{"iob":-0.333,"basaliob":-0.352,"bolussnooze":0,"activity":-0.0053,"lastBolusTime":1703183165349,"time":"2023-12-21T21:23:11.283Z","iobWithZeroTemp":{"iob":-0.858,"basaliob":-0.877,"bolussnooze":0,"activity":-0.0089,"lastBolusTime":1703183165349,"time":"2023-12-21T21:23:11.283Z"}},{"iob":-0.307,"basaliob":-0.324,"bolussnooze":0,"activity":-0.0051,"lastBolusTime":1703183165349,"time":"2023-12-21T21:28:11.283Z","iobWithZeroTemp":{"iob":-0.879,"basaliob":-0.896,"bolussnooze":0,"activity":-0.0093,"lastBolusTime":1703183165349,"time":"2023-12-21T21:28:11.283Z"}},{"iob":-0.282,"basaliob":-0.297,"bolussnooze":0,"activity":-0.0048,"lastBolusTime":1703183165349,"time":"2023-12-21T21:33:11.283Z","iobWithZeroTemp":{"iob":-0.899,"basaliob":-0.914,"bolussnooze":0,"activity":-0.0095,"lastBolusTime":1703183165349,"time":"2023-12-21T21:33:11.283Z"}},{"iob":-0.259,"basaliob":-0.272,"bolussnooze":0,"activity":-0.0045,"lastBolusTime":1703183165349,"time":"2023-12-21T21:38:11.283Z","iobWithZeroTemp":{"iob":-0.917,"basaliob":-0.93,"bolussnooze":0,"activity":-0.0098,"lastBolusTime":1703183165349,"time":"2023-12-21T21:38:11.283Z"}},{"iob":-0.238,"basaliob":-0.249,"bolussnooze":0,"activity":-0.0042,"lastBolusTime":1703183165349,"time":"2023-12-21T21:43:11.283Z","iobWithZeroTemp":{"iob":-0.935,"basaliob":-0.946,"bolussnooze":0,"activity":-0.0101,"lastBolusTime":1703183165349,"time":"2023-12-21T21:43:11.283Z"}},{"iob":-0.217,"basaliob":-0.227,"bolussnooze":0,"activity":-0.0039,"lastBolusTime":1703183165349,"time":"2023-12-21T21:48:11.283Z","iobWithZeroTemp":{"iob":-0.95,"basaliob":-0.96,"bolussnooze":0,"activity":-0.0103,"lastBolusTime":1703183165349,"time":"2023-12-21T21:48:11.283Z"}},{"iob":-0.197,"basaliob":-0.206,"bolussnooze":0,"activity":-0.0037,"lastBolusTime":1703183165349,"time":"2023-12-21T21:53:11.283Z","iobWithZeroTemp":{"iob":-0.964,"basaliob":-0.973,"bolussnooze":0,"activity":-0.0106,"lastBolusTime":1703183165349,"time":"2023-12-21T21:53:11.283Z"}},{"iob":-0.181,"basaliob":-0.188,"bolussnooze":0,"activity":-0.0034,"lastBolusTime":1703183165349,"time":"2023-12-21T21:58:11.283Z","iobWithZeroTemp":{"iob":-0.979,"basaliob":-0.986,"bolussnooze":0,"activity":-0.0108,"lastBolusTime":1703183165349,"time":"2023-12-21T21:58:11.283Z"}},{"iob":-0.164,"basaliob":-0.17,"bolussnooze":0,"activity":-0.0032,"lastBolusTime":1703183165349,"time":"2023-12-21T22:03:11.283Z","iobWithZeroTemp":{"iob":-0.99,"basaliob":-0.996,"bolussnooze":0,"activity":-0.011,"lastBolusTime":1703183165349,"time":"2023-12-21T22:03:11.283Z"}},{"iob":-0.149,"basaliob":-0.154,"bolussnooze":0,"activity":-0.0029,"lastBolusTime":1703183165349,"time":"2023-12-21T22:08:11.283Z","iobWithZeroTemp":{"iob":-1.002,"basaliob":-1.007,"bolussnooze":0,"activity":-0.0112,"lastBolusTime":1703183165349,"time":"2023-12-21T22:08:11.283Z"}},{"iob":-0.134,"basaliob":-0.139,"bolussnooze":0,"activity":-0.0026,"lastBolusTime":1703183165349,"time":"2023-12-21T22:13:11.283Z","iobWithZeroTemp":{"iob":-1.011,"basaliob":-1.016,"bolussnooze":0,"activity":-0.0113,"lastBolusTime":1703183165349,"time":"2023-12-21T22:13:11.283Z"}},{"iob":-0.122,"basaliob":-0.126,"bolussnooze":0,"activity":-0.0025,"lastBolusTime":1703183165349,"time":"2023-12-21T22:18:11.283Z","iobWithZeroTemp":{"iob":-1.022,"basaliob":-1.026,"bolussnooze":0,"activity":-0.0116,"lastBolusTime":1703183165349,"time":"2023-12-21T22:18:11.283Z"}},{"iob":-0.11,"basaliob":-0.113,"bolussnooze":0,"activity":-0.0023,"lastBolusTime":1703183165349,"time":"2023-12-21T22:23:11.283Z","iobWithZeroTemp":{"iob":-1.03,"basaliob":-1.033,"bolussnooze":0,"activity":-0.0117,"lastBolusTime":1703183165349,"time":"2023-12-21T22:23:11.283Z"}},{"iob":-0.099,"basaliob":-0.102,"bolussnooze":0,"activity":-0.0021,"lastBolusTime":1703183165349,"time":"2023-12-21T22:28:11.283Z","iobWithZeroTemp":{"iob":-1.038,"basaliob":-1.041,"bolussnooze":0,"activity":-0.0119,"lastBolusTime":1703183165349,"time":"2023-12-21T22:28:11.283Z"}},{"iob":-0.089,"basaliob":-0.091,"bolussnooze":0,"activity":-0.0019,"lastBolusTime":1703183165349,"time":"2023-12-21T22:33:11.283Z","iobWithZeroTemp":{"iob":-1.045,"basaliob":-1.047,"bolussnooze":0,"activity":-0.012,"lastBolusTime":1703183165349,"time":"2023-12-21T22:33:11.283Z"}},{"iob":-0.079,"basaliob":-0.081,"bolussnooze":0,"activity":-0.0017,"lastBolusTime":1703183165349,"time":"2023-12-21T22:38:11.283Z","iobWithZeroTemp":{"iob":-1.051,"basaliob":-1.053,"bolussnooze":0,"activity":-0.0121,"lastBolusTime":1703183165349,"time":"2023-12-21T22:38:11.283Z"}},{"iob":-0.071,"basaliob":-0.073,"bolussnooze":0,"activity":-0.0016,"lastBolusTime":1703183165349,"time":"2023-12-21T22:43:11.283Z","iobWithZeroTemp":{"iob":-1.057,"basaliob":-1.059,"bolussnooze":0,"activity":-0.0122,"lastBolusTime":1703183165349,"time":"2023-12-21T22:43:11.283Z"}},{"iob":-0.064,"basaliob":-0.065,"bolussnooze":0,"activity":-0.0014,"lastBolusTime":1703183165349,"time":"2023-12-21T22:48:11.283Z","iobWithZeroTemp":{"iob":-1.063,"basaliob":-1.064,"bolussnooze":0,"activity":-0.0123,"lastBolusTime":1703183165349,"time":"2023-12-21T22:48:11.283Z"}},{"iob":-0.057,"basaliob":-0.058,"bolussnooze":0,"activity":-0.0014,"lastBolusTime":1703183165349,"time":"2023-12-21T22:53:11.283Z","iobWithZeroTemp":{"iob":-1.067,"basaliob":-1.068,"bolussnooze":0,"activity":-0.0125,"lastBolusTime":1703183165349,"time":"2023-12-21T22:53:11.283Z"}},{"iob":-0.05,"basaliob":-0.051,"bolussnooze":0,"activity":-0.0012,"lastBolusTime":1703183165349,"time":"2023-12-21T22:58:11.283Z","iobWithZeroTemp":{"iob":-1.071,"basaliob":-1.072,"bolussnooze":0,"activity":-0.0125,"lastBolusTime":1703183165349,"time":"2023-12-21T22:58:11.283Z"}},{"iob":-0.044,"basaliob":-0.045,"bolussnooze":0,"activity":-0.0011,"lastBolusTime":1703183165349,"time":"2023-12-21T23:03:11.283Z","iobWithZeroTemp":{"iob":-1.066,"basaliob":-1.067,"bolussnooze":0,"activity":-0.0126,"lastBolusTime":1703183165349,"time":"2023-12-21T23:03:11.283Z"}},{"iob":-0.04,"basaliob":-0.04,"bolussnooze":0,"activity":-0.001,"lastBolusTime":1703183165349,"time":"2023-12-21T23:08:11.283Z","iobWithZeroTemp":{"iob":-1.062,"basaliob":-1.062,"bolussnooze":0,"activity":-0.0127,"lastBolusTime":1703183165349,"time":"2023-12-21T23:08:11.283Z"}},{"iob":-0.035,"basaliob":-0.035,"bolussnooze":0,"activity":-9.0E-4,"lastBolusTime":1703183165349,"time":"2023-12-21T23:13:11.283Z","iobWithZeroTemp":{"iob":-1.057,"basaliob":-1.057,"bolussnooze":0,"activity":-0.0127,"lastBolusTime":1703183165349,"time":"2023-12-21T23:13:11.283Z"}},{"iob":-0.031,"basaliob":-0.031,"bolussnooze":0,"activity":-8.0E-4,"lastBolusTime":1703183165349,"time":"2023-12-21T23:18:11.283Z","iobWithZeroTemp":{"iob":-1.052,"basaliob":-1.052,"bolussnooze":0,"activity":-0.0127,"lastBolusTime":1703183165349,"time":"2023-12-21T23:18:11.283Z"}},{"iob":-0.027,"basaliob":-0.027,"bolussnooze":0,"activity":-7.0E-4,"lastBolusTime":1703183165349,"time":"2023-12-21T23:23:11.283Z","iobWithZeroTemp":{"iob":-1.047,"basaliob":-1.047,"bolussnooze":0,"activity":-0.0127,"lastBolusTime":1703183165349,"time":"2023-12-21T23:23:11.283Z"}},{"iob":-0.023,"basaliob":-0.023,"bolussnooze":0,"activity":-7.0E-4,"lastBolusTime":1703183165349,"time":"2023-12-21T23:28:11.283Z","iobWithZeroTemp":{"iob":-1.041,"basaliob":-1.041,"bolussnooze":0,"activity":-0.0127,"lastBolusTime":1703183165349,"time":"2023-12-21T23:28:11.283Z"}},{"iob":-0.02,"basaliob":-0.02,"bolussnooze":0,"activity":-6.0E-4,"lastBolusTime":1703183165349,"time":"2023-12-21T23:33:11.283Z","iobWithZeroTemp":{"iob":-1.036,"basaliob":-1.036,"bolussnooze":0,"activity":-0.0127,"lastBolusTime":1703183165349,"time":"2023-12-21T23:33:11.283Z"}},{"iob":-0.018,"basaliob":-0.018,"bolussnooze":0,"activity":-5.0E-4,"lastBolusTime":1703183165349,"time":"2023-12-21T23:38:11.283Z","iobWithZeroTemp":{"iob":-1.032,"basaliob":-1.032,"bolussnooze":0,"activity":-0.0126,"lastBolusTime":1703183165349,"time":"2023-12-21T23:38:11.283Z"}},{"iob":-0.015,"basaliob":-0.015,"bolussnooze":0,"activity":-5.0E-4,"lastBolusTime":1703183165349,"time":"2023-12-21T23:43:11.283Z","iobWithZeroTemp":{"iob":-1.027,"basaliob":-1.027,"bolussnooze":0,"activity":-0.0126,"lastBolusTime":1703183165349,"time":"2023-12-21T23:43:11.283Z"}},{"iob":-0.013,"basaliob":-0.013,"bolussnooze":0,"activity":-4.0E-4,"lastBolusTime":1703183165349,"time":"2023-12-21T23:48:11.283Z","iobWithZeroTemp":{"iob":-1.023,"basaliob":-1.023,"bolussnooze":0,"activity":-0.0126,"lastBolusTime":1703183165349,"time":"2023-12-21T23:48:11.283Z"}},{"iob":-0.011,"basaliob":-0.011,"bolussnooze":0,"activity":-4.0E-4,"lastBolusTime":1703183165349,"time":"2023-12-21T23:53:11.283Z","iobWithZeroTemp":{"iob":-1.018,"basaliob":-1.018,"bolussnooze":0,"activity":-0.0126,"lastBolusTime":1703183165349,"time":"2023-12-21T23:53:11.283Z"}},{"iob":-0.009,"basaliob":-0.009,"bolussnooze":0,"activity":-3.0E-4,"lastBolusTime":0,"time":"2023-12-21T23:58:11.283Z","iobWithZeroTemp":{"iob":-1.014,"basaliob":-1.014,"bolussnooze":0,"activity":-0.0125,"lastBolusTime":0,"time":"2023-12-21T23:58:11.283Z"}},{"iob":-0.008,"basaliob":-0.008,"bolussnooze":0,"activity":-3.0E-4,"lastBolusTime":0,"time":"2023-12-22T00:03:11.283Z","iobWithZeroTemp":{"iob":-1.01,"basaliob":-1.01,"bolussnooze":0,"activity":-0.0125,"lastBolusTime":0,"time":"2023-12-22T00:03:11.283Z"}},{"iob":-0.007,"basaliob":-0.007,"bolussnooze":0,"activity":-2.0E-4,"lastBolusTime":0,"time":"2023-12-22T00:08:11.283Z","iobWithZeroTemp":{"iob":-1.007,"basaliob":-1.007,"bolussnooze":0,"activity":-0.0123,"lastBolusTime":0,"time":"2023-12-22T00:08:11.283Z"}},{"iob":-0.006,"basaliob":-0.006,"bolussnooze":0,"activity":-2.0E-4,"lastBolusTime":0,"time":"2023-12-22T00:13:11.283Z","iobWithZeroTemp":{"iob":-1.004,"basaliob":-1.004,"bolussnooze":0,"activity":-0.0123,"lastBolusTime":0,"time":"2023-12-22T00:13:11.283Z"}},{"iob":-0.005,"basaliob":-0.005,"bolussnooze":0,"activity":-2.0E-4,"lastBolusTime":0,"time":"2023-12-22T00:18:11.283Z","iobWithZeroTemp":{"iob":-1,"basaliob":-1,"bolussnooze":0,"activity":-0.0123,"lastBolusTime":0,"time":"2023-12-22T00:18:11.283Z"}},{"iob":-0.004,"basaliob":-0.004,"bolussnooze":0,"activity":-1.0E-4,"lastBolusTime":0,"time":"2023-12-22T00:23:11.283Z","iobWithZeroTemp":{"iob":-0.997,"basaliob":-0.997,"bolussnooze":0,"activity":-0.0122,"lastBolusTime":0,"time":"2023-12-22T00:23:11.283Z"}},{"iob":-0.003,"basaliob":-0.003,"bolussnooze":0,"activity":-1.0E-4,"lastBolusTime":0,"time":"2023-12-22T00:28:11.283Z","iobWithZeroTemp":{"iob":-0.994,"basaliob":-0.994,"bolussnooze":0,"activity":-0.0122,"lastBolusTime":0,"time":"2023-12-22T00:28:11.283Z"}},{"iob":-0.003,"basaliob":-0.003,"bolussnooze":0,"activity":-1.0E-4,"lastBolusTime":0,"time":"2023-12-22T00:33:11.283Z","iobWithZeroTemp":{"iob":-0.992,"basaliob":-0.992,"bolussnooze":0,"activity":-0.0122,"lastBolusTime":0,"time":"2023-12-22T00:33:11.283Z"}}],"profile":{"max_iob":7,"type":"current","max_daily_basal":0.8,"max_basal":5,"min_bg":80,"max_bg":90,"target_bg":85,"carb_ratio":14,"sens":57,"max_daily_safety_multiplier":9,"current_basal_safety_multiplier":8,"lgsThreshold":65,"high_temptarget_raises_sensitivity":false,"low_temptarget_lowers_sensitivity":false,"sensitivity_raises_target":false,"resistance_lowers_target":false,"adv_target_adjustments":false,"exercise_mode":false,"half_basal_exercise_target":160,"maxCOB":120,"skip_neutral_temps":false,"remainingCarbsCap":90,"enableUAM":true,"A52_risk_enable":false,"SMBInterval":3,"enableSMB_with_COB":true,"enableSMB_with_temptarget":true,"allowSMB_with_high_temptarget":true,"enableSMB_always":true,"enableSMB_after_carbs":true,"maxSMBBasalMinutes":120,"maxUAMSMBBasalMinutes":90,"bolus_increment":0.05,"carbsReqThreshold":5,"current_basal":0.8,"temptargetSet":false,"autosens_max":1.6,"autosens_min":0.6,"variable_sens":81.4,"insulinDivisor":75,"TDD":19.07137023809524},"autosens_data":{"ratio":0.9197250249473335},"meal_data":{"carbs":0,"mealCOB":0,"slopeFromMaxDeviation":-0.10363636363636365,"slopeFromMinDeviation":0.5417142857142858,"lastBolusTime":1703183165349,"lastCarbTime":0},"microBolusAllowed":true,"currentTime":1703191093041,"flatBGsDetected":false,"tdd1D":20.662500000000005,"tdd7D":21.47380952380953,"tddLast24H":19.750000000000007,"tddLast4H":2.4208333333333334,"tddLast8to4H":2.687499999999999},"output":{"temp":"absolute","bg":164,"tick":"+4","eventualBG":222,"targetBG":85,"insulinReq":1.5,"deliverAt":"2023-12-21T20:38:13.041Z","sensitivityRatio":0.9197250249473335,"variable_sens":81.4,"predBGs":{"IOB":[164,168,172,175,179,182,185,188,191,193,195,197,199,201,202,204,205,206,207,208,209,210,211,212,212,213,214,214,214,215,215,216,216,216,216,217,217,217,217,217,218],"ZT":[164,167,169,172,175,178,181],"UAM":[164,168,171,175,178,181,184,186,188,190,192,194,196,198,199,201,202,203,204,205,206,207,208,209,209,210,211,211,212,212,212,213,213,213,214,214,214,214,214,215]},"reason":"COB: 0, Dev: 8, BGI: 3, ISF: 81, CR: 14, Target: 85, minPredBG 207, minGuardBG 168, IOBpredBG 218, UAMpredBG 215; Eventual BG 222 >= 90,  insulinReq 1.5. Microbolusing 0.75U. no temp, setting 3.74U\/hr. ","COB":0,"IOB":-0.616,"units":0.75,"duration":30,"rate":3.735780019957867,"timestamp":"2023-12-21T20:38:13.123Z"}}