{"algorithm":"OpenAPSSMBDynamicISFPlugin","input":{"glucoseStatus":{"glucose":114,"noise":0,"delta":6,"short_avgdelta":5.44,"long_avgdelta":4.56,"date":1703116839000},"currenttemp":{"temp":"absolute","duration":25,"rate":0.6,"minutesrunning":5},"iob_data":[{"iob":0.965,"basaliob":0.013,"bolussnooze":0.4953,"activity":0.0045,"lastBolusTime":1703116335411,"time":"2023-12-21T00:01:11.776Z","iobWithZeroTemp":{"iob":0.965,"basaliob":0.013,"bolussnooze":0.4953,"activity":0.0045,"lastBolusTime":1703116335411,"time":"2023-12-21T00:01:11.776Z"}},{"iob":0.939,"basaliob":0.018,"bolussnooze":0.454,"activity":0.0058,"lastBolusTime":1703116335411,"time":"2023-12-21T00:06:11.776Z","iobWithZeroTemp":{"iob":0.892,"basaliob":-0.029,"bolussnooze":0.454,"activity":0.0058,"lastBolusTime":1703116335411,"time":"2023-12-21T00:06:11.776Z"}},{"iob":0.908,"basaliob":0.022,"bolussnooze":0.4083,"activity":0.0069,"lastBolusTime":1703116335411,"time":"2023-12-21T00:11:11.776Z","iobWithZeroTemp":{"iob":0.804,"basaliob":-0.082,"bolussnooze":0.4083,"activity":0.0067,"lastBolusTime":1703116335411,"time":"2023-12-21T00:11:11.776Z"}},{"iob":0.872,"basaliob":0.025,"bolussnooze":0.3615,"activity":0.0075,"lastBolusTime":1703116335411,"time":"2023-12-21T00:16:11.776Z","iobWithZeroTemp":{"iob":0.711,"basaliob":-0.136,"bolussnooze":0.3615,"activity":0.007,"lastBolusTime":1703116335411,"time":"2023-12-21T00:16:11.776Z"}},{"iob":0.833,"basaliob":0.027,"bolussnooze":0.316,"activity":0.0081,"lastBolusTime":1703116335411,"time":"2023-12-21T00:21:11.776Z","iobWithZeroTemp":{"iob":0.617,"basaliob":-0.189,"bolussnooze":0.316,"activity":0.0073,"lastBolusTime":1703116335411,"time":"2023-12-21T00:21:11.776Z"}},{"iob":0.792,"basaliob":0.028,"bolussnooze":0.2732,"activity":0.0084,"lastBolusTime":1703116335411,"time":"2023-12-21T00:26:11.776Z","iobWithZeroTemp":{"iob":0.523,"basaliob":-0.241,"bolussnooze":0.2732,"activity":0.0072,"lastBolusTime":1703116335411,"time":"2023-12-21T00:26:11.776Z"}},{"iob":0.75,"basaliob":0.029,"bolussnooze":0.2339,"activity":0.0085,"lastBolusTime":1703116335411,"time":"2023-12-21T00:31:11.776Z","iobWithZeroTemp":{"iob":0.43,"basaliob":-0.291,"bolussnooze":0.2339,"activity":0.0068,"lastBolusTime":1703116335411,"time":"2023-12-21T00:31:11.776Z"}},{"iob":0.707,"basaliob":0.029,"bolussnooze":0.1984,"activity":0.0086,"lastBolusTime":1703116335411,"time":"2023-12-21T00:36:11.776Z","iobWithZeroTemp":{"iob":0.338,"basaliob":-0.34,"bolussnooze":0.1984,"activity":0.0064,"lastBolusTime":1703116335411,"time":"2023-12-21T00:36:11.776Z"}},{"iob":0.664,"basaliob":0.029,"bolussnooze":0.167,"activity":0.0084,"lastBolusTime":1703116335411,"time":"2023-12-21T00:41:11.776Z","iobWithZeroTemp":{"iob":0.248,"basaliob":-0.387,"bolussnooze":0.167,"activity":0.0057,"lastBolusTime":1703116335411,"time":"2023-12-21T00:41:11.776Z"}},{"iob":0.622,"basaliob":0.029,"bolussnooze":0.1394,"activity":0.0083,"lastBolusTime":1703116335411,"time":"2023-12-21T00:46:11.776Z","iobWithZeroTemp":{"iob":0.163,"basaliob":-0.43,"bolussnooze":0.1394,"activity":0.0051,"lastBolusTime":1703116335411,"time":"2023-12-21T00:46:11.776Z"}},{"iob":0.581,"basaliob":0.028,"bolussnooze":0.1156,"activity":0.0081,"lastBolusTime":1703116335411,"time":"2023-12-21T00:51:11.776Z","iobWithZeroTemp":{"iob":0.08,"basaliob":-0.473,"bolussnooze":0.1156,"activity":0.0044,"lastBolusTime":1703116335411,"time":"2023-12-21T00:51:11.776Z"}},{"iob":0.541,"basaliob":0.027,"bolussnooze":0.0951,"activity":0.0079,"lastBolusTime":1703116335411,"time":"2023-12-21T00:56:11.776Z","iobWithZeroTemp":{"iob":0.001,"basaliob":-0.513,"bolussnooze":0.0951,"activity":0.0037,"lastBolusTime":1703116335411,"time":"2023-12-21T00:56:11.776Z"}},{"iob":0.502,"basaliob":0.026,"bolussnooze":0.0776,"activity":0.0075,"lastBolusTime":1703116335411,"time":"2023-12-21T01:01:11.776Z","iobWithZeroTemp":{"iob":-0.074,"basaliob":-0.55,"bolussnooze":0.0776,"activity":0.0029,"lastBolusTime":1703116335411,"time":"2023-12-21T01:01:11.776Z"}},{"iob":0.466,"basaliob":0.025,"bolussnooze":0.0629,"activity":0.0072,"lastBolusTime":1703116335411,"time":"2023-12-21T01:06:11.776Z","iobWithZeroTemp":{"iob":-0.144,"basaliob":-0.585,"bolussnooze":0.0629,"activity":0.0021,"lastBolusTime":1703116335411,"time":"2023-12-21T01:06:11.776Z"}},{"iob":0.431,"basaliob":0.024,"bolussnooze":0.0505,"activity":0.0068,"lastBolusTime":1703116335411,"time":"2023-12-21T01:11:11.776Z","iobWithZeroTemp":{"iob":-0.21,"basaliob":-0.617,"bolussnooze":0.0505,"activity":0.0012,"lastBolusTime":1703116335411,"time":"2023-12-21T01:11:11.776Z"}},{"iob":0.397,"basaliob":0.023,"bolussnooze":0.0403,"activity":0.0065,"lastBolusTime":1703116335411,"time":"2023-12-21T01:16:11.776Z","iobWithZeroTemp":{"iob":-0.274,"basaliob":-0.648,"bolussnooze":0.0403,"activity":5.0E-4,"lastBolusTime":1703116335411,"time":"2023-12-21T01:16:11.776Z"}},{"iob":0.366,"basaliob":0.022,"bolussnooze":0.0318,"activity":0.0061,"lastBolusTime":1703116335411,"time":"2023-12-21T01:21:11.776Z","iobWithZeroTemp":{"iob":-0.332,"basaliob":-0.676,"bolussnooze":0.0318,"activity":-3.0E-4,"lastBolusTime":1703116335411,"time":"2023-12-21T01:21:11.776Z"}},{"iob":0.335,"basaliob":0.02,"bolussnooze":0.0249,"activity":0.0057,"lastBolusTime":1703116335411,"time":"2023-12-21T01:26:11.776Z","iobWithZeroTemp":{"iob":-0.388,"basaliob":-0.703,"bolussnooze":0.0249,"activity":-0.0011,"lastBolusTime":1703116335411,"time":"2023-12-21T01:26:11.776Z"}},{"iob":0.308,"basaliob":0.019,"bolussnooze":0.0192,"activity":0.0054,"lastBolusTime":1703116335411,"time":"2023-12-21T01:31:11.776Z","iobWithZeroTemp":{"iob":-0.438,"basaliob":-0.727,"bolussnooze":0.0192,"activity":-0.0018,"lastBolusTime":1703116335411,"time":"2023-12-21T01:31:11.776Z"}},{"iob":0.282,"basaliob":0.018,"bolussnooze":0.0147,"activity":0.005,"lastBolusTime":1703116335411,"time":"2023-12-21T01:36:11.776Z","iobWithZeroTemp":{"iob":-0.486,"basaliob":-0.75,"bolussnooze":0.0147,"activity":-0.0026,"lastBolusTime":1703116335411,"time":"2023-12-21T01:36:11.776Z"}},{"iob":0.258,"basaliob":0.017,"bolussnooze":0.011,"activity":0.0047,"lastBolusTime":1703116335411,"time":"2023-12-21T01:41:11.776Z","iobWithZeroTemp":{"iob":-0.529,"basaliob":-0.77,"bolussnooze":0.011,"activity":-0.0032,"lastBolusTime":1703116335411,"time":"2023-12-21T01:41:11.776Z"}},{"iob":0.234,"basaliob":0.015,"bolussnooze":0.0082,"activity":0.0044,"lastBolusTime":1703116335411,"time":"2023-12-21T01:46:11.776Z","iobWithZeroTemp":{"iob":-0.571,"basaliob":-0.79,"bolussnooze":0.0082,"activity":-0.0038,"lastBolusTime":1703116335411,"time":"2023-12-21T01:46:11.776Z"}},{"iob":0.213,"basaliob":0.014,"bolussnooze":0.0059,"activity":0.004,"lastBolusTime":1703116335411,"time":"2023-12-21T01:51:11.776Z","iobWithZeroTemp":{"iob":-0.608,"basaliob":-0.807,"bolussnooze":0.0059,"activity":-0.0045,"lastBolusTime":1703116335411,"time":"2023-12-21T01:51:11.776Z"}},{"iob":0.194,"basaliob":0.013,"bolussnooze":0.0042,"activity":0.0038,"lastBolusTime":1703116335411,"time":"2023-12-21T01:56:11.776Z","iobWithZeroTemp":{"iob":-0.642,"basaliob":-0.823,"bolussnooze":0.0042,"activity":-0.005,"lastBolusTime":1703116335411,"time":"2023-12-21T01:56:11.776Z"}},{"iob":0.176,"basaliob":0.012,"bolussnooze":0.0029,"activity":0.0035,"lastBolusTime":1703116335411,"time":"2023-12-21T02:01:11.776Z","iobWithZeroTemp":{"iob":-0.674,"basaliob":-0.838,"bolussnooze":0.0029,"activity":-0.0056,"lastBolusTime":1703116335411,"time":"2023-12-21T02:01:11.776Z"}},{"iob":0.159,"basaliob":0.011,"bolussnooze":0.0019,"activity":0.0032,"lastBolusTime":1703116335411,"time":"2023-12-21T02:06:11.776Z","iobWithZeroTemp":{"iob":-0.703,"basaliob":-0.851,"bolussnooze":0.0019,"activity":-0.0061,"lastBolusTime":1703116335411,"time":"2023-12-21T02:06:11.776Z"}},{"iob":0.143,"basaliob":0.01,"bolussnooze":0.0012,"activity":0.003,"lastBolusTime":1703116335411,"time":"2023-12-21T02:11:11.776Z","iobWithZeroTemp":{"iob":-0.731,"basaliob":-0.864,"bolussnooze":0.0012,"activity":-0.0065,"lastBolusTime":1703116335411,"time":"2023-12-21T02:11:11.776Z"}},{"iob":0.129,"basaliob":0.009,"bolussnooze":7.0E-4,"activity":0.0027,"lastBolusTime":1703116335411,"time":"2023-12-21T02:16:11.776Z","iobWithZeroTemp":{"iob":-0.755,"basaliob":-0.875,"bolussnooze":7.0E-4,"activity":-0.007,"lastBolusTime":1703116335411,"time":"2023-12-21T02:16:11.776Z"}},{"iob":0.117,"basaliob":0.009,"bolussnooze":3.0E-4,"activity":0.0025,"lastBolusTime":1703116335411,"time":"2023-12-21T02:21:11.776Z","iobWithZeroTemp":{"iob":-0.776,"basaliob":-0.884,"bolussnooze":3.0E-4,"activity":-0.0074,"lastBolusTime":1703116335411,"time":"2023-12-21T02:21:11.776Z"}},{"iob":0.105,"basaliob":0.008,"bolussnooze":1.0E-4,"activity":0.0023,"lastBolusTime":1703116335411,"time":"2023-12-21T02:26:11.776Z","iobWithZeroTemp":{"iob":-0.797,"basaliob":-0.894,"bolussnooze":1.0E-4,"activity":-0.0078,"lastBolusTime":1703116335411,"time":"2023-12-21T02:26:11.776Z"}},{"iob":0.094,"basaliob":0.007,"bolussnooze":0,"activity":0.002,"lastBolusTime":1703116335411,"time":"2023-12-21T02:31:11.776Z","iobWithZeroTemp":{"iob":-0.815,"basaliob":-0.902,"bolussnooze":0,"activity":-0.0082,"lastBolusTime":1703116335411,"time":"2023-12-21T02:31:11.776Z"}},{"iob":0.084,"basaliob":0.006,"bolussnooze":0,"activity":0.0019,"lastBolusTime":1703116335411,"time":"2023-12-21T02:36:11.776Z","iobWithZeroTemp":{"iob":-0.832,"basaliob":-0.91,"bolussnooze":0,"activity":-0.0085,"lastBolusTime":1703116335411,"time":"2023-12-21T02:36:11.776Z"}},{"iob":0.075,"basaliob":0.006,"bolussnooze":0,"activity":0.0017,"lastBolusTime":1703116335411,"time":"2023-12-21T02:41:11.776Z","iobWithZeroTemp":{"iob":-0.847,"basaliob":-0.916,"bolussnooze":0,"activity":-0.0088,"lastBolusTime":1703116335411,"time":"2023-12-21T02:41:11.776Z"}},{"iob":0.066,"basaliob":0.005,"bolussnooze":0,"activity":0.0016,"lastBolusTime":1703116335411,"time":"2023-12-21T02:46:11.776Z","iobWithZeroTemp":{"iob":-0.861,"basaliob":-0.922,"bolussnooze":0,"activity":-0.009,"lastBolusTime":1703116335411,"time":"2023-12-21T02:46:11.776Z"}},{"iob":0.06,"basaliob":0.005,"bolussnooze":0,"activity":0.0014,"lastBolusTime":1703116335411,"time":"2023-12-21T02:51:11.776Z","iobWithZeroTemp":{"iob":-0.872,"basaliob":-0.927,"bolussnooze":0,"activity":-0.0094,"lastBolusTime":1703116335411,"time":"2023-12-21T02:51:11.776Z"}},{"iob":0.052,"basaliob":0.004,"bolussnooze":0,"activity":0.0013,"lastBolusTime":1703116335411,"time":"2023-12-21T02:56:11.776Z","iobWithZeroTemp":{"iob":-0.884,"basaliob":-0.932,"bolussnooze":0,"activity":-0.0096,"lastBolusTime":1703116335411,"time":"2023-12-21T02:56:11.776Z"}},{"iob":0.047,"basaliob":0.004,"bolussnooze":0,"activity":0.0012,"lastBolusTime":1703116335411,"time":"2023-12-21T03:01:11.776Z","iobWithZeroTemp":{"iob":-0.893,"basaliob":-0.936,"bolussnooze":0,"activity":-0.0097,"lastBolusTime":1703116335411,"time":"2023-12-21T03:01:11.776Z"}},{"iob":0.04,"basaliob":0.003,"bolussnooze":0,"activity":0.0011,"lastBolusTime":1703116335411,"time":"2023-12-21T03:06:11.776Z","iobWithZeroTemp":{"iob":-0.904,"basaliob":-0.941,"bolussnooze":0,"activity":-0.0099,"lastBolusTime":1703116335411,"time":"2023-12-21T03:06:11.776Z"}},{"iob":0.036,"basaliob":0.003,"bolussnooze":0,"activity":0.001,"lastBolusTime":1703116335411,"time":"2023-12-21T03:11:11.776Z","iobWithZeroTemp":{"iob":-0.911,"basaliob":-0.944,"bolussnooze":0,"activity":-0.0101,"lastBolusTime":1703116335411,"time":"2023-12-21T03:11:11.776Z"}},{"iob":0.032,"basaliob":0.003,"bolussnooze":0,"activity":9.0E-4,"lastBolusTime":1703116335411,"time":"2023-12-21T03:16:11.776Z","iobWithZeroTemp":{"iob":-0.917,"basaliob":-0.946,"bolussnooze":0,"activity":-0.0103,"lastBolusTime":1703116335411,"time":"2023-12-21T03:16:11.776Z"}},{"iob":0.027,"basaliob":0.002,"bolussnooze":0,"activity":8.0E-4,"lastBolusTime":1703116335411,"time":"2023-12-21T03:21:11.776Z","iobWithZeroTemp":{"iob":-0.925,"basaliob":-0.95,"bolussnooze":0,"activity":-0.0104,"lastBolusTime":1703116335411,"time":"2023-12-21T03:21:11.776Z"}},{"iob":0.024,"basaliob":0.002,"bolussnooze":0,"activity":7.0E-4,"lastBolusTime":1703116335411,"time":"2023-12-21T03:26:11.776Z","iobWithZeroTemp":{"iob":-0.93,"basaliob":-0.952,"bolussnooze":0,"activity":-0.0106,"lastBolusTime":1703116335411,"time":"2023-12-21T03:26:11.776Z"}},{"iob":0.021,"basaliob":0.002,"bolussnooze":0,"activity":6.0E-4,"lastBolusTime":1703116335411,"time":"2023-12-21T03:31:11.776Z","iobWithZeroTemp":{"iob":-0.935,"basaliob":-0.954,"bolussnooze":0,"activity":-0.0107,"lastBolusTime":1703116335411,"time":"2023-12-21T03:31:11.776Z"}},{"iob":0.017,"basaliob":0.001,"bolussnooze":0,"activity":5.0E-4,"lastBolusTime":1703116335411,"time":"2023-12-21T03:36:11.776Z","iobWithZeroTemp":{"iob":-0.94,"basaliob":-0.956,"bolussnooze":0,"activity":-0.0109,"lastBolusTime":1703116335411,"time":"2023-12-21T03:36:11.776Z"}},{"iob":0.015,"basaliob":0.001,"bolussnooze":0,"activity":4.0E-4,"lastBolusTime":1703116335411,"time":"2023-12-21T03:41:11.776Z","iobWithZeroTemp":{"iob":-0.944,"basaliob":-0.958,"bolussnooze":0,"activity":-0.011,"lastBolusTime":1703116335411,"time":"2023-12-21T03:41:11.776Z"}},{"iob":0.013,"basaliob":0.001,"bolussnooze":0,"activity":4.0E-4,"lastBolusTime":1703116335411,"time":"2023-12-21T03:46:11.776Z","iobWithZeroTemp":{"iob":-0.947,"basaliob":-0.959,"bolussnooze":0,"activity":-0.0111,"lastBolusTime":1703116335411,"time":"2023-12-21T03:46:11.776Z"}},{"iob":0.011,"basaliob":0.001,"bolussnooze":0,"activity":3.0E-4,"lastBolusTime":1703116335411,"time":"2023-12-21T03:51:11.776Z","iobWithZeroTemp":{"iob":-0.95,"basaliob":-0.96,"bolussnooze":0,"activity":-0.0112,"lastBolusTime":1703116335411,"time":"2023-12-21T03:51:11.776Z"}},{"iob":0.009,"basaliob":0.001,"bolussnooze":0,"activity":3.0E-4,"lastBolusTime":1703116335411,"time":"2023-12-21T03:56:11.776Z","iobWithZeroTemp":{"iob":-0.953,"basaliob":-0.961,"bolussnooze":0,"activity":-0.0112,"lastBolusTime":1703116335411,"time":"2023-12-21T03:56:11.776Z"}}],"profile":{"max_iob":7,"type":"current","max_daily_basal":0.8,"max_basal":5,"min_bg":80,"max_bg":90,"target_bg":85,"carb_ratio":14,"sens":57,"max_daily_safety_multiplier":9,"current_basal_safety_multiplier":8,"lgsThreshold":65,"high_temptarget_raises_sensitivity":false,"low_temptarget_lowers_sensitivity":false,"sensitivity_raises_target":false,"resistance_lowers_target":false,"adv_target_adjustments":false,"exercise_mode":false,"half_basal_exercise_target":160,"maxCOB":120,"skip_neutral_temps":false,"remainingCarbsCap":90,"enableUAM":true,"A52_risk_enable":false,"SMBInterval":3,"enableSMB_with_COB":true,"enableSMB_with_temptarget":true,"allowSMB_with_high_temptarget":true,"enableSMB_always":true,"enableSMB_after_carbs":true,"maxSMBBasalMinutes":120,"maxUAMSMBBasalMinutes":90,"bolus_increment":0.05,"carbsReqThreshold":5,"current_basal":0.7,"temptargetSet":false,"autosens_max":1.6,"autosens_min":0.6,"variable_sens":85.4,"insulinDivisor":75,"TDD":22.81146071428572},"autosens_data":{"ratio":1.0157535790778935},"meal_data":{"carbs":0,"mealCOB":0,"slopeFromMaxDeviation":0,"slopeFromMinDeviation":0.6845454545454543,"lastBolusTime":1703116335411,"lastCarbTime":0},"microBolusAllowed":true,"currentTime":1703116873614,"flatBGsDetected":false,"tdd1D":21.666666666666675,"tdd7D":21.121428571428574,"tddLast24H":21.454166666666655,"tddLast4H":4.491666666666667,"tddLast8to4H":3.7958333333333334},"output":{"temp":"absolute","bg":114,"tick":"+6","eventualBG":161,"targetBG":85,"insulinReq":0.34,"deliverAt":"2023-12-21T00:01:13.614Z","sensitivityRatio":1.0157535790778935,"variable_sens":85.4,"predBGs":{"IOB":[114,119,123,125,127,128,129,128,128,126,124,121,118,115,112,109,106,103,101,98,96,94,91,90,88,86,84,83,81,80,79,77,76,75,75,74,73,72,72,71,71,70,70,69,69,69,69,68],"ZT":[114,112,110,107,104,100,97,94,90,88,85,83,81,79,78,77,77,77,78,79,80,82,84],"UAM":[114,119,124,128,131,134,137,140,142,144,146,148,150,152,154,155,157,158,159,161,162,163,164,165,165,166,166,167,167,167,166,166,166,165,165,164,164,163,163,162,162,162,162,161]},"reason":"COB: 0, Dev: 44, BGI: -2, ISF: 85, CR: 14, Target: 85, minPredBG 114, minGuardBG 119, IOBpredBG 68, UAMpredBG 161; Eventual BG 161 >= 90,  insulinReq 0.34; setting 30m low temp of 0U\/h. Microbolusing 0.15U. ","COB":0,"IOB":0.965,"units":0.15,"rate":0,"duration":30,"timestamp":"2023-12-21T00:01:13.623Z"}}