{"algorithm":"OpenAPSSMBDynamicISFPlugin","input":{"glucoseStatus":{"glucose":106,"noise":0,"delta":-8,"short_avgdelta":-7,"long_avgdelta":-4.03,"date":1703125239000},"currenttemp":{"temp":"absolute","duration":85,"rate":0,"minutesrunning":35},"iob_data":[{"iob":0.685,"basaliob":-0.649,"bolussnooze":0.3936,"activity":0.0124,"lastBolusTime":1703123025877,"time":"2023-12-21T02:20:58.112Z","iobWithZeroTemp":{"iob":0.685,"basaliob":-0.649,"bolussnooze":0.3936,"activity":0.0124,"lastBolusTime":1703123025877,"time":"2023-12-21T02:20:58.112Z"}},{"iob":0.625,"basaliob":-0.616,"bolussnooze":0.3285,"activity":0.0115,"lastBolusTime":1703123025877,"time":"2023-12-21T02:25:58.112Z","iobWithZeroTemp":{"iob":0.578,"basaliob":-0.663,"bolussnooze":0.3285,"activity":0.0115,"lastBolusTime":1703123025877,"time":"2023-12-21T02:25:58.112Z"}},{"iob":0.569,"basaliob":-0.582,"bolussnooze":0.2722,"activity":0.0108,"lastBolusTime":1703123025877,"time":"2023-12-21T02:30:58.112Z","iobWithZeroTemp":{"iob":0.465,"basaliob":-0.686,"bolussnooze":0.2722,"activity":0.0106,"lastBolusTime":1703123025877,"time":"2023-12-21T02:30:58.112Z"}},{"iob":0.519,"basaliob":-0.547,"bolussnooze":0.2238,"activity":0.01,"lastBolusTime":1703123025877,"time":"2023-12-21T02:35:58.112Z","iobWithZeroTemp":{"iob":0.358,"basaliob":-0.708,"bolussnooze":0.2238,"activity":0.0095,"lastBolusTime":1703123025877,"time":"2023-12-21T02:35:58.112Z"}},{"iob":0.471,"basaliob":-0.513,"bolussnooze":0.1827,"activity":0.0092,"lastBolusTime":1703123025877,"time":"2023-12-21T02:40:58.112Z","iobWithZeroTemp":{"iob":0.255,"basaliob":-0.729,"bolussnooze":0.1827,"activity":0.0084,"lastBolusTime":1703123025877,"time":"2023-12-21T02:40:58.112Z"}},{"iob":0.427,"basaliob":-0.48,"bolussnooze":0.148,"activity":0.0085,"lastBolusTime":1703123025877,"time":"2023-12-21T02:45:58.112Z","iobWithZeroTemp":{"iob":0.158,"basaliob":-0.749,"bolussnooze":0.148,"activity":0.0073,"lastBolusTime":1703123025877,"time":"2023-12-21T02:45:58.112Z"}},{"iob":0.386,"basaliob":-0.447,"bolussnooze":0.1189,"activity":0.0078,"lastBolusTime":1703123025877,"time":"2023-12-21T02:50:58.112Z","iobWithZeroTemp":{"iob":0.066,"basaliob":-0.767,"bolussnooze":0.1189,"activity":0.0061,"lastBolusTime":1703123025877,"time":"2023-12-21T02:50:58.112Z"}},{"iob":0.349,"basaliob":-0.416,"bolussnooze":0.0947,"activity":0.0071,"lastBolusTime":1703123025877,"time":"2023-12-21T02:55:58.112Z","iobWithZeroTemp":{"iob":-0.02,"basaliob":-0.785,"bolussnooze":0.0947,"activity":0.0049,"lastBolusTime":1703123025877,"time":"2023-12-21T02:55:58.112Z"}},{"iob":0.314,"basaliob":-0.386,"bolussnooze":0.0748,"activity":0.0066,"lastBolusTime":1703123025877,"time":"2023-12-21T03:00:58.112Z","iobWithZeroTemp":{"iob":-0.102,"basaliob":-0.802,"bolussnooze":0.0748,"activity":0.0039,"lastBolusTime":1703123025877,"time":"2023-12-21T03:00:58.112Z"}},{"iob":0.283,"basaliob":-0.357,"bolussnooze":0.0584,"activity":0.0061,"lastBolusTime":1703123025877,"time":"2023-12-21T03:05:58.112Z","iobWithZeroTemp":{"iob":-0.176,"basaliob":-0.816,"bolussnooze":0.0584,"activity":0.0029,"lastBolusTime":1703123025877,"time":"2023-12-21T03:05:58.112Z"}},{"iob":0.254,"basaliob":-0.329,"bolussnooze":0.0452,"activity":0.0055,"lastBolusTime":1703123025877,"time":"2023-12-21T03:10:58.112Z","iobWithZeroTemp":{"iob":-0.247,"basaliob":-0.83,"bolussnooze":0.0452,"activity":0.0018,"lastBolusTime":1703123025877,"time":"2023-12-21T03:10:58.112Z"}},{"iob":0.228,"basaliob":-0.303,"bolussnooze":0.0345,"activity":0.005,"lastBolusTime":1703123025877,"time":"2023-12-21T03:15:58.112Z","iobWithZeroTemp":{"iob":-0.312,"basaliob":-0.843,"bolussnooze":0.0345,"activity":8.0E-4,"lastBolusTime":1703123025877,"time":"2023-12-21T03:15:58.112Z"}},{"iob":0.204,"basaliob":-0.279,"bolussnooze":0.0259,"activity":0.0045,"lastBolusTime":1703123025877,"time":"2023-12-21T03:20:58.112Z","iobWithZeroTemp":{"iob":-0.372,"basaliob":-0.855,"bolussnooze":0.0259,"activity":-1.0E-4,"lastBolusTime":1703123025877,"time":"2023-12-21T03:20:58.112Z"}},{"iob":0.182,"basaliob":-0.256,"bolussnooze":0.0192,"activity":0.0041,"lastBolusTime":1703123025877,"time":"2023-12-21T03:25:58.112Z","iobWithZeroTemp":{"iob":-0.428,"basaliob":-0.866,"bolussnooze":0.0192,"activity":-0.001,"lastBolusTime":1703123025877,"time":"2023-12-21T03:25:58.112Z"}},{"iob":0.162,"basaliob":-0.234,"bolussnooze":0.0139,"activity":0.0038,"lastBolusTime":1703123025877,"time":"2023-12-21T03:30:58.112Z","iobWithZeroTemp":{"iob":-0.479,"basaliob":-0.875,"bolussnooze":0.0139,"activity":-0.0018,"lastBolusTime":1703123025877,"time":"2023-12-21T03:30:58.112Z"}},{"iob":0.144,"basaliob":-0.214,"bolussnooze":0.0099,"activity":0.0034,"lastBolusTime":1703123025877,"time":"2023-12-21T03:35:58.112Z","iobWithZeroTemp":{"iob":-0.527,"basaliob":-0.885,"bolussnooze":0.0099,"activity":-0.0026,"lastBolusTime":1703123025877,"time":"2023-12-21T03:35:58.112Z"}},{"iob":0.128,"basaliob":-0.195,"bolussnooze":0.0068,"activity":0.0031,"lastBolusTime":1703123025877,"time":"2023-12-21T03:40:58.112Z","iobWithZeroTemp":{"iob":-0.57,"basaliob":-0.893,"bolussnooze":0.0068,"activity":-0.0033,"lastBolusTime":1703123025877,"time":"2023-12-21T03:40:58.112Z"}},{"iob":0.114,"basaliob":-0.177,"bolussnooze":0.0045,"activity":0.0028,"lastBolusTime":1703123025877,"time":"2023-12-21T03:45:58.112Z","iobWithZeroTemp":{"iob":-0.609,"basaliob":-0.9,"bolussnooze":0.0045,"activity":-0.004,"lastBolusTime":1703123025877,"time":"2023-12-21T03:45:58.112Z"}},{"iob":0.1,"basaliob":-0.161,"bolussnooze":0.0029,"activity":0.0025,"lastBolusTime":1703123025877,"time":"2023-12-21T03:50:58.112Z","iobWithZeroTemp":{"iob":-0.646,"basaliob":-0.907,"bolussnooze":0.0029,"activity":-0.0047,"lastBolusTime":1703123025877,"time":"2023-12-21T03:50:58.112Z"}},{"iob":0.088,"basaliob":-0.146,"bolussnooze":0.0017,"activity":0.0023,"lastBolusTime":1703123025877,"time":"2023-12-21T03:55:58.112Z","iobWithZeroTemp":{"iob":-0.68,"basaliob":-0.914,"bolussnooze":0.0017,"activity":-0.0053,"lastBolusTime":1703123025877,"time":"2023-12-21T03:55:58.112Z"}},{"iob":0.077,"basaliob":-0.132,"bolussnooze":0.001,"activity":0.002,"lastBolusTime":1703123025877,"time":"2023-12-21T04:00:58.112Z","iobWithZeroTemp":{"iob":-0.71,"basaliob":-0.919,"bolussnooze":0.001,"activity":-0.0059,"lastBolusTime":1703123025877,"time":"2023-12-21T04:00:58.112Z"}},{"iob":0.068,"basaliob":-0.119,"bolussnooze":5.0E-4,"activity":0.0018,"lastBolusTime":1703123025877,"time":"2023-12-21T04:05:58.112Z","iobWithZeroTemp":{"iob":-0.729,"basaliob":-0.916,"bolussnooze":5.0E-4,"activity":-0.0064,"lastBolusTime":1703123025877,"time":"2023-12-21T04:05:58.112Z"}},{"iob":0.06,"basaliob":-0.107,"bolussnooze":2.0E-4,"activity":0.0016,"lastBolusTime":1703123025877,"time":"2023-12-21T04:10:58.112Z","iobWithZeroTemp":{"iob":-0.745,"basaliob":-0.912,"bolussnooze":2.0E-4,"activity":-0.0069,"lastBolusTime":1703123025877,"time":"2023-12-21T04:10:58.112Z"}},{"iob":0.051,"basaliob":-0.097,"bolussnooze":1.0E-4,"activity":0.0014,"lastBolusTime":1703123025877,"time":"2023-12-21T04:15:58.112Z","iobWithZeroTemp":{"iob":-0.761,"basaliob":-0.909,"bolussnooze":1.0E-4,"activity":-0.0073,"lastBolusTime":1703123025877,"time":"2023-12-21T04:15:58.112Z"}},{"iob":0.044,"basaliob":-0.087,"bolussnooze":0,"activity":0.0013,"lastBolusTime":1703123025877,"time":"2023-12-21T04:20:58.112Z","iobWithZeroTemp":{"iob":-0.774,"basaliob":-0.905,"bolussnooze":0,"activity":-0.0076,"lastBolusTime":1703123025877,"time":"2023-12-21T04:20:58.112Z"}},{"iob":0.038,"basaliob":-0.078,"bolussnooze":0,"activity":0.0012,"lastBolusTime":1703123025877,"time":"2023-12-21T04:25:58.112Z","iobWithZeroTemp":{"iob":-0.785,"basaliob":-0.901,"bolussnooze":0,"activity":-0.0079,"lastBolusTime":1703123025877,"time":"2023-12-21T04:25:58.112Z"}},{"iob":0.034,"basaliob":-0.069,"bolussnooze":0,"activity":0.001,"lastBolusTime":1703123025877,"time":"2023-12-21T04:30:58.112Z","iobWithZeroTemp":{"iob":-0.793,"basaliob":-0.896,"bolussnooze":0,"activity":-0.0083,"lastBolusTime":1703123025877,"time":"2023-12-21T04:30:58.112Z"}},{"iob":0.028,"basaliob":-0.062,"bolussnooze":0,"activity":9.0E-4,"lastBolusTime":1703123025877,"time":"2023-12-21T04:35:58.112Z","iobWithZeroTemp":{"iob":-0.802,"basaliob":-0.892,"bolussnooze":0,"activity":-0.0085,"lastBolusTime":1703123025877,"time":"2023-12-21T04:35:58.112Z"}},{"iob":0.024,"basaliob":-0.055,"bolussnooze":0,"activity":8.0E-4,"lastBolusTime":1703123025877,"time":"2023-12-21T04:40:58.112Z","iobWithZeroTemp":{"iob":-0.809,"basaliob":-0.888,"bolussnooze":0,"activity":-0.0087,"lastBolusTime":1703123025877,"time":"2023-12-21T04:40:58.112Z"}},{"iob":0.02,"basaliob":-0.049,"bolussnooze":0,"activity":7.0E-4,"lastBolusTime":1703123025877,"time":"2023-12-21T04:45:58.112Z","iobWithZeroTemp":{"iob":-0.815,"basaliob":-0.884,"bolussnooze":0,"activity":-0.0089,"lastBolusTime":1703123025877,"time":"2023-12-21T04:45:58.112Z"}},{"iob":0.018,"basaliob":-0.043,"bolussnooze":0,"activity":6.0E-4,"lastBolusTime":1703123025877,"time":"2023-12-21T04:50:58.112Z","iobWithZeroTemp":{"iob":-0.819,"basaliob":-0.88,"bolussnooze":0,"activity":-0.0091,"lastBolusTime":1703123025877,"time":"2023-12-21T04:50:58.112Z"}},{"iob":0.015,"basaliob":-0.038,"bolussnooze":0,"activity":5.0E-4,"lastBolusTime":1703123025877,"time":"2023-12-21T04:55:58.112Z","iobWithZeroTemp":{"iob":-0.823,"basaliob":-0.876,"bolussnooze":0,"activity":-0.0093,"lastBolusTime":1703123025877,"time":"2023-12-21T04:55:58.112Z"}},{"iob":0.012,"basaliob":-0.034,"bolussnooze":0,"activity":4.0E-4,"lastBolusTime":1703123025877,"time":"2023-12-21T05:00:58.112Z","iobWithZeroTemp":{"iob":-0.827,"basaliob":-0.873,"bolussnooze":0,"activity":-0.0095,"lastBolusTime":1703123025877,"time":"2023-12-21T05:00:58.112Z"}},{"iob":0.01,"basaliob":-0.03,"bolussnooze":0,"activity":4.0E-4,"lastBolusTime":1703123025877,"time":"2023-12-21T05:05:58.112Z","iobWithZeroTemp":{"iob":-0.825,"basaliob":-0.865,"bolussnooze":0,"activity":-0.0095,"lastBolusTime":1703123025877,"time":"2023-12-21T05:05:58.112Z"}},{"iob":0.008,"basaliob":-0.026,"bolussnooze":0,"activity":3.0E-4,"lastBolusTime":1703123025877,"time":"2023-12-21T05:10:58.112Z","iobWithZeroTemp":{"iob":-0.824,"basaliob":-0.858,"bolussnooze":0,"activity":-0.0096,"lastBolusTime":1703123025877,"time":"2023-12-21T05:10:58.112Z"}},{"iob":0.006,"basaliob":-0.023,"bolussnooze":0,"activity":3.0E-4,"lastBolusTime":1703123025877,"time":"2023-12-21T05:15:58.112Z","iobWithZeroTemp":{"iob":-0.822,"basaliob":-0.851,"bolussnooze":0,"activity":-0.0097,"lastBolusTime":1703123025877,"time":"2023-12-21T05:15:58.112Z"}},{"iob":0.005,"basaliob":-0.02,"bolussnooze":0,"activity":2.0E-4,"lastBolusTime":1703123025877,"time":"2023-12-21T05:20:58.112Z","iobWithZeroTemp":{"iob":-0.819,"basaliob":-0.844,"bolussnooze":0,"activity":-0.0098,"lastBolusTime":1703123025877,"time":"2023-12-21T05:20:58.112Z"}},{"iob":0.004,"basaliob":-0.017,"bolussnooze":0,"activity":2.0E-4,"lastBolusTime":1703123025877,"time":"2023-12-21T05:25:58.112Z","iobWithZeroTemp":{"iob":-0.816,"basaliob":-0.837,"bolussnooze":0,"activity":-0.0098,"lastBolusTime":1703123025877,"time":"2023-12-21T05:25:58.112Z"}},{"iob":0.003,"basaliob":-0.015,"bolussnooze":0,"activity":2.0E-4,"lastBolusTime":1703123025877,"time":"2023-12-21T05:30:58.112Z","iobWithZeroTemp":{"iob":-0.813,"basaliob":-0.831,"bolussnooze":0,"activity":-0.0097,"lastBolusTime":1703123025877,"time":"2023-12-21T05:30:58.112Z"}},{"iob":0.002,"basaliob":-0.013,"bolussnooze":0,"activity":1.0E-4,"lastBolusTime":1703123025877,"time":"2023-12-21T05:35:58.112Z","iobWithZeroTemp":{"iob":-0.811,"basaliob":-0.826,"bolussnooze":0,"activity":-0.0098,"lastBolusTime":1703123025877,"time":"2023-12-21T05:35:58.112Z"}},{"iob":0.002,"basaliob":-0.011,"bolussnooze":0,"activity":2.0E-4,"lastBolusTime":1703123025877,"time":"2023-12-21T05:40:58.112Z","iobWithZeroTemp":{"iob":-0.807,"basaliob":-0.82,"bolussnooze":0,"activity":-0.0097,"lastBolusTime":1703123025877,"time":"2023-12-21T05:40:58.112Z"}},{"iob":0,"basaliob":-0.01,"bolussnooze":0,"activity":1.0E-4,"lastBolusTime":1703123025877,"time":"2023-12-21T05:45:58.112Z","iobWithZeroTemp":{"iob":-0.805,"basaliob":-0.815,"bolussnooze":0,"activity":-0.0098,"lastBolusTime":1703123025877,"time":"2023-12-21T05:45:58.112Z"}},{"iob":0.001,"basaliob":-0.008,"bolussnooze":0,"activity":0,"lastBolusTime":1703123025877,"time":"2023-12-21T05:50:58.112Z","iobWithZeroTemp":{"iob":-0.801,"basaliob":-0.81,"bolussnooze":0,"activity":-0.0098,"lastBolusTime":1703123025877,"time":"2023-12-21T05:50:58.112Z"}},{"iob":0,"basaliob":-0.007,"bolussnooze":0,"activity":1.0E-4,"lastBolusTime":1703123025877,"time":"2023-12-21T05:55:58.112Z","iobWithZeroTemp":{"iob":-0.799,"basaliob":-0.806,"bolussnooze":0,"activity":-0.0097,"lastBolusTime":1703123025877,"time":"2023-12-21T05:55:58.112Z"}},{"iob":0,"basaliob":-0.006,"bolussnooze":0,"activity":1.0E-4,"lastBolusTime":1703123025877,"time":"2023-12-21T06:00:58.112Z","iobWithZeroTemp":{"iob":-0.795,"basaliob":-0.801,"bolussnooze":0,"activity":-0.0097,"lastBolusTime":1703123025877,"time":"2023-12-21T06:00:58.112Z"}},{"iob":-0.001,"basaliob":-0.005,"bolussnooze":0,"activity":0,"lastBolusTime":1703123025877,"time":"2023-12-21T06:05:58.112Z","iobWithZeroTemp":{"iob":-0.793,"basaliob":-0.797,"bolussnooze":0,"activity":-0.0097,"lastBolusTime":1703123025877,"time":"2023-12-21T06:05:58.112Z"}},{"iob":-0.001,"basaliob":-0.004,"bolussnooze":0,"activity":1.0E-4,"lastBolusTime":1703123025877,"time":"2023-12-21T06:10:58.112Z","iobWithZeroTemp":{"iob":-0.791,"basaliob":-0.794,"bolussnooze":0,"activity":-0.0096,"lastBolusTime":1703123025877,"time":"2023-12-21T06:10:58.112Z"}},{"iob":0,"basaliob":-0.003,"bolussnooze":0,"activity":0,"lastBolusTime":1703123025877,"time":"2023-12-21T06:15:58.112Z","iobWithZeroTemp":{"iob":-0.787,"basaliob":-0.79,"bolussnooze":0,"activity":-0.0097,"lastBolusTime":1703123025877,"time":"2023-12-21T06:15:58.112Z"}}],"profile":{"max_iob":7,"type":"current","max_daily_basal":0.8,"max_basal":5,"min_bg":80,"max_bg":90,"target_bg":85,"carb_ratio":14,"sens":57,"max_daily_safety_multiplier":9,"current_basal_safety_multiplier":8,"lgsThreshold":65,"high_temptarget_raises_sensitivity":false,"low_temptarget_lowers_sensitivity":false,"sensitivity_raises_target":false,"resistance_lowers_target":false,"adv_target_adjustments":false,"exercise_mode":false,"half_basal_exercise_target":160,"maxCOB":120,"skip_neutral_temps":false,"remainingCarbsCap":90,"enableUAM":true,"A52_risk_enable":false,"SMBInterval":3,"enableSMB_with_COB":true,"enableSMB_with_temptarget":true,"allowSMB_with_high_temptarget":true,"enableSMB_always":true,"enableSMB_after_carbs":true,"maxSMBBasalMinutes":120,"maxUAMSMBBasalMinutes":90,"bolus_increment":0.05,"carbsReqThreshold":5,"current_basal":0.7,"temptargetSet":false,"autosens_max":1.6,"autosens_min":0.6,"variable_sens":85.9,"insulinDivisor":75,"TDD":23.787435714285717},"autosens_data":{"ratio":1.025814451583812},"meal_data":{"carbs":0,"mealCOB":0,"slopeFromMaxDeviation":-1.7193749999999999,"slopeFromMinDeviation":0,"lastBolusTime":1703123025877,"lastCarbTime":0},"microBolusAllowed":true,"currentTime":1703125259570,"flatBGsDetected":false,"tdd1D":21.666666666666675,"tdd7D":21.121428571428574,"tddLast24H":21.666666666666657,"tddLast4H":4.9833333333333325,"tddLast8to4H":4.291666666666666},"output":{"temp":"absolute","bg":106,"tick":-8,"eventualBG":55,"targetBG":85,"insulinReq":0,"deliverAt":"2023-12-21T02:20:59.570Z","sensitivityRatio":1.025814451583812,"variable_sens":85.9,"predBGs":{"IOB":[106,98,91,84,77,70,64,58,52,47,42,39,39],"ZT":[106,101,96,91,86,82,78,75,72,70,68,67,67,67,68,69,70,72,74,77,80,83]},"reason":"COB: 0, Dev: 8, BGI: -5, ISF: 86, CR: 14, Target: 85, minPredBG 52, minGuardBG -6, IOBpredBG 39; minGuardBG -6<65 85m left and 0 ~ req 0U\/hr: no temp required","COB":0,"IOB":0.685,"timestamp":"2023-12-21T02:20:59.576Z"}}