{"algorithm":"OpenAPSSMBDynamicISFPlugin","input":{"glucoseStatus":{"glucose":86,"noise":0,"delta":0,"short_avgdelta":-0.5,"long_avgdelta":-1.32,"date":1703113539000},"currenttemp":{"temp":"absolute","duration":20,"rate":0.75,"minutesrunning":10},"iob_data":[{"iob":-0.074,"basaliob":-0.22,"bolussnooze":0.0013,"activity":2.0E-4,"lastBolusTime":1703105530958,"time":"2023-12-20T23:06:10.740Z","iobWithZeroTemp":{"iob":-0.074,"basaliob":-0.22,"bolussnooze":0.0013,"activity":2.0E-4,"lastBolusTime":1703105530958,"time":"2023-12-20T23:06:10.740Z"}},{"iob":-0.073,"basaliob":-0.204,"bolussnooze":7.0E-4,"activity":0,"lastBolusTime":1703105530958,"time":"2023-12-20T23:11:10.740Z","iobWithZeroTemp":{"iob":-0.12,"basaliob":-0.251,"bolussnooze":7.0E-4,"activity":0,"lastBolusTime":1703105530958,"time":"2023-12-20T23:11:10.740Z"}},{"iob":-0.074,"basaliob":-0.19,"bolussnooze":4.0E-4,"activity":-2.0E-4,"lastBolusTime":1703105530958,"time":"2023-12-20T23:16:10.740Z","iobWithZeroTemp":{"iob":-0.178,"basaliob":-0.294,"bolussnooze":4.0E-4,"activity":-4.0E-4,"lastBolusTime":1703105530958,"time":"2023-12-20T23:16:10.740Z"}},{"iob":-0.071,"basaliob":-0.175,"bolussnooze":2.0E-4,"activity":-4.0E-4,"lastBolusTime":1703105530958,"time":"2023-12-20T23:21:10.740Z","iobWithZeroTemp":{"iob":-0.232,"basaliob":-0.336,"bolussnooze":2.0E-4,"activity":-9.0E-4,"lastBolusTime":1703105530958,"time":"2023-12-20T23:21:10.740Z"}},{"iob":-0.07,"basaliob":-0.162,"bolussnooze":1.0E-4,"activity":-4.0E-4,"lastBolusTime":1703105530958,"time":"2023-12-20T23:26:10.740Z","iobWithZeroTemp":{"iob":-0.286,"basaliob":-0.378,"bolussnooze":1.0E-4,"activity":-0.0012,"lastBolusTime":1703105530958,"time":"2023-12-20T23:26:10.740Z"}},{"iob":-0.068,"basaliob":-0.149,"bolussnooze":0,"activity":-5.0E-4,"lastBolusTime":1703105530958,"time":"2023-12-20T23:31:10.740Z","iobWithZeroTemp":{"iob":-0.337,"basaliob":-0.418,"bolussnooze":0,"activity":-0.0017,"lastBolusTime":1703105530958,"time":"2023-12-20T23:31:10.740Z"}},{"iob":-0.065,"basaliob":-0.137,"bolussnooze":0,"activity":-5.0E-4,"lastBolusTime":1703105530958,"time":"2023-12-20T23:36:10.740Z","iobWithZeroTemp":{"iob":-0.385,"basaliob":-0.457,"bolussnooze":0,"activity":-0.0022,"lastBolusTime":1703105530958,"time":"2023-12-20T23:36:10.740Z"}},{"iob":-0.063,"basaliob":-0.126,"bolussnooze":0,"activity":-6.0E-4,"lastBolusTime":1703105530958,"time":"2023-12-20T23:41:10.740Z","iobWithZeroTemp":{"iob":-0.432,"basaliob":-0.495,"bolussnooze":0,"activity":-0.0028,"lastBolusTime":1703105530958,"time":"2023-12-20T23:41:10.740Z"}},{"iob":-0.059,"basaliob":-0.115,"bolussnooze":0,"activity":-6.0E-4,"lastBolusTime":1703105530958,"time":"2023-12-20T23:46:10.740Z","iobWithZeroTemp":{"iob":-0.475,"basaliob":-0.531,"bolussnooze":0,"activity":-0.0033,"lastBolusTime":1703105530958,"time":"2023-12-20T23:46:10.740Z"}},{"iob":-0.056,"basaliob":-0.105,"bolussnooze":0,"activity":-6.0E-4,"lastBolusTime":1703105530958,"time":"2023-12-20T23:51:10.740Z","iobWithZeroTemp":{"iob":-0.515,"basaliob":-0.564,"bolussnooze":0,"activity":-0.0038,"lastBolusTime":1703105530958,"time":"2023-12-20T23:51:10.740Z"}},{"iob":-0.053,"basaliob":-0.096,"bolussnooze":0,"activity":-6.0E-4,"lastBolusTime":1703105530958,"time":"2023-12-20T23:56:10.740Z","iobWithZeroTemp":{"iob":-0.554,"basaliob":-0.597,"bolussnooze":0,"activity":-0.0043,"lastBolusTime":1703105530958,"time":"2023-12-20T23:56:10.740Z"}},{"iob":-0.05,"basaliob":-0.087,"bolussnooze":0,"activity":-7.0E-4,"lastBolusTime":1703105530958,"time":"2023-12-21T00:01:10.740Z","iobWithZeroTemp":{"iob":-0.59,"basaliob":-0.627,"bolussnooze":0,"activity":-0.0049,"lastBolusTime":1703105530958,"time":"2023-12-21T00:01:10.740Z"}},{"iob":-0.047,"basaliob":-0.079,"bolussnooze":0,"activity":-6.0E-4,"lastBolusTime":1703105530958,"time":"2023-12-21T00:06:10.740Z","iobWithZeroTemp":{"iob":-0.623,"basaliob":-0.655,"bolussnooze":0,"activity":-0.0052,"lastBolusTime":1703105530958,"time":"2023-12-21T00:06:10.740Z"}},{"iob":-0.044,"basaliob":-0.072,"bolussnooze":0,"activity":-6.0E-4,"lastBolusTime":1703105530958,"time":"2023-12-21T00:11:10.740Z","iobWithZeroTemp":{"iob":-0.654,"basaliob":-0.682,"bolussnooze":0,"activity":-0.0057,"lastBolusTime":1703105530958,"time":"2023-12-21T00:11:10.740Z"}},{"iob":-0.041,"basaliob":-0.065,"bolussnooze":0,"activity":-6.0E-4,"lastBolusTime":1703105530958,"time":"2023-12-21T00:16:10.740Z","iobWithZeroTemp":{"iob":-0.682,"basaliob":-0.706,"bolussnooze":0,"activity":-0.0062,"lastBolusTime":1703105530958,"time":"2023-12-21T00:16:10.740Z"}},{"iob":-0.038,"basaliob":-0.059,"bolussnooze":0,"activity":-6.0E-4,"lastBolusTime":1703105530958,"time":"2023-12-21T00:21:10.740Z","iobWithZeroTemp":{"iob":-0.709,"basaliob":-0.73,"bolussnooze":0,"activity":-0.0066,"lastBolusTime":1703105530958,"time":"2023-12-21T00:21:10.740Z"}},{"iob":-0.035,"basaliob":-0.053,"bolussnooze":0,"activity":-5.0E-4,"lastBolusTime":1703105530958,"time":"2023-12-21T00:26:10.740Z","iobWithZeroTemp":{"iob":-0.733,"basaliob":-0.751,"bolussnooze":0,"activity":-0.0069,"lastBolusTime":1703105530958,"time":"2023-12-21T00:26:10.740Z"}},{"iob":-0.033,"basaliob":-0.048,"bolussnooze":0,"activity":-5.0E-4,"lastBolusTime":1703105530958,"time":"2023-12-21T00:31:10.740Z","iobWithZeroTemp":{"iob":-0.756,"basaliob":-0.771,"bolussnooze":0,"activity":-0.0073,"lastBolusTime":1703105530958,"time":"2023-12-21T00:31:10.740Z"}},{"iob":-0.03,"basaliob":-0.043,"bolussnooze":0,"activity":-5.0E-4,"lastBolusTime":1703105530958,"time":"2023-12-21T00:36:10.740Z","iobWithZeroTemp":{"iob":-0.776,"basaliob":-0.789,"bolussnooze":0,"activity":-0.0077,"lastBolusTime":1703105530958,"time":"2023-12-21T00:36:10.740Z"}},{"iob":-0.027,"basaliob":-0.038,"bolussnooze":0,"activity":-4.0E-4,"lastBolusTime":1703105530958,"time":"2023-12-21T00:41:10.740Z","iobWithZeroTemp":{"iob":-0.795,"basaliob":-0.806,"bolussnooze":0,"activity":-0.008,"lastBolusTime":1703105530958,"time":"2023-12-21T00:41:10.740Z"}},{"iob":-0.025,"basaliob":-0.034,"bolussnooze":0,"activity":-5.0E-4,"lastBolusTime":1703105530958,"time":"2023-12-21T00:46:10.740Z","iobWithZeroTemp":{"iob":-0.812,"basaliob":-0.821,"bolussnooze":0,"activity":-0.0084,"lastBolusTime":1703105530958,"time":"2023-12-21T00:46:10.740Z"}},{"iob":-0.023,"basaliob":-0.031,"bolussnooze":0,"activity":-4.0E-4,"lastBolusTime":1703105530958,"time":"2023-12-21T00:51:10.740Z","iobWithZeroTemp":{"iob":-0.828,"basaliob":-0.836,"bolussnooze":0,"activity":-0.0086,"lastBolusTime":1703105530958,"time":"2023-12-21T00:51:10.740Z"}},{"iob":-0.021,"basaliob":-0.027,"bolussnooze":0,"activity":-4.0E-4,"lastBolusTime":1703105530958,"time":"2023-12-21T00:56:10.740Z","iobWithZeroTemp":{"iob":-0.842,"basaliob":-0.848,"bolussnooze":0,"activity":-0.0089,"lastBolusTime":1703105530958,"time":"2023-12-21T00:56:10.740Z"}},{"iob":-0.019,"basaliob":-0.024,"bolussnooze":0,"activity":-4.0E-4,"lastBolusTime":1703105530958,"time":"2023-12-21T01:01:10.740Z","iobWithZeroTemp":{"iob":-0.855,"basaliob":-0.86,"bolussnooze":0,"activity":-0.0092,"lastBolusTime":1703105530958,"time":"2023-12-21T01:01:10.740Z"}},{"iob":-0.018,"basaliob":-0.022,"bolussnooze":0,"activity":-3.0E-4,"lastBolusTime":1703105530958,"time":"2023-12-21T01:06:10.740Z","iobWithZeroTemp":{"iob":-0.868,"basaliob":-0.872,"bolussnooze":0,"activity":-0.0094,"lastBolusTime":1703105530958,"time":"2023-12-21T01:06:10.740Z"}},{"iob":-0.015,"basaliob":-0.019,"bolussnooze":0,"activity":-3.0E-4,"lastBolusTime":1703105530958,"time":"2023-12-21T01:11:10.740Z","iobWithZeroTemp":{"iob":-0.877,"basaliob":-0.881,"bolussnooze":0,"activity":-0.0096,"lastBolusTime":1703105530958,"time":"2023-12-21T01:11:10.740Z"}},{"iob":-0.014,"basaliob":-0.017,"bolussnooze":0,"activity":-3.0E-4,"lastBolusTime":1703105530958,"time":"2023-12-21T01:16:10.740Z","iobWithZeroTemp":{"iob":-0.888,"basaliob":-0.891,"bolussnooze":0,"activity":-0.0098,"lastBolusTime":1703105530958,"time":"2023-12-21T01:16:10.740Z"}},{"iob":-0.013,"basaliob":-0.015,"bolussnooze":0,"activity":-3.0E-4,"lastBolusTime":1703105530958,"time":"2023-12-21T01:21:10.740Z","iobWithZeroTemp":{"iob":-0.897,"basaliob":-0.899,"bolussnooze":0,"activity":-0.01,"lastBolusTime":1703105530958,"time":"2023-12-21T01:21:10.740Z"}},{"iob":-0.011,"basaliob":-0.013,"bolussnooze":0,"activity":-2.0E-4,"lastBolusTime":1703105530958,"time":"2023-12-21T01:26:10.740Z","iobWithZeroTemp":{"iob":-0.904,"basaliob":-0.906,"bolussnooze":0,"activity":-0.0101,"lastBolusTime":1703105530958,"time":"2023-12-21T01:26:10.740Z"}},{"iob":-0.011,"basaliob":-0.012,"bolussnooze":0,"activity":-2.0E-4,"lastBolusTime":1703105530958,"time":"2023-12-21T01:31:10.740Z","iobWithZeroTemp":{"iob":-0.913,"basaliob":-0.914,"bolussnooze":0,"activity":-0.0103,"lastBolusTime":1703105530958,"time":"2023-12-21T01:31:10.740Z"}},{"iob":-0.009,"basaliob":-0.01,"bolussnooze":0,"activity":-2.0E-4,"lastBolusTime":1703105530958,"time":"2023-12-21T01:36:10.740Z","iobWithZeroTemp":{"iob":-0.918,"basaliob":-0.919,"bolussnooze":0,"activity":-0.0104,"lastBolusTime":1703105530958,"time":"2023-12-21T01:36:10.740Z"}},{"iob":-0.008,"basaliob":-0.009,"bolussnooze":0,"activity":-2.0E-4,"lastBolusTime":1703105530958,"time":"2023-12-21T01:41:10.740Z","iobWithZeroTemp":{"iob":-0.924,"basaliob":-0.925,"bolussnooze":0,"activity":-0.0106,"lastBolusTime":1703105530958,"time":"2023-12-21T01:41:10.740Z"}},{"iob":-0.008,"basaliob":-0.008,"bolussnooze":0,"activity":-2.0E-4,"lastBolusTime":1703105530958,"time":"2023-12-21T01:46:10.740Z","iobWithZeroTemp":{"iob":-0.93,"basaliob":-0.93,"bolussnooze":0,"activity":-0.0107,"lastBolusTime":1703105530958,"time":"2023-12-21T01:46:10.740Z"}},{"iob":-0.007,"basaliob":-0.007,"bolussnooze":0,"activity":-2.0E-4,"lastBolusTime":1703105530958,"time":"2023-12-21T01:51:10.740Z","iobWithZeroTemp":{"iob":-0.934,"basaliob":-0.934,"bolussnooze":0,"activity":-0.0108,"lastBolusTime":1703105530958,"time":"2023-12-21T01:51:10.740Z"}},{"iob":-0.006,"basaliob":-0.006,"bolussnooze":0,"activity":-2.0E-4,"lastBolusTime":1703105530958,"time":"2023-12-21T01:56:10.740Z","iobWithZeroTemp":{"iob":-0.938,"basaliob":-0.938,"bolussnooze":0,"activity":-0.011,"lastBolusTime":1703105530958,"time":"2023-12-21T01:56:10.740Z"}},{"iob":-0.005,"basaliob":-0.005,"bolussnooze":0,"activity":-1.0E-4,"lastBolusTime":1703105530958,"time":"2023-12-21T02:01:10.740Z","iobWithZeroTemp":{"iob":-0.941,"basaliob":-0.941,"bolussnooze":0,"activity":-0.011,"lastBolusTime":1703105530958,"time":"2023-12-21T02:01:10.740Z"}},{"iob":-0.004,"basaliob":-0.004,"bolussnooze":0,"activity":-1.0E-4,"lastBolusTime":1703105530958,"time":"2023-12-21T02:06:10.740Z","iobWithZeroTemp":{"iob":-0.944,"basaliob":-0.944,"bolussnooze":0,"activity":-0.011,"lastBolusTime":1703105530958,"time":"2023-12-21T02:06:10.740Z"}},{"iob":-0.004,"basaliob":-0.004,"bolussnooze":0,"activity":-1.0E-4,"lastBolusTime":1703105530958,"time":"2023-12-21T02:11:10.740Z","iobWithZeroTemp":{"iob":-0.948,"basaliob":-0.948,"bolussnooze":0,"activity":-0.0111,"lastBolusTime":1703105530958,"time":"2023-12-21T02:11:10.740Z"}},{"iob":-0.003,"basaliob":-0.003,"bolussnooze":0,"activity":-1.0E-4,"lastBolusTime":1703105530958,"time":"2023-12-21T02:16:10.740Z","iobWithZeroTemp":{"iob":-0.95,"basaliob":-0.95,"bolussnooze":0,"activity":-0.0112,"lastBolusTime":1703105530958,"time":"2023-12-21T02:16:10.740Z"}},{"iob":-0.003,"basaliob":-0.003,"bolussnooze":0,"activity":-1.0E-4,"lastBolusTime":1703105530958,"time":"2023-12-21T02:21:10.740Z","iobWithZeroTemp":{"iob":-0.952,"basaliob":-0.952,"bolussnooze":0,"activity":-0.0113,"lastBolusTime":1703105530958,"time":"2023-12-21T02:21:10.740Z"}},{"iob":-0.002,"basaliob":-0.002,"bolussnooze":0,"activity":-1.0E-4,"lastBolusTime":0,"time":"2023-12-21T02:26:10.740Z","iobWithZeroTemp":{"iob":-0.954,"basaliob":-0.954,"bolussnooze":0,"activity":-0.0113,"lastBolusTime":0,"time":"2023-12-21T02:26:10.740Z"}},{"iob":-0.002,"basaliob":-0.002,"bolussnooze":0,"activity":-1.0E-4,"lastBolusTime":0,"time":"2023-12-21T02:31:10.740Z","iobWithZeroTemp":{"iob":-0.956,"basaliob":-0.956,"bolussnooze":0,"activity":-0.0114,"lastBolusTime":0,"time":"2023-12-21T02:31:10.740Z"}},{"iob":-0.002,"basaliob":-0.002,"bolussnooze":0,"activity":-1.0E-4,"lastBolusTime":0,"time":"2023-12-21T02:36:10.740Z","iobWithZeroTemp":{"iob":-0.958,"basaliob":-0.958,"bolussnooze":0,"activity":-0.0114,"lastBolusTime":0,"time":"2023-12-21T02:36:10.740Z"}},{"iob":-0.001,"basaliob":-0.001,"bolussnooze":0,"activity":0,"lastBolusTime":0,"time":"2023-12-21T02:41:10.740Z","iobWithZeroTemp":{"iob":-0.958,"basaliob":-0.958,"bolussnooze":0,"activity":-0.0114,"lastBolusTime":0,"time":"2023-12-21T02:41:10.740Z"}},{"iob":-0.001,"basaliob":-0.001,"bolussnooze":0,"activity":0,"lastBolusTime":0,"time":"2023-12-21T02:46:10.740Z","iobWithZeroTemp":{"iob":-0.96,"basaliob":-0.96,"bolussnooze":0,"activity":-0.0114,"lastBolusTime":0,"time":"2023-12-21T02:46:10.740Z"}},{"iob":-0.001,"basaliob":-0.001,"bolussnooze":0,"activity":0,"lastBolusTime":0,"time":"2023-12-21T02:51:10.740Z","iobWithZeroTemp":{"iob":-0.961,"basaliob":-0.961,"bolussnooze":0,"activity":-0.0115,"lastBolusTime":0,"time":"2023-12-21T02:51:10.740Z"}},{"iob":-0.001,"basaliob":-0.001,"bolussnooze":0,"activity":0,"lastBolusTime":0,"time":"2023-12-21T02:56:10.740Z","iobWithZeroTemp":{"iob":-0.962,"basaliob":-0.962,"bolussnooze":0,"activity":-0.0115,"lastBolusTime":0,"time":"2023-12-21T02:56:10.740Z"}},{"iob":-0.001,"basaliob":-0.001,"bolussnooze":0,"activity":0,"lastBolusTime":0,"time":"2023-12-21T03:01:10.740Z","iobWithZeroTemp":{"iob":-0.963,"basaliob":-0.963,"bolussnooze":0,"activity":-0.0115,"lastBolusTime":0,"time":"2023-12-21T03:01:10.740Z"}}],"profile":{"max_iob":7,"type":"current","max_daily_basal":0.8,"max_basal":5,"min_bg":80,"max_bg":90,"target_bg":85,"carb_ratio":14,"sens":57,"max_daily_safety_multiplier":9,"current_basal_safety_multiplier":8,"lgsThreshold":65,"high_temptarget_raises_sensitivity":false,"low_temptarget_lowers_sensitivity":false,"sensitivity_raises_target":false,"resistance_lowers_target":false,"adv_target_adjustments":false,"exercise_mode":false,"half_basal_exercise_target":160,"maxCOB":120,"skip_neutral_temps":false,"remainingCarbsCap":90,"enableUAM":true,"A52_risk_enable":false,"SMBInterval":3,"enableSMB_with_COB":true,"enableSMB_with_temptarget":true,"allowSMB_with_high_temptarget":true,"enableSMB_always":true,"enableSMB_after_carbs":true,"maxSMBBasalMinutes":120,"maxUAMSMBBasalMinutes":90,"bolus_increment":0.05,"carbsReqThreshold":5,"current_basal":0.7,"temptargetSet":false,"autosens_max":1.6,"autosens_min":0.6,"variable_sens":106.6,"insulinDivisor":75,"TDD":22.11103571428572},"autosens_data":{"ratio":0.9782718971931004},"meal_data":{"carbs":0,"mealCOB":0,"slopeFromMaxDeviation":-0.171375,"slopeFromMinDeviation":0.5954999999999999,"lastBolusTime":1703105530958,"lastCarbTime":0},"microBolusAllowed":true,"currentTime":1703113572242,"flatBGsDetected":false,"tdd1D":21.666666666666675,"tdd7D":21.121428571428574,"tddLast24H":20.662499999999987,"tddLast4H":4.416666666666667,"tddLast8to4H":2.791666666666667},"output":{"temp":"absolute","bg":86,"tick":"+0","eventualBG":87,"targetBG":85,"insulinReq":0.02,"deliverAt":"2023-12-20T23:06:12.242Z","sensitivityRatio":0.9782718971931004,"variable_sens":106.6,"predBGs":{"IOB":[86,86,85,85,85,85,85,85,85,85,86,86,86,87,87,87,88,88,88,88,89,89,89,89,90,90,90,90,90,90,90,90,91],"ZT":[86,86,86,86,87,87,88]},"reason":"COB: 0, Dev: -7, BGI: 0, ISF: 107, CR: 14, Target: 85, minPredBG 88, minGuardBG 85, IOBpredBG 91;  insulinReq 0.02. temp 0.75 >~ req 0.72U\/hr. ","COB":0,"IOB":-0.074,"timestamp":"2023-12-20T23:06:12.270Z"}}