{"algorithm":"OpenAPSSMBDynamicISFPlugin","input":{"glucoseStatus":{"glucose":95,"noise":0,"delta":-2,"short_avgdelta":-1.89,"long_avgdelta":-0.98,"date":1703175337000},"currenttemp":{"temp":"absolute","duration":0,"rate":0},"iob_data":[{"iob":0.096,"basaliob":-0.086,"bolussnooze":0.0105,"activity":0.0017,"lastBolusTime":1703172077902,"time":"2023-12-21T16:16:02.279Z","iobWithZeroTemp":{"iob":0.096,"basaliob":-0.086,"bolussnooze":0.0105,"activity":0.0017,"lastBolusTime":1703172077902,"time":"2023-12-21T16:16:02.279Z"}},{"iob":0.089,"basaliob":-0.079,"bolussnooze":0.008,"activity":0.0015,"lastBolusTime":1703172077902,"time":"2023-12-21T16:21:02.279Z","iobWithZeroTemp":{"iob":0.042,"basaliob":-0.126,"bolussnooze":0.008,"activity":0.0015,"lastBolusTime":1703172077902,"time":"2023-12-21T16:21:02.279Z"}},{"iob":0.082,"basaliob":-0.072,"bolussnooze":0.0059,"activity":0.0014,"lastBolusTime":1703172077902,"time":"2023-12-21T16:26:02.279Z","iobWithZeroTemp":{"iob":-0.022,"basaliob":-0.176,"bolussnooze":0.0059,"activity":0.0012,"lastBolusTime":1703172077902,"time":"2023-12-21T16:26:02.279Z"}},{"iob":0.075,"basaliob":-0.066,"bolussnooze":0.0043,"activity":0.0013,"lastBolusTime":1703172077902,"time":"2023-12-21T16:31:02.279Z","iobWithZeroTemp":{"iob":-0.086,"basaliob":-0.227,"bolussnooze":0.0043,"activity":8.0E-4,"lastBolusTime":1703172077902,"time":"2023-12-21T16:31:02.279Z"}},{"iob":0.068,"basaliob":-0.06,"bolussnooze":0.0031,"activity":0.0013,"lastBolusTime":1703172077902,"time":"2023-12-21T16:36:02.279Z","iobWithZeroTemp":{"iob":-0.148,"basaliob":-0.276,"bolussnooze":0.0031,"activity":5.0E-4,"lastBolusTime":1703172077902,"time":"2023-12-21T16:36:02.279Z"}},{"iob":0.062,"basaliob":-0.055,"bolussnooze":0.0021,"activity":0.0012,"lastBolusTime":1703172077902,"time":"2023-12-21T16:41:02.279Z","iobWithZeroTemp":{"iob":-0.207,"basaliob":-0.324,"bolussnooze":0.0021,"activity":0,"lastBolusTime":1703172077902,"time":"2023-12-21T16:41:02.279Z"}},{"iob":0.057,"basaliob":-0.05,"bolussnooze":0.0014,"activity":0.001,"lastBolusTime":1703172077902,"time":"2023-12-21T16:46:02.279Z","iobWithZeroTemp":{"iob":-0.263,"basaliob":-0.37,"bolussnooze":0.0014,"activity":-7.0E-4,"lastBolusTime":1703172077902,"time":"2023-12-21T16:46:02.279Z"}},{"iob":0.052,"basaliob":-0.045,"bolussnooze":9.0E-4,"activity":0.001,"lastBolusTime":1703172077902,"time":"2023-12-21T16:51:02.279Z","iobWithZeroTemp":{"iob":-0.317,"basaliob":-0.414,"bolussnooze":9.0E-4,"activity":-0.0012,"lastBolusTime":1703172077902,"time":"2023-12-21T16:51:02.279Z"}},{"iob":0.047,"basaliob":-0.041,"bolussnooze":5.0E-4,"activity":9.0E-4,"lastBolusTime":1703172077902,"time":"2023-12-21T16:56:02.279Z","iobWithZeroTemp":{"iob":-0.369,"basaliob":-0.457,"bolussnooze":5.0E-4,"activity":-0.0018,"lastBolusTime":1703172077902,"time":"2023-12-21T16:56:02.279Z"}},{"iob":0.042,"basaliob":-0.037,"bolussnooze":3.0E-4,"activity":8.0E-4,"lastBolusTime":1703172077902,"time":"2023-12-21T17:01:02.279Z","iobWithZeroTemp":{"iob":-0.417,"basaliob":-0.496,"bolussnooze":3.0E-4,"activity":-0.0024,"lastBolusTime":1703172077902,"time":"2023-12-21T17:01:02.279Z"}},{"iob":0.039,"basaliob":-0.033,"bolussnooze":1.0E-4,"activity":8.0E-4,"lastBolusTime":1703172077902,"time":"2023-12-21T17:06:02.279Z","iobWithZeroTemp":{"iob":-0.47,"basaliob":-0.542,"bolussnooze":1.0E-4,"activity":-0.0029,"lastBolusTime":1703172077902,"time":"2023-12-21T17:06:02.279Z"}},{"iob":0.035,"basaliob":-0.03,"bolussnooze":0,"activity":8.0E-4,"lastBolusTime":1703172077902,"time":"2023-12-21T17:11:02.279Z","iobWithZeroTemp":{"iob":-0.521,"basaliob":-0.586,"bolussnooze":0,"activity":-0.0034,"lastBolusTime":1703172077902,"time":"2023-12-21T17:11:02.279Z"}},{"iob":0.031,"basaliob":-0.027,"bolussnooze":0,"activity":6.0E-4,"lastBolusTime":1703172077902,"time":"2023-12-21T17:16:02.279Z","iobWithZeroTemp":{"iob":-0.569,"basaliob":-0.627,"bolussnooze":0,"activity":-0.0041,"lastBolusTime":1703172077902,"time":"2023-12-21T17:16:02.279Z"}},{"iob":0.028,"basaliob":-0.024,"bolussnooze":0,"activity":6.0E-4,"lastBolusTime":1703172077902,"time":"2023-12-21T17:21:02.279Z","iobWithZeroTemp":{"iob":-0.614,"basaliob":-0.666,"bolussnooze":0,"activity":-0.0046,"lastBolusTime":1703172077902,"time":"2023-12-21T17:21:02.279Z"}},{"iob":0.026,"basaliob":-0.021,"bolussnooze":0,"activity":5.0E-4,"lastBolusTime":1703172077902,"time":"2023-12-21T17:26:02.279Z","iobWithZeroTemp":{"iob":-0.655,"basaliob":-0.702,"bolussnooze":0,"activity":-0.0053,"lastBolusTime":1703172077902,"time":"2023-12-21T17:26:02.279Z"}},{"iob":0.023,"basaliob":-0.019,"bolussnooze":0,"activity":5.0E-4,"lastBolusTime":1703172077902,"time":"2023-12-21T17:31:02.279Z","iobWithZeroTemp":{"iob":-0.694,"basaliob":-0.736,"bolussnooze":0,"activity":-0.0058,"lastBolusTime":1703172077902,"time":"2023-12-21T17:31:02.279Z"}},{"iob":0.02,"basaliob":-0.017,"bolussnooze":0,"activity":5.0E-4,"lastBolusTime":1703172077902,"time":"2023-12-21T17:36:02.279Z","iobWithZeroTemp":{"iob":-0.731,"basaliob":-0.768,"bolussnooze":0,"activity":-0.0063,"lastBolusTime":1703172077902,"time":"2023-12-21T17:36:02.279Z"}},{"iob":0.018,"basaliob":-0.015,"bolussnooze":0,"activity":4.0E-4,"lastBolusTime":1703172077902,"time":"2023-12-21T17:41:02.279Z","iobWithZeroTemp":{"iob":-0.765,"basaliob":-0.798,"bolussnooze":0,"activity":-0.0068,"lastBolusTime":1703172077902,"time":"2023-12-21T17:41:02.279Z"}},{"iob":0.017,"basaliob":-0.013,"bolussnooze":0,"activity":4.0E-4,"lastBolusTime":1703172077902,"time":"2023-12-21T17:46:02.279Z","iobWithZeroTemp":{"iob":-0.795,"basaliob":-0.825,"bolussnooze":0,"activity":-0.0073,"lastBolusTime":1703172077902,"time":"2023-12-21T17:46:02.279Z"}},{"iob":0.014,"basaliob":-0.012,"bolussnooze":0,"activity":3.0E-4,"lastBolusTime":1703172077902,"time":"2023-12-21T17:51:02.279Z","iobWithZeroTemp":{"iob":-0.826,"basaliob":-0.852,"bolussnooze":0,"activity":-0.0078,"lastBolusTime":1703172077902,"time":"2023-12-21T17:51:02.279Z"}},{"iob":0.012,"basaliob":-0.011,"bolussnooze":0,"activity":3.0E-4,"lastBolusTime":1703172077902,"time":"2023-12-21T17:56:02.279Z","iobWithZeroTemp":{"iob":-0.853,"basaliob":-0.876,"bolussnooze":0,"activity":-0.0082,"lastBolusTime":1703172077902,"time":"2023-12-21T17:56:02.279Z"}},{"iob":0.011,"basaliob":-0.009,"bolussnooze":0,"activity":3.0E-4,"lastBolusTime":1703172077902,"time":"2023-12-21T18:01:02.279Z","iobWithZeroTemp":{"iob":-0.877,"basaliob":-0.897,"bolussnooze":0,"activity":-0.0086,"lastBolusTime":1703172077902,"time":"2023-12-21T18:01:02.279Z"}},{"iob":0.01,"basaliob":-0.008,"bolussnooze":0,"activity":3.0E-4,"lastBolusTime":1703172077902,"time":"2023-12-21T18:06:02.279Z","iobWithZeroTemp":{"iob":-0.899,"basaliob":-0.917,"bolussnooze":0,"activity":-0.009,"lastBolusTime":1703172077902,"time":"2023-12-21T18:06:02.279Z"}},{"iob":0.009,"basaliob":-0.007,"bolussnooze":0,"activity":2.0E-4,"lastBolusTime":1703172077902,"time":"2023-12-21T18:11:02.279Z","iobWithZeroTemp":{"iob":-0.919,"basaliob":-0.935,"bolussnooze":0,"activity":-0.0094,"lastBolusTime":1703172077902,"time":"2023-12-21T18:11:02.279Z"}},{"iob":0.008,"basaliob":-0.006,"bolussnooze":0,"activity":2.0E-4,"lastBolusTime":1703172077902,"time":"2023-12-21T18:16:02.279Z","iobWithZeroTemp":{"iob":-0.938,"basaliob":-0.952,"bolussnooze":0,"activity":-0.0097,"lastBolusTime":1703172077902,"time":"2023-12-21T18:16:02.279Z"}},{"iob":0.007,"basaliob":-0.005,"bolussnooze":0,"activity":1.0E-4,"lastBolusTime":1703172077902,"time":"2023-12-21T18:21:02.279Z","iobWithZeroTemp":{"iob":-0.955,"basaliob":-0.967,"bolussnooze":0,"activity":-0.0101,"lastBolusTime":1703172077902,"time":"2023-12-21T18:21:02.279Z"}},{"iob":0.005,"basaliob":-0.005,"bolussnooze":0,"activity":2.0E-4,"lastBolusTime":1703172077902,"time":"2023-12-21T18:26:02.279Z","iobWithZeroTemp":{"iob":-0.972,"basaliob":-0.982,"bolussnooze":0,"activity":-0.0103,"lastBolusTime":1703172077902,"time":"2023-12-21T18:26:02.279Z"}},{"iob":0.005,"basaliob":-0.004,"bolussnooze":0,"activity":2.0E-4,"lastBolusTime":1703172077902,"time":"2023-12-21T18:31:02.279Z","iobWithZeroTemp":{"iob":-0.986,"basaliob":-0.995,"bolussnooze":0,"activity":-0.0106,"lastBolusTime":1703172077902,"time":"2023-12-21T18:31:02.279Z"}},{"iob":0.004,"basaliob":-0.004,"bolussnooze":0,"activity":1.0E-4,"lastBolusTime":1703172077902,"time":"2023-12-21T18:36:02.279Z","iobWithZeroTemp":{"iob":-0.999,"basaliob":-1.007,"bolussnooze":0,"activity":-0.0109,"lastBolusTime":1703172077902,"time":"2023-12-21T18:36:02.279Z"}},{"iob":0.004,"basaliob":-0.003,"bolussnooze":0,"activity":1.0E-4,"lastBolusTime":1703172077902,"time":"2023-12-21T18:41:02.279Z","iobWithZeroTemp":{"iob":-1.01,"basaliob":-1.017,"bolussnooze":0,"activity":-0.0111,"lastBolusTime":1703172077902,"time":"2023-12-21T18:41:02.279Z"}},{"iob":0.003,"basaliob":-0.003,"bolussnooze":0,"activity":1.0E-4,"lastBolusTime":1703172077902,"time":"2023-12-21T18:46:02.279Z","iobWithZeroTemp":{"iob":-1.021,"basaliob":-1.027,"bolussnooze":0,"activity":-0.0113,"lastBolusTime":1703172077902,"time":"2023-12-21T18:46:02.279Z"}},{"iob":0.003,"basaliob":-0.002,"bolussnooze":0,"activity":1.0E-4,"lastBolusTime":1703172077902,"time":"2023-12-21T18:51:02.279Z","iobWithZeroTemp":{"iob":-1.03,"basaliob":-1.035,"bolussnooze":0,"activity":-0.0115,"lastBolusTime":1703172077902,"time":"2023-12-21T18:51:02.279Z"}},{"iob":0.002,"basaliob":-0.002,"bolussnooze":0,"activity":0,"lastBolusTime":1703172077902,"time":"2023-12-21T18:56:02.279Z","iobWithZeroTemp":{"iob":-1.039,"basaliob":-1.043,"bolussnooze":0,"activity":-0.0118,"lastBolusTime":1703172077902,"time":"2023-12-21T18:56:02.279Z"}},{"iob":0.001,"basaliob":-0.002,"bolussnooze":0,"activity":0,"lastBolusTime":1703172077902,"time":"2023-12-21T19:01:02.279Z","iobWithZeroTemp":{"iob":-1.048,"basaliob":-1.051,"bolussnooze":0,"activity":-0.0119,"lastBolusTime":1703172077902,"time":"2023-12-21T19:01:02.279Z"}},{"iob":0.002,"basaliob":-0.001,"bolussnooze":0,"activity":1.0E-4,"lastBolusTime":1703172077902,"time":"2023-12-21T19:06:02.279Z","iobWithZeroTemp":{"iob":-1.053,"basaliob":-1.056,"bolussnooze":0,"activity":-0.012,"lastBolusTime":1703172077902,"time":"2023-12-21T19:06:02.279Z"}},{"iob":0.001,"basaliob":-0.001,"bolussnooze":0,"activity":1.0E-4,"lastBolusTime":1703172077902,"time":"2023-12-21T19:11:02.279Z","iobWithZeroTemp":{"iob":-1.06,"basaliob":-1.062,"bolussnooze":0,"activity":-0.0121,"lastBolusTime":1703172077902,"time":"2023-12-21T19:11:02.279Z"}},{"iob":0.001,"basaliob":-0.001,"bolussnooze":0,"activity":1.0E-4,"lastBolusTime":1703172077902,"time":"2023-12-21T19:16:02.279Z","iobWithZeroTemp":{"iob":-1.066,"basaliob":-1.068,"bolussnooze":0,"activity":-0.0122,"lastBolusTime":1703172077902,"time":"2023-12-21T19:16:02.279Z"}},{"iob":0.001,"basaliob":-0.001,"bolussnooze":0,"activity":1.0E-4,"lastBolusTime":1703172077902,"time":"2023-12-21T19:21:02.279Z","iobWithZeroTemp":{"iob":-1.07,"basaliob":-1.072,"bolussnooze":0,"activity":-0.0123,"lastBolusTime":1703172077902,"time":"2023-12-21T19:21:02.279Z"}},{"iob":0,"basaliob":-0.001,"bolussnooze":0,"activity":1.0E-4,"lastBolusTime":1703172077902,"time":"2023-12-21T19:26:02.279Z","iobWithZeroTemp":{"iob":-1.076,"basaliob":-1.077,"bolussnooze":0,"activity":-0.0124,"lastBolusTime":1703172077902,"time":"2023-12-21T19:26:02.279Z"}},{"iob":0,"basaliob":-0.001,"bolussnooze":0,"activity":0,"lastBolusTime":1703172077902,"time":"2023-12-21T19:31:02.279Z","iobWithZeroTemp":{"iob":-1.079,"basaliob":-1.08,"bolussnooze":0,"activity":-0.0126,"lastBolusTime":1703172077902,"time":"2023-12-21T19:31:02.279Z"}},{"iob":0.001,"basaliob":0,"bolussnooze":0,"activity":0,"lastBolusTime":1703172077902,"time":"2023-12-21T19:36:02.279Z","iobWithZeroTemp":{"iob":-1.082,"basaliob":-1.083,"bolussnooze":0,"activity":-0.0127,"lastBolusTime":1703172077902,"time":"2023-12-21T19:36:02.279Z"}},{"iob":0.001,"basaliob":0,"bolussnooze":0,"activity":0,"lastBolusTime":1703172077902,"time":"2023-12-21T19:41:02.279Z","iobWithZeroTemp":{"iob":-1.085,"basaliob":-1.086,"bolussnooze":0,"activity":-0.0128,"lastBolusTime":1703172077902,"time":"2023-12-21T19:41:02.279Z"}},{"iob":0,"basaliob":0,"bolussnooze":0,"activity":0,"lastBolusTime":1703172077902,"time":"2023-12-21T19:46:02.279Z","iobWithZeroTemp":{"iob":-1.088,"basaliob":-1.088,"bolussnooze":0,"activity":-0.0129,"lastBolusTime":1703172077902,"time":"2023-12-21T19:46:02.279Z"}},{"iob":0,"basaliob":0,"bolussnooze":0,"activity":0,"lastBolusTime":1703172077902,"time":"2023-12-21T19:51:02.279Z","iobWithZeroTemp":{"iob":-1.09,"basaliob":-1.09,"bolussnooze":0,"activity":-0.0129,"lastBolusTime":1703172077902,"time":"2023-12-21T19:51:02.279Z"}},{"iob":0,"basaliob":0,"bolussnooze":0,"activity":0,"lastBolusTime":1703172077902,"time":"2023-12-21T19:56:02.279Z","iobWithZeroTemp":{"iob":-1.092,"basaliob":-1.092,"bolussnooze":0,"activity":-0.013,"lastBolusTime":1703172077902,"time":"2023-12-21T19:56:02.279Z"}},{"iob":0,"basaliob":0,"bolussnooze":0,"activity":0,"lastBolusTime":1703172077902,"time":"2023-12-21T20:01:02.279Z","iobWithZeroTemp":{"iob":-1.094,"basaliob":-1.094,"bolussnooze":0,"activity":-0.013,"lastBolusTime":1703172077902,"time":"2023-12-21T20:01:02.279Z"}},{"iob":0,"basaliob":0,"bolussnooze":0,"activity":0,"lastBolusTime":1703172077902,"time":"2023-12-21T20:06:02.279Z","iobWithZeroTemp":{"iob":-1.096,"basaliob":-1.096,"bolussnooze":0,"activity":-0.0131,"lastBolusTime":1703172077902,"time":"2023-12-21T20:06:02.279Z"}},{"iob":0,"basaliob":0,"bolussnooze":0,"activity":0,"lastBolusTime":1703172077902,"time":"2023-12-21T20:11:02.279Z","iobWithZeroTemp":{"iob":-1.097,"basaliob":-1.097,"bolussnooze":0,"activity":-0.0131,"lastBolusTime":1703172077902,"time":"2023-12-21T20:11:02.279Z"}}],"profile":{"max_iob":7,"type":"current","max_daily_basal":0.8,"max_basal":5,"min_bg":80,"max_bg":90,"target_bg":85,"carb_ratio":14,"sens":57,"max_daily_safety_multiplier":9,"current_basal_safety_multiplier":8,"lgsThreshold":65,"high_temptarget_raises_sensitivity":false,"low_temptarget_lowers_sensitivity":false,"sensitivity_raises_target":false,"resistance_lowers_target":false,"adv_target_adjustments":false,"exercise_mode":false,"half_basal_exercise_target":160,"maxCOB":120,"skip_neutral_temps":false,"remainingCarbsCap":90,"enableUAM":true,"A52_risk_enable":false,"SMBInterval":3,"enableSMB_with_COB":true,"enableSMB_with_temptarget":true,"allowSMB_with_high_temptarget":true,"enableSMB_always":true,"enableSMB_after_carbs":true,"maxSMBBasalMinutes":120,"maxUAMSMBBasalMinutes":90,"bolus_increment":0.05,"carbsReqThreshold":5,"current_basal":0.7,"temptargetSet":false,"autosens_max":1.6,"autosens_min":0.6,"variable_sens":116.7,"insulinDivisor":75,"TDD":18.85027023809524},"autosens_data":{"ratio":1.0051003437188164},"meal_data":{"carbs":0,"mealCOB":0,"slopeFromMaxDeviation":-0.45636363636363636,"slopeFromMinDeviation":0,"lastBolusTime":1703172077902,"lastCarbTime":0},"microBolusAllowed":true,"currentTime":1703175363832,"flatBGsDetected":false,"tdd1D":20.662500000000005,"tdd7D":21.47380952380953,"tddLast24H":21.58333333333335,"tddLast4H":2.591666666666666,"tddLast8to4H":1.9166666666666663},"output":{"temp":"absolute","bg":95,"tick":-2,"eventualBG":84,"targetBG":85,"insulinReq":-0.01,"deliverAt":"2023-12-21T16:16:03.832Z","sensitivityRatio":1.0051003437188164,"variable_sens":116.7,"predBGs":{"IOB":[95,93,91,90,88,87,86,85,84,83,82,82,81,81,80,80,80,79,79,79,79,78,78,78,78,78,78,78,77],"ZT":[95,94,93,92,92,92,92,92]},"reason":"COB: 0, Dev: 0, BGI: -1, ISF: 117, CR: 14, Target: 85, minPredBG 85, minGuardBG 77, IOBpredBG 77;  insulinReq -0.01; setting 30m low temp of 0.07U\/h. ","COB":0,"IOB":0.096,"rate":0.07,"duration":30,"timestamp":"2023-12-21T16:16:03.900Z"}}