{"algorithm":"OpenAPSSMBDynamicISFPlugin","input":{"glucoseStatus":{"glucose":109,"noise":0,"delta":1,"short_avgdelta":1.28,"long_avgdelta":0.73,"date":1703186137000},"currenttemp":{"temp":"absolute","duration":80,"rate":0,"minutesrunning":10},"iob_data":[{"iob":1.589,"basaliob":-0.419,"bolussnooze":1.5778,"activity":0.0098,"lastBolusTime":1703185897384,"time":"2023-12-21T19:15:59.705Z","iobWithZeroTemp":{"iob":1.589,"basaliob":-0.419,"bolussnooze":1.5778,"activity":0.0098,"lastBolusTime":1703185897384,"time":"2023-12-21T19:15:59.705Z"}},{"iob":1.535,"basaliob":-0.405,"bolussnooze":1.446,"activity":0.0115,"lastBolusTime":1703185897384,"time":"2023-12-21T19:20:59.705Z","iobWithZeroTemp":{"iob":1.482,"basaliob":-0.458,"bolussnooze":1.446,"activity":0.0114,"lastBolusTime":1703185897384,"time":"2023-12-21T19:20:59.705Z"}},{"iob":1.474,"basaliob":-0.39,"bolussnooze":1.3,"activity":0.0128,"lastBolusTime":1703185897384,"time":"2023-12-21T19:25:59.705Z","iobWithZeroTemp":{"iob":1.355,"basaliob":-0.509,"bolussnooze":1.3,"activity":0.0126,"lastBolusTime":1703185897384,"time":"2023-12-21T19:25:59.705Z"}},{"iob":1.408,"basaliob":-0.372,"bolussnooze":1.1508,"activity":0.0137,"lastBolusTime":1703185897384,"time":"2023-12-21T19:30:59.705Z","iobWithZeroTemp":{"iob":1.224,"basaliob":-0.556,"bolussnooze":1.1508,"activity":0.0131,"lastBolusTime":1703185897384,"time":"2023-12-21T19:30:59.705Z"}},{"iob":1.338,"basaliob":-0.354,"bolussnooze":1.0057,"activity":0.0142,"lastBolusTime":1703185897384,"time":"2023-12-21T19:35:59.705Z","iobWithZeroTemp":{"iob":1.091,"basaliob":-0.601,"bolussnooze":1.0057,"activity":0.0132,"lastBolusTime":1703185897384,"time":"2023-12-21T19:35:59.705Z"}},{"iob":1.266,"basaliob":-0.336,"bolussnooze":0.8692,"activity":0.0144,"lastBolusTime":1703185897384,"time":"2023-12-21T19:40:59.705Z","iobWithZeroTemp":{"iob":0.958,"basaliob":-0.644,"bolussnooze":0.8692,"activity":0.013,"lastBolusTime":1703185897384,"time":"2023-12-21T19:40:59.705Z"}},{"iob":1.193,"basaliob":-0.317,"bolussnooze":0.7438,"activity":0.0145,"lastBolusTime":1703185897384,"time":"2023-12-21T19:45:59.705Z","iobWithZeroTemp":{"iob":0.827,"basaliob":-0.683,"bolussnooze":0.7438,"activity":0.0126,"lastBolusTime":1703185897384,"time":"2023-12-21T19:45:59.705Z"}},{"iob":1.121,"basaliob":-0.298,"bolussnooze":0.6309,"activity":0.0144,"lastBolusTime":1703185897384,"time":"2023-12-21T19:50:59.705Z","iobWithZeroTemp":{"iob":0.699,"basaliob":-0.72,"bolussnooze":0.6309,"activity":0.0119,"lastBolusTime":1703185897384,"time":"2023-12-21T19:50:59.705Z"}},{"iob":1.05,"basaliob":-0.279,"bolussnooze":0.5307,"activity":0.0141,"lastBolusTime":1703185897384,"time":"2023-12-21T19:55:59.705Z","iobWithZeroTemp":{"iob":0.575,"basaliob":-0.754,"bolussnooze":0.5307,"activity":0.0111,"lastBolusTime":1703185897384,"time":"2023-12-21T19:55:59.705Z"}},{"iob":0.981,"basaliob":-0.26,"bolussnooze":0.443,"activity":0.0138,"lastBolusTime":1703185897384,"time":"2023-12-21T20:00:59.705Z","iobWithZeroTemp":{"iob":0.456,"basaliob":-0.785,"bolussnooze":0.443,"activity":0.0102,"lastBolusTime":1703185897384,"time":"2023-12-21T20:00:59.705Z"}},{"iob":0.913,"basaliob":-0.243,"bolussnooze":0.367,"activity":0.0133,"lastBolusTime":1703185897384,"time":"2023-12-21T20:05:59.705Z","iobWithZeroTemp":{"iob":0.341,"basaliob":-0.815,"bolussnooze":0.367,"activity":0.0091,"lastBolusTime":1703185897384,"time":"2023-12-21T20:05:59.705Z"}},{"iob":0.848,"basaliob":-0.225,"bolussnooze":0.3017,"activity":0.0127,"lastBolusTime":1703185897384,"time":"2023-12-21T20:10:59.705Z","iobWithZeroTemp":{"iob":0.231,"basaliob":-0.842,"bolussnooze":0.3017,"activity":0.008,"lastBolusTime":1703185897384,"time":"2023-12-21T20:10:59.705Z"}},{"iob":0.785,"basaliob":-0.209,"bolussnooze":0.2462,"activity":0.0122,"lastBolusTime":1703185897384,"time":"2023-12-21T20:15:59.705Z","iobWithZeroTemp":{"iob":0.127,"basaliob":-0.867,"bolussnooze":0.2462,"activity":0.0069,"lastBolusTime":1703185897384,"time":"2023-12-21T20:15:59.705Z"}},{"iob":0.726,"basaliob":-0.193,"bolussnooze":0.1994,"activity":0.0116,"lastBolusTime":1703185897384,"time":"2023-12-21T20:20:59.705Z","iobWithZeroTemp":{"iob":0.029,"basaliob":-0.89,"bolussnooze":0.1994,"activity":0.0057,"lastBolusTime":1703185897384,"time":"2023-12-21T20:20:59.705Z"}},{"iob":0.669,"basaliob":-0.178,"bolussnooze":0.1602,"activity":0.011,"lastBolusTime":1703185897384,"time":"2023-12-21T20:25:59.705Z","iobWithZeroTemp":{"iob":-0.064,"basaliob":-0.911,"bolussnooze":0.1602,"activity":0.0046,"lastBolusTime":1703185897384,"time":"2023-12-21T20:25:59.705Z"}},{"iob":0.616,"basaliob":-0.164,"bolussnooze":0.1276,"activity":0.0104,"lastBolusTime":1703185897384,"time":"2023-12-21T20:30:59.705Z","iobWithZeroTemp":{"iob":-0.151,"basaliob":-0.931,"bolussnooze":0.1276,"activity":0.0035,"lastBolusTime":1703185897384,"time":"2023-12-21T20:30:59.705Z"}},{"iob":0.565,"basaliob":-0.151,"bolussnooze":0.1007,"activity":0.0097,"lastBolusTime":1703185897384,"time":"2023-12-21T20:35:59.705Z","iobWithZeroTemp":{"iob":-0.233,"basaliob":-0.949,"bolussnooze":0.1007,"activity":0.0023,"lastBolusTime":1703185897384,"time":"2023-12-21T20:35:59.705Z"}},{"iob":0.518,"basaliob":-0.138,"bolussnooze":0.0787,"activity":0.0092,"lastBolusTime":1703185897384,"time":"2023-12-21T20:40:59.705Z","iobWithZeroTemp":{"iob":-0.308,"basaliob":-0.964,"bolussnooze":0.0787,"activity":0.0014,"lastBolusTime":1703185897384,"time":"2023-12-21T20:40:59.705Z"}},{"iob":0.474,"basaliob":-0.126,"bolussnooze":0.0608,"activity":0.0085,"lastBolusTime":1703185897384,"time":"2023-12-21T20:45:59.705Z","iobWithZeroTemp":{"iob":-0.379,"basaliob":-0.979,"bolussnooze":0.0608,"activity":2.0E-4,"lastBolusTime":1703185897384,"time":"2023-12-21T20:45:59.705Z"}},{"iob":0.432,"basaliob":-0.116,"bolussnooze":0.0464,"activity":0.008,"lastBolusTime":1703185897384,"time":"2023-12-21T20:50:59.705Z","iobWithZeroTemp":{"iob":-0.445,"basaliob":-0.993,"bolussnooze":0.0464,"activity":-7.0E-4,"lastBolusTime":1703185897384,"time":"2023-12-21T20:50:59.705Z"}},{"iob":0.394,"basaliob":-0.105,"bolussnooze":0.0349,"activity":0.0074,"lastBolusTime":1703185897384,"time":"2023-12-21T20:55:59.705Z","iobWithZeroTemp":{"iob":-0.506,"basaliob":-1.005,"bolussnooze":0.0349,"activity":-0.0017,"lastBolusTime":1703185897384,"time":"2023-12-21T20:55:59.705Z"}},{"iob":0.358,"basaliob":-0.096,"bolussnooze":0.0258,"activity":0.0069,"lastBolusTime":1703185897384,"time":"2023-12-21T21:00:59.705Z","iobWithZeroTemp":{"iob":-0.562,"basaliob":-1.016,"bolussnooze":0.0258,"activity":-0.0025,"lastBolusTime":1703185897384,"time":"2023-12-21T21:00:59.705Z"}},{"iob":0.325,"basaliob":-0.087,"bolussnooze":0.0187,"activity":0.0064,"lastBolusTime":1703185897384,"time":"2023-12-21T21:05:59.705Z","iobWithZeroTemp":{"iob":-0.614,"basaliob":-1.026,"bolussnooze":0.0187,"activity":-0.0034,"lastBolusTime":1703185897384,"time":"2023-12-21T21:05:59.705Z"}},{"iob":0.295,"basaliob":-0.079,"bolussnooze":0.0133,"activity":0.0058,"lastBolusTime":1703185897384,"time":"2023-12-21T21:10:59.705Z","iobWithZeroTemp":{"iob":-0.661,"basaliob":-1.035,"bolussnooze":0.0133,"activity":-0.0043,"lastBolusTime":1703185897384,"time":"2023-12-21T21:10:59.705Z"}},{"iob":0.267,"basaliob":-0.071,"bolussnooze":0.0091,"activity":0.0055,"lastBolusTime":1703185897384,"time":"2023-12-21T21:15:59.705Z","iobWithZeroTemp":{"iob":-0.705,"basaliob":-1.043,"bolussnooze":0.0091,"activity":-0.0049,"lastBolusTime":1703185897384,"time":"2023-12-21T21:15:59.705Z"}},{"iob":0.241,"basaliob":-0.064,"bolussnooze":0.0061,"activity":0.005,"lastBolusTime":1703185897384,"time":"2023-12-21T21:20:59.705Z","iobWithZeroTemp":{"iob":-0.745,"basaliob":-1.05,"bolussnooze":0.0061,"activity":-0.0056,"lastBolusTime":1703185897384,"time":"2023-12-21T21:20:59.705Z"}},{"iob":0.217,"basaliob":-0.058,"bolussnooze":0.0038,"activity":0.0046,"lastBolusTime":1703185897384,"time":"2023-12-21T21:25:59.705Z","iobWithZeroTemp":{"iob":-0.782,"basaliob":-1.057,"bolussnooze":0.0038,"activity":-0.0063,"lastBolusTime":1703185897384,"time":"2023-12-21T21:25:59.705Z"}},{"iob":0.195,"basaliob":-0.052,"bolussnooze":0.0022,"activity":0.0042,"lastBolusTime":1703185897384,"time":"2023-12-21T21:30:59.705Z","iobWithZeroTemp":{"iob":-0.815,"basaliob":-1.062,"bolussnooze":0.0022,"activity":-0.0069,"lastBolusTime":1703185897384,"time":"2023-12-21T21:30:59.705Z"}},{"iob":0.175,"basaliob":-0.047,"bolussnooze":0.0012,"activity":0.0038,"lastBolusTime":1703185897384,"time":"2023-12-21T21:35:59.705Z","iobWithZeroTemp":{"iob":-0.846,"basaliob":-1.068,"bolussnooze":0.0012,"activity":-0.0075,"lastBolusTime":1703185897384,"time":"2023-12-21T21:35:59.705Z"}},{"iob":0.157,"basaliob":-0.042,"bolussnooze":5.0E-4,"activity":0.0035,"lastBolusTime":1703185897384,"time":"2023-12-21T21:40:59.705Z","iobWithZeroTemp":{"iob":-0.873,"basaliob":-1.072,"bolussnooze":5.0E-4,"activity":-0.008,"lastBolusTime":1703185897384,"time":"2023-12-21T21:40:59.705Z"}},{"iob":0.14,"basaliob":-0.038,"bolussnooze":2.0E-4,"activity":0.0032,"lastBolusTime":1703185897384,"time":"2023-12-21T21:45:59.705Z","iobWithZeroTemp":{"iob":-0.899,"basaliob":-1.077,"bolussnooze":2.0E-4,"activity":-0.0085,"lastBolusTime":1703185897384,"time":"2023-12-21T21:45:59.705Z"}},{"iob":0.124,"basaliob":-0.034,"bolussnooze":0,"activity":0.0029,"lastBolusTime":1703185897384,"time":"2023-12-21T21:50:59.705Z","iobWithZeroTemp":{"iob":-0.923,"basaliob":-1.081,"bolussnooze":0,"activity":-0.009,"lastBolusTime":1703185897384,"time":"2023-12-21T21:50:59.705Z"}},{"iob":0.111,"basaliob":-0.03,"bolussnooze":0,"activity":0.0026,"lastBolusTime":1703185897384,"time":"2023-12-21T21:55:59.705Z","iobWithZeroTemp":{"iob":-0.943,"basaliob":-1.084,"bolussnooze":0,"activity":-0.0094,"lastBolusTime":1703185897384,"time":"2023-12-21T21:55:59.705Z"}},{"iob":0.098,"basaliob":-0.027,"bolussnooze":0,"activity":0.0024,"lastBolusTime":1703185897384,"time":"2023-12-21T22:00:59.705Z","iobWithZeroTemp":{"iob":-0.962,"basaliob":-1.087,"bolussnooze":0,"activity":-0.0098,"lastBolusTime":1703185897384,"time":"2023-12-21T22:00:59.705Z"}},{"iob":0.087,"basaliob":-0.024,"bolussnooze":0,"activity":0.0021,"lastBolusTime":1703185897384,"time":"2023-12-21T22:05:59.705Z","iobWithZeroTemp":{"iob":-0.978,"basaliob":-1.089,"bolussnooze":0,"activity":-0.0102,"lastBolusTime":1703185897384,"time":"2023-12-21T22:05:59.705Z"}},{"iob":0.077,"basaliob":-0.021,"bolussnooze":0,"activity":0.002,"lastBolusTime":1703185897384,"time":"2023-12-21T22:10:59.705Z","iobWithZeroTemp":{"iob":-0.993,"basaliob":-1.091,"bolussnooze":0,"activity":-0.0104,"lastBolusTime":1703185897384,"time":"2023-12-21T22:10:59.705Z"}},{"iob":0.068,"basaliob":-0.018,"bolussnooze":0,"activity":0.0017,"lastBolusTime":1703185897384,"time":"2023-12-21T22:15:59.705Z","iobWithZeroTemp":{"iob":-1.007,"basaliob":-1.093,"bolussnooze":0,"activity":-0.0108,"lastBolusTime":1703185897384,"time":"2023-12-21T22:15:59.705Z"}},{"iob":0.06,"basaliob":-0.016,"bolussnooze":0,"activity":0.0016,"lastBolusTime":1703185897384,"time":"2023-12-21T22:20:59.705Z","iobWithZeroTemp":{"iob":-1.019,"basaliob":-1.095,"bolussnooze":0,"activity":-0.011,"lastBolusTime":1703185897384,"time":"2023-12-21T22:20:59.705Z"}},{"iob":0.052,"basaliob":-0.014,"bolussnooze":0,"activity":0.0014,"lastBolusTime":1703185897384,"time":"2023-12-21T22:25:59.705Z","iobWithZeroTemp":{"iob":-1.03,"basaliob":-1.096,"bolussnooze":0,"activity":-0.0113,"lastBolusTime":1703185897384,"time":"2023-12-21T22:25:59.705Z"}},{"iob":0.046,"basaliob":-0.012,"bolussnooze":0,"activity":0.0013,"lastBolusTime":1703185897384,"time":"2023-12-21T22:30:59.705Z","iobWithZeroTemp":{"iob":-1.039,"basaliob":-1.097,"bolussnooze":0,"activity":-0.0115,"lastBolusTime":1703185897384,"time":"2023-12-21T22:30:59.705Z"}},{"iob":0.039,"basaliob":-0.011,"bolussnooze":0,"activity":0.0011,"lastBolusTime":1703185897384,"time":"2023-12-21T22:35:59.705Z","iobWithZeroTemp":{"iob":-1.049,"basaliob":-1.099,"bolussnooze":0,"activity":-0.0117,"lastBolusTime":1703185897384,"time":"2023-12-21T22:35:59.705Z"}},{"iob":0.034,"basaliob":-0.009,"bolussnooze":0,"activity":0.001,"lastBolusTime":1703185897384,"time":"2023-12-21T22:40:59.705Z","iobWithZeroTemp":{"iob":-1.056,"basaliob":-1.099,"bolussnooze":0,"activity":-0.0119,"lastBolusTime":1703185897384,"time":"2023-12-21T22:40:59.705Z"}},{"iob":0.03,"basaliob":-0.008,"bolussnooze":0,"activity":9.0E-4,"lastBolusTime":1703185897384,"time":"2023-12-21T22:45:59.705Z","iobWithZeroTemp":{"iob":-1.062,"basaliob":-1.1,"bolussnooze":0,"activity":-0.0121,"lastBolusTime":1703185897384,"time":"2023-12-21T22:45:59.705Z"}},{"iob":0.025,"basaliob":-0.007,"bolussnooze":0,"activity":8.0E-4,"lastBolusTime":1703185897384,"time":"2023-12-21T22:50:59.705Z","iobWithZeroTemp":{"iob":-1.069,"basaliob":-1.101,"bolussnooze":0,"activity":-0.0122,"lastBolusTime":1703185897384,"time":"2023-12-21T22:50:59.705Z"}},{"iob":0.022,"basaliob":-0.006,"bolussnooze":0,"activity":7.0E-4,"lastBolusTime":1703185897384,"time":"2023-12-21T22:55:59.705Z","iobWithZeroTemp":{"iob":-1.074,"basaliob":-1.102,"bolussnooze":0,"activity":-0.0123,"lastBolusTime":1703185897384,"time":"2023-12-21T22:55:59.705Z"}},{"iob":0.018,"basaliob":-0.005,"bolussnooze":0,"activity":6.0E-4,"lastBolusTime":1703185897384,"time":"2023-12-21T23:00:59.705Z","iobWithZeroTemp":{"iob":-1.079,"basaliob":-1.102,"bolussnooze":0,"activity":-0.0125,"lastBolusTime":1703185897384,"time":"2023-12-21T23:00:59.705Z"}},{"iob":0.016,"basaliob":-0.004,"bolussnooze":0,"activity":6.0E-4,"lastBolusTime":1703185897384,"time":"2023-12-21T23:05:59.705Z","iobWithZeroTemp":{"iob":-1.074,"basaliob":-1.094,"bolussnooze":0,"activity":-0.0125,"lastBolusTime":1703185897384,"time":"2023-12-21T23:05:59.705Z"}},{"iob":0.013,"basaliob":-0.004,"bolussnooze":0,"activity":5.0E-4,"lastBolusTime":1703185897384,"time":"2023-12-21T23:10:59.705Z","iobWithZeroTemp":{"iob":-1.07,"basaliob":-1.087,"bolussnooze":0,"activity":-0.0126,"lastBolusTime":1703185897384,"time":"2023-12-21T23:10:59.705Z"}}],"profile":{"max_iob":7,"type":"current","max_daily_basal":0.8,"max_basal":5,"min_bg":80,"max_bg":90,"target_bg":85,"carb_ratio":14,"sens":57,"max_daily_safety_multiplier":9,"current_basal_safety_multiplier":8,"lgsThreshold":65,"high_temptarget_raises_sensitivity":false,"low_temptarget_lowers_sensitivity":false,"sensitivity_raises_target":false,"resistance_lowers_target":false,"adv_target_adjustments":false,"exercise_mode":false,"half_basal_exercise_target":160,"maxCOB":120,"skip_neutral_temps":false,"remainingCarbsCap":90,"enableUAM":true,"A52_risk_enable":false,"SMBInterval":3,"enableSMB_with_COB":true,"enableSMB_with_temptarget":true,"allowSMB_with_high_temptarget":true,"enableSMB_always":true,"enableSMB_after_carbs":true,"maxSMBBasalMinutes":120,"maxUAMSMBBasalMinutes":90,"bolus_increment":0.05,"carbsReqThreshold":5,"current_basal":0.8,"temptargetSet":false,"autosens_max":1.6,"autosens_min":0.6,"variable_sens":89.7,"insulinDivisor":75,"TDD":22.35239523809524},"autosens_data":{"ratio":1.0772812950437962},"meal_data":{"carbs":0,"mealCOB":0,"slopeFromMaxDeviation":-0.035333333333333335,"slopeFromMinDeviation":0.7709999999999999,"lastBolusTime":1703185897384,"lastCarbTime":0},"microBolusAllowed":true,"currentTime":1703186161211,"flatBGsDetected":false,"tdd1D":20.662500000000005,"tdd7D":21.47380952380953,"tddLast24H":23.133333333333333,"tddLast4H":4.991666666666665,"tddLast8to4H":2.2125},"output":{"temp":"absolute","bg":109,"tick":"+1","eventualBG":39,"targetBG":85,"insulinReq":0,"deliverAt":"2023-12-21T19:16:01.211Z","sensitivityRatio":1.0772812950437962,"variable_sens":89.7,"predBGs":{"IOB":[109,110,109,107,105,101,97,92,87,81,74,67,59,50,41,39],"ZT":[109,105,99,93,87,80,73,65,58,50,42,39,39,39,39,39,39,39,39,39,39,39,39,39,39,39,39,39,39,44,51,58,64,70,76,82],"UAM":[109,110,109,108,107,104,101,98,95,91,87,82,78,73,68,62,57,51,44,39]},"reason":"COB: 0, Dev: 32, BGI: -4, ISF: 90, CR: 14, Target: 85, minPredBG 2, minGuardBG -47, IOBpredBG 39, UAMpredBG 39; minGuardBG -47<65","COB":0,"IOB":1.589,"duration":120,"rate":0,"timestamp":"2023-12-21T19:16:01.217Z"}}