{"algorithm":"OpenAPSSMBDynamicISFPlugin","input":{"glucoseStatus":{"glucose":84,"noise":0,"delta":3,"short_avgdelta":2.78,"long_avgdelta":1.1,"date":1703077838000},"currenttemp":{"temp":"absolute","duration":25,"rate":0.85,"minutesrunning":5},"iob_data":[{"iob":-0.059,"basaliob":-0.138,"bolussnooze":0,"activity":-0.0015,"lastBolusTime":1703077577034,"time":"2023-12-20T13:11:05.203Z","iobWithZeroTemp":{"iob":-0.059,"basaliob":-0.138,"bolussnooze":0,"activity":-0.0015,"lastBolusTime":1703077577034,"time":"2023-12-20T13:11:05.203Z"}},{"iob":-0.052,"basaliob":-0.127,"bolussnooze":0,"activity":-0.0014,"lastBolusTime":1703077577034,"time":"2023-12-20T13:16:05.203Z","iobWithZeroTemp":{"iob":-0.092,"basaliob":-0.167,"bolussnooze":0,"activity":-0.0014,"lastBolusTime":1703077577034,"time":"2023-12-20T13:16:05.203Z"}},{"iob":-0.046,"basaliob":-0.117,"bolussnooze":0,"activity":-0.0013,"lastBolusTime":1703077577034,"time":"2023-12-20T13:21:05.203Z","iobWithZeroTemp":{"iob":-0.135,"basaliob":-0.206,"bolussnooze":0,"activity":-0.0015,"lastBolusTime":1703077577034,"time":"2023-12-20T13:21:05.203Z"}},{"iob":-0.039,"basaliob":-0.107,"bolussnooze":0,"activity":-0.001,"lastBolusTime":1703077577034,"time":"2023-12-20T13:26:05.203Z","iobWithZeroTemp":{"iob":-0.177,"basaliob":-0.245,"bolussnooze":0,"activity":-0.0014,"lastBolusTime":1703077577034,"time":"2023-12-20T13:26:05.203Z"}},{"iob":-0.035,"basaliob":-0.099,"bolussnooze":0,"activity":-9.0E-4,"lastBolusTime":1703077577034,"time":"2023-12-20T13:31:05.203Z","iobWithZeroTemp":{"iob":-0.22,"basaliob":-0.284,"bolussnooze":0,"activity":-0.0016,"lastBolusTime":1703077577034,"time":"2023-12-20T13:31:05.203Z"}},{"iob":-0.03,"basaliob":-0.09,"bolussnooze":0,"activity":-8.0E-4,"lastBolusTime":1703077577034,"time":"2023-12-20T13:36:05.203Z","iobWithZeroTemp":{"iob":-0.261,"basaliob":-0.321,"bolussnooze":0,"activity":-0.0019,"lastBolusTime":1703077577034,"time":"2023-12-20T13:36:05.203Z"}},{"iob":-0.026,"basaliob":-0.082,"bolussnooze":0,"activity":-7.0E-4,"lastBolusTime":1703077577034,"time":"2023-12-20T13:41:05.203Z","iobWithZeroTemp":{"iob":-0.301,"basaliob":-0.357,"bolussnooze":0,"activity":-0.0021,"lastBolusTime":1703077577034,"time":"2023-12-20T13:41:05.203Z"}},{"iob":-0.023,"basaliob":-0.075,"bolussnooze":0,"activity":-7.0E-4,"lastBolusTime":1703077577034,"time":"2023-12-20T13:46:05.203Z","iobWithZeroTemp":{"iob":-0.339,"basaliob":-0.391,"bolussnooze":0,"activity":-0.0025,"lastBolusTime":1703077577034,"time":"2023-12-20T13:46:05.203Z"}},{"iob":-0.019,"basaliob":-0.068,"bolussnooze":0,"activity":-6.0E-4,"lastBolusTime":1703077577034,"time":"2023-12-20T13:51:05.203Z","iobWithZeroTemp":{"iob":-0.375,"basaliob":-0.424,"bolussnooze":0,"activity":-0.0029,"lastBolusTime":1703077577034,"time":"2023-12-20T13:51:05.203Z"}},{"iob":-0.017,"basaliob":-0.062,"bolussnooze":0,"activity":-5.0E-4,"lastBolusTime":1703077577034,"time":"2023-12-20T13:56:05.203Z","iobWithZeroTemp":{"iob":-0.411,"basaliob":-0.456,"bolussnooze":0,"activity":-0.0032,"lastBolusTime":1703077577034,"time":"2023-12-20T13:56:05.203Z"}},{"iob":-0.014,"basaliob":-0.056,"bolussnooze":0,"activity":-4.0E-4,"lastBolusTime":1703077577034,"time":"2023-12-20T14:01:05.203Z","iobWithZeroTemp":{"iob":-0.443,"basaliob":-0.485,"bolussnooze":0,"activity":-0.0035,"lastBolusTime":1703077577034,"time":"2023-12-20T14:01:05.203Z"}},{"iob":-0.012,"basaliob":-0.051,"bolussnooze":0,"activity":-4.0E-4,"lastBolusTime":1703077577034,"time":"2023-12-20T14:06:05.203Z","iobWithZeroTemp":{"iob":-0.483,"basaliob":-0.522,"bolussnooze":0,"activity":-0.004,"lastBolusTime":1703077577034,"time":"2023-12-20T14:06:05.203Z"}},{"iob":-0.01,"basaliob":-0.046,"bolussnooze":0,"activity":-3.0E-4,"lastBolusTime":1703077577034,"time":"2023-12-20T14:11:05.203Z","iobWithZeroTemp":{"iob":-0.52,"basaliob":-0.556,"bolussnooze":0,"activity":-0.0043,"lastBolusTime":1703077577034,"time":"2023-12-20T14:11:05.203Z"}},{"iob":-0.008,"basaliob":-0.041,"bolussnooze":0,"activity":-3.0E-4,"lastBolusTime":1703077577034,"time":"2023-12-20T14:16:05.203Z","iobWithZeroTemp":{"iob":-0.555,"basaliob":-0.588,"bolussnooze":0,"activity":-0.0048,"lastBolusTime":1703077577034,"time":"2023-12-20T14:16:05.203Z"}},{"iob":-0.007,"basaliob":-0.037,"bolussnooze":0,"activity":-3.0E-4,"lastBolusTime":1703077577034,"time":"2023-12-20T14:21:05.203Z","iobWithZeroTemp":{"iob":-0.589,"basaliob":-0.619,"bolussnooze":0,"activity":-0.0052,"lastBolusTime":1703077577034,"time":"2023-12-20T14:21:05.203Z"}},{"iob":-0.005,"basaliob":-0.033,"bolussnooze":0,"activity":-2.0E-4,"lastBolusTime":1703077577034,"time":"2023-12-20T14:26:05.203Z","iobWithZeroTemp":{"iob":-0.619,"basaliob":-0.647,"bolussnooze":0,"activity":-0.0055,"lastBolusTime":1703077577034,"time":"2023-12-20T14:26:05.203Z"}},{"iob":-0.005,"basaliob":-0.03,"bolussnooze":0,"activity":-2.0E-4,"lastBolusTime":1703077577034,"time":"2023-12-20T14:31:05.203Z","iobWithZeroTemp":{"iob":-0.65,"basaliob":-0.675,"bolussnooze":0,"activity":-0.006,"lastBolusTime":1703077577034,"time":"2023-12-20T14:31:05.203Z"}},{"iob":-0.004,"basaliob":-0.027,"bolussnooze":0,"activity":-2.0E-4,"lastBolusTime":1703077577034,"time":"2023-12-20T14:36:05.203Z","iobWithZeroTemp":{"iob":-0.677,"basaliob":-0.7,"bolussnooze":0,"activity":-0.0064,"lastBolusTime":1703077577034,"time":"2023-12-20T14:36:05.203Z"}},{"iob":-0.003,"basaliob":-0.024,"bolussnooze":0,"activity":-1.0E-4,"lastBolusTime":1703077577034,"time":"2023-12-20T14:41:05.203Z","iobWithZeroTemp":{"iob":-0.703,"basaliob":-0.724,"bolussnooze":0,"activity":-0.0067,"lastBolusTime":1703077577034,"time":"2023-12-20T14:41:05.203Z"}},{"iob":-0.002,"basaliob":-0.021,"bolussnooze":0,"activity":-1.0E-4,"lastBolusTime":1703077577034,"time":"2023-12-20T14:46:05.203Z","iobWithZeroTemp":{"iob":-0.726,"basaliob":-0.745,"bolussnooze":0,"activity":-0.0071,"lastBolusTime":1703077577034,"time":"2023-12-20T14:46:05.203Z"}},{"iob":-0.002,"basaliob":-0.019,"bolussnooze":0,"activity":-1.0E-4,"lastBolusTime":1703077577034,"time":"2023-12-20T14:51:05.203Z","iobWithZeroTemp":{"iob":-0.749,"basaliob":-0.766,"bolussnooze":0,"activity":-0.0074,"lastBolusTime":1703077577034,"time":"2023-12-20T14:51:05.203Z"}},{"iob":-0.001,"basaliob":-0.017,"bolussnooze":0,"activity":-1.0E-4,"lastBolusTime":1703077577034,"time":"2023-12-20T14:56:05.203Z","iobWithZeroTemp":{"iob":-0.769,"basaliob":-0.785,"bolussnooze":0,"activity":-0.0078,"lastBolusTime":1703077577034,"time":"2023-12-20T14:56:05.203Z"}},{"iob":-0.001,"basaliob":-0.015,"bolussnooze":0,"activity":-1.0E-4,"lastBolusTime":1703077577034,"time":"2023-12-20T15:01:05.203Z","iobWithZeroTemp":{"iob":-0.788,"basaliob":-0.802,"bolussnooze":0,"activity":-0.0081,"lastBolusTime":1703077577034,"time":"2023-12-20T15:01:05.203Z"}},{"iob":0,"basaliob":-0.013,"bolussnooze":0,"activity":0,"lastBolusTime":1703077577034,"time":"2023-12-20T15:06:05.203Z","iobWithZeroTemp":{"iob":-0.804,"basaliob":-0.817,"bolussnooze":0,"activity":-0.0083,"lastBolusTime":1703077577034,"time":"2023-12-20T15:06:05.203Z"}},{"iob":0,"basaliob":-0.012,"bolussnooze":0,"activity":-1.0E-4,"lastBolusTime":1703077577034,"time":"2023-12-20T15:11:05.203Z","iobWithZeroTemp":{"iob":-0.821,"basaliob":-0.833,"bolussnooze":0,"activity":-0.0087,"lastBolusTime":1703077577034,"time":"2023-12-20T15:11:05.203Z"}},{"iob":0,"basaliob":-0.01,"bolussnooze":0,"activity":-1.0E-4,"lastBolusTime":1703077577034,"time":"2023-12-20T15:16:05.203Z","iobWithZeroTemp":{"iob":-0.835,"basaliob":-0.845,"bolussnooze":0,"activity":-0.0089,"lastBolusTime":1703077577034,"time":"2023-12-20T15:16:05.203Z"}},{"iob":0,"basaliob":-0.009,"bolussnooze":0,"activity":0,"lastBolusTime":1703077577034,"time":"2023-12-20T15:21:05.203Z","iobWithZeroTemp":{"iob":-0.849,"basaliob":-0.858,"bolussnooze":0,"activity":-0.0091,"lastBolusTime":1703077577034,"time":"2023-12-20T15:21:05.203Z"}},{"iob":0,"basaliob":-0.008,"bolussnooze":0,"activity":0,"lastBolusTime":1703077577034,"time":"2023-12-20T15:26:05.203Z","iobWithZeroTemp":{"iob":-0.861,"basaliob":-0.869,"bolussnooze":0,"activity":-0.0093,"lastBolusTime":1703077577034,"time":"2023-12-20T15:26:05.203Z"}},{"iob":0.001,"basaliob":-0.007,"bolussnooze":0,"activity":0,"lastBolusTime":1703077577034,"time":"2023-12-20T15:31:05.203Z","iobWithZeroTemp":{"iob":-0.871,"basaliob":-0.879,"bolussnooze":0,"activity":-0.0095,"lastBolusTime":1703077577034,"time":"2023-12-20T15:31:05.203Z"}},{"iob":0.001,"basaliob":-0.006,"bolussnooze":0,"activity":0,"lastBolusTime":1703077577034,"time":"2023-12-20T15:36:05.203Z","iobWithZeroTemp":{"iob":-0.882,"basaliob":-0.889,"bolussnooze":0,"activity":-0.0097,"lastBolusTime":1703077577034,"time":"2023-12-20T15:36:05.203Z"}},{"iob":0.001,"basaliob":-0.005,"bolussnooze":0,"activity":0,"lastBolusTime":1703077577034,"time":"2023-12-20T15:41:05.203Z","iobWithZeroTemp":{"iob":-0.891,"basaliob":-0.897,"bolussnooze":0,"activity":-0.0099,"lastBolusTime":1703077577034,"time":"2023-12-20T15:41:05.203Z"}},{"iob":0,"basaliob":-0.005,"bolussnooze":0,"activity":0,"lastBolusTime":1703077577034,"time":"2023-12-20T15:46:05.203Z","iobWithZeroTemp":{"iob":-0.9,"basaliob":-0.905,"bolussnooze":0,"activity":-0.0101,"lastBolusTime":1703077577034,"time":"2023-12-20T15:46:05.203Z"}},{"iob":0.001,"basaliob":-0.004,"bolussnooze":0,"activity":0,"lastBolusTime":1703077577034,"time":"2023-12-20T15:51:05.203Z","iobWithZeroTemp":{"iob":-0.907,"basaliob":-0.912,"bolussnooze":0,"activity":-0.0102,"lastBolusTime":1703077577034,"time":"2023-12-20T15:51:05.203Z"}},{"iob":0.001,"basaliob":-0.003,"bolussnooze":0,"activity":0,"lastBolusTime":1703077577034,"time":"2023-12-20T15:56:05.203Z","iobWithZeroTemp":{"iob":-0.913,"basaliob":-0.917,"bolussnooze":0,"activity":-0.0104,"lastBolusTime":1703077577034,"time":"2023-12-20T15:56:05.203Z"}},{"iob":0.001,"basaliob":-0.003,"bolussnooze":0,"activity":0,"lastBolusTime":1703077577034,"time":"2023-12-20T16:01:05.203Z","iobWithZeroTemp":{"iob":-0.92,"basaliob":-0.924,"bolussnooze":0,"activity":-0.0105,"lastBolusTime":1703077577034,"time":"2023-12-20T16:01:05.203Z"}},{"iob":0.001,"basaliob":-0.002,"bolussnooze":0,"activity":0,"lastBolusTime":1703077577034,"time":"2023-12-20T16:06:05.203Z","iobWithZeroTemp":{"iob":-0.925,"basaliob":-0.928,"bolussnooze":0,"activity":-0.0106,"lastBolusTime":1703077577034,"time":"2023-12-20T16:06:05.203Z"}},{"iob":0.001,"basaliob":-0.002,"bolussnooze":0,"activity":0,"lastBolusTime":1703077577034,"time":"2023-12-20T16:11:05.203Z","iobWithZeroTemp":{"iob":-0.93,"basaliob":-0.933,"bolussnooze":0,"activity":-0.0107,"lastBolusTime":1703077577034,"time":"2023-12-20T16:11:05.203Z"}},{"iob":0.001,"basaliob":-0.002,"bolussnooze":0,"activity":0,"lastBolusTime":1703077577034,"time":"2023-12-20T16:16:05.203Z","iobWithZeroTemp":{"iob":-0.934,"basaliob":-0.937,"bolussnooze":0,"activity":-0.0108,"lastBolusTime":1703077577034,"time":"2023-12-20T16:16:05.203Z"}},{"iob":0,"basaliob":-0.002,"bolussnooze":0,"activity":1.0E-4,"lastBolusTime":1703077577034,"time":"2023-12-20T16:21:05.203Z","iobWithZeroTemp":{"iob":-0.939,"basaliob":-0.941,"bolussnooze":0,"activity":-0.0108,"lastBolusTime":1703077577034,"time":"2023-12-20T16:21:05.203Z"}},{"iob":0.001,"basaliob":-0.001,"bolussnooze":0,"activity":1.0E-4,"lastBolusTime":1703077577034,"time":"2023-12-20T16:26:05.203Z","iobWithZeroTemp":{"iob":-0.942,"basaliob":-0.944,"bolussnooze":0,"activity":-0.0109,"lastBolusTime":1703077577034,"time":"2023-12-20T16:26:05.203Z"}},{"iob":0.001,"basaliob":-0.001,"bolussnooze":0,"activity":0,"lastBolusTime":1703077577034,"time":"2023-12-20T16:31:05.203Z","iobWithZeroTemp":{"iob":-0.945,"basaliob":-0.947,"bolussnooze":0,"activity":-0.0111,"lastBolusTime":1703077577034,"time":"2023-12-20T16:31:05.203Z"}},{"iob":0,"basaliob":-0.001,"bolussnooze":0,"activity":0,"lastBolusTime":1703077577034,"time":"2023-12-20T16:36:05.203Z","iobWithZeroTemp":{"iob":-0.948,"basaliob":-0.949,"bolussnooze":0,"activity":-0.0112,"lastBolusTime":1703077577034,"time":"2023-12-20T16:36:05.203Z"}},{"iob":0,"basaliob":-0.001,"bolussnooze":0,"activity":0,"lastBolusTime":1703077577034,"time":"2023-12-20T16:41:05.203Z","iobWithZeroTemp":{"iob":-0.951,"basaliob":-0.952,"bolussnooze":0,"activity":-0.0112,"lastBolusTime":1703077577034,"time":"2023-12-20T16:41:05.203Z"}},{"iob":0,"basaliob":-0.001,"bolussnooze":0,"activity":0,"lastBolusTime":1703077577034,"time":"2023-12-20T16:46:05.203Z","iobWithZeroTemp":{"iob":-0.953,"basaliob":-0.954,"bolussnooze":0,"activity":-0.0113,"lastBolusTime":1703077577034,"time":"2023-12-20T16:46:05.203Z"}},{"iob":0,"basaliob":-0.001,"bolussnooze":0,"activity":0,"lastBolusTime":1703077577034,"time":"2023-12-20T16:51:05.203Z","iobWithZeroTemp":{"iob":-0.955,"basaliob":-0.956,"bolussnooze":0,"activity":-0.0113,"lastBolusTime":1703077577034,"time":"2023-12-20T16:51:05.203Z"}},{"iob":0.001,"basaliob":0,"bolussnooze":0,"activity":0,"lastBolusTime":1703077577034,"time":"2023-12-20T16:56:05.203Z","iobWithZeroTemp":{"iob":-0.955,"basaliob":-0.956,"bolussnooze":0,"activity":-0.0114,"lastBolusTime":1703077577034,"time":"2023-12-20T16:56:05.203Z"}},{"iob":0.001,"basaliob":0,"bolussnooze":0,"activity":0,"lastBolusTime":1703077577034,"time":"2023-12-20T17:01:05.203Z","iobWithZeroTemp":{"iob":-0.957,"basaliob":-0.958,"bolussnooze":0,"activity":-0.0114,"lastBolusTime":1703077577034,"time":"2023-12-20T17:01:05.203Z"}},{"iob":0.001,"basaliob":0,"bolussnooze":0,"activity":0,"lastBolusTime":1703077577034,"time":"2023-12-20T17:06:05.203Z","iobWithZeroTemp":{"iob":-0.966,"basaliob":-0.967,"bolussnooze":0,"activity":-0.0115,"lastBolusTime":1703077577034,"time":"2023-12-20T17:06:05.203Z"}}],"profile":{"max_iob":7,"type":"current","max_daily_basal":0.8,"max_basal":4.8,"min_bg":80,"max_bg":90,"target_bg":85,"carb_ratio":16,"sens":57,"max_daily_safety_multiplier":9,"current_basal_safety_multiplier":8,"lgsThreshold":65,"high_temptarget_raises_sensitivity":false,"low_temptarget_lowers_sensitivity":false,"sensitivity_raises_target":false,"resistance_lowers_target":false,"adv_target_adjustments":false,"exercise_mode":false,"half_basal_exercise_target":160,"maxCOB":120,"skip_neutral_temps":false,"remainingCarbsCap":90,"enableUAM":true,"A52_risk_enable":false,"SMBInterval":3,"enableSMB_with_COB":true,"enableSMB_with_temptarget":true,"allowSMB_with_high_temptarget":true,"enableSMB_always":true,"enableSMB_after_carbs":true,"maxSMBBasalMinutes":120,"maxUAMSMBBasalMinutes":90,"bolus_increment":0.05,"carbsReqThreshold":5,"current_basal":0.6,"temptargetSet":false,"autosens_max":1.6,"autosens_min":0.6,"variable_sens":126.2,"insulinDivisor":75,"TDD":18.97438571428572},"autosens_data":{"ratio":0.9841900574907005},"meal_data":{"carbs":0,"mealCOB":0,"slopeFromMaxDeviation":0,"slopeFromMinDeviation":0.91675,"lastBolusTime":1703077577034,"lastCarbTime":0},"microBolusAllowed":true,"currentTime":1703077867251,"flatBGsDetected":false,"tdd1D":21.666666666666675,"tdd7D":21.121428571428574,"tddLast24H":20.787500000000012,"tddLast4H":1.8750000000000004,"tddLast8to4H":3.4416666666666664},"output":{"temp":"absolute","bg":84,"tick":"+3","eventualBG":102,"targetBG":85,"insulinReq":0.1,"deliverAt":"2023-12-20T13:11:07.251Z","sensitivityRatio":0.9841900574907005,"variable_sens":126.2,"predBGs":{"IOB":[84,87,89,91,93,94,96,97,98,99,99,100,100,100,100,100,101],"ZT":[84,85,86,87,88,89,90],"UAM":[84,86,89,90,91,92,93,93,93,94,94,94,95,95,95,95,95,95,95,95,96]},"reason":"COB: 0, Dev: 11, BGI: 1, ISF: 126, CR: 16, Target: 85, minPredBG 98, minGuardBG 86, IOBpredBG 101, UAMpredBG 96; Eventual BG 102 >= 90,  insulinReq 0.1. Microbolusing 0.05U. temp 0.85 >~ req 0.79U\/hr. ","COB":0,"IOB":-0.059,"units":0.05,"timestamp":"2023-12-20T13:11:07.276Z"}}