{"algorithm":"OpenAPSSMBDynamicISFPlugin","input":{"glucoseStatus":{"glucose":82,"noise":0,"delta":-1,"short_avgdelta":-0.33,"long_avgdelta":-0.68,"date":1703090738000},"currenttemp":{"temp":"absolute","duration":20,"rate":0.75,"minutesrunning":10},"iob_data":[{"iob":-0.104,"basaliob":-0.231,"bolussnooze":3.0E-4,"activity":-7.0E-4,"lastBolusTime":1703087192890,"time":"2023-12-20T16:45:56.668Z","iobWithZeroTemp":{"iob":-0.104,"basaliob":-0.231,"bolussnooze":3.0E-4,"activity":-7.0E-4,"lastBolusTime":1703087192890,"time":"2023-12-20T16:45:56.668Z"}},{"iob":-0.101,"basaliob":-0.216,"bolussnooze":1.0E-4,"activity":-9.0E-4,"lastBolusTime":1703087192890,"time":"2023-12-20T16:50:56.668Z","iobWithZeroTemp":{"iob":-0.148,"basaliob":-0.263,"bolussnooze":1.0E-4,"activity":-9.0E-4,"lastBolusTime":1703087192890,"time":"2023-12-20T16:50:56.668Z"}},{"iob":-0.097,"basaliob":-0.201,"bolussnooze":0,"activity":-9.0E-4,"lastBolusTime":1703087192890,"time":"2023-12-20T16:55:56.668Z","iobWithZeroTemp":{"iob":-0.201,"basaliob":-0.305,"bolussnooze":0,"activity":-0.0011,"lastBolusTime":1703087192890,"time":"2023-12-20T16:55:56.668Z"}},{"iob":-0.092,"basaliob":-0.186,"bolussnooze":0,"activity":-9.0E-4,"lastBolusTime":1703087192890,"time":"2023-12-20T17:00:56.668Z","iobWithZeroTemp":{"iob":-0.253,"basaliob":-0.347,"bolussnooze":0,"activity":-0.0014,"lastBolusTime":1703087192890,"time":"2023-12-20T17:00:56.668Z"}},{"iob":-0.087,"basaliob":-0.172,"bolussnooze":0,"activity":-9.0E-4,"lastBolusTime":1703087192890,"time":"2023-12-20T17:05:56.668Z","iobWithZeroTemp":{"iob":-0.311,"basaliob":-0.396,"bolussnooze":0,"activity":-0.0017,"lastBolusTime":1703087192890,"time":"2023-12-20T17:05:56.668Z"}},{"iob":-0.082,"basaliob":-0.159,"bolussnooze":0,"activity":-0.001,"lastBolusTime":1703087192890,"time":"2023-12-20T17:10:56.668Z","iobWithZeroTemp":{"iob":-0.367,"basaliob":-0.444,"bolussnooze":0,"activity":-0.0023,"lastBolusTime":1703087192890,"time":"2023-12-20T17:10:56.668Z"}},{"iob":-0.078,"basaliob":-0.147,"bolussnooze":0,"activity":-9.0E-4,"lastBolusTime":1703087192890,"time":"2023-12-20T17:15:56.668Z","iobWithZeroTemp":{"iob":-0.422,"basaliob":-0.491,"bolussnooze":0,"activity":-0.0027,"lastBolusTime":1703087192890,"time":"2023-12-20T17:15:56.668Z"}},{"iob":-0.073,"basaliob":-0.135,"bolussnooze":0,"activity":-9.0E-4,"lastBolusTime":1703087192890,"time":"2023-12-20T17:20:56.668Z","iobWithZeroTemp":{"iob":-0.474,"basaliob":-0.536,"bolussnooze":0,"activity":-0.0032,"lastBolusTime":1703087192890,"time":"2023-12-20T17:20:56.668Z"}},{"iob":-0.068,"basaliob":-0.124,"bolussnooze":0,"activity":-0.001,"lastBolusTime":1703087192890,"time":"2023-12-20T17:25:56.668Z","iobWithZeroTemp":{"iob":-0.523,"basaliob":-0.579,"bolussnooze":0,"activity":-0.0038,"lastBolusTime":1703087192890,"time":"2023-12-20T17:25:56.668Z"}},{"iob":-0.063,"basaliob":-0.113,"bolussnooze":0,"activity":-9.0E-4,"lastBolusTime":1703087192890,"time":"2023-12-20T17:30:56.668Z","iobWithZeroTemp":{"iob":-0.569,"basaliob":-0.619,"bolussnooze":0,"activity":-0.0043,"lastBolusTime":1703087192890,"time":"2023-12-20T17:30:56.668Z"}},{"iob":-0.059,"basaliob":-0.103,"bolussnooze":0,"activity":-9.0E-4,"lastBolusTime":1703087192890,"time":"2023-12-20T17:35:56.668Z","iobWithZeroTemp":{"iob":-0.613,"basaliob":-0.657,"bolussnooze":0,"activity":-0.0049,"lastBolusTime":1703087192890,"time":"2023-12-20T17:35:56.668Z"}},{"iob":-0.055,"basaliob":-0.094,"bolussnooze":0,"activity":-9.0E-4,"lastBolusTime":1703087192890,"time":"2023-12-20T17:40:56.668Z","iobWithZeroTemp":{"iob":-0.654,"basaliob":-0.693,"bolussnooze":0,"activity":-0.0054,"lastBolusTime":1703087192890,"time":"2023-12-20T17:40:56.668Z"}},{"iob":-0.051,"basaliob":-0.086,"bolussnooze":0,"activity":-8.0E-4,"lastBolusTime":1703087192890,"time":"2023-12-20T17:45:56.668Z","iobWithZeroTemp":{"iob":-0.693,"basaliob":-0.728,"bolussnooze":0,"activity":-0.0059,"lastBolusTime":1703087192890,"time":"2023-12-20T17:45:56.668Z"}},{"iob":-0.047,"basaliob":-0.078,"bolussnooze":0,"activity":-7.0E-4,"lastBolusTime":1703087192890,"time":"2023-12-20T17:50:56.668Z","iobWithZeroTemp":{"iob":-0.729,"basaliob":-0.76,"bolussnooze":0,"activity":-0.0063,"lastBolusTime":1703087192890,"time":"2023-12-20T17:50:56.668Z"}},{"iob":-0.044,"basaliob":-0.071,"bolussnooze":0,"activity":-7.0E-4,"lastBolusTime":1703087192890,"time":"2023-12-20T17:55:56.668Z","iobWithZeroTemp":{"iob":-0.763,"basaliob":-0.79,"bolussnooze":0,"activity":-0.0069,"lastBolusTime":1703087192890,"time":"2023-12-20T17:55:56.668Z"}},{"iob":-0.04,"basaliob":-0.064,"bolussnooze":0,"activity":-7.0E-4,"lastBolusTime":1703087192890,"time":"2023-12-20T18:00:56.668Z","iobWithZeroTemp":{"iob":-0.793,"basaliob":-0.817,"bolussnooze":0,"activity":-0.0074,"lastBolusTime":1703087192890,"time":"2023-12-20T18:00:56.668Z"}},{"iob":-0.037,"basaliob":-0.058,"bolussnooze":0,"activity":-6.0E-4,"lastBolusTime":1703087192890,"time":"2023-12-20T18:05:56.668Z","iobWithZeroTemp":{"iob":-0.822,"basaliob":-0.843,"bolussnooze":0,"activity":-0.0078,"lastBolusTime":1703087192890,"time":"2023-12-20T18:05:56.668Z"}},{"iob":-0.033,"basaliob":-0.052,"bolussnooze":0,"activity":-6.0E-4,"lastBolusTime":1703087192890,"time":"2023-12-20T18:10:56.668Z","iobWithZeroTemp":{"iob":-0.848,"basaliob":-0.867,"bolussnooze":0,"activity":-0.0082,"lastBolusTime":1703087192890,"time":"2023-12-20T18:10:56.668Z"}},{"iob":-0.031,"basaliob":-0.047,"bolussnooze":0,"activity":-6.0E-4,"lastBolusTime":1703087192890,"time":"2023-12-20T18:15:56.668Z","iobWithZeroTemp":{"iob":-0.873,"basaliob":-0.889,"bolussnooze":0,"activity":-0.0087,"lastBolusTime":1703087192890,"time":"2023-12-20T18:15:56.668Z"}},{"iob":-0.028,"basaliob":-0.042,"bolussnooze":0,"activity":-5.0E-4,"lastBolusTime":1703087192890,"time":"2023-12-20T18:20:56.668Z","iobWithZeroTemp":{"iob":-0.895,"basaliob":-0.909,"bolussnooze":0,"activity":-0.009,"lastBolusTime":1703087192890,"time":"2023-12-20T18:20:56.668Z"}},{"iob":-0.026,"basaliob":-0.038,"bolussnooze":0,"activity":-4.0E-4,"lastBolusTime":1703087192890,"time":"2023-12-20T18:25:56.668Z","iobWithZeroTemp":{"iob":-0.917,"basaliob":-0.929,"bolussnooze":0,"activity":-0.0093,"lastBolusTime":1703087192890,"time":"2023-12-20T18:25:56.668Z"}},{"iob":-0.023,"basaliob":-0.034,"bolussnooze":0,"activity":-5.0E-4,"lastBolusTime":1703087192890,"time":"2023-12-20T18:30:56.668Z","iobWithZeroTemp":{"iob":-0.935,"basaliob":-0.946,"bolussnooze":0,"activity":-0.0098,"lastBolusTime":1703087192890,"time":"2023-12-20T18:30:56.668Z"}},{"iob":-0.021,"basaliob":-0.03,"bolussnooze":0,"activity":-4.0E-4,"lastBolusTime":1703087192890,"time":"2023-12-20T18:35:56.668Z","iobWithZeroTemp":{"iob":-0.952,"basaliob":-0.961,"bolussnooze":0,"activity":-0.01,"lastBolusTime":1703087192890,"time":"2023-12-20T18:35:56.668Z"}},{"iob":-0.019,"basaliob":-0.027,"bolussnooze":0,"activity":-4.0E-4,"lastBolusTime":1703087192890,"time":"2023-12-20T18:40:56.668Z","iobWithZeroTemp":{"iob":-0.968,"basaliob":-0.976,"bolussnooze":0,"activity":-0.0103,"lastBolusTime":1703087192890,"time":"2023-12-20T18:40:56.668Z"}},{"iob":-0.017,"basaliob":-0.024,"bolussnooze":0,"activity":-4.0E-4,"lastBolusTime":1703087192890,"time":"2023-12-20T18:45:56.668Z","iobWithZeroTemp":{"iob":-0.982,"basaliob":-0.989,"bolussnooze":0,"activity":-0.0106,"lastBolusTime":1703087192890,"time":"2023-12-20T18:45:56.668Z"}},{"iob":-0.015,"basaliob":-0.021,"bolussnooze":0,"activity":-3.0E-4,"lastBolusTime":1703087192890,"time":"2023-12-20T18:50:56.668Z","iobWithZeroTemp":{"iob":-0.995,"basaliob":-1.001,"bolussnooze":0,"activity":-0.0108,"lastBolusTime":1703087192890,"time":"2023-12-20T18:50:56.668Z"}},{"iob":-0.014,"basaliob":-0.019,"bolussnooze":0,"activity":-3.0E-4,"lastBolusTime":1703087192890,"time":"2023-12-20T18:55:56.668Z","iobWithZeroTemp":{"iob":-1.007,"basaliob":-1.012,"bolussnooze":0,"activity":-0.0111,"lastBolusTime":1703087192890,"time":"2023-12-20T18:55:56.668Z"}},{"iob":-0.012,"basaliob":-0.016,"bolussnooze":0,"activity":-3.0E-4,"lastBolusTime":1703087192890,"time":"2023-12-20T19:00:56.668Z","iobWithZeroTemp":{"iob":-1.017,"basaliob":-1.021,"bolussnooze":0,"activity":-0.0113,"lastBolusTime":1703087192890,"time":"2023-12-20T19:00:56.668Z"}},{"iob":-0.011,"basaliob":-0.014,"bolussnooze":0,"activity":-3.0E-4,"lastBolusTime":1703087192890,"time":"2023-12-20T19:05:56.668Z","iobWithZeroTemp":{"iob":-1.027,"basaliob":-1.03,"bolussnooze":0,"activity":-0.0115,"lastBolusTime":1703087192890,"time":"2023-12-20T19:05:56.668Z"}},{"iob":-0.01,"basaliob":-0.013,"bolussnooze":0,"activity":-2.0E-4,"lastBolusTime":1703087192890,"time":"2023-12-20T19:10:56.668Z","iobWithZeroTemp":{"iob":-1.036,"basaliob":-1.039,"bolussnooze":0,"activity":-0.0117,"lastBolusTime":1703087192890,"time":"2023-12-20T19:10:56.668Z"}},{"iob":-0.009,"basaliob":-0.011,"bolussnooze":0,"activity":-2.0E-4,"lastBolusTime":1703087192890,"time":"2023-12-20T19:15:56.668Z","iobWithZeroTemp":{"iob":-1.044,"basaliob":-1.046,"bolussnooze":0,"activity":-0.0118,"lastBolusTime":1703087192890,"time":"2023-12-20T19:15:56.668Z"}},{"iob":-0.008,"basaliob":-0.01,"bolussnooze":0,"activity":-2.0E-4,"lastBolusTime":1703087192890,"time":"2023-12-20T19:20:56.668Z","iobWithZeroTemp":{"iob":-1.051,"basaliob":-1.053,"bolussnooze":0,"activity":-0.012,"lastBolusTime":1703087192890,"time":"2023-12-20T19:20:56.668Z"}},{"iob":-0.006,"basaliob":-0.008,"bolussnooze":0,"activity":-1.0E-4,"lastBolusTime":1703087192890,"time":"2023-12-20T19:25:56.668Z","iobWithZeroTemp":{"iob":-1.057,"basaliob":-1.059,"bolussnooze":0,"activity":-0.0121,"lastBolusTime":1703087192890,"time":"2023-12-20T19:25:56.668Z"}},{"iob":-0.006,"basaliob":-0.007,"bolussnooze":0,"activity":-1.0E-4,"lastBolusTime":1703087192890,"time":"2023-12-20T19:30:56.668Z","iobWithZeroTemp":{"iob":-1.063,"basaliob":-1.064,"bolussnooze":0,"activity":-0.0122,"lastBolusTime":1703087192890,"time":"2023-12-20T19:30:56.668Z"}},{"iob":-0.005,"basaliob":-0.006,"bolussnooze":0,"activity":-2.0E-4,"lastBolusTime":1703087192890,"time":"2023-12-20T19:35:56.668Z","iobWithZeroTemp":{"iob":-1.068,"basaliob":-1.069,"bolussnooze":0,"activity":-0.0124,"lastBolusTime":1703087192890,"time":"2023-12-20T19:35:56.668Z"}},{"iob":-0.004,"basaliob":-0.005,"bolussnooze":0,"activity":-2.0E-4,"lastBolusTime":1703087192890,"time":"2023-12-20T19:40:56.668Z","iobWithZeroTemp":{"iob":-1.072,"basaliob":-1.073,"bolussnooze":0,"activity":-0.0126,"lastBolusTime":1703087192890,"time":"2023-12-20T19:40:56.668Z"}},{"iob":-0.004,"basaliob":-0.005,"bolussnooze":0,"activity":-1.0E-4,"lastBolusTime":1703087192890,"time":"2023-12-20T19:45:56.668Z","iobWithZeroTemp":{"iob":-1.077,"basaliob":-1.078,"bolussnooze":0,"activity":-0.0126,"lastBolusTime":1703087192890,"time":"2023-12-20T19:45:56.668Z"}},{"iob":-0.003,"basaliob":-0.004,"bolussnooze":0,"activity":-1.0E-4,"lastBolusTime":1703087192890,"time":"2023-12-20T19:50:56.668Z","iobWithZeroTemp":{"iob":-1.08,"basaliob":-1.081,"bolussnooze":0,"activity":-0.0127,"lastBolusTime":1703087192890,"time":"2023-12-20T19:50:56.668Z"}},{"iob":-0.002,"basaliob":-0.003,"bolussnooze":0,"activity":-1.0E-4,"lastBolusTime":1703087192890,"time":"2023-12-20T19:55:56.668Z","iobWithZeroTemp":{"iob":-1.083,"basaliob":-1.084,"bolussnooze":0,"activity":-0.0128,"lastBolusTime":1703087192890,"time":"2023-12-20T19:55:56.668Z"}},{"iob":-0.003,"basaliob":-0.003,"bolussnooze":0,"activity":-1.0E-4,"lastBolusTime":1703087192890,"time":"2023-12-20T20:00:56.668Z","iobWithZeroTemp":{"iob":-1.087,"basaliob":-1.087,"bolussnooze":0,"activity":-0.0128,"lastBolusTime":1703087192890,"time":"2023-12-20T20:00:56.668Z"}},{"iob":-0.002,"basaliob":-0.002,"bolussnooze":0,"activity":-1.0E-4,"lastBolusTime":1703087192890,"time":"2023-12-20T20:05:56.668Z","iobWithZeroTemp":{"iob":-1.089,"basaliob":-1.089,"bolussnooze":0,"activity":-0.0129,"lastBolusTime":1703087192890,"time":"2023-12-20T20:05:56.668Z"}},{"iob":-0.002,"basaliob":-0.002,"bolussnooze":0,"activity":-1.0E-4,"lastBolusTime":1703087192890,"time":"2023-12-20T20:10:56.668Z","iobWithZeroTemp":{"iob":-1.091,"basaliob":-1.091,"bolussnooze":0,"activity":-0.013,"lastBolusTime":1703087192890,"time":"2023-12-20T20:10:56.668Z"}},{"iob":-0.002,"basaliob":-0.002,"bolussnooze":0,"activity":-1.0E-4,"lastBolusTime":1703087192890,"time":"2023-12-20T20:15:56.668Z","iobWithZeroTemp":{"iob":-1.093,"basaliob":-1.093,"bolussnooze":0,"activity":-0.013,"lastBolusTime":1703087192890,"time":"2023-12-20T20:15:56.668Z"}},{"iob":-0.001,"basaliob":-0.001,"bolussnooze":0,"activity":0,"lastBolusTime":1703087192890,"time":"2023-12-20T20:20:56.668Z","iobWithZeroTemp":{"iob":-1.094,"basaliob":-1.094,"bolussnooze":0,"activity":-0.013,"lastBolusTime":1703087192890,"time":"2023-12-20T20:20:56.668Z"}},{"iob":-0.001,"basaliob":-0.001,"bolussnooze":0,"activity":0,"lastBolusTime":1703087192890,"time":"2023-12-20T20:25:56.668Z","iobWithZeroTemp":{"iob":-1.096,"basaliob":-1.096,"bolussnooze":0,"activity":-0.013,"lastBolusTime":1703087192890,"time":"2023-12-20T20:25:56.668Z"}},{"iob":-0.001,"basaliob":-0.001,"bolussnooze":0,"activity":0,"lastBolusTime":1703087192890,"time":"2023-12-20T20:30:56.668Z","iobWithZeroTemp":{"iob":-1.097,"basaliob":-1.097,"bolussnooze":0,"activity":-0.0131,"lastBolusTime":1703087192890,"time":"2023-12-20T20:30:56.668Z"}},{"iob":-0.001,"basaliob":-0.001,"bolussnooze":0,"activity":0,"lastBolusTime":1703087192890,"time":"2023-12-20T20:35:56.668Z","iobWithZeroTemp":{"iob":-1.099,"basaliob":-1.099,"bolussnooze":0,"activity":-0.0131,"lastBolusTime":1703087192890,"time":"2023-12-20T20:35:56.668Z"}},{"iob":-0.001,"basaliob":-0.001,"bolussnooze":0,"activity":0,"lastBolusTime":1703087192890,"time":"2023-12-20T20:40:56.668Z","iobWithZeroTemp":{"iob":-1.1,"basaliob":-1.1,"bolussnooze":0,"activity":-0.0131,"lastBolusTime":1703087192890,"time":"2023-12-20T20:40:56.668Z"}}],"profile":{"max_iob":7,"type":"current","max_daily_basal":0.8,"max_basal":5,"min_bg":80,"max_bg":90,"target_bg":85,"carb_ratio":14,"sens":57,"max_daily_safety_multiplier":9,"current_basal_safety_multiplier":8,"lgsThreshold":65,"high_temptarget_raises_sensitivity":false,"low_temptarget_lowers_sensitivity":false,"sensitivity_raises_target":false,"resistance_lowers_target":false,"adv_target_adjustments":false,"exercise_mode":false,"half_basal_exercise_target":160,"maxCOB":120,"skip_neutral_temps":false,"remainingCarbsCap":90,"enableUAM":true,"A52_risk_enable":false,"SMBInterval":3,"enableSMB_with_COB":true,"enableSMB_with_temptarget":true,"allowSMB_with_high_temptarget":true,"enableSMB_always":true,"enableSMB_after_carbs":true,"maxSMBBasalMinutes":120,"maxUAMSMBBasalMinutes":90,"bolus_increment":0.05,"carbsReqThreshold":5,"current_basal":0.7,"temptargetSet":false,"autosens_max":1.6,"autosens_min":0.6,"variable_sens":126.1,"insulinDivisor":75,"TDD":19.32336071428572},"autosens_data":{"ratio":1.008059970691016},"meal_data":{"carbs":0,"mealCOB":0,"slopeFromMaxDeviation":-0.16180000000000003,"slopeFromMinDeviation":0.7765,"lastBolusTime":1703087192890,"lastCarbTime":0},"microBolusAllowed":true,"currentTime":1703090758091,"flatBGsDetected":false,"tdd1D":21.666666666666675,"tdd7D":21.121428571428574,"tddLast24H":21.29166666666668,"tddLast4H":2.8125,"tddLast8to4H":1.8416666666666672},"output":{"temp":"absolute","bg":82,"tick":-1,"eventualBG":88,"targetBG":85,"insulinReq":-0.01,"deliverAt":"2023-12-20T16:45:58.091Z","sensitivityRatio":1.008059970691016,"variable_sens":126.1,"predBGs":{"IOB":[82,81,81,80,80,79,79,79,80,80,80,81,81,82,82,83,83,83,84,84,84,85,85,85,86,86,86,86,86,86,87,87,87,87,87,87,87,87,87,87,87,88],"ZT":[82,82,83,84,85,86,87]},"reason":"COB: 0, Dev: -7, BGI: 0, ISF: 126, CR: 14, Target: 85, minPredBG 84, minGuardBG 79, IOBpredBG 88;  insulinReq -0.01. 20m@0.75 > 2 * insulinReq. Setting temp basal of 0.69U\/hr. ","COB":0,"IOB":-0.104,"duration":30,"rate":0.6856419794837112,"timestamp":"2023-12-20T16:45:58.096Z"}}