{"algorithm":"OpenAPSSMBDynamicISFPlugin","input":{"glucoseStatus":{"glucose":102,"noise":0,"delta":4,"short_avgdelta":3.22,"long_avgdelta":2.76,"date":1703182537000},"currenttemp":{"temp":"absolute","duration":10,"rate":1.1,"minutesrunning":20},"iob_data":[{"iob":0.188,"basaliob":0.036,"bolussnooze":0,"activity":7.0E-4,"lastBolusTime":1703181668521,"time":"2023-12-21T18:16:06.831Z","iobWithZeroTemp":{"iob":0.188,"basaliob":0.036,"bolussnooze":0,"activity":7.0E-4,"lastBolusTime":1703181668521,"time":"2023-12-21T18:16:06.831Z"}},{"iob":0.184,"basaliob":0.039,"bolussnooze":0,"activity":9.0E-4,"lastBolusTime":1703181668521,"time":"2023-12-21T18:21:06.831Z","iobWithZeroTemp":{"iob":0.131,"basaliob":-0.014,"bolussnooze":0,"activity":8.0E-4,"lastBolusTime":1703181668521,"time":"2023-12-21T18:21:06.831Z"}},{"iob":0.179,"basaliob":0.041,"bolussnooze":0,"activity":0.0012,"lastBolusTime":1703181668521,"time":"2023-12-21T18:26:06.831Z","iobWithZeroTemp":{"iob":0.06,"basaliob":-0.078,"bolussnooze":0,"activity":0.001,"lastBolusTime":1703181668521,"time":"2023-12-21T18:26:06.831Z"}},{"iob":0.172,"basaliob":0.042,"bolussnooze":0,"activity":0.0013,"lastBolusTime":1703181668521,"time":"2023-12-21T18:31:06.831Z","iobWithZeroTemp":{"iob":-0.012,"basaliob":-0.142,"bolussnooze":0,"activity":7.0E-4,"lastBolusTime":1703181668521,"time":"2023-12-21T18:31:06.831Z"}},{"iob":0.165,"basaliob":0.042,"bolussnooze":0,"activity":0.0015,"lastBolusTime":1703181668521,"time":"2023-12-21T18:36:06.831Z","iobWithZeroTemp":{"iob":-0.082,"basaliob":-0.205,"bolussnooze":0,"activity":5.0E-4,"lastBolusTime":1703181668521,"time":"2023-12-21T18:36:06.831Z"}},{"iob":0.157,"basaliob":0.042,"bolussnooze":0,"activity":0.0016,"lastBolusTime":1703181668521,"time":"2023-12-21T18:41:06.831Z","iobWithZeroTemp":{"iob":-0.151,"basaliob":-0.266,"bolussnooze":0,"activity":2.0E-4,"lastBolusTime":1703181668521,"time":"2023-12-21T18:41:06.831Z"}},{"iob":0.15,"basaliob":0.042,"bolussnooze":0,"activity":0.0017,"lastBolusTime":1703181668521,"time":"2023-12-21T18:46:06.831Z","iobWithZeroTemp":{"iob":-0.216,"basaliob":-0.324,"bolussnooze":0,"activity":-2.0E-4,"lastBolusTime":1703181668521,"time":"2023-12-21T18:46:06.831Z"}},{"iob":0.141,"basaliob":0.041,"bolussnooze":0,"activity":0.0016,"lastBolusTime":1703181668521,"time":"2023-12-21T18:51:06.831Z","iobWithZeroTemp":{"iob":-0.281,"basaliob":-0.381,"bolussnooze":0,"activity":-9.0E-4,"lastBolusTime":1703181668521,"time":"2023-12-21T18:51:06.831Z"}},{"iob":0.133,"basaliob":0.04,"bolussnooze":0,"activity":0.0017,"lastBolusTime":1703181668521,"time":"2023-12-21T18:56:06.831Z","iobWithZeroTemp":{"iob":-0.342,"basaliob":-0.435,"bolussnooze":0,"activity":-0.0013,"lastBolusTime":1703181668521,"time":"2023-12-21T18:56:06.831Z"}},{"iob":0.125,"basaliob":0.038,"bolussnooze":0,"activity":0.0016,"lastBolusTime":1703181668521,"time":"2023-12-21T19:01:06.831Z","iobWithZeroTemp":{"iob":-0.4,"basaliob":-0.487,"bolussnooze":0,"activity":-0.002,"lastBolusTime":1703181668521,"time":"2023-12-21T19:01:06.831Z"}},{"iob":0.117,"basaliob":0.037,"bolussnooze":0,"activity":0.0016,"lastBolusTime":1703181668521,"time":"2023-12-21T19:06:06.831Z","iobWithZeroTemp":{"iob":-0.455,"basaliob":-0.535,"bolussnooze":0,"activity":-0.0026,"lastBolusTime":1703181668521,"time":"2023-12-21T19:06:06.831Z"}},{"iob":0.109,"basaliob":0.035,"bolussnooze":0,"activity":0.0015,"lastBolusTime":1703181668521,"time":"2023-12-21T19:11:06.831Z","iobWithZeroTemp":{"iob":-0.508,"basaliob":-0.582,"bolussnooze":0,"activity":-0.0032,"lastBolusTime":1703181668521,"time":"2023-12-21T19:11:06.831Z"}},{"iob":0.101,"basaliob":0.033,"bolussnooze":0,"activity":0.0015,"lastBolusTime":1703181668521,"time":"2023-12-21T19:16:06.831Z","iobWithZeroTemp":{"iob":-0.557,"basaliob":-0.625,"bolussnooze":0,"activity":-0.0038,"lastBolusTime":1703181668521,"time":"2023-12-21T19:16:06.831Z"}},{"iob":0.094,"basaliob":0.031,"bolussnooze":0,"activity":0.0015,"lastBolusTime":1703181668521,"time":"2023-12-21T19:21:06.831Z","iobWithZeroTemp":{"iob":-0.603,"basaliob":-0.666,"bolussnooze":0,"activity":-0.0044,"lastBolusTime":1703181668521,"time":"2023-12-21T19:21:06.831Z"}},{"iob":0.087,"basaliob":0.029,"bolussnooze":0,"activity":0.0014,"lastBolusTime":1703181668521,"time":"2023-12-21T19:26:06.831Z","iobWithZeroTemp":{"iob":-0.646,"basaliob":-0.704,"bolussnooze":0,"activity":-0.005,"lastBolusTime":1703181668521,"time":"2023-12-21T19:26:06.831Z"}},{"iob":0.081,"basaliob":0.028,"bolussnooze":0,"activity":0.0013,"lastBolusTime":1703181668521,"time":"2023-12-21T19:31:06.831Z","iobWithZeroTemp":{"iob":-0.686,"basaliob":-0.739,"bolussnooze":0,"activity":-0.0056,"lastBolusTime":1703181668521,"time":"2023-12-21T19:31:06.831Z"}},{"iob":0.074,"basaliob":0.026,"bolussnooze":0,"activity":0.0012,"lastBolusTime":1703181668521,"time":"2023-12-21T19:36:06.831Z","iobWithZeroTemp":{"iob":-0.724,"basaliob":-0.772,"bolussnooze":0,"activity":-0.0062,"lastBolusTime":1703181668521,"time":"2023-12-21T19:36:06.831Z"}},{"iob":0.068,"basaliob":0.024,"bolussnooze":0,"activity":0.0011,"lastBolusTime":1703181668521,"time":"2023-12-21T19:41:06.831Z","iobWithZeroTemp":{"iob":-0.758,"basaliob":-0.802,"bolussnooze":0,"activity":-0.0067,"lastBolusTime":1703181668521,"time":"2023-12-21T19:41:06.831Z"}},{"iob":0.062,"basaliob":0.022,"bolussnooze":0,"activity":0.0011,"lastBolusTime":1703181668521,"time":"2023-12-21T19:46:06.831Z","iobWithZeroTemp":{"iob":-0.791,"basaliob":-0.831,"bolussnooze":0,"activity":-0.0072,"lastBolusTime":1703181668521,"time":"2023-12-21T19:46:06.831Z"}},{"iob":0.058,"basaliob":0.021,"bolussnooze":0,"activity":0.001,"lastBolusTime":1703181668521,"time":"2023-12-21T19:51:06.831Z","iobWithZeroTemp":{"iob":-0.819,"basaliob":-0.856,"bolussnooze":0,"activity":-0.0077,"lastBolusTime":1703181668521,"time":"2023-12-21T19:51:06.831Z"}},{"iob":0.052,"basaliob":0.019,"bolussnooze":0,"activity":9.0E-4,"lastBolusTime":1703181668521,"time":"2023-12-21T19:56:06.831Z","iobWithZeroTemp":{"iob":-0.848,"basaliob":-0.881,"bolussnooze":0,"activity":-0.0082,"lastBolusTime":1703181668521,"time":"2023-12-21T19:56:06.831Z"}},{"iob":0.048,"basaliob":0.018,"bolussnooze":0,"activity":9.0E-4,"lastBolusTime":1703181668521,"time":"2023-12-21T20:01:06.831Z","iobWithZeroTemp":{"iob":-0.872,"basaliob":-0.902,"bolussnooze":0,"activity":-0.0085,"lastBolusTime":1703181668521,"time":"2023-12-21T20:01:06.831Z"}},{"iob":0.043,"basaliob":0.016,"bolussnooze":0,"activity":8.0E-4,"lastBolusTime":1703181668521,"time":"2023-12-21T20:06:06.831Z","iobWithZeroTemp":{"iob":-0.896,"basaliob":-0.923,"bolussnooze":0,"activity":-0.009,"lastBolusTime":1703181668521,"time":"2023-12-21T20:06:06.831Z"}},{"iob":0.04,"basaliob":0.015,"bolussnooze":0,"activity":8.0E-4,"lastBolusTime":1703181668521,"time":"2023-12-21T20:11:06.831Z","iobWithZeroTemp":{"iob":-0.916,"basaliob":-0.941,"bolussnooze":0,"activity":-0.0093,"lastBolusTime":1703181668521,"time":"2023-12-21T20:11:06.831Z"}},{"iob":0.036,"basaliob":0.014,"bolussnooze":0,"activity":7.0E-4,"lastBolusTime":1703181668521,"time":"2023-12-21T20:16:06.831Z","iobWithZeroTemp":{"iob":-0.936,"basaliob":-0.958,"bolussnooze":0,"activity":-0.0097,"lastBolusTime":1703181668521,"time":"2023-12-21T20:16:06.831Z"}},{"iob":0.033,"basaliob":0.013,"bolussnooze":0,"activity":6.0E-4,"lastBolusTime":1703181668521,"time":"2023-12-21T20:21:06.831Z","iobWithZeroTemp":{"iob":-0.953,"basaliob":-0.973,"bolussnooze":0,"activity":-0.01,"lastBolusTime":1703181668521,"time":"2023-12-21T20:21:06.831Z"}},{"iob":0.03,"basaliob":0.012,"bolussnooze":0,"activity":6.0E-4,"lastBolusTime":1703181668521,"time":"2023-12-21T20:26:06.831Z","iobWithZeroTemp":{"iob":-0.969,"basaliob":-0.987,"bolussnooze":0,"activity":-0.0103,"lastBolusTime":1703181668521,"time":"2023-12-21T20:26:06.831Z"}},{"iob":0.027,"basaliob":0.011,"bolussnooze":0,"activity":6.0E-4,"lastBolusTime":1703181668521,"time":"2023-12-21T20:31:06.831Z","iobWithZeroTemp":{"iob":-0.983,"basaliob":-0.999,"bolussnooze":0,"activity":-0.0105,"lastBolusTime":1703181668521,"time":"2023-12-21T20:31:06.831Z"}},{"iob":0.025,"basaliob":0.01,"bolussnooze":0,"activity":5.0E-4,"lastBolusTime":1703181668521,"time":"2023-12-21T20:36:06.831Z","iobWithZeroTemp":{"iob":-0.996,"basaliob":-1.011,"bolussnooze":0,"activity":-0.0108,"lastBolusTime":1703181668521,"time":"2023-12-21T20:36:06.831Z"}},{"iob":0.022,"basaliob":0.009,"bolussnooze":0,"activity":5.0E-4,"lastBolusTime":1703181668521,"time":"2023-12-21T20:41:06.831Z","iobWithZeroTemp":{"iob":-1.008,"basaliob":-1.021,"bolussnooze":0,"activity":-0.011,"lastBolusTime":1703181668521,"time":"2023-12-21T20:41:06.831Z"}},{"iob":0.02,"basaliob":0.008,"bolussnooze":0,"activity":5.0E-4,"lastBolusTime":1703181668521,"time":"2023-12-21T20:46:06.831Z","iobWithZeroTemp":{"iob":-1.019,"basaliob":-1.031,"bolussnooze":0,"activity":-0.0112,"lastBolusTime":1703181668521,"time":"2023-12-21T20:46:06.831Z"}},{"iob":0.017,"basaliob":0.007,"bolussnooze":0,"activity":3.0E-4,"lastBolusTime":1703181668521,"time":"2023-12-21T20:51:06.831Z","iobWithZeroTemp":{"iob":-1.03,"basaliob":-1.04,"bolussnooze":0,"activity":-0.0116,"lastBolusTime":1703181668521,"time":"2023-12-21T20:51:06.831Z"}},{"iob":0.016,"basaliob":0.007,"bolussnooze":0,"activity":3.0E-4,"lastBolusTime":1703181668521,"time":"2023-12-21T20:56:06.831Z","iobWithZeroTemp":{"iob":-1.038,"basaliob":-1.047,"bolussnooze":0,"activity":-0.0117,"lastBolusTime":1703181668521,"time":"2023-12-21T20:56:06.831Z"}},{"iob":0.014,"basaliob":0.006,"bolussnooze":0,"activity":3.0E-4,"lastBolusTime":1703181668521,"time":"2023-12-21T21:01:06.831Z","iobWithZeroTemp":{"iob":-1.046,"basaliob":-1.054,"bolussnooze":0,"activity":-0.0119,"lastBolusTime":1703181668521,"time":"2023-12-21T21:01:06.831Z"}},{"iob":0.012,"basaliob":0.005,"bolussnooze":0,"activity":3.0E-4,"lastBolusTime":1703181668521,"time":"2023-12-21T21:06:06.831Z","iobWithZeroTemp":{"iob":-1.053,"basaliob":-1.06,"bolussnooze":0,"activity":-0.012,"lastBolusTime":1703181668521,"time":"2023-12-21T21:06:06.831Z"}},{"iob":0.011,"basaliob":0.005,"bolussnooze":0,"activity":3.0E-4,"lastBolusTime":1703181668521,"time":"2023-12-21T21:11:06.831Z","iobWithZeroTemp":{"iob":-1.059,"basaliob":-1.065,"bolussnooze":0,"activity":-0.0121,"lastBolusTime":1703181668521,"time":"2023-12-21T21:11:06.831Z"}},{"iob":0.01,"basaliob":0.004,"bolussnooze":0,"activity":2.0E-4,"lastBolusTime":1703181668521,"time":"2023-12-21T21:16:06.831Z","iobWithZeroTemp":{"iob":-1.065,"basaliob":-1.071,"bolussnooze":0,"activity":-0.0123,"lastBolusTime":1703181668521,"time":"2023-12-21T21:16:06.831Z"}},{"iob":0.009,"basaliob":0.004,"bolussnooze":0,"activity":2.0E-4,"lastBolusTime":1703181668521,"time":"2023-12-21T21:21:06.831Z","iobWithZeroTemp":{"iob":-1.07,"basaliob":-1.075,"bolussnooze":0,"activity":-0.0124,"lastBolusTime":1703181668521,"time":"2023-12-21T21:21:06.831Z"}},{"iob":0.007,"basaliob":0.003,"bolussnooze":0,"activity":2.0E-4,"lastBolusTime":1703181668521,"time":"2023-12-21T21:26:06.831Z","iobWithZeroTemp":{"iob":-1.075,"basaliob":-1.079,"bolussnooze":0,"activity":-0.0125,"lastBolusTime":1703181668521,"time":"2023-12-21T21:26:06.831Z"}},{"iob":0.007,"basaliob":0.003,"bolussnooze":0,"activity":2.0E-4,"lastBolusTime":1703181668521,"time":"2023-12-21T21:31:06.831Z","iobWithZeroTemp":{"iob":-1.078,"basaliob":-1.082,"bolussnooze":0,"activity":-0.0126,"lastBolusTime":1703181668521,"time":"2023-12-21T21:31:06.831Z"}},{"iob":0.006,"basaliob":0.003,"bolussnooze":0,"activity":2.0E-4,"lastBolusTime":1703181668521,"time":"2023-12-21T21:36:06.831Z","iobWithZeroTemp":{"iob":-1.082,"basaliob":-1.085,"bolussnooze":0,"activity":-0.0126,"lastBolusTime":1703181668521,"time":"2023-12-21T21:36:06.831Z"}},{"iob":0.005,"basaliob":0.002,"bolussnooze":0,"activity":2.0E-4,"lastBolusTime":1703181668521,"time":"2023-12-21T21:41:06.831Z","iobWithZeroTemp":{"iob":-1.085,"basaliob":-1.088,"bolussnooze":0,"activity":-0.0127,"lastBolusTime":1703181668521,"time":"2023-12-21T21:41:06.831Z"}},{"iob":0.004,"basaliob":0.002,"bolussnooze":0,"activity":2.0E-4,"lastBolusTime":1703181668521,"time":"2023-12-21T21:46:06.831Z","iobWithZeroTemp":{"iob":-1.088,"basaliob":-1.09,"bolussnooze":0,"activity":-0.0128,"lastBolusTime":1703181668521,"time":"2023-12-21T21:46:06.831Z"}},{"iob":0.004,"basaliob":0.002,"bolussnooze":0,"activity":1.0E-4,"lastBolusTime":1703181668521,"time":"2023-12-21T21:51:06.831Z","iobWithZeroTemp":{"iob":-1.09,"basaliob":-1.092,"bolussnooze":0,"activity":-0.0129,"lastBolusTime":1703181668521,"time":"2023-12-21T21:51:06.831Z"}},{"iob":0.004,"basaliob":0.002,"bolussnooze":0,"activity":1.0E-4,"lastBolusTime":1703181668521,"time":"2023-12-21T21:56:06.831Z","iobWithZeroTemp":{"iob":-1.092,"basaliob":-1.094,"bolussnooze":0,"activity":-0.0129,"lastBolusTime":1703181668521,"time":"2023-12-21T21:56:06.831Z"}},{"iob":0.002,"basaliob":0.001,"bolussnooze":0,"activity":1.0E-4,"lastBolusTime":1703181668521,"time":"2023-12-21T22:01:06.831Z","iobWithZeroTemp":{"iob":-1.095,"basaliob":-1.096,"bolussnooze":0,"activity":-0.013,"lastBolusTime":1703181668521,"time":"2023-12-21T22:01:06.831Z"}},{"iob":0.002,"basaliob":0.001,"bolussnooze":0,"activity":0,"lastBolusTime":1703181668521,"time":"2023-12-21T22:06:06.831Z","iobWithZeroTemp":{"iob":-1.096,"basaliob":-1.097,"bolussnooze":0,"activity":-0.0131,"lastBolusTime":1703181668521,"time":"2023-12-21T22:06:06.831Z"}},{"iob":0.002,"basaliob":0.001,"bolussnooze":0,"activity":0,"lastBolusTime":1703181668521,"time":"2023-12-21T22:11:06.831Z","iobWithZeroTemp":{"iob":-1.097,"basaliob":-1.098,"bolussnooze":0,"activity":-0.0132,"lastBolusTime":1703181668521,"time":"2023-12-21T22:11:06.831Z"}}],"profile":{"max_iob":7,"type":"current","max_daily_basal":0.8,"max_basal":5,"min_bg":80,"max_bg":90,"target_bg":85,"carb_ratio":14,"sens":57,"max_daily_safety_multiplier":9,"current_basal_safety_multiplier":8,"lgsThreshold":65,"high_temptarget_raises_sensitivity":false,"low_temptarget_lowers_sensitivity":false,"sensitivity_raises_target":false,"resistance_lowers_target":false,"adv_target_adjustments":false,"exercise_mode":false,"half_basal_exercise_target":160,"maxCOB":120,"skip_neutral_temps":false,"remainingCarbsCap":90,"enableUAM":true,"A52_risk_enable":false,"SMBInterval":3,"enableSMB_with_COB":true,"enableSMB_with_temptarget":true,"allowSMB_with_high_temptarget":true,"enableSMB_always":true,"enableSMB_after_carbs":true,"maxSMBBasalMinutes":120,"maxUAMSMBBasalMinutes":90,"bolus_increment":0.05,"carbsReqThreshold":5,"current_basal":0.8,"temptargetSet":false,"autosens_max":1.6,"autosens_min":0.6,"variable_sens":105.8,"insulinDivisor":75,"TDD":19.818820238095242},"autosens_data":{"ratio":1.0070406918727133},"meal_data":{"carbs":0,"mealCOB":0,"slopeFromMaxDeviation":-0.06699999999999995,"slopeFromMinDeviation":0.501,"lastBolusTime":1703181668521,"lastCarbTime":0},"microBolusAllowed":true,"currentTime":1703182568681,"flatBGsDetected":false,"tdd1D":20.662500000000005,"tdd7D":21.47380952380953,"tddLast24H":21.625000000000007,"tddLast4H":3.295833333333334,"tddLast8to4H":1.9041666666666672},"output":{"temp":"absolute","bg":102,"tick":"+4","eventualBG":121,"targetBG":85,"insulinReq":0.26,"deliverAt":"2023-12-21T18:16:08.681Z","sensitivityRatio":1.0070406918727133,"variable_sens":105.8,"predBGs":{"IOB":[102,105,107,110,111,113,114,114,115,115,115,114,113,113,112,111,111,110,109,109,108,108,107,107,107,106,106,106,105,105,105,105,104,104,104,104,104,104,104,103],"ZT":[102,102,101,101,100,100,100,100,101,101],"UAM":[102,105,108,110,113,115,116,118,120,121,122,123,124,125,125,126,126,126,126,126,126,126,125,125,125,124,124,124,123,123,123,123,123,122,122,122,122,122,122,122,122,122,122,121]},"reason":"COB: 0, Dev: 22, BGI: 0, ISF: 106, CR: 14, Target: 85, minPredBG 112, minGuardBG 105, IOBpredBG 103, UAMpredBG 121; Eventual BG 121 >= 90,  insulinReq 0.26. Microbolusing 0.1U. temp 1.10 < 1.33U\/hr. ","COB":0,"IOB":0.188,"units":0.1,"duration":30,"rate":1.3256325534981706,"timestamp":"2023-12-21T18:16:08.690Z"}}