{"algorithm":"OpenAPSSMBDynamicISFPlugin","input":{"glucoseStatus":{"glucose":147,"noise":0,"delta":-7,"short_avgdelta":-4.39,"long_avgdelta":5.96,"date":1703051737000},"currenttemp":{"temp":"absolute","duration":110,"rate":0,"minutesrunning":10},"iob_data":[{"iob":1.94,"basaliob":-0.62,"bolussnooze":0.7976,"activity":0.0194,"lastBolusTime":1703050565758,"time":"2023-12-20T05:55:55.918Z","iobWithZeroTemp":{"iob":1.94,"basaliob":-0.62,"bolussnooze":0.7976,"activity":0.0194,"lastBolusTime":1703050565758,"time":"2023-12-20T05:55:55.918Z"}},{"iob":1.841,"basaliob":-0.583,"bolussnooze":0.6866,"activity":0.02,"lastBolusTime":1703050565758,"time":"2023-12-20T06:00:55.918Z","iobWithZeroTemp":{"iob":1.804,"basaliob":-0.62,"bolussnooze":0.6866,"activity":0.02,"lastBolusTime":1703050565758,"time":"2023-12-20T06:00:55.918Z"}},{"iob":1.74,"basaliob":-0.546,"bolussnooze":0.5856,"activity":0.0203,"lastBolusTime":1703050565758,"time":"2023-12-20T06:05:55.918Z","iobWithZeroTemp":{"iob":1.658,"basaliob":-0.628,"bolussnooze":0.5856,"activity":0.0201,"lastBolusTime":1703050565758,"time":"2023-12-20T06:05:55.918Z"}},{"iob":1.639,"basaliob":-0.51,"bolussnooze":0.4951,"activity":0.0203,"lastBolusTime":1703050565758,"time":"2023-12-20T06:10:55.918Z","iobWithZeroTemp":{"iob":1.512,"basaliob":-0.637,"bolussnooze":0.4951,"activity":0.0199,"lastBolusTime":1703050565758,"time":"2023-12-20T06:10:55.918Z"}},{"iob":1.538,"basaliob":-0.475,"bolussnooze":0.4153,"activity":0.02,"lastBolusTime":1703050565758,"time":"2023-12-20T06:15:55.918Z","iobWithZeroTemp":{"iob":1.368,"basaliob":-0.645,"bolussnooze":0.4153,"activity":0.0193,"lastBolusTime":1703050565758,"time":"2023-12-20T06:15:55.918Z"}},{"iob":1.438,"basaliob":-0.442,"bolussnooze":0.3457,"activity":0.0197,"lastBolusTime":1703050565758,"time":"2023-12-20T06:20:55.918Z","iobWithZeroTemp":{"iob":1.226,"basaliob":-0.654,"bolussnooze":0.3457,"activity":0.0187,"lastBolusTime":1703050565758,"time":"2023-12-20T06:20:55.918Z"}},{"iob":1.342,"basaliob":-0.409,"bolussnooze":0.2856,"activity":0.0191,"lastBolusTime":1703050565758,"time":"2023-12-20T06:25:55.918Z","iobWithZeroTemp":{"iob":1.09,"basaliob":-0.661,"bolussnooze":0.2856,"activity":0.0178,"lastBolusTime":1703050565758,"time":"2023-12-20T06:25:55.918Z"}},{"iob":1.248,"basaliob":-0.378,"bolussnooze":0.2342,"activity":0.0184,"lastBolusTime":1703050565758,"time":"2023-12-20T06:30:55.918Z","iobWithZeroTemp":{"iob":0.958,"basaliob":-0.668,"bolussnooze":0.2342,"activity":0.0167,"lastBolusTime":1703050565758,"time":"2023-12-20T06:30:55.918Z"}},{"iob":1.158,"basaliob":-0.349,"bolussnooze":0.1906,"activity":0.0177,"lastBolusTime":1703050565758,"time":"2023-12-20T06:35:55.918Z","iobWithZeroTemp":{"iob":0.832,"basaliob":-0.675,"bolussnooze":0.1906,"activity":0.0156,"lastBolusTime":1703050565758,"time":"2023-12-20T06:35:55.918Z"}},{"iob":1.072,"basaliob":-0.321,"bolussnooze":0.1539,"activity":0.0168,"lastBolusTime":1703050565758,"time":"2023-12-20T06:40:55.918Z","iobWithZeroTemp":{"iob":0.711,"basaliob":-0.682,"bolussnooze":0.1539,"activity":0.0143,"lastBolusTime":1703050565758,"time":"2023-12-20T06:40:55.918Z"}},{"iob":0.989,"basaliob":-0.295,"bolussnooze":0.1232,"activity":0.016,"lastBolusTime":1703050565758,"time":"2023-12-20T06:45:55.918Z","iobWithZeroTemp":{"iob":0.596,"basaliob":-0.688,"bolussnooze":0.1232,"activity":0.0131,"lastBolusTime":1703050565758,"time":"2023-12-20T06:45:55.918Z"}},{"iob":0.912,"basaliob":-0.27,"bolussnooze":0.0978,"activity":0.0151,"lastBolusTime":1703050565758,"time":"2023-12-20T06:50:55.918Z","iobWithZeroTemp":{"iob":0.488,"basaliob":-0.694,"bolussnooze":0.0978,"activity":0.0118,"lastBolusTime":1703050565758,"time":"2023-12-20T06:50:55.918Z"}},{"iob":0.838,"basaliob":-0.247,"bolussnooze":0.0769,"activity":0.0142,"lastBolusTime":1703050565758,"time":"2023-12-20T06:55:55.918Z","iobWithZeroTemp":{"iob":0.386,"basaliob":-0.699,"bolussnooze":0.0769,"activity":0.0105,"lastBolusTime":1703050565758,"time":"2023-12-20T06:55:55.918Z"}},{"iob":0.769,"basaliob":-0.226,"bolussnooze":0.0599,"activity":0.0133,"lastBolusTime":1703050565758,"time":"2023-12-20T07:00:55.918Z","iobWithZeroTemp":{"iob":0.29,"basaliob":-0.705,"bolussnooze":0.0599,"activity":0.0093,"lastBolusTime":1703050565758,"time":"2023-12-20T07:00:55.918Z"}},{"iob":0.704,"basaliob":-0.206,"bolussnooze":0.0461,"activity":0.0125,"lastBolusTime":1703050565758,"time":"2023-12-20T07:05:55.918Z","iobWithZeroTemp":{"iob":0.2,"basaliob":-0.71,"bolussnooze":0.0461,"activity":0.0081,"lastBolusTime":1703050565758,"time":"2023-12-20T07:05:55.918Z"}},{"iob":0.644,"basaliob":-0.187,"bolussnooze":0.035,"activity":0.0117,"lastBolusTime":1703050565758,"time":"2023-12-20T07:10:55.918Z","iobWithZeroTemp":{"iob":0.117,"basaliob":-0.714,"bolussnooze":0.035,"activity":0.007,"lastBolusTime":1703050565758,"time":"2023-12-20T07:10:55.918Z"}},{"iob":0.587,"basaliob":-0.17,"bolussnooze":0.0262,"activity":0.0109,"lastBolusTime":1703050565758,"time":"2023-12-20T07:15:55.918Z","iobWithZeroTemp":{"iob":0.039,"basaliob":-0.718,"bolussnooze":0.0262,"activity":0.0058,"lastBolusTime":1703050565758,"time":"2023-12-20T07:15:55.918Z"}},{"iob":0.535,"basaliob":-0.154,"bolussnooze":0.0193,"activity":0.0101,"lastBolusTime":1703050565758,"time":"2023-12-20T07:20:55.918Z","iobWithZeroTemp":{"iob":-0.033,"basaliob":-0.722,"bolussnooze":0.0193,"activity":0.0047,"lastBolusTime":1703050565758,"time":"2023-12-20T07:20:55.918Z"}},{"iob":0.486,"basaliob":-0.139,"bolussnooze":0.0139,"activity":0.0094,"lastBolusTime":1703050565758,"time":"2023-12-20T07:25:55.918Z","iobWithZeroTemp":{"iob":-0.1,"basaliob":-0.725,"bolussnooze":0.0139,"activity":0.0037,"lastBolusTime":1703050565758,"time":"2023-12-20T07:25:55.918Z"}},{"iob":0.441,"basaliob":-0.126,"bolussnooze":0.0098,"activity":0.0087,"lastBolusTime":1703050565758,"time":"2023-12-20T07:30:55.918Z","iobWithZeroTemp":{"iob":-0.162,"basaliob":-0.729,"bolussnooze":0.0098,"activity":0.0027,"lastBolusTime":1703050565758,"time":"2023-12-20T07:30:55.918Z"}},{"iob":0.4,"basaliob":-0.113,"bolussnooze":0.0067,"activity":0.008,"lastBolusTime":1703050565758,"time":"2023-12-20T07:35:55.918Z","iobWithZeroTemp":{"iob":-0.218,"basaliob":-0.731,"bolussnooze":0.0067,"activity":0.0018,"lastBolusTime":1703050565758,"time":"2023-12-20T07:35:55.918Z"}},{"iob":0.361,"basaliob":-0.102,"bolussnooze":0.0044,"activity":0.0073,"lastBolusTime":1703050565758,"time":"2023-12-20T07:40:55.918Z","iobWithZeroTemp":{"iob":-0.272,"basaliob":-0.735,"bolussnooze":0.0044,"activity":8.0E-4,"lastBolusTime":1703050565758,"time":"2023-12-20T07:40:55.918Z"}},{"iob":0.326,"basaliob":-0.091,"bolussnooze":0.0028,"activity":0.0067,"lastBolusTime":1703050565758,"time":"2023-12-20T07:45:55.918Z","iobWithZeroTemp":{"iob":-0.319,"basaliob":-0.736,"bolussnooze":0.0028,"activity":0,"lastBolusTime":1703050565758,"time":"2023-12-20T07:45:55.918Z"}},{"iob":0.293,"basaliob":-0.082,"bolussnooze":0.0017,"activity":0.0062,"lastBolusTime":1703050565758,"time":"2023-12-20T07:50:55.918Z","iobWithZeroTemp":{"iob":-0.364,"basaliob":-0.739,"bolussnooze":0.0017,"activity":-7.0E-4,"lastBolusTime":1703050565758,"time":"2023-12-20T07:50:55.918Z"}},{"iob":0.264,"basaliob":-0.073,"bolussnooze":9.0E-4,"activity":0.0056,"lastBolusTime":1703050565758,"time":"2023-12-20T07:55:55.918Z","iobWithZeroTemp":{"iob":-0.404,"basaliob":-0.741,"bolussnooze":9.0E-4,"activity":-0.0015,"lastBolusTime":1703050565758,"time":"2023-12-20T07:55:55.918Z"}},{"iob":0.237,"basaliob":-0.065,"bolussnooze":5.0E-4,"activity":0.0052,"lastBolusTime":1703050565758,"time":"2023-12-20T08:00:55.918Z","iobWithZeroTemp":{"iob":-0.441,"basaliob":-0.743,"bolussnooze":5.0E-4,"activity":-0.0021,"lastBolusTime":1703050565758,"time":"2023-12-20T08:00:55.918Z"}},{"iob":0.212,"basaliob":-0.058,"bolussnooze":2.0E-4,"activity":0.0047,"lastBolusTime":1703050565758,"time":"2023-12-20T08:05:55.918Z","iobWithZeroTemp":{"iob":-0.475,"basaliob":-0.745,"bolussnooze":2.0E-4,"activity":-0.0028,"lastBolusTime":1703050565758,"time":"2023-12-20T08:05:55.918Z"}},{"iob":0.189,"basaliob":-0.052,"bolussnooze":1.0E-4,"activity":0.0043,"lastBolusTime":1703050565758,"time":"2023-12-20T08:10:55.918Z","iobWithZeroTemp":{"iob":-0.506,"basaliob":-0.747,"bolussnooze":1.0E-4,"activity":-0.0033,"lastBolusTime":1703050565758,"time":"2023-12-20T08:10:55.918Z"}},{"iob":0.169,"basaliob":-0.046,"bolussnooze":0,"activity":0.0039,"lastBolusTime":1703050565758,"time":"2023-12-20T08:15:55.918Z","iobWithZeroTemp":{"iob":-0.533,"basaliob":-0.748,"bolussnooze":0,"activity":-0.0039,"lastBolusTime":1703050565758,"time":"2023-12-20T08:15:55.918Z"}},{"iob":0.151,"basaliob":-0.04,"bolussnooze":0,"activity":0.0035,"lastBolusTime":1703050565758,"time":"2023-12-20T08:20:55.918Z","iobWithZeroTemp":{"iob":-0.557,"basaliob":-0.748,"bolussnooze":0,"activity":-0.0044,"lastBolusTime":1703050565758,"time":"2023-12-20T08:20:55.918Z"}},{"iob":0.133,"basaliob":-0.036,"bolussnooze":0,"activity":0.0032,"lastBolusTime":1703050565758,"time":"2023-12-20T08:25:55.918Z","iobWithZeroTemp":{"iob":-0.581,"basaliob":-0.75,"bolussnooze":0,"activity":-0.0049,"lastBolusTime":1703050565758,"time":"2023-12-20T08:25:55.918Z"}},{"iob":0.119,"basaliob":-0.031,"bolussnooze":0,"activity":0.0029,"lastBolusTime":1703050565758,"time":"2023-12-20T08:30:55.918Z","iobWithZeroTemp":{"iob":-0.601,"basaliob":-0.751,"bolussnooze":0,"activity":-0.0053,"lastBolusTime":1703050565758,"time":"2023-12-20T08:30:55.918Z"}},{"iob":0.104,"basaliob":-0.028,"bolussnooze":0,"activity":0.0026,"lastBolusTime":1703050565758,"time":"2023-12-20T08:35:55.918Z","iobWithZeroTemp":{"iob":-0.62,"basaliob":-0.752,"bolussnooze":0,"activity":-0.0057,"lastBolusTime":1703050565758,"time":"2023-12-20T08:35:55.918Z"}},{"iob":0.092,"basaliob":-0.024,"bolussnooze":0,"activity":0.0023,"lastBolusTime":1703050565758,"time":"2023-12-20T08:40:55.918Z","iobWithZeroTemp":{"iob":-0.637,"basaliob":-0.753,"bolussnooze":0,"activity":-0.0061,"lastBolusTime":1703050565758,"time":"2023-12-20T08:40:55.918Z"}},{"iob":0.081,"basaliob":-0.021,"bolussnooze":0,"activity":0.0021,"lastBolusTime":1703050565758,"time":"2023-12-20T08:45:55.918Z","iobWithZeroTemp":{"iob":-0.651,"basaliob":-0.753,"bolussnooze":0,"activity":-0.0064,"lastBolusTime":1703050565758,"time":"2023-12-20T08:45:55.918Z"}},{"iob":0.071,"basaliob":-0.018,"bolussnooze":0,"activity":0.0019,"lastBolusTime":1703050565758,"time":"2023-12-20T08:50:55.918Z","iobWithZeroTemp":{"iob":-0.665,"basaliob":-0.754,"bolussnooze":0,"activity":-0.0066,"lastBolusTime":1703050565758,"time":"2023-12-20T08:50:55.918Z"}},{"iob":0.062,"basaliob":-0.016,"bolussnooze":0,"activity":0.0016,"lastBolusTime":1703050565758,"time":"2023-12-20T08:55:55.918Z","iobWithZeroTemp":{"iob":-0.677,"basaliob":-0.755,"bolussnooze":0,"activity":-0.007,"lastBolusTime":1703050565758,"time":"2023-12-20T08:55:55.918Z"}},{"iob":0.054,"basaliob":-0.014,"bolussnooze":0,"activity":0.0015,"lastBolusTime":1703050565758,"time":"2023-12-20T09:00:55.918Z","iobWithZeroTemp":{"iob":-0.687,"basaliob":-0.755,"bolussnooze":0,"activity":-0.0072,"lastBolusTime":1703050565758,"time":"2023-12-20T09:00:55.918Z"}},{"iob":0.047,"basaliob":-0.012,"bolussnooze":0,"activity":0.0013,"lastBolusTime":1703050565758,"time":"2023-12-20T09:05:55.918Z","iobWithZeroTemp":{"iob":-0.697,"basaliob":-0.756,"bolussnooze":0,"activity":-0.0074,"lastBolusTime":1703050565758,"time":"2023-12-20T09:05:55.918Z"}},{"iob":0.041,"basaliob":-0.01,"bolussnooze":0,"activity":0.0012,"lastBolusTime":1703050565758,"time":"2023-12-20T09:10:55.918Z","iobWithZeroTemp":{"iob":-0.705,"basaliob":-0.756,"bolussnooze":0,"activity":-0.0076,"lastBolusTime":1703050565758,"time":"2023-12-20T09:10:55.918Z"}},{"iob":0.034,"basaliob":-0.009,"bolussnooze":0,"activity":0.001,"lastBolusTime":1703050565758,"time":"2023-12-20T09:15:55.918Z","iobWithZeroTemp":{"iob":-0.714,"basaliob":-0.757,"bolussnooze":0,"activity":-0.0078,"lastBolusTime":1703050565758,"time":"2023-12-20T09:15:55.918Z"}},{"iob":0.03,"basaliob":-0.007,"bolussnooze":0,"activity":0.001,"lastBolusTime":1703050565758,"time":"2023-12-20T09:20:55.918Z","iobWithZeroTemp":{"iob":-0.719,"basaliob":-0.756,"bolussnooze":0,"activity":-0.0079,"lastBolusTime":1703050565758,"time":"2023-12-20T09:20:55.918Z"}},{"iob":0.026,"basaliob":-0.006,"bolussnooze":0,"activity":8.0E-4,"lastBolusTime":1703050565758,"time":"2023-12-20T09:25:55.918Z","iobWithZeroTemp":{"iob":-0.725,"basaliob":-0.757,"bolussnooze":0,"activity":-0.0081,"lastBolusTime":1703050565758,"time":"2023-12-20T09:25:55.918Z"}},{"iob":0.022,"basaliob":-0.005,"bolussnooze":0,"activity":7.0E-4,"lastBolusTime":1703050565758,"time":"2023-12-20T09:30:55.918Z","iobWithZeroTemp":{"iob":-0.73,"basaliob":-0.757,"bolussnooze":0,"activity":-0.0082,"lastBolusTime":1703050565758,"time":"2023-12-20T09:30:55.918Z"}},{"iob":0.018,"basaliob":-0.004,"bolussnooze":0,"activity":6.0E-4,"lastBolusTime":1703050565758,"time":"2023-12-20T09:35:55.918Z","iobWithZeroTemp":{"iob":-0.735,"basaliob":-0.757,"bolussnooze":0,"activity":-0.0084,"lastBolusTime":1703050565758,"time":"2023-12-20T09:35:55.918Z"}},{"iob":0.015,"basaliob":-0.004,"bolussnooze":0,"activity":6.0E-4,"lastBolusTime":1703050565758,"time":"2023-12-20T09:40:55.918Z","iobWithZeroTemp":{"iob":-0.739,"basaliob":-0.758,"bolussnooze":0,"activity":-0.0084,"lastBolusTime":1703050565758,"time":"2023-12-20T09:40:55.918Z"}},{"iob":0.012,"basaliob":-0.003,"bolussnooze":0,"activity":5.0E-4,"lastBolusTime":1703050565758,"time":"2023-12-20T09:45:55.918Z","iobWithZeroTemp":{"iob":-0.743,"basaliob":-0.758,"bolussnooze":0,"activity":-0.0085,"lastBolusTime":1703050565758,"time":"2023-12-20T09:45:55.918Z"}},{"iob":0.01,"basaliob":-0.003,"bolussnooze":0,"activity":4.0E-4,"lastBolusTime":1703050565758,"time":"2023-12-20T09:50:55.918Z","iobWithZeroTemp":{"iob":-0.746,"basaliob":-0.759,"bolussnooze":0,"activity":-0.0086,"lastBolusTime":1703050565758,"time":"2023-12-20T09:50:55.918Z"}}],"profile":{"max_iob":7,"type":"current","max_daily_basal":0.8,"max_basal":4.4,"min_bg":80,"max_bg":90,"target_bg":85,"carb_ratio":14,"sens":57,"max_daily_safety_multiplier":9,"current_basal_safety_multiplier":8,"lgsThreshold":65,"high_temptarget_raises_sensitivity":false,"low_temptarget_lowers_sensitivity":false,"sensitivity_raises_target":false,"resistance_lowers_target":false,"adv_target_adjustments":false,"exercise_mode":false,"half_basal_exercise_target":160,"maxCOB":120,"skip_neutral_temps":false,"remainingCarbsCap":90,"enableUAM":true,"A52_risk_enable":false,"SMBInterval":3,"enableSMB_with_COB":true,"enableSMB_with_temptarget":true,"allowSMB_with_high_temptarget":true,"enableSMB_always":true,"enableSMB_after_carbs":true,"maxSMBBasalMinutes":120,"maxUAMSMBBasalMinutes":90,"bolus_increment":0.05,"carbsReqThreshold":5,"current_basal":0.55,"temptargetSet":false,"autosens_max":1.6,"autosens_min":0.6,"variable_sens":67.7,"insulinDivisor":75,"TDD":24.501771428571427},"autosens_data":{"ratio":1.0417237834132973},"meal_data":{"carbs":0,"mealCOB":0,"slopeFromMaxDeviation":-3.2496666666666667,"slopeFromMinDeviation":1.0454444444444444,"lastBolusTime":1703050565758,"lastCarbTime":0},"microBolusAllowed":true,"currentTime":1703051758263,"flatBGsDetected":false,"tdd1D":19.99583333333333,"tdd7D":20.842857142857138,"tddLast24H":21.712500000000006,"tddLast4H":5.929166666666667,"tddLast8to4H":4.375},"output":{"temp":"absolute","bg":147,"tick":-7,"eventualBG":29,"targetBG":85,"insulinReq":0,"deliverAt":"2023-12-20T05:55:58.263Z","sensitivityRatio":1.0417237834132973,"variable_sens":67.7,"predBGs":{"IOB":[147,140,133,125,117,109,101,93,84,75,66,57,47,39],"ZT":[147,140,133,126,119,111,104,96,89,82,74,67,61,54,48,42,39,39,39,39,39,39,39,39,39,39,39,39,39,39,39,40,44,49,53,58,62,66,70,74,78,82]},"reason":"COB: 0, Dev: 13, BGI: -7, ISF: 68, CR: 14, Target: 85, minPredBG 19, minGuardBG -102, IOBpredBG 39; minGuardBG -102<65","COB":0,"IOB":1.94,"duration":120,"rate":0,"timestamp":"2023-12-20T05:55:58.283Z"}}