{"algorithm":"OpenAPSSMBDynamicISFPlugin","input":{"glucoseStatus":{"glucose":112,"noise":0,"delta":1,"short_avgdelta":1,"long_avgdelta":0.85,"date":1703104538000},"currenttemp":{"temp":"absolute","duration":10,"rate":1.05,"minutesrunning":20},"iob_data":[{"iob":0.621,"basaliob":-0.3,"bolussnooze":0.3287,"activity":0.0055,"lastBolusTime":1703104292063,"time":"2023-12-20T20:36:04.284Z","iobWithZeroTemp":{"iob":0.621,"basaliob":-0.3,"bolussnooze":0.3287,"activity":0.0055,"lastBolusTime":1703104292063,"time":"2023-12-20T20:36:04.284Z"}},{"iob":0.593,"basaliob":-0.277,"bolussnooze":0.2987,"activity":0.0059,"lastBolusTime":1703104292063,"time":"2023-12-20T20:41:04.284Z","iobWithZeroTemp":{"iob":0.54,"basaliob":-0.33,"bolussnooze":0.2987,"activity":0.0058,"lastBolusTime":1703104292063,"time":"2023-12-20T20:41:04.284Z"}},{"iob":0.563,"basaliob":-0.255,"bolussnooze":0.2665,"activity":0.006,"lastBolusTime":1703104292063,"time":"2023-12-20T20:46:04.284Z","iobWithZeroTemp":{"iob":0.444,"basaliob":-0.374,"bolussnooze":0.2665,"activity":0.0058,"lastBolusTime":1703104292063,"time":"2023-12-20T20:46:04.284Z"}},{"iob":0.533,"basaliob":-0.234,"bolussnooze":0.2344,"activity":0.0062,"lastBolusTime":1703104292063,"time":"2023-12-20T20:51:04.284Z","iobWithZeroTemp":{"iob":0.349,"basaliob":-0.418,"bolussnooze":0.2344,"activity":0.0056,"lastBolusTime":1703104292063,"time":"2023-12-20T20:51:04.284Z"}},{"iob":0.501,"basaliob":-0.215,"bolussnooze":0.2035,"activity":0.0061,"lastBolusTime":1703104292063,"time":"2023-12-20T20:56:04.284Z","iobWithZeroTemp":{"iob":0.254,"basaliob":-0.462,"bolussnooze":0.2035,"activity":0.0051,"lastBolusTime":1703104292063,"time":"2023-12-20T20:56:04.284Z"}},{"iob":0.471,"basaliob":-0.196,"bolussnooze":0.1749,"activity":0.0061,"lastBolusTime":1703104292063,"time":"2023-12-20T21:01:04.284Z","iobWithZeroTemp":{"iob":0.163,"basaliob":-0.504,"bolussnooze":0.1749,"activity":0.0047,"lastBolusTime":1703104292063,"time":"2023-12-20T21:01:04.284Z"}},{"iob":0.441,"basaliob":-0.179,"bolussnooze":0.1488,"activity":0.006,"lastBolusTime":1703104292063,"time":"2023-12-20T21:06:04.284Z","iobWithZeroTemp":{"iob":0.075,"basaliob":-0.545,"bolussnooze":0.1488,"activity":0.0041,"lastBolusTime":1703104292063,"time":"2023-12-20T21:06:04.284Z"}},{"iob":0.41,"basaliob":-0.164,"bolussnooze":0.1256,"activity":0.0059,"lastBolusTime":1703104292063,"time":"2023-12-20T21:11:04.284Z","iobWithZeroTemp":{"iob":-0.012,"basaliob":-0.586,"bolussnooze":0.1256,"activity":0.0034,"lastBolusTime":1703104292063,"time":"2023-12-20T21:11:04.284Z"}},{"iob":0.382,"basaliob":-0.149,"bolussnooze":0.1051,"activity":0.0057,"lastBolusTime":1703104292063,"time":"2023-12-20T21:16:04.284Z","iobWithZeroTemp":{"iob":-0.093,"basaliob":-0.624,"bolussnooze":0.1051,"activity":0.0027,"lastBolusTime":1703104292063,"time":"2023-12-20T21:16:04.284Z"}},{"iob":0.355,"basaliob":-0.135,"bolussnooze":0.0873,"activity":0.0054,"lastBolusTime":1703104292063,"time":"2023-12-20T21:21:04.284Z","iobWithZeroTemp":{"iob":-0.17,"basaliob":-0.66,"bolussnooze":0.0873,"activity":0.0018,"lastBolusTime":1703104292063,"time":"2023-12-20T21:21:04.284Z"}},{"iob":0.328,"basaliob":-0.123,"bolussnooze":0.072,"activity":0.0052,"lastBolusTime":1703104292063,"time":"2023-12-20T21:26:04.284Z","iobWithZeroTemp":{"iob":-0.244,"basaliob":-0.695,"bolussnooze":0.072,"activity":0.001,"lastBolusTime":1703104292063,"time":"2023-12-20T21:26:04.284Z"}},{"iob":0.303,"basaliob":-0.111,"bolussnooze":0.059,"activity":0.0049,"lastBolusTime":1703104292063,"time":"2023-12-20T21:31:04.284Z","iobWithZeroTemp":{"iob":-0.314,"basaliob":-0.728,"bolussnooze":0.059,"activity":2.0E-4,"lastBolusTime":1703104292063,"time":"2023-12-20T21:31:04.284Z"}},{"iob":0.279,"basaliob":-0.1,"bolussnooze":0.048,"activity":0.0046,"lastBolusTime":1703104292063,"time":"2023-12-20T21:36:04.284Z","iobWithZeroTemp":{"iob":-0.379,"basaliob":-0.758,"bolussnooze":0.048,"activity":-7.0E-4,"lastBolusTime":1703104292063,"time":"2023-12-20T21:36:04.284Z"}},{"iob":0.256,"basaliob":-0.091,"bolussnooze":0.0388,"activity":0.0044,"lastBolusTime":1703104292063,"time":"2023-12-20T21:41:04.284Z","iobWithZeroTemp":{"iob":-0.441,"basaliob":-0.788,"bolussnooze":0.0388,"activity":-0.0015,"lastBolusTime":1703104292063,"time":"2023-12-20T21:41:04.284Z"}},{"iob":0.235,"basaliob":-0.082,"bolussnooze":0.0311,"activity":0.0041,"lastBolusTime":1703104292063,"time":"2023-12-20T21:46:04.284Z","iobWithZeroTemp":{"iob":-0.498,"basaliob":-0.815,"bolussnooze":0.0311,"activity":-0.0023,"lastBolusTime":1703104292063,"time":"2023-12-20T21:46:04.284Z"}},{"iob":0.216,"basaliob":-0.073,"bolussnooze":0.0249,"activity":0.0038,"lastBolusTime":1703104292063,"time":"2023-12-20T21:51:04.284Z","iobWithZeroTemp":{"iob":-0.551,"basaliob":-0.84,"bolussnooze":0.0249,"activity":-0.0031,"lastBolusTime":1703104292063,"time":"2023-12-20T21:51:04.284Z"}},{"iob":0.196,"basaliob":-0.066,"bolussnooze":0.0197,"activity":0.0036,"lastBolusTime":1703104292063,"time":"2023-12-20T21:56:04.284Z","iobWithZeroTemp":{"iob":-0.602,"basaliob":-0.864,"bolussnooze":0.0197,"activity":-0.0038,"lastBolusTime":1703104292063,"time":"2023-12-20T21:56:04.284Z"}},{"iob":0.179,"basaliob":-0.059,"bolussnooze":0.0155,"activity":0.0034,"lastBolusTime":1703104292063,"time":"2023-12-20T22:01:04.284Z","iobWithZeroTemp":{"iob":-0.647,"basaliob":-0.885,"bolussnooze":0.0155,"activity":-0.0044,"lastBolusTime":1703104292063,"time":"2023-12-20T22:01:04.284Z"}},{"iob":0.163,"basaliob":-0.053,"bolussnooze":0.0122,"activity":0.0031,"lastBolusTime":1703104292063,"time":"2023-12-20T22:06:04.284Z","iobWithZeroTemp":{"iob":-0.69,"basaliob":-0.906,"bolussnooze":0.0122,"activity":-0.0052,"lastBolusTime":1703104292063,"time":"2023-12-20T22:06:04.284Z"}},{"iob":0.148,"basaliob":-0.047,"bolussnooze":0.0094,"activity":0.0029,"lastBolusTime":1703104292063,"time":"2023-12-20T22:11:04.284Z","iobWithZeroTemp":{"iob":-0.729,"basaliob":-0.924,"bolussnooze":0.0094,"activity":-0.0058,"lastBolusTime":1703104292063,"time":"2023-12-20T22:11:04.284Z"}},{"iob":0.134,"basaliob":-0.042,"bolussnooze":0.0072,"activity":0.0026,"lastBolusTime":1703104292063,"time":"2023-12-20T22:16:04.284Z","iobWithZeroTemp":{"iob":-0.766,"basaliob":-0.942,"bolussnooze":0.0072,"activity":-0.0065,"lastBolusTime":1703104292063,"time":"2023-12-20T22:16:04.284Z"}},{"iob":0.122,"basaliob":-0.037,"bolussnooze":0.0054,"activity":0.0024,"lastBolusTime":1703104292063,"time":"2023-12-20T22:21:04.284Z","iobWithZeroTemp":{"iob":-0.798,"basaliob":-0.957,"bolussnooze":0.0054,"activity":-0.007,"lastBolusTime":1703104292063,"time":"2023-12-20T22:21:04.284Z"}},{"iob":0.11,"basaliob":-0.033,"bolussnooze":0.004,"activity":0.0023,"lastBolusTime":1703104292063,"time":"2023-12-20T22:26:04.284Z","iobWithZeroTemp":{"iob":-0.829,"basaliob":-0.972,"bolussnooze":0.004,"activity":-0.0075,"lastBolusTime":1703104292063,"time":"2023-12-20T22:26:04.284Z"}},{"iob":0.099,"basaliob":-0.029,"bolussnooze":0.0029,"activity":0.0021,"lastBolusTime":1703104292063,"time":"2023-12-20T22:31:04.284Z","iobWithZeroTemp":{"iob":-0.857,"basaliob":-0.985,"bolussnooze":0.0029,"activity":-0.008,"lastBolusTime":1703104292063,"time":"2023-12-20T22:31:04.284Z"}},{"iob":0.089,"basaliob":-0.025,"bolussnooze":0.0021,"activity":0.0019,"lastBolusTime":1703104292063,"time":"2023-12-20T22:36:04.284Z","iobWithZeroTemp":{"iob":-0.883,"basaliob":-0.997,"bolussnooze":0.0021,"activity":-0.0085,"lastBolusTime":1703104292063,"time":"2023-12-20T22:36:04.284Z"}},{"iob":0.08,"basaliob":-0.022,"bolussnooze":0.0014,"activity":0.0017,"lastBolusTime":1703104292063,"time":"2023-12-20T22:41:04.284Z","iobWithZeroTemp":{"iob":-0.906,"basaliob":-1.008,"bolussnooze":0.0014,"activity":-0.0089,"lastBolusTime":1703104292063,"time":"2023-12-20T22:41:04.284Z"}},{"iob":0.071,"basaliob":-0.02,"bolussnooze":0.001,"activity":0.0016,"lastBolusTime":1703104292063,"time":"2023-12-20T22:46:04.284Z","iobWithZeroTemp":{"iob":-0.928,"basaliob":-1.019,"bolussnooze":0.001,"activity":-0.0093,"lastBolusTime":1703104292063,"time":"2023-12-20T22:46:04.284Z"}},{"iob":0.064,"basaliob":-0.017,"bolussnooze":6.0E-4,"activity":0.0014,"lastBolusTime":1703104292063,"time":"2023-12-20T22:51:04.284Z","iobWithZeroTemp":{"iob":-0.946,"basaliob":-1.027,"bolussnooze":6.0E-4,"activity":-0.0097,"lastBolusTime":1703104292063,"time":"2023-12-20T22:51:04.284Z"}},{"iob":0.057,"basaliob":-0.015,"bolussnooze":3.0E-4,"activity":0.0013,"lastBolusTime":1703104292063,"time":"2023-12-20T22:56:04.284Z","iobWithZeroTemp":{"iob":-0.964,"basaliob":-1.036,"bolussnooze":3.0E-4,"activity":-0.01,"lastBolusTime":1703104292063,"time":"2023-12-20T22:56:04.284Z"}},{"iob":0.051,"basaliob":-0.013,"bolussnooze":2.0E-4,"activity":0.0012,"lastBolusTime":1703104292063,"time":"2023-12-20T23:01:04.284Z","iobWithZeroTemp":{"iob":-0.979,"basaliob":-1.043,"bolussnooze":2.0E-4,"activity":-0.0103,"lastBolusTime":1703104292063,"time":"2023-12-20T23:01:04.284Z"}},{"iob":0.045,"basaliob":-0.011,"bolussnooze":1.0E-4,"activity":0.0011,"lastBolusTime":1703104292063,"time":"2023-12-20T23:06:04.284Z","iobWithZeroTemp":{"iob":-0.986,"basaliob":-1.042,"bolussnooze":1.0E-4,"activity":-0.0106,"lastBolusTime":1703104292063,"time":"2023-12-20T23:06:04.284Z"}},{"iob":0.04,"basaliob":-0.01,"bolussnooze":0,"activity":0.001,"lastBolusTime":1703104292063,"time":"2023-12-20T23:11:04.284Z","iobWithZeroTemp":{"iob":-0.99,"basaliob":-1.04,"bolussnooze":0,"activity":-0.0108,"lastBolusTime":1703104292063,"time":"2023-12-20T23:11:04.284Z"}},{"iob":0.036,"basaliob":-0.008,"bolussnooze":0,"activity":8.0E-4,"lastBolusTime":1703104292063,"time":"2023-12-20T23:16:04.284Z","iobWithZeroTemp":{"iob":-0.993,"basaliob":-1.037,"bolussnooze":0,"activity":-0.0112,"lastBolusTime":1703104292063,"time":"2023-12-20T23:16:04.284Z"}},{"iob":0.031,"basaliob":-0.007,"bolussnooze":0,"activity":8.0E-4,"lastBolusTime":1703104292063,"time":"2023-12-20T23:21:04.284Z","iobWithZeroTemp":{"iob":-0.997,"basaliob":-1.035,"bolussnooze":0,"activity":-0.0112,"lastBolusTime":1703104292063,"time":"2023-12-20T23:21:04.284Z"}},{"iob":0.027,"basaliob":-0.006,"bolussnooze":0,"activity":7.0E-4,"lastBolusTime":1703104292063,"time":"2023-12-20T23:26:04.284Z","iobWithZeroTemp":{"iob":-0.999,"basaliob":-1.032,"bolussnooze":0,"activity":-0.0114,"lastBolusTime":1703104292063,"time":"2023-12-20T23:26:04.284Z"}},{"iob":0.024,"basaliob":-0.005,"bolussnooze":0,"activity":6.0E-4,"lastBolusTime":1703104292063,"time":"2023-12-20T23:31:04.284Z","iobWithZeroTemp":{"iob":-0.999,"basaliob":-1.028,"bolussnooze":0,"activity":-0.0116,"lastBolusTime":1703104292063,"time":"2023-12-20T23:31:04.284Z"}},{"iob":0.021,"basaliob":-0.004,"bolussnooze":0,"activity":5.0E-4,"lastBolusTime":1703104292063,"time":"2023-12-20T23:36:04.284Z","iobWithZeroTemp":{"iob":-1,"basaliob":-1.025,"bolussnooze":0,"activity":-0.0117,"lastBolusTime":1703104292063,"time":"2023-12-20T23:36:04.284Z"}},{"iob":0.019,"basaliob":-0.003,"bolussnooze":0,"activity":5.0E-4,"lastBolusTime":1703104292063,"time":"2023-12-20T23:41:04.284Z","iobWithZeroTemp":{"iob":-0.999,"basaliob":-1.021,"bolussnooze":0,"activity":-0.0117,"lastBolusTime":1703104292063,"time":"2023-12-20T23:41:04.284Z"}},{"iob":0.016,"basaliob":-0.003,"bolussnooze":0,"activity":5.0E-4,"lastBolusTime":1703104292063,"time":"2023-12-20T23:46:04.284Z","iobWithZeroTemp":{"iob":-0.999,"basaliob":-1.018,"bolussnooze":0,"activity":-0.0117,"lastBolusTime":1703104292063,"time":"2023-12-20T23:46:04.284Z"}},{"iob":0.014,"basaliob":-0.002,"bolussnooze":0,"activity":4.0E-4,"lastBolusTime":1703104292063,"time":"2023-12-20T23:51:04.284Z","iobWithZeroTemp":{"iob":-0.999,"basaliob":-1.015,"bolussnooze":0,"activity":-0.0118,"lastBolusTime":1703104292063,"time":"2023-12-20T23:51:04.284Z"}},{"iob":0.012,"basaliob":-0.002,"bolussnooze":0,"activity":3.0E-4,"lastBolusTime":1703104292063,"time":"2023-12-20T23:56:04.284Z","iobWithZeroTemp":{"iob":-0.998,"basaliob":-1.012,"bolussnooze":0,"activity":-0.0119,"lastBolusTime":1703104292063,"time":"2023-12-20T23:56:04.284Z"}},{"iob":0.011,"basaliob":-0.001,"bolussnooze":0,"activity":3.0E-4,"lastBolusTime":1703104292063,"time":"2023-12-21T00:01:04.284Z","iobWithZeroTemp":{"iob":-0.996,"basaliob":-1.008,"bolussnooze":0,"activity":-0.0119,"lastBolusTime":1703104292063,"time":"2023-12-21T00:01:04.284Z"}},{"iob":0.009,"basaliob":-0.001,"bolussnooze":0,"activity":2.0E-4,"lastBolusTime":1703104292063,"time":"2023-12-21T00:06:04.284Z","iobWithZeroTemp":{"iob":-0.995,"basaliob":-1.005,"bolussnooze":0,"activity":-0.012,"lastBolusTime":1703104292063,"time":"2023-12-21T00:06:04.284Z"}},{"iob":0.007,"basaliob":-0.001,"bolussnooze":0,"activity":3.0E-4,"lastBolusTime":1703104292063,"time":"2023-12-21T00:11:04.284Z","iobWithZeroTemp":{"iob":-0.995,"basaliob":-1.003,"bolussnooze":0,"activity":-0.0119,"lastBolusTime":1703104292063,"time":"2023-12-21T00:11:04.284Z"}},{"iob":0.006,"basaliob":-0.001,"bolussnooze":0,"activity":2.0E-4,"lastBolusTime":1703104292063,"time":"2023-12-21T00:16:04.284Z","iobWithZeroTemp":{"iob":-0.993,"basaliob":-1,"bolussnooze":0,"activity":-0.012,"lastBolusTime":1703104292063,"time":"2023-12-21T00:16:04.284Z"}},{"iob":0.006,"basaliob":0,"bolussnooze":0,"activity":2.0E-4,"lastBolusTime":1703104292063,"time":"2023-12-21T00:21:04.284Z","iobWithZeroTemp":{"iob":-0.991,"basaliob":-0.997,"bolussnooze":0,"activity":-0.012,"lastBolusTime":1703104292063,"time":"2023-12-21T00:21:04.284Z"}},{"iob":0.005,"basaliob":0,"bolussnooze":0,"activity":2.0E-4,"lastBolusTime":1703104292063,"time":"2023-12-21T00:26:04.284Z","iobWithZeroTemp":{"iob":-0.989,"basaliob":-0.994,"bolussnooze":0,"activity":-0.0119,"lastBolusTime":1703104292063,"time":"2023-12-21T00:26:04.284Z"}},{"iob":0.004,"basaliob":0,"bolussnooze":0,"activity":2.0E-4,"lastBolusTime":1703104292063,"time":"2023-12-21T00:31:04.284Z","iobWithZeroTemp":{"iob":-0.988,"basaliob":-0.992,"bolussnooze":0,"activity":-0.0119,"lastBolusTime":1703104292063,"time":"2023-12-21T00:31:04.284Z"}}],"profile":{"max_iob":7,"type":"current","max_daily_basal":0.8,"max_basal":5,"min_bg":80,"max_bg":90,"target_bg":85,"carb_ratio":14,"sens":57,"max_daily_safety_multiplier":9,"current_basal_safety_multiplier":8,"lgsThreshold":65,"high_temptarget_raises_sensitivity":false,"low_temptarget_lowers_sensitivity":false,"sensitivity_raises_target":false,"resistance_lowers_target":false,"adv_target_adjustments":false,"exercise_mode":false,"half_basal_exercise_target":160,"maxCOB":120,"skip_neutral_temps":false,"remainingCarbsCap":90,"enableUAM":true,"A52_risk_enable":false,"SMBInterval":3,"enableSMB_with_COB":true,"enableSMB_with_temptarget":true,"allowSMB_with_high_temptarget":true,"enableSMB_always":true,"enableSMB_after_carbs":true,"maxSMBBasalMinutes":120,"maxUAMSMBBasalMinutes":90,"bolus_increment":0.05,"carbsReqThreshold":5,"current_basal":0.8,"temptargetSet":false,"autosens_max":1.6,"autosens_min":0.6,"variable_sens":89.7,"insulinDivisor":75,"TDD":21.962535714285718},"autosens_data":{"ratio":1.0238417314846124},"meal_data":{"carbs":0,"mealCOB":0,"slopeFromMaxDeviation":-0.1725714285714285,"slopeFromMinDeviation":0.1880909090909091,"lastBolusTime":1703104292063,"lastCarbTime":0},"microBolusAllowed":true,"currentTime":1703104565727,"flatBGsDetected":false,"tdd1D":21.666666666666675,"tdd7D":21.121428571428574,"tddLast24H":21.624999999999993,"tddLast4H":4.304166666666667,"tddLast8to4H":2.8041666666666667},"output":{"temp":"absolute","bg":112,"tick":"+1","eventualBG":88,"targetBG":85,"insulinReq":0.03,"deliverAt":"2023-12-20T20:36:05.727Z","sensitivityRatio":1.0238417314846124,"variable_sens":89.7,"predBGs":{"IOB":[112,113,113,113,113,112,111,110,108,106,104,102,100,98,96,94,92,90,88,86,85,83,82,81,80,79,78,77,76,75,74,74,73,73,72,72,71,71,71,70,70,70,70,70,69],"ZT":[112,110,107,104,102,99,97,95,93,92,91,90,90,91,91],"UAM":[112,113,113,114,114,114,113,113,113,112,111,111,110,109,108,107,106,105,104,103,102,100,99,98,97,96,95,95,94,93,93,92,92,91,91,90,90,90,90,89,89,89,89,89,88]},"reason":"COB: 0, Dev: 21, BGI: -2, ISF: 90, CR: 14, Target: 85, minPredBG 89, minGuardBG 88, IOBpredBG 69, UAMpredBG 88;  insulinReq 0.03. temp 1.05 >~ req 0.88U\/hr. ","COB":0,"IOB":0.621,"timestamp":"2023-12-20T20:36:05.734Z"}}