{"algorithm":"OpenAPSSMBDynamicISFPlugin","input":{"glucoseStatus":{"glucose":80,"noise":0,"delta":-2,"short_avgdelta":-1.39,"long_avgdelta":-0.79,"date":1703091038000},"currenttemp":{"temp":"absolute","duration":0,"rate":0},"iob_data":[{"iob":-0.1,"basaliob":-0.215,"bolussnooze":1.0E-4,"activity":-9.0E-4,"lastBolusTime":1703087192890,"time":"2023-12-20T16:51:11.708Z","iobWithZeroTemp":{"iob":-0.1,"basaliob":-0.215,"bolussnooze":1.0E-4,"activity":-9.0E-4,"lastBolusTime":1703087192890,"time":"2023-12-20T16:51:11.708Z"}},{"iob":-0.096,"basaliob":-0.2,"bolussnooze":0,"activity":-8.0E-4,"lastBolusTime":1703087192890,"time":"2023-12-20T16:56:11.708Z","iobWithZeroTemp":{"iob":-0.143,"basaliob":-0.247,"bolussnooze":0,"activity":-8.0E-4,"lastBolusTime":1703087192890,"time":"2023-12-20T16:56:11.708Z"}},{"iob":-0.091,"basaliob":-0.185,"bolussnooze":0,"activity":-9.0E-4,"lastBolusTime":1703087192890,"time":"2023-12-20T17:01:11.708Z","iobWithZeroTemp":{"iob":-0.195,"basaliob":-0.289,"bolussnooze":0,"activity":-0.0011,"lastBolusTime":1703087192890,"time":"2023-12-20T17:01:11.708Z"}},{"iob":-0.087,"basaliob":-0.172,"bolussnooze":0,"activity":-0.001,"lastBolusTime":1703087192890,"time":"2023-12-20T17:06:11.708Z","iobWithZeroTemp":{"iob":-0.256,"basaliob":-0.341,"bolussnooze":0,"activity":-0.0015,"lastBolusTime":1703087192890,"time":"2023-12-20T17:06:11.708Z"}},{"iob":-0.082,"basaliob":-0.158,"bolussnooze":0,"activity":-0.001,"lastBolusTime":1703087192890,"time":"2023-12-20T17:11:11.708Z","iobWithZeroTemp":{"iob":-0.314,"basaliob":-0.39,"bolussnooze":0,"activity":-0.0019,"lastBolusTime":1703087192890,"time":"2023-12-20T17:11:11.708Z"}},{"iob":-0.077,"basaliob":-0.146,"bolussnooze":0,"activity":-9.0E-4,"lastBolusTime":1703087192890,"time":"2023-12-20T17:16:11.708Z","iobWithZeroTemp":{"iob":-0.37,"basaliob":-0.439,"bolussnooze":0,"activity":-0.0022,"lastBolusTime":1703087192890,"time":"2023-12-20T17:16:11.708Z"}},{"iob":-0.072,"basaliob":-0.134,"bolussnooze":0,"activity":-0.001,"lastBolusTime":1703087192890,"time":"2023-12-20T17:21:11.708Z","iobWithZeroTemp":{"iob":-0.424,"basaliob":-0.486,"bolussnooze":0,"activity":-0.0028,"lastBolusTime":1703087192890,"time":"2023-12-20T17:21:11.708Z"}},{"iob":-0.068,"basaliob":-0.123,"bolussnooze":0,"activity":-0.001,"lastBolusTime":1703087192890,"time":"2023-12-20T17:26:11.708Z","iobWithZeroTemp":{"iob":-0.476,"basaliob":-0.531,"bolussnooze":0,"activity":-0.0033,"lastBolusTime":1703087192890,"time":"2023-12-20T17:26:11.708Z"}},{"iob":-0.064,"basaliob":-0.113,"bolussnooze":0,"activity":-9.0E-4,"lastBolusTime":1703087192890,"time":"2023-12-20T17:31:11.708Z","iobWithZeroTemp":{"iob":-0.526,"basaliob":-0.575,"bolussnooze":0,"activity":-0.0038,"lastBolusTime":1703087192890,"time":"2023-12-20T17:31:11.708Z"}},{"iob":-0.059,"basaliob":-0.103,"bolussnooze":0,"activity":-9.0E-4,"lastBolusTime":1703087192890,"time":"2023-12-20T17:36:11.708Z","iobWithZeroTemp":{"iob":-0.571,"basaliob":-0.615,"bolussnooze":0,"activity":-0.0044,"lastBolusTime":1703087192890,"time":"2023-12-20T17:36:11.708Z"}},{"iob":-0.055,"basaliob":-0.094,"bolussnooze":0,"activity":-9.0E-4,"lastBolusTime":1703087192890,"time":"2023-12-20T17:41:11.708Z","iobWithZeroTemp":{"iob":-0.615,"basaliob":-0.654,"bolussnooze":0,"activity":-0.0049,"lastBolusTime":1703087192890,"time":"2023-12-20T17:41:11.708Z"}},{"iob":-0.05,"basaliob":-0.085,"bolussnooze":0,"activity":-8.0E-4,"lastBolusTime":1703087192890,"time":"2023-12-20T17:46:11.708Z","iobWithZeroTemp":{"iob":-0.655,"basaliob":-0.69,"bolussnooze":0,"activity":-0.0054,"lastBolusTime":1703087192890,"time":"2023-12-20T17:46:11.708Z"}},{"iob":-0.047,"basaliob":-0.078,"bolussnooze":0,"activity":-7.0E-4,"lastBolusTime":1703087192890,"time":"2023-12-20T17:51:11.708Z","iobWithZeroTemp":{"iob":-0.695,"basaliob":-0.726,"bolussnooze":0,"activity":-0.0059,"lastBolusTime":1703087192890,"time":"2023-12-20T17:51:11.708Z"}},{"iob":-0.043,"basaliob":-0.07,"bolussnooze":0,"activity":-7.0E-4,"lastBolusTime":1703087192890,"time":"2023-12-20T17:56:11.708Z","iobWithZeroTemp":{"iob":-0.73,"basaliob":-0.757,"bolussnooze":0,"activity":-0.0064,"lastBolusTime":1703087192890,"time":"2023-12-20T17:56:11.708Z"}},{"iob":-0.04,"basaliob":-0.064,"bolussnooze":0,"activity":-7.0E-4,"lastBolusTime":1703087192890,"time":"2023-12-20T18:01:11.708Z","iobWithZeroTemp":{"iob":-0.764,"basaliob":-0.788,"bolussnooze":0,"activity":-0.0069,"lastBolusTime":1703087192890,"time":"2023-12-20T18:01:11.708Z"}},{"iob":-0.036,"basaliob":-0.057,"bolussnooze":0,"activity":-6.0E-4,"lastBolusTime":1703087192890,"time":"2023-12-20T18:06:11.708Z","iobWithZeroTemp":{"iob":-0.794,"basaliob":-0.815,"bolussnooze":0,"activity":-0.0074,"lastBolusTime":1703087192890,"time":"2023-12-20T18:06:11.708Z"}},{"iob":-0.033,"basaliob":-0.052,"bolussnooze":0,"activity":-6.0E-4,"lastBolusTime":1703087192890,"time":"2023-12-20T18:11:11.708Z","iobWithZeroTemp":{"iob":-0.823,"basaliob":-0.842,"bolussnooze":0,"activity":-0.0078,"lastBolusTime":1703087192890,"time":"2023-12-20T18:11:11.708Z"}},{"iob":-0.031,"basaliob":-0.047,"bolussnooze":0,"activity":-6.0E-4,"lastBolusTime":1703087192890,"time":"2023-12-20T18:16:11.708Z","iobWithZeroTemp":{"iob":-0.85,"basaliob":-0.866,"bolussnooze":0,"activity":-0.0083,"lastBolusTime":1703087192890,"time":"2023-12-20T18:16:11.708Z"}},{"iob":-0.028,"basaliob":-0.042,"bolussnooze":0,"activity":-5.0E-4,"lastBolusTime":1703087192890,"time":"2023-12-20T18:21:11.708Z","iobWithZeroTemp":{"iob":-0.874,"basaliob":-0.888,"bolussnooze":0,"activity":-0.0087,"lastBolusTime":1703087192890,"time":"2023-12-20T18:21:11.708Z"}},{"iob":-0.025,"basaliob":-0.037,"bolussnooze":0,"activity":-5.0E-4,"lastBolusTime":1703087192890,"time":"2023-12-20T18:26:11.708Z","iobWithZeroTemp":{"iob":-0.896,"basaliob":-0.908,"bolussnooze":0,"activity":-0.0091,"lastBolusTime":1703087192890,"time":"2023-12-20T18:26:11.708Z"}},{"iob":-0.023,"basaliob":-0.034,"bolussnooze":0,"activity":-5.0E-4,"lastBolusTime":1703087192890,"time":"2023-12-20T18:31:11.708Z","iobWithZeroTemp":{"iob":-0.917,"basaliob":-0.928,"bolussnooze":0,"activity":-0.0095,"lastBolusTime":1703087192890,"time":"2023-12-20T18:31:11.708Z"}},{"iob":-0.021,"basaliob":-0.03,"bolussnooze":0,"activity":-4.0E-4,"lastBolusTime":1703087192890,"time":"2023-12-20T18:36:11.708Z","iobWithZeroTemp":{"iob":-0.936,"basaliob":-0.945,"bolussnooze":0,"activity":-0.0097,"lastBolusTime":1703087192890,"time":"2023-12-20T18:36:11.708Z"}},{"iob":-0.019,"basaliob":-0.027,"bolussnooze":0,"activity":-4.0E-4,"lastBolusTime":1703087192890,"time":"2023-12-20T18:41:11.708Z","iobWithZeroTemp":{"iob":-0.953,"basaliob":-0.961,"bolussnooze":0,"activity":-0.0101,"lastBolusTime":1703087192890,"time":"2023-12-20T18:41:11.708Z"}},{"iob":-0.017,"basaliob":-0.024,"bolussnooze":0,"activity":-4.0E-4,"lastBolusTime":1703087192890,"time":"2023-12-20T18:46:11.708Z","iobWithZeroTemp":{"iob":-0.968,"basaliob":-0.975,"bolussnooze":0,"activity":-0.0104,"lastBolusTime":1703087192890,"time":"2023-12-20T18:46:11.708Z"}},{"iob":-0.015,"basaliob":-0.021,"bolussnooze":0,"activity":-3.0E-4,"lastBolusTime":1703087192890,"time":"2023-12-20T18:51:11.708Z","iobWithZeroTemp":{"iob":-0.982,"basaliob":-0.988,"bolussnooze":0,"activity":-0.0106,"lastBolusTime":1703087192890,"time":"2023-12-20T18:51:11.708Z"}},{"iob":-0.014,"basaliob":-0.019,"bolussnooze":0,"activity":-3.0E-4,"lastBolusTime":1703087192890,"time":"2023-12-20T18:56:11.708Z","iobWithZeroTemp":{"iob":-0.996,"basaliob":-1.001,"bolussnooze":0,"activity":-0.0109,"lastBolusTime":1703087192890,"time":"2023-12-20T18:56:11.708Z"}},{"iob":-0.012,"basaliob":-0.016,"bolussnooze":0,"activity":-3.0E-4,"lastBolusTime":1703087192890,"time":"2023-12-20T19:01:11.708Z","iobWithZeroTemp":{"iob":-1.007,"basaliob":-1.011,"bolussnooze":0,"activity":-0.0111,"lastBolusTime":1703087192890,"time":"2023-12-20T19:01:11.708Z"}},{"iob":-0.011,"basaliob":-0.014,"bolussnooze":0,"activity":-3.0E-4,"lastBolusTime":1703087192890,"time":"2023-12-20T19:06:11.708Z","iobWithZeroTemp":{"iob":-1.018,"basaliob":-1.021,"bolussnooze":0,"activity":-0.0114,"lastBolusTime":1703087192890,"time":"2023-12-20T19:06:11.708Z"}},{"iob":-0.01,"basaliob":-0.013,"bolussnooze":0,"activity":-2.0E-4,"lastBolusTime":1703087192890,"time":"2023-12-20T19:11:11.708Z","iobWithZeroTemp":{"iob":-1.028,"basaliob":-1.031,"bolussnooze":0,"activity":-0.0115,"lastBolusTime":1703087192890,"time":"2023-12-20T19:11:11.708Z"}},{"iob":-0.009,"basaliob":-0.011,"bolussnooze":0,"activity":-2.0E-4,"lastBolusTime":1703087192890,"time":"2023-12-20T19:16:11.708Z","iobWithZeroTemp":{"iob":-1.037,"basaliob":-1.039,"bolussnooze":0,"activity":-0.0117,"lastBolusTime":1703087192890,"time":"2023-12-20T19:16:11.708Z"}},{"iob":-0.008,"basaliob":-0.01,"bolussnooze":0,"activity":-2.0E-4,"lastBolusTime":1703087192890,"time":"2023-12-20T19:21:11.708Z","iobWithZeroTemp":{"iob":-1.045,"basaliob":-1.047,"bolussnooze":0,"activity":-0.0119,"lastBolusTime":1703087192890,"time":"2023-12-20T19:21:11.708Z"}},{"iob":-0.006,"basaliob":-0.008,"bolussnooze":0,"activity":-1.0E-4,"lastBolusTime":1703087192890,"time":"2023-12-20T19:26:11.708Z","iobWithZeroTemp":{"iob":-1.051,"basaliob":-1.053,"bolussnooze":0,"activity":-0.0119,"lastBolusTime":1703087192890,"time":"2023-12-20T19:26:11.708Z"}},{"iob":-0.006,"basaliob":-0.007,"bolussnooze":0,"activity":-1.0E-4,"lastBolusTime":1703087192890,"time":"2023-12-20T19:31:11.708Z","iobWithZeroTemp":{"iob":-1.058,"basaliob":-1.059,"bolussnooze":0,"activity":-0.0121,"lastBolusTime":1703087192890,"time":"2023-12-20T19:31:11.708Z"}},{"iob":-0.005,"basaliob":-0.006,"bolussnooze":0,"activity":-2.0E-4,"lastBolusTime":1703087192890,"time":"2023-12-20T19:36:11.708Z","iobWithZeroTemp":{"iob":-1.063,"basaliob":-1.064,"bolussnooze":0,"activity":-0.0123,"lastBolusTime":1703087192890,"time":"2023-12-20T19:36:11.708Z"}},{"iob":-0.004,"basaliob":-0.005,"bolussnooze":0,"activity":-2.0E-4,"lastBolusTime":1703087192890,"time":"2023-12-20T19:41:11.708Z","iobWithZeroTemp":{"iob":-1.068,"basaliob":-1.069,"bolussnooze":0,"activity":-0.0125,"lastBolusTime":1703087192890,"time":"2023-12-20T19:41:11.708Z"}},{"iob":-0.004,"basaliob":-0.005,"bolussnooze":0,"activity":-1.0E-4,"lastBolusTime":1703087192890,"time":"2023-12-20T19:46:11.708Z","iobWithZeroTemp":{"iob":-1.073,"basaliob":-1.074,"bolussnooze":0,"activity":-0.0125,"lastBolusTime":1703087192890,"time":"2023-12-20T19:46:11.708Z"}},{"iob":-0.003,"basaliob":-0.004,"bolussnooze":0,"activity":-1.0E-4,"lastBolusTime":1703087192890,"time":"2023-12-20T19:51:11.708Z","iobWithZeroTemp":{"iob":-1.076,"basaliob":-1.077,"bolussnooze":0,"activity":-0.0126,"lastBolusTime":1703087192890,"time":"2023-12-20T19:51:11.708Z"}},{"iob":-0.002,"basaliob":-0.003,"bolussnooze":0,"activity":-1.0E-4,"lastBolusTime":1703087192890,"time":"2023-12-20T19:56:11.708Z","iobWithZeroTemp":{"iob":-1.08,"basaliob":-1.081,"bolussnooze":0,"activity":-0.0127,"lastBolusTime":1703087192890,"time":"2023-12-20T19:56:11.708Z"}},{"iob":-0.003,"basaliob":-0.003,"bolussnooze":0,"activity":-1.0E-4,"lastBolusTime":1703087192890,"time":"2023-12-20T20:01:11.708Z","iobWithZeroTemp":{"iob":-1.084,"basaliob":-1.084,"bolussnooze":0,"activity":-0.0128,"lastBolusTime":1703087192890,"time":"2023-12-20T20:01:11.708Z"}},{"iob":-0.002,"basaliob":-0.002,"bolussnooze":0,"activity":-1.0E-4,"lastBolusTime":1703087192890,"time":"2023-12-20T20:06:11.708Z","iobWithZeroTemp":{"iob":-1.086,"basaliob":-1.086,"bolussnooze":0,"activity":-0.0128,"lastBolusTime":1703087192890,"time":"2023-12-20T20:06:11.708Z"}},{"iob":-0.002,"basaliob":-0.002,"bolussnooze":0,"activity":-1.0E-4,"lastBolusTime":1703087192890,"time":"2023-12-20T20:11:11.708Z","iobWithZeroTemp":{"iob":-1.089,"basaliob":-1.089,"bolussnooze":0,"activity":-0.0129,"lastBolusTime":1703087192890,"time":"2023-12-20T20:11:11.708Z"}},{"iob":-0.002,"basaliob":-0.002,"bolussnooze":0,"activity":-1.0E-4,"lastBolusTime":1703087192890,"time":"2023-12-20T20:16:11.708Z","iobWithZeroTemp":{"iob":-1.091,"basaliob":-1.091,"bolussnooze":0,"activity":-0.013,"lastBolusTime":1703087192890,"time":"2023-12-20T20:16:11.708Z"}},{"iob":-0.001,"basaliob":-0.001,"bolussnooze":0,"activity":0,"lastBolusTime":1703087192890,"time":"2023-12-20T20:21:11.708Z","iobWithZeroTemp":{"iob":-1.093,"basaliob":-1.093,"bolussnooze":0,"activity":-0.0129,"lastBolusTime":1703087192890,"time":"2023-12-20T20:21:11.708Z"}},{"iob":-0.001,"basaliob":-0.001,"bolussnooze":0,"activity":0,"lastBolusTime":1703087192890,"time":"2023-12-20T20:26:11.708Z","iobWithZeroTemp":{"iob":-1.094,"basaliob":-1.094,"bolussnooze":0,"activity":-0.013,"lastBolusTime":1703087192890,"time":"2023-12-20T20:26:11.708Z"}},{"iob":-0.001,"basaliob":-0.001,"bolussnooze":0,"activity":0,"lastBolusTime":1703087192890,"time":"2023-12-20T20:31:11.708Z","iobWithZeroTemp":{"iob":-1.096,"basaliob":-1.096,"bolussnooze":0,"activity":-0.013,"lastBolusTime":1703087192890,"time":"2023-12-20T20:31:11.708Z"}},{"iob":-0.001,"basaliob":-0.001,"bolussnooze":0,"activity":0,"lastBolusTime":1703087192890,"time":"2023-12-20T20:36:11.708Z","iobWithZeroTemp":{"iob":-1.098,"basaliob":-1.098,"bolussnooze":0,"activity":-0.0131,"lastBolusTime":1703087192890,"time":"2023-12-20T20:36:11.708Z"}},{"iob":-0.001,"basaliob":-0.001,"bolussnooze":0,"activity":0,"lastBolusTime":1703087192890,"time":"2023-12-20T20:41:11.708Z","iobWithZeroTemp":{"iob":-1.099,"basaliob":-1.099,"bolussnooze":0,"activity":-0.0131,"lastBolusTime":1703087192890,"time":"2023-12-20T20:41:11.708Z"}},{"iob":-0.001,"basaliob":-0.001,"bolussnooze":0,"activity":0,"lastBolusTime":1703087192890,"time":"2023-12-20T20:46:11.708Z","iobWithZeroTemp":{"iob":-1.1,"basaliob":-1.1,"bolussnooze":0,"activity":-0.0131,"lastBolusTime":1703087192890,"time":"2023-12-20T20:46:11.708Z"}}],"profile":{"max_iob":7,"type":"current","max_daily_basal":0.8,"max_basal":5,"min_bg":80,"max_bg":90,"target_bg":85,"carb_ratio":14,"sens":57,"max_daily_safety_multiplier":9,"current_basal_safety_multiplier":8,"lgsThreshold":65,"high_temptarget_raises_sensitivity":false,"low_temptarget_lowers_sensitivity":false,"sensitivity_raises_target":false,"resistance_lowers_target":false,"adv_target_adjustments":false,"exercise_mode":false,"half_basal_exercise_target":160,"maxCOB":120,"skip_neutral_temps":false,"remainingCarbsCap":90,"enableUAM":true,"A52_risk_enable":false,"SMBInterval":3,"enableSMB_with_COB":true,"enableSMB_with_temptarget":true,"allowSMB_with_high_temptarget":true,"enableSMB_always":true,"enableSMB_after_carbs":true,"maxSMBBasalMinutes":120,"maxUAMSMBBasalMinutes":90,"bolus_increment":0.05,"carbsReqThreshold":5,"current_basal":0.7,"temptargetSet":false,"autosens_max":1.6,"autosens_min":0.6,"variable_sens":127.7,"insulinDivisor":75,"TDD":19.409985714285718},"autosens_data":{"ratio":1.008257242700936},"meal_data":{"carbs":0,"mealCOB":0,"slopeFromMaxDeviation":-0.21545454545454548,"slopeFromMinDeviation":0.20024999999999998,"lastBolusTime":1703087192890,"lastCarbTime":0},"microBolusAllowed":true,"currentTime":1703091073514,"flatBGsDetected":false,"tdd1D":21.666666666666675,"tdd7D":21.121428571428574,"tddLast24H":21.29583333333334,"tddLast4H":2.875,"tddLast8to4H":1.8416666666666672},"output":{"temp":"absolute","bg":80,"tick":-2,"eventualBG":85,"targetBG":85,"insulinReq":-0.07,"deliverAt":"2023-12-20T16:51:13.514Z","sensitivityRatio":1.008257242700936,"variable_sens":127.7,"predBGs":{"IOB":[80,78,77,75,74,73,73,72,72,72,72,73,73,74,74,75,75,75,76,76,76,77,77,77,78,78,78,78,78,78,79],"ZT":[80,81,81,82,83,84,85]},"reason":"COB: 0, Dev: -8, BGI: 1, ISF: 128, CR: 14, Target: 85, minPredBG 76, minGuardBG 72, IOBpredBG 79;  insulinReq -0.07. 0m@0.00 > 2 * insulinReq. Setting temp basal of 0.57U\/hr. ","COB":0,"IOB":-0.1,"duration":30,"rate":0.5657800698906551,"timestamp":"2023-12-20T16:51:13.579Z"}}