{"algorithm":"OpenAPSSMBDynamicISFPlugin","input":{"glucoseStatus":{"glucose":98,"noise":0,"delta":-1,"short_avgdelta":-1.11,"long_avgdelta":-1.8,"date":1703109039000},"currenttemp":{"temp":"absolute","duration":25,"rate":0.9,"minutesrunning":5},"iob_data":[{"iob":0.089,"basaliob":-0.535,"bolussnooze":0.1157,"activity":0.0041,"lastBolusTime":1703105530958,"time":"2023-12-20T21:51:07.703Z","iobWithZeroTemp":{"iob":0.089,"basaliob":-0.535,"bolussnooze":0.1157,"activity":0.0041,"lastBolusTime":1703105530958,"time":"2023-12-20T21:51:07.703Z"}},{"iob":0.07,"basaliob":-0.504,"bolussnooze":0.094,"activity":0.0036,"lastBolusTime":1703105530958,"time":"2023-12-20T21:56:07.703Z","iobWithZeroTemp":{"iob":0.017,"basaliob":-0.557,"bolussnooze":0.094,"activity":0.0035,"lastBolusTime":1703105530958,"time":"2023-12-20T21:56:07.703Z"}},{"iob":0.054,"basaliob":-0.473,"bolussnooze":0.0759,"activity":0.003,"lastBolusTime":1703105530958,"time":"2023-12-20T22:01:07.703Z","iobWithZeroTemp":{"iob":-0.065,"basaliob":-0.592,"bolussnooze":0.0759,"activity":0.0028,"lastBolusTime":1703105530958,"time":"2023-12-20T22:01:07.703Z"}},{"iob":0.04,"basaliob":-0.443,"bolussnooze":0.0608,"activity":0.0025,"lastBolusTime":1703105530958,"time":"2023-12-20T22:06:07.703Z","iobWithZeroTemp":{"iob":-0.144,"basaliob":-0.627,"bolussnooze":0.0608,"activity":0.0019,"lastBolusTime":1703105530958,"time":"2023-12-20T22:06:07.703Z"}},{"iob":0.028,"basaliob":-0.414,"bolussnooze":0.0483,"activity":0.0022,"lastBolusTime":1703105530958,"time":"2023-12-20T22:11:07.703Z","iobWithZeroTemp":{"iob":-0.219,"basaliob":-0.661,"bolussnooze":0.0483,"activity":0.0012,"lastBolusTime":1703105530958,"time":"2023-12-20T22:11:07.703Z"}},{"iob":0.019,"basaliob":-0.385,"bolussnooze":0.038,"activity":0.0018,"lastBolusTime":1703105530958,"time":"2023-12-20T22:16:07.703Z","iobWithZeroTemp":{"iob":-0.289,"basaliob":-0.693,"bolussnooze":0.038,"activity":4.0E-4,"lastBolusTime":1703105530958,"time":"2023-12-20T22:16:07.703Z"}},{"iob":0.01,"basaliob":-0.358,"bolussnooze":0.0296,"activity":0.0015,"lastBolusTime":1703105530958,"time":"2023-12-20T22:21:07.703Z","iobWithZeroTemp":{"iob":-0.356,"basaliob":-0.724,"bolussnooze":0.0296,"activity":-4.0E-4,"lastBolusTime":1703105530958,"time":"2023-12-20T22:21:07.703Z"}},{"iob":0.003,"basaliob":-0.331,"bolussnooze":0.0228,"activity":0.0012,"lastBolusTime":1703105530958,"time":"2023-12-20T22:26:07.703Z","iobWithZeroTemp":{"iob":-0.419,"basaliob":-0.753,"bolussnooze":0.0228,"activity":-0.0013,"lastBolusTime":1703105530958,"time":"2023-12-20T22:26:07.703Z"}},{"iob":-0.002,"basaliob":-0.306,"bolussnooze":0.0173,"activity":0.001,"lastBolusTime":1703105530958,"time":"2023-12-20T22:31:07.703Z","iobWithZeroTemp":{"iob":-0.477,"basaliob":-0.781,"bolussnooze":0.0173,"activity":-0.002,"lastBolusTime":1703105530958,"time":"2023-12-20T22:31:07.703Z"}},{"iob":-0.007,"basaliob":-0.282,"bolussnooze":0.0129,"activity":8.0E-4,"lastBolusTime":1703105530958,"time":"2023-12-20T22:36:07.703Z","iobWithZeroTemp":{"iob":-0.532,"basaliob":-0.807,"bolussnooze":0.0129,"activity":-0.0028,"lastBolusTime":1703105530958,"time":"2023-12-20T22:36:07.703Z"}},{"iob":-0.01,"basaliob":-0.259,"bolussnooze":0.0095,"activity":6.0E-4,"lastBolusTime":1703105530958,"time":"2023-12-20T22:41:07.703Z","iobWithZeroTemp":{"iob":-0.582,"basaliob":-0.831,"bolussnooze":0.0095,"activity":-0.0036,"lastBolusTime":1703105530958,"time":"2023-12-20T22:41:07.703Z"}},{"iob":-0.013,"basaliob":-0.238,"bolussnooze":0.0068,"activity":5.0E-4,"lastBolusTime":1703105530958,"time":"2023-12-20T22:46:07.703Z","iobWithZeroTemp":{"iob":-0.63,"basaliob":-0.855,"bolussnooze":0.0068,"activity":-0.0042,"lastBolusTime":1703105530958,"time":"2023-12-20T22:46:07.703Z"}},{"iob":-0.016,"basaliob":-0.218,"bolussnooze":0.0048,"activity":4.0E-4,"lastBolusTime":1703105530958,"time":"2023-12-20T22:51:07.703Z","iobWithZeroTemp":{"iob":-0.674,"basaliob":-0.876,"bolussnooze":0.0048,"activity":-0.0049,"lastBolusTime":1703105530958,"time":"2023-12-20T22:51:07.703Z"}},{"iob":-0.017,"basaliob":-0.199,"bolussnooze":0.0032,"activity":3.0E-4,"lastBolusTime":1703105530958,"time":"2023-12-20T22:56:07.703Z","iobWithZeroTemp":{"iob":-0.714,"basaliob":-0.896,"bolussnooze":0.0032,"activity":-0.0056,"lastBolusTime":1703105530958,"time":"2023-12-20T22:56:07.703Z"}},{"iob":-0.019,"basaliob":-0.182,"bolussnooze":0.0021,"activity":2.0E-4,"lastBolusTime":1703105530958,"time":"2023-12-20T23:01:07.703Z","iobWithZeroTemp":{"iob":-0.752,"basaliob":-0.915,"bolussnooze":0.0021,"activity":-0.0062,"lastBolusTime":1703105530958,"time":"2023-12-20T23:01:07.703Z"}},{"iob":-0.02,"basaliob":-0.166,"bolussnooze":0.0013,"activity":2.0E-4,"lastBolusTime":1703105530958,"time":"2023-12-20T23:06:07.703Z","iobWithZeroTemp":{"iob":-0.778,"basaliob":-0.924,"bolussnooze":0.0013,"activity":-0.0067,"lastBolusTime":1703105530958,"time":"2023-12-20T23:06:07.703Z"}},{"iob":-0.02,"basaliob":-0.151,"bolussnooze":7.0E-4,"activity":1.0E-4,"lastBolusTime":1703105530958,"time":"2023-12-20T23:11:07.703Z","iobWithZeroTemp":{"iob":-0.801,"basaliob":-0.932,"bolussnooze":7.0E-4,"activity":-0.0072,"lastBolusTime":1703105530958,"time":"2023-12-20T23:11:07.703Z"}},{"iob":-0.02,"basaliob":-0.137,"bolussnooze":4.0E-4,"activity":0,"lastBolusTime":1703105530958,"time":"2023-12-20T23:16:07.703Z","iobWithZeroTemp":{"iob":-0.822,"basaliob":-0.939,"bolussnooze":4.0E-4,"activity":-0.0078,"lastBolusTime":1703105530958,"time":"2023-12-20T23:16:07.703Z"}},{"iob":-0.02,"basaliob":-0.124,"bolussnooze":2.0E-4,"activity":-1.0E-4,"lastBolusTime":1703105530958,"time":"2023-12-20T23:21:07.703Z","iobWithZeroTemp":{"iob":-0.841,"basaliob":-0.945,"bolussnooze":2.0E-4,"activity":-0.0082,"lastBolusTime":1703105530958,"time":"2023-12-20T23:21:07.703Z"}},{"iob":-0.02,"basaliob":-0.112,"bolussnooze":1.0E-4,"activity":-1.0E-4,"lastBolusTime":1703105530958,"time":"2023-12-20T23:26:07.703Z","iobWithZeroTemp":{"iob":-0.858,"basaliob":-0.95,"bolussnooze":1.0E-4,"activity":-0.0086,"lastBolusTime":1703105530958,"time":"2023-12-20T23:26:07.703Z"}},{"iob":-0.019,"basaliob":-0.101,"bolussnooze":0,"activity":-1.0E-4,"lastBolusTime":1703105530958,"time":"2023-12-20T23:31:07.703Z","iobWithZeroTemp":{"iob":-0.872,"basaliob":-0.954,"bolussnooze":0,"activity":-0.0089,"lastBolusTime":1703105530958,"time":"2023-12-20T23:31:07.703Z"}},{"iob":-0.019,"basaliob":-0.091,"bolussnooze":0,"activity":-1.0E-4,"lastBolusTime":1703105530958,"time":"2023-12-20T23:36:07.703Z","iobWithZeroTemp":{"iob":-0.885,"basaliob":-0.957,"bolussnooze":0,"activity":-0.0092,"lastBolusTime":1703105530958,"time":"2023-12-20T23:36:07.703Z"}},{"iob":-0.018,"basaliob":-0.082,"bolussnooze":0,"activity":-2.0E-4,"lastBolusTime":1703105530958,"time":"2023-12-20T23:41:07.703Z","iobWithZeroTemp":{"iob":-0.897,"basaliob":-0.961,"bolussnooze":0,"activity":-0.0096,"lastBolusTime":1703105530958,"time":"2023-12-20T23:41:07.703Z"}},{"iob":-0.017,"basaliob":-0.073,"bolussnooze":0,"activity":-1.0E-4,"lastBolusTime":1703105530958,"time":"2023-12-20T23:46:07.703Z","iobWithZeroTemp":{"iob":-0.907,"basaliob":-0.963,"bolussnooze":0,"activity":-0.0097,"lastBolusTime":1703105530958,"time":"2023-12-20T23:46:07.703Z"}},{"iob":-0.017,"basaliob":-0.066,"bolussnooze":0,"activity":-2.0E-4,"lastBolusTime":1703105530958,"time":"2023-12-20T23:51:07.703Z","iobWithZeroTemp":{"iob":-0.916,"basaliob":-0.965,"bolussnooze":0,"activity":-0.01,"lastBolusTime":1703105530958,"time":"2023-12-20T23:51:07.703Z"}},{"iob":-0.016,"basaliob":-0.059,"bolussnooze":0,"activity":-1.0E-4,"lastBolusTime":1703105530958,"time":"2023-12-20T23:56:07.703Z","iobWithZeroTemp":{"iob":-0.924,"basaliob":-0.967,"bolussnooze":0,"activity":-0.0101,"lastBolusTime":1703105530958,"time":"2023-12-20T23:56:07.703Z"}},{"iob":-0.015,"basaliob":-0.052,"bolussnooze":0,"activity":-2.0E-4,"lastBolusTime":1703105530958,"time":"2023-12-21T00:01:07.703Z","iobWithZeroTemp":{"iob":-0.931,"basaliob":-0.968,"bolussnooze":0,"activity":-0.0104,"lastBolusTime":1703105530958,"time":"2023-12-21T00:01:07.703Z"}},{"iob":-0.015,"basaliob":-0.047,"bolussnooze":0,"activity":-2.0E-4,"lastBolusTime":1703105530958,"time":"2023-12-21T00:06:07.703Z","iobWithZeroTemp":{"iob":-0.938,"basaliob":-0.97,"bolussnooze":0,"activity":-0.0106,"lastBolusTime":1703105530958,"time":"2023-12-21T00:06:07.703Z"}},{"iob":-0.013,"basaliob":-0.041,"bolussnooze":0,"activity":-2.0E-4,"lastBolusTime":1703105530958,"time":"2023-12-21T00:11:07.703Z","iobWithZeroTemp":{"iob":-0.942,"basaliob":-0.97,"bolussnooze":0,"activity":-0.0107,"lastBolusTime":1703105530958,"time":"2023-12-21T00:11:07.703Z"}},{"iob":-0.013,"basaliob":-0.037,"bolussnooze":0,"activity":-2.0E-4,"lastBolusTime":1703105530958,"time":"2023-12-21T00:16:07.703Z","iobWithZeroTemp":{"iob":-0.947,"basaliob":-0.971,"bolussnooze":0,"activity":-0.0109,"lastBolusTime":1703105530958,"time":"2023-12-21T00:16:07.703Z"}},{"iob":-0.011,"basaliob":-0.032,"bolussnooze":0,"activity":-2.0E-4,"lastBolusTime":1703105530958,"time":"2023-12-21T00:21:07.703Z","iobWithZeroTemp":{"iob":-0.95,"basaliob":-0.971,"bolussnooze":0,"activity":-0.011,"lastBolusTime":1703105530958,"time":"2023-12-21T00:21:07.703Z"}},{"iob":-0.011,"basaliob":-0.029,"bolussnooze":0,"activity":-1.0E-4,"lastBolusTime":1703105530958,"time":"2023-12-21T00:26:07.703Z","iobWithZeroTemp":{"iob":-0.954,"basaliob":-0.972,"bolussnooze":0,"activity":-0.011,"lastBolusTime":1703105530958,"time":"2023-12-21T00:26:07.703Z"}},{"iob":-0.01,"basaliob":-0.025,"bolussnooze":0,"activity":-2.0E-4,"lastBolusTime":1703105530958,"time":"2023-12-21T00:31:07.703Z","iobWithZeroTemp":{"iob":-0.957,"basaliob":-0.972,"bolussnooze":0,"activity":-0.0112,"lastBolusTime":1703105530958,"time":"2023-12-21T00:31:07.703Z"}},{"iob":-0.009,"basaliob":-0.022,"bolussnooze":0,"activity":-2.0E-4,"lastBolusTime":1703105530958,"time":"2023-12-21T00:36:07.703Z","iobWithZeroTemp":{"iob":-0.959,"basaliob":-0.972,"bolussnooze":0,"activity":-0.0113,"lastBolusTime":1703105530958,"time":"2023-12-21T00:36:07.703Z"}},{"iob":-0.008,"basaliob":-0.019,"bolussnooze":0,"activity":-1.0E-4,"lastBolusTime":1703105530958,"time":"2023-12-21T00:41:07.703Z","iobWithZeroTemp":{"iob":-0.961,"basaliob":-0.972,"bolussnooze":0,"activity":-0.0113,"lastBolusTime":1703105530958,"time":"2023-12-21T00:41:07.703Z"}},{"iob":-0.008,"basaliob":-0.017,"bolussnooze":0,"activity":-2.0E-4,"lastBolusTime":1703105530958,"time":"2023-12-21T00:46:07.703Z","iobWithZeroTemp":{"iob":-0.963,"basaliob":-0.972,"bolussnooze":0,"activity":-0.0114,"lastBolusTime":1703105530958,"time":"2023-12-21T00:46:07.703Z"}},{"iob":-0.007,"basaliob":-0.015,"bolussnooze":0,"activity":-1.0E-4,"lastBolusTime":1703105530958,"time":"2023-12-21T00:51:07.703Z","iobWithZeroTemp":{"iob":-0.964,"basaliob":-0.972,"bolussnooze":0,"activity":-0.0114,"lastBolusTime":1703105530958,"time":"2023-12-21T00:51:07.703Z"}},{"iob":-0.007,"basaliob":-0.013,"bolussnooze":0,"activity":-2.0E-4,"lastBolusTime":1703105530958,"time":"2023-12-21T00:56:07.703Z","iobWithZeroTemp":{"iob":-0.966,"basaliob":-0.972,"bolussnooze":0,"activity":-0.0115,"lastBolusTime":1703105530958,"time":"2023-12-21T00:56:07.703Z"}},{"iob":-0.006,"basaliob":-0.011,"bolussnooze":0,"activity":-1.0E-4,"lastBolusTime":1703105530958,"time":"2023-12-21T01:01:07.703Z","iobWithZeroTemp":{"iob":-0.966,"basaliob":-0.971,"bolussnooze":0,"activity":-0.0115,"lastBolusTime":1703105530958,"time":"2023-12-21T01:01:07.703Z"}},{"iob":-0.005,"basaliob":-0.009,"bolussnooze":0,"activity":-1.0E-4,"lastBolusTime":1703105530958,"time":"2023-12-21T01:06:07.703Z","iobWithZeroTemp":{"iob":-0.967,"basaliob":-0.971,"bolussnooze":0,"activity":-0.0115,"lastBolusTime":1703105530958,"time":"2023-12-21T01:06:07.703Z"}},{"iob":-0.004,"basaliob":-0.008,"bolussnooze":0,"activity":0,"lastBolusTime":1703105530958,"time":"2023-12-21T01:11:07.703Z","iobWithZeroTemp":{"iob":-0.967,"basaliob":-0.971,"bolussnooze":0,"activity":-0.0115,"lastBolusTime":1703105530958,"time":"2023-12-21T01:11:07.703Z"}},{"iob":-0.004,"basaliob":-0.007,"bolussnooze":0,"activity":-1.0E-4,"lastBolusTime":1703105530958,"time":"2023-12-21T01:16:07.703Z","iobWithZeroTemp":{"iob":-0.968,"basaliob":-0.971,"bolussnooze":0,"activity":-0.0116,"lastBolusTime":1703105530958,"time":"2023-12-21T01:16:07.703Z"}},{"iob":-0.004,"basaliob":-0.006,"bolussnooze":0,"activity":-1.0E-4,"lastBolusTime":1703105530958,"time":"2023-12-21T01:21:07.703Z","iobWithZeroTemp":{"iob":-0.968,"basaliob":-0.97,"bolussnooze":0,"activity":-0.0116,"lastBolusTime":1703105530958,"time":"2023-12-21T01:21:07.703Z"}},{"iob":-0.003,"basaliob":-0.005,"bolussnooze":0,"activity":-1.0E-4,"lastBolusTime":1703105530958,"time":"2023-12-21T01:26:07.703Z","iobWithZeroTemp":{"iob":-0.968,"basaliob":-0.97,"bolussnooze":0,"activity":-0.0117,"lastBolusTime":1703105530958,"time":"2023-12-21T01:26:07.703Z"}},{"iob":-0.003,"basaliob":-0.004,"bolussnooze":0,"activity":0,"lastBolusTime":1703105530958,"time":"2023-12-21T01:31:07.703Z","iobWithZeroTemp":{"iob":-0.969,"basaliob":-0.97,"bolussnooze":0,"activity":-0.0116,"lastBolusTime":1703105530958,"time":"2023-12-21T01:31:07.703Z"}},{"iob":-0.002,"basaliob":-0.003,"bolussnooze":0,"activity":0,"lastBolusTime":1703105530958,"time":"2023-12-21T01:36:07.703Z","iobWithZeroTemp":{"iob":-0.968,"basaliob":-0.969,"bolussnooze":0,"activity":-0.0116,"lastBolusTime":1703105530958,"time":"2023-12-21T01:36:07.703Z"}},{"iob":-0.002,"basaliob":-0.003,"bolussnooze":0,"activity":-1.0E-4,"lastBolusTime":1703105530958,"time":"2023-12-21T01:41:07.703Z","iobWithZeroTemp":{"iob":-0.968,"basaliob":-0.969,"bolussnooze":0,"activity":-0.0117,"lastBolusTime":1703105530958,"time":"2023-12-21T01:41:07.703Z"}},{"iob":-0.002,"basaliob":-0.002,"bolussnooze":0,"activity":-1.0E-4,"lastBolusTime":1703105530958,"time":"2023-12-21T01:46:07.703Z","iobWithZeroTemp":{"iob":-0.969,"basaliob":-0.969,"bolussnooze":0,"activity":-0.0117,"lastBolusTime":1703105530958,"time":"2023-12-21T01:46:07.703Z"}}],"profile":{"max_iob":7,"type":"current","max_daily_basal":0.8,"max_basal":5,"min_bg":80,"max_bg":90,"target_bg":85,"carb_ratio":14,"sens":57,"max_daily_safety_multiplier":9,"current_basal_safety_multiplier":8,"lgsThreshold":65,"high_temptarget_raises_sensitivity":false,"low_temptarget_lowers_sensitivity":false,"sensitivity_raises_target":false,"resistance_lowers_target":false,"adv_target_adjustments":false,"exercise_mode":false,"half_basal_exercise_target":160,"maxCOB":120,"skip_neutral_temps":false,"remainingCarbsCap":90,"enableUAM":true,"A52_risk_enable":false,"SMBInterval":3,"enableSMB_with_COB":true,"enableSMB_with_temptarget":true,"allowSMB_with_high_temptarget":true,"enableSMB_always":true,"enableSMB_after_carbs":true,"maxSMBBasalMinutes":120,"maxUAMSMBBasalMinutes":90,"bolus_increment":0.05,"carbsReqThreshold":5,"current_basal":0.8,"temptargetSet":false,"autosens_max":1.6,"autosens_min":0.6,"variable_sens":97.3,"insulinDivisor":75,"TDD":22.139085714285716},"autosens_data":{"ratio":1.007073610641415},"meal_data":{"carbs":0,"mealCOB":0,"slopeFromMaxDeviation":-0.32354545454545447,"slopeFromMinDeviation":0.45299999999999996,"lastBolusTime":1703105530958,"lastCarbTime":0},"microBolusAllowed":true,"currentTime":1703109069349,"flatBGsDetected":false,"tdd1D":21.666666666666675,"tdd7D":21.121428571428574,"tddLast24H":21.27083333333332,"tddLast4H":4.283333333333333,"tddLast8to4H":3.15},"output":{"temp":"absolute","bg":98,"tick":-1,"eventualBG":94,"targetBG":85,"insulinReq":0.06,"deliverAt":"2023-12-20T21:51:09.349Z","sensitivityRatio":1.007073610641415,"variable_sens":97.3,"predBGs":{"IOB":[98,97,96,95,94,94,93,93,93,92,92,92,92,91,91,91,91,91,91,91,91,91,91,91,91,91,92,92,92,92,92,92,92,92,92,92,92,92,93],"ZT":[98,96,94,93,92,91,91,91],"UAM":[98,97,95,94,92,91,90,90,89,88,88,88,87,87,87,87,87,87,87,87,87,87,87,87,87,87,87,87,88,88,88,88,88,88,88,88,88,88,88,88,88,88,89]},"reason":"COB: 0, Dev: 5, BGI: -2, ISF: 97, CR: 14, Target: 85, minPredBG 91, minGuardBG 87, IOBpredBG 93, UAMpredBG 89; Eventual BG 94 >= 90,  insulinReq 0.06. temp 0.90 < 0.93U\/hr.  25m left and 0.9 ~ req 0.9256588885131322U\/hr: no temp required","COB":0,"IOB":0.089,"timestamp":"2023-12-20T21:51:09.356Z"}}