{"algorithm":"OpenAPSSMBDynamicISFPlugin","input":{"glucoseStatus":{"glucose":103,"noise":0,"delta":0,"short_avgdelta":-0.5,"long_avgdelta":-2.23,"date":1703197837000},"currenttemp":{"temp":"absolute","duration":25,"rate":0,"minutesrunning":5},"iob_data":[{"iob":0.267,"basaliob":-0.487,"bolussnooze":0.2762,"activity":0.0049,"lastBolusTime":1703197492050,"time":"2023-12-21T22:31:00.021Z","iobWithZeroTemp":{"iob":0.267,"basaliob":-0.487,"bolussnooze":0.2762,"activity":0.0049,"lastBolusTime":1703197492050,"time":"2023-12-21T22:31:00.021Z"}},{"iob":0.244,"basaliob":-0.462,"bolussnooze":0.2534,"activity":0.0046,"lastBolusTime":1703197492050,"time":"2023-12-21T22:36:00.021Z","iobWithZeroTemp":{"iob":0.191,"basaliob":-0.515,"bolussnooze":0.2534,"activity":0.0045,"lastBolusTime":1703197492050,"time":"2023-12-21T22:36:00.021Z"}},{"iob":0.222,"basaliob":-0.437,"bolussnooze":0.2279,"activity":0.0042,"lastBolusTime":1703197492050,"time":"2023-12-21T22:41:00.021Z","iobWithZeroTemp":{"iob":0.103,"basaliob":-0.556,"bolussnooze":0.2279,"activity":0.004,"lastBolusTime":1703197492050,"time":"2023-12-21T22:41:00.021Z"}},{"iob":0.202,"basaliob":-0.411,"bolussnooze":0.2017,"activity":0.0039,"lastBolusTime":1703197492050,"time":"2023-12-21T22:46:00.021Z","iobWithZeroTemp":{"iob":0.018,"basaliob":-0.595,"bolussnooze":0.2017,"activity":0.0033,"lastBolusTime":1703197492050,"time":"2023-12-21T22:46:00.021Z"}},{"iob":0.183,"basaliob":-0.386,"bolussnooze":0.1762,"activity":0.0037,"lastBolusTime":1703197492050,"time":"2023-12-21T22:51:00.021Z","iobWithZeroTemp":{"iob":-0.064,"basaliob":-0.633,"bolussnooze":0.1762,"activity":0.0027,"lastBolusTime":1703197492050,"time":"2023-12-21T22:51:00.021Z"}},{"iob":0.166,"basaliob":-0.361,"bolussnooze":0.1522,"activity":0.0034,"lastBolusTime":1703197492050,"time":"2023-12-21T22:56:00.021Z","iobWithZeroTemp":{"iob":-0.142,"basaliob":-0.669,"bolussnooze":0.1522,"activity":0.002,"lastBolusTime":1703197492050,"time":"2023-12-21T22:56:00.021Z"}},{"iob":0.149,"basaliob":-0.337,"bolussnooze":0.1302,"activity":0.0031,"lastBolusTime":1703197492050,"time":"2023-12-21T23:01:00.021Z","iobWithZeroTemp":{"iob":-0.217,"basaliob":-0.703,"bolussnooze":0.1302,"activity":0.0012,"lastBolusTime":1703197492050,"time":"2023-12-21T23:01:00.021Z"}},{"iob":0.135,"basaliob":-0.313,"bolussnooze":0.1104,"activity":0.0028,"lastBolusTime":1703197492050,"time":"2023-12-21T23:06:00.021Z","iobWithZeroTemp":{"iob":-0.279,"basaliob":-0.727,"bolussnooze":0.1104,"activity":3.0E-4,"lastBolusTime":1703197492050,"time":"2023-12-21T23:06:00.021Z"}},{"iob":0.121,"basaliob":-0.291,"bolussnooze":0.0929,"activity":0.0026,"lastBolusTime":1703197492050,"time":"2023-12-21T23:11:00.021Z","iobWithZeroTemp":{"iob":-0.338,"basaliob":-0.75,"bolussnooze":0.0929,"activity":-4.0E-4,"lastBolusTime":1703197492050,"time":"2023-12-21T23:11:00.021Z"}},{"iob":0.109,"basaliob":-0.269,"bolussnooze":0.0775,"activity":0.0024,"lastBolusTime":1703197492050,"time":"2023-12-21T23:16:00.021Z","iobWithZeroTemp":{"iob":-0.392,"basaliob":-0.77,"bolussnooze":0.0775,"activity":-0.0011,"lastBolusTime":1703197492050,"time":"2023-12-21T23:16:00.021Z"}},{"iob":0.098,"basaliob":-0.248,"bolussnooze":0.0643,"activity":0.0022,"lastBolusTime":1703197492050,"time":"2023-12-21T23:21:00.021Z","iobWithZeroTemp":{"iob":-0.442,"basaliob":-0.788,"bolussnooze":0.0643,"activity":-0.0019,"lastBolusTime":1703197492050,"time":"2023-12-21T23:21:00.021Z"}},{"iob":0.087,"basaliob":-0.229,"bolussnooze":0.0529,"activity":0.002,"lastBolusTime":1703197492050,"time":"2023-12-21T23:26:00.021Z","iobWithZeroTemp":{"iob":-0.49,"basaliob":-0.806,"bolussnooze":0.0529,"activity":-0.0026,"lastBolusTime":1703197492050,"time":"2023-12-21T23:26:00.021Z"}},{"iob":0.078,"basaliob":-0.21,"bolussnooze":0.0433,"activity":0.0018,"lastBolusTime":1703197492050,"time":"2023-12-21T23:31:00.021Z","iobWithZeroTemp":{"iob":-0.534,"basaliob":-0.822,"bolussnooze":0.0433,"activity":-0.0033,"lastBolusTime":1703197492050,"time":"2023-12-21T23:31:00.021Z"}},{"iob":0.069,"basaliob":-0.193,"bolussnooze":0.0352,"activity":0.0016,"lastBolusTime":1703197492050,"time":"2023-12-21T23:36:00.021Z","iobWithZeroTemp":{"iob":-0.575,"basaliob":-0.837,"bolussnooze":0.0352,"activity":-0.0039,"lastBolusTime":1703197492050,"time":"2023-12-21T23:36:00.021Z"}},{"iob":0.061,"basaliob":-0.177,"bolussnooze":0.0285,"activity":0.0015,"lastBolusTime":1703197492050,"time":"2023-12-21T23:41:00.021Z","iobWithZeroTemp":{"iob":-0.612,"basaliob":-0.85,"bolussnooze":0.0285,"activity":-0.0045,"lastBolusTime":1703197492050,"time":"2023-12-21T23:41:00.021Z"}},{"iob":0.054,"basaliob":-0.162,"bolussnooze":0.0229,"activity":0.0014,"lastBolusTime":1703197492050,"time":"2023-12-21T23:46:00.021Z","iobWithZeroTemp":{"iob":-0.646,"basaliob":-0.862,"bolussnooze":0.0229,"activity":-0.005,"lastBolusTime":1703197492050,"time":"2023-12-21T23:46:00.021Z"}},{"iob":0.047,"basaliob":-0.148,"bolussnooze":0.0182,"activity":0.0012,"lastBolusTime":1703197492050,"time":"2023-12-21T23:51:00.021Z","iobWithZeroTemp":{"iob":-0.679,"basaliob":-0.874,"bolussnooze":0.0182,"activity":-0.0056,"lastBolusTime":1703197492050,"time":"2023-12-21T23:51:00.021Z"}},{"iob":0.042,"basaliob":-0.134,"bolussnooze":0.0144,"activity":0.0011,"lastBolusTime":1703197492050,"time":"2023-12-21T23:56:00.021Z","iobWithZeroTemp":{"iob":-0.707,"basaliob":-0.883,"bolussnooze":0.0144,"activity":-0.0061,"lastBolusTime":1703197492050,"time":"2023-12-21T23:56:00.021Z"}},{"iob":0.037,"basaliob":-0.122,"bolussnooze":0.0112,"activity":0.001,"lastBolusTime":1703197492050,"time":"2023-12-22T00:01:00.021Z","iobWithZeroTemp":{"iob":-0.733,"basaliob":-0.892,"bolussnooze":0.0112,"activity":-0.0066,"lastBolusTime":1703197492050,"time":"2023-12-22T00:01:00.021Z"}},{"iob":0.032,"basaliob":-0.111,"bolussnooze":0.0087,"activity":9.0E-4,"lastBolusTime":1703197492050,"time":"2023-12-22T00:06:00.021Z","iobWithZeroTemp":{"iob":-0.758,"basaliob":-0.901,"bolussnooze":0.0087,"activity":-0.007,"lastBolusTime":1703197492050,"time":"2023-12-22T00:06:00.021Z"}},{"iob":0.028,"basaliob":-0.1,"bolussnooze":0.0066,"activity":8.0E-4,"lastBolusTime":1703197492050,"time":"2023-12-22T00:11:00.021Z","iobWithZeroTemp":{"iob":-0.78,"basaliob":-0.908,"bolussnooze":0.0066,"activity":-0.0075,"lastBolusTime":1703197492050,"time":"2023-12-22T00:11:00.021Z"}},{"iob":0.024,"basaliob":-0.091,"bolussnooze":0.005,"activity":8.0E-4,"lastBolusTime":1703197492050,"time":"2023-12-22T00:16:00.021Z","iobWithZeroTemp":{"iob":-0.8,"basaliob":-0.915,"bolussnooze":0.005,"activity":-0.0078,"lastBolusTime":1703197492050,"time":"2023-12-22T00:16:00.021Z"}},{"iob":0.021,"basaliob":-0.082,"bolussnooze":0.0037,"activity":6.0E-4,"lastBolusTime":1703197492050,"time":"2023-12-22T00:21:00.021Z","iobWithZeroTemp":{"iob":-0.818,"basaliob":-0.921,"bolussnooze":0.0037,"activity":-0.0082,"lastBolusTime":1703197492050,"time":"2023-12-22T00:21:00.021Z"}},{"iob":0.018,"basaliob":-0.074,"bolussnooze":0.0026,"activity":6.0E-4,"lastBolusTime":1703197492050,"time":"2023-12-22T00:26:00.021Z","iobWithZeroTemp":{"iob":-0.834,"basaliob":-0.926,"bolussnooze":0.0026,"activity":-0.0085,"lastBolusTime":1703197492050,"time":"2023-12-22T00:26:00.021Z"}},{"iob":0.014,"basaliob":-0.067,"bolussnooze":0.0019,"activity":5.0E-4,"lastBolusTime":1703197492050,"time":"2023-12-22T00:31:00.021Z","iobWithZeroTemp":{"iob":-0.851,"basaliob":-0.932,"bolussnooze":0.0019,"activity":-0.0088,"lastBolusTime":1703197492050,"time":"2023-12-22T00:31:00.021Z"}},{"iob":0.012,"basaliob":-0.06,"bolussnooze":0.0013,"activity":4.0E-4,"lastBolusTime":1703197492050,"time":"2023-12-22T00:36:00.021Z","iobWithZeroTemp":{"iob":-0.864,"basaliob":-0.936,"bolussnooze":0.0013,"activity":-0.0092,"lastBolusTime":1703197492050,"time":"2023-12-22T00:36:00.021Z"}},{"iob":0.01,"basaliob":-0.054,"bolussnooze":8.0E-4,"activity":4.0E-4,"lastBolusTime":1703197492050,"time":"2023-12-22T00:41:00.021Z","iobWithZeroTemp":{"iob":-0.876,"basaliob":-0.94,"bolussnooze":8.0E-4,"activity":-0.0094,"lastBolusTime":1703197492050,"time":"2023-12-22T00:41:00.021Z"}},{"iob":0.009,"basaliob":-0.048,"bolussnooze":5.0E-4,"activity":3.0E-4,"lastBolusTime":1703197492050,"time":"2023-12-22T00:46:00.021Z","iobWithZeroTemp":{"iob":-0.886,"basaliob":-0.943,"bolussnooze":5.0E-4,"activity":-0.0096,"lastBolusTime":1703197492050,"time":"2023-12-22T00:46:00.021Z"}},{"iob":0.007,"basaliob":-0.043,"bolussnooze":3.0E-4,"activity":3.0E-4,"lastBolusTime":1703197492050,"time":"2023-12-22T00:51:00.021Z","iobWithZeroTemp":{"iob":-0.896,"basaliob":-0.946,"bolussnooze":3.0E-4,"activity":-0.0098,"lastBolusTime":1703197492050,"time":"2023-12-22T00:51:00.021Z"}},{"iob":0.006,"basaliob":-0.038,"bolussnooze":1.0E-4,"activity":2.0E-4,"lastBolusTime":1703197492050,"time":"2023-12-22T00:56:00.021Z","iobWithZeroTemp":{"iob":-0.905,"basaliob":-0.949,"bolussnooze":1.0E-4,"activity":-0.0101,"lastBolusTime":1703197492050,"time":"2023-12-22T00:56:00.021Z"}},{"iob":0.005,"basaliob":-0.034,"bolussnooze":1.0E-4,"activity":2.0E-4,"lastBolusTime":1703197492050,"time":"2023-12-22T01:01:00.021Z","iobWithZeroTemp":{"iob":-0.912,"basaliob":-0.951,"bolussnooze":1.0E-4,"activity":-0.0102,"lastBolusTime":1703197492050,"time":"2023-12-22T01:01:00.021Z"}},{"iob":0.004,"basaliob":-0.03,"bolussnooze":0,"activity":2.0E-4,"lastBolusTime":1703197492050,"time":"2023-12-22T01:06:00.021Z","iobWithZeroTemp":{"iob":-0.919,"basaliob":-0.953,"bolussnooze":0,"activity":-0.0103,"lastBolusTime":1703197492050,"time":"2023-12-22T01:06:00.021Z"}},{"iob":0.002,"basaliob":-0.027,"bolussnooze":0,"activity":1.0E-4,"lastBolusTime":1703197492050,"time":"2023-12-22T01:11:00.021Z","iobWithZeroTemp":{"iob":-0.927,"basaliob":-0.956,"bolussnooze":0,"activity":-0.0106,"lastBolusTime":1703197492050,"time":"2023-12-22T01:11:00.021Z"}},{"iob":0.002,"basaliob":-0.024,"bolussnooze":0,"activity":1.0E-4,"lastBolusTime":1703197492050,"time":"2023-12-22T01:16:00.021Z","iobWithZeroTemp":{"iob":-0.931,"basaliob":-0.957,"bolussnooze":0,"activity":-0.0107,"lastBolusTime":1703197492050,"time":"2023-12-22T01:16:00.021Z"}},{"iob":0.001,"basaliob":-0.021,"bolussnooze":0,"activity":1.0E-4,"lastBolusTime":1703197492050,"time":"2023-12-22T01:21:00.021Z","iobWithZeroTemp":{"iob":-0.937,"basaliob":-0.959,"bolussnooze":0,"activity":-0.0108,"lastBolusTime":1703197492050,"time":"2023-12-22T01:21:00.021Z"}},{"iob":0.001,"basaliob":-0.018,"bolussnooze":0,"activity":1.0E-4,"lastBolusTime":1703197492050,"time":"2023-12-22T01:26:00.021Z","iobWithZeroTemp":{"iob":-0.94,"basaliob":-0.959,"bolussnooze":0,"activity":-0.0109,"lastBolusTime":1703197492050,"time":"2023-12-22T01:26:00.021Z"}},{"iob":0,"basaliob":-0.016,"bolussnooze":0,"activity":1.0E-4,"lastBolusTime":1703197492050,"time":"2023-12-22T01:31:00.021Z","iobWithZeroTemp":{"iob":-0.945,"basaliob":-0.961,"bolussnooze":0,"activity":-0.0109,"lastBolusTime":1703197492050,"time":"2023-12-22T01:31:00.021Z"}},{"iob":0,"basaliob":-0.014,"bolussnooze":0,"activity":0,"lastBolusTime":1703197492050,"time":"2023-12-22T01:36:00.021Z","iobWithZeroTemp":{"iob":-0.948,"basaliob":-0.962,"bolussnooze":0,"activity":-0.0111,"lastBolusTime":1703197492050,"time":"2023-12-22T01:36:00.021Z"}},{"iob":0,"basaliob":-0.012,"bolussnooze":0,"activity":1.0E-4,"lastBolusTime":1703197492050,"time":"2023-12-22T01:41:00.021Z","iobWithZeroTemp":{"iob":-0.95,"basaliob":-0.962,"bolussnooze":0,"activity":-0.0111,"lastBolusTime":1703197492050,"time":"2023-12-22T01:41:00.021Z"}},{"iob":0,"basaliob":-0.01,"bolussnooze":0,"activity":0,"lastBolusTime":1703197492050,"time":"2023-12-22T01:46:00.021Z","iobWithZeroTemp":{"iob":-0.953,"basaliob":-0.963,"bolussnooze":0,"activity":-0.0112,"lastBolusTime":1703197492050,"time":"2023-12-22T01:46:00.021Z"}},{"iob":0,"basaliob":-0.009,"bolussnooze":0,"activity":0,"lastBolusTime":1703197492050,"time":"2023-12-22T01:51:00.021Z","iobWithZeroTemp":{"iob":-0.955,"basaliob":-0.964,"bolussnooze":0,"activity":-0.0113,"lastBolusTime":1703197492050,"time":"2023-12-22T01:51:00.021Z"}},{"iob":-0.001,"basaliob":-0.008,"bolussnooze":0,"activity":0,"lastBolusTime":1703197492050,"time":"2023-12-22T01:56:00.021Z","iobWithZeroTemp":{"iob":-0.957,"basaliob":-0.964,"bolussnooze":0,"activity":-0.0113,"lastBolusTime":1703197492050,"time":"2023-12-22T01:56:00.021Z"}},{"iob":-0.001,"basaliob":-0.007,"bolussnooze":0,"activity":0,"lastBolusTime":1703197492050,"time":"2023-12-22T02:01:00.021Z","iobWithZeroTemp":{"iob":-0.959,"basaliob":-0.965,"bolussnooze":0,"activity":-0.0114,"lastBolusTime":1703197492050,"time":"2023-12-22T02:01:00.021Z"}},{"iob":-0.001,"basaliob":-0.006,"bolussnooze":0,"activity":0,"lastBolusTime":1703197492050,"time":"2023-12-22T02:06:00.021Z","iobWithZeroTemp":{"iob":-0.96,"basaliob":-0.965,"bolussnooze":0,"activity":-0.0114,"lastBolusTime":1703197492050,"time":"2023-12-22T02:06:00.021Z"}},{"iob":0,"basaliob":-0.005,"bolussnooze":0,"activity":-1.0E-4,"lastBolusTime":1703197492050,"time":"2023-12-22T02:11:00.021Z","iobWithZeroTemp":{"iob":-0.96,"basaliob":-0.965,"bolussnooze":0,"activity":-0.0116,"lastBolusTime":1703197492050,"time":"2023-12-22T02:11:00.021Z"}},{"iob":0,"basaliob":-0.004,"bolussnooze":0,"activity":-1.0E-4,"lastBolusTime":1703197492050,"time":"2023-12-22T02:16:00.021Z","iobWithZeroTemp":{"iob":-0.961,"basaliob":-0.965,"bolussnooze":0,"activity":-0.0116,"lastBolusTime":1703197492050,"time":"2023-12-22T02:16:00.021Z"}},{"iob":0,"basaliob":-0.003,"bolussnooze":0,"activity":0,"lastBolusTime":1703197492050,"time":"2023-12-22T02:21:00.021Z","iobWithZeroTemp":{"iob":-0.962,"basaliob":-0.965,"bolussnooze":0,"activity":-0.0115,"lastBolusTime":1703197492050,"time":"2023-12-22T02:21:00.021Z"}},{"iob":0,"basaliob":-0.003,"bolussnooze":0,"activity":0,"lastBolusTime":1703197492050,"time":"2023-12-22T02:26:00.021Z","iobWithZeroTemp":{"iob":-0.963,"basaliob":-0.966,"bolussnooze":0,"activity":-0.0115,"lastBolusTime":1703197492050,"time":"2023-12-22T02:26:00.021Z"}}],"profile":{"max_iob":7,"type":"current","max_daily_basal":0.8,"max_basal":5,"min_bg":80,"max_bg":90,"target_bg":85,"carb_ratio":14,"sens":57,"max_daily_safety_multiplier":9,"current_basal_safety_multiplier":8,"lgsThreshold":65,"high_temptarget_raises_sensitivity":false,"low_temptarget_lowers_sensitivity":false,"sensitivity_raises_target":false,"resistance_lowers_target":false,"adv_target_adjustments":false,"exercise_mode":false,"half_basal_exercise_target":160,"maxCOB":120,"skip_neutral_temps":false,"remainingCarbsCap":90,"enableUAM":true,"A52_risk_enable":false,"SMBInterval":3,"enableSMB_with_COB":true,"enableSMB_with_temptarget":true,"allowSMB_with_high_temptarget":true,"enableSMB_always":true,"enableSMB_after_carbs":true,"maxSMBBasalMinutes":120,"maxUAMSMBBasalMinutes":90,"bolus_increment":0.05,"carbsReqThreshold":5,"current_basal":0.8,"temptargetSet":false,"autosens_max":1.6,"autosens_min":0.6,"variable_sens":95.8,"insulinDivisor":75,"TDD":21.74932023809524},"autosens_data":{"ratio":1.0041301696418672},"meal_data":{"carbs":0,"mealCOB":0,"slopeFromMaxDeviation":-0.15263636363636363,"slopeFromMinDeviation":0.41966666666666663,"lastBolusTime":1703197492050,"lastCarbTime":0},"microBolusAllowed":true,"currentTime":1703197861731,"flatBGsDetected":false,"tdd1D":20.662500000000005,"tdd7D":21.47380952380953,"tddLast24H":21.562500000000007,"tddLast4H":3.9833333333333334,"tddLast8to4H":3.55},"output":{"temp":"absolute","bg":103,"tick":"+0","eventualBG":88,"targetBG":85,"insulinReq":0.03,"deliverAt":"2023-12-21T22:31:01.731Z","sensitivityRatio":1.0041301696418672,"variable_sens":95.8,"predBGs":{"IOB":[103,102,102,101,101,100,99,98,98,97,96,95,94,93,92,92,91,90,90,89,89,88,88,87,87,87,87,86,86,86,86,86,86,86,86,86,86,85,85,85,85,85,85,85,85,85,86],"ZT":[103,101,98,96,95,93,92,92,92,92,92],"UAM":[103,102,102,101,101,100,99,99,98,97,96,96,95,94,93,92,91,91,90,90,89,89,88,88,88,88,87,87,87,87,87,87,86]},"reason":"COB: 0, Dev: 11, BGI: -2, ISF: 96, CR: 14, Target: 85, minPredBG 89, minGuardBG 86, IOBpredBG 86, UAMpredBG 86;  insulinReq 0.03. temp 0.00 < 0.86U\/hr. ","COB":0,"IOB":0.267,"duration":30,"rate":0.8633041357134938,"timestamp":"2023-12-21T22:31:01.736Z"}}