{"algorithm":"OpenAPSSMBDynamicISFPlugin","input":{"glucoseStatus":{"glucose":84,"noise":0,"delta":3,"short_avgdelta":1.44,"long_avgdelta":0.37,"date":1703171137000},"currenttemp":{"temp":"absolute","duration":10,"rate":0,"minutesrunning":20},"iob_data":[{"iob":-0.013,"basaliob":-0.364,"bolussnooze":0.1863,"activity":8.0E-4,"lastBolusTime":1703169133442,"time":"2023-12-21T15:06:03.992Z","iobWithZeroTemp":{"iob":-0.013,"basaliob":-0.364,"bolussnooze":0.1863,"activity":8.0E-4,"lastBolusTime":1703169133442,"time":"2023-12-21T15:06:03.992Z"}},{"iob":-0.017,"basaliob":-0.349,"bolussnooze":0.1601,"activity":6.0E-4,"lastBolusTime":1703169133442,"time":"2023-12-21T15:11:03.992Z","iobWithZeroTemp":{"iob":-0.064,"basaliob":-0.396,"bolussnooze":0.1601,"activity":6.0E-4,"lastBolusTime":1703169133442,"time":"2023-12-21T15:11:03.992Z"}},{"iob":-0.02,"basaliob":-0.332,"bolussnooze":0.1363,"activity":5.0E-4,"lastBolusTime":1703169133442,"time":"2023-12-21T15:16:03.992Z","iobWithZeroTemp":{"iob":-0.124,"basaliob":-0.436,"bolussnooze":0.1363,"activity":3.0E-4,"lastBolusTime":1703169133442,"time":"2023-12-21T15:16:03.992Z"}},{"iob":-0.021,"basaliob":-0.314,"bolussnooze":0.115,"activity":3.0E-4,"lastBolusTime":1703169133442,"time":"2023-12-21T15:21:03.992Z","iobWithZeroTemp":{"iob":-0.182,"basaliob":-0.475,"bolussnooze":0.115,"activity":-2.0E-4,"lastBolusTime":1703169133442,"time":"2023-12-21T15:21:03.992Z"}},{"iob":-0.023,"basaliob":-0.297,"bolussnooze":0.0963,"activity":3.0E-4,"lastBolusTime":1703169133442,"time":"2023-12-21T15:26:03.992Z","iobWithZeroTemp":{"iob":-0.239,"basaliob":-0.513,"bolussnooze":0.0963,"activity":-5.0E-4,"lastBolusTime":1703169133442,"time":"2023-12-21T15:26:03.992Z"}},{"iob":-0.023,"basaliob":-0.279,"bolussnooze":0.0801,"activity":1.0E-4,"lastBolusTime":1703169133442,"time":"2023-12-21T15:31:03.992Z","iobWithZeroTemp":{"iob":-0.292,"basaliob":-0.548,"bolussnooze":0.0801,"activity":-0.0011,"lastBolusTime":1703169133442,"time":"2023-12-21T15:31:03.992Z"}},{"iob":-0.024,"basaliob":-0.262,"bolussnooze":0.066,"activity":0,"lastBolusTime":1703169133442,"time":"2023-12-21T15:36:03.992Z","iobWithZeroTemp":{"iob":-0.344,"basaliob":-0.582,"bolussnooze":0.066,"activity":-0.0017,"lastBolusTime":1703169133442,"time":"2023-12-21T15:36:03.992Z"}},{"iob":-0.023,"basaliob":-0.244,"bolussnooze":0.0541,"activity":0,"lastBolusTime":1703169133442,"time":"2023-12-21T15:41:03.992Z","iobWithZeroTemp":{"iob":-0.392,"basaliob":-0.613,"bolussnooze":0.0541,"activity":-0.0022,"lastBolusTime":1703169133442,"time":"2023-12-21T15:41:03.992Z"}},{"iob":-0.024,"basaliob":-0.228,"bolussnooze":0.0439,"activity":-1.0E-4,"lastBolusTime":1703169133442,"time":"2023-12-21T15:46:03.992Z","iobWithZeroTemp":{"iob":-0.44,"basaliob":-0.644,"bolussnooze":0.0439,"activity":-0.0028,"lastBolusTime":1703169133442,"time":"2023-12-21T15:46:03.992Z"}},{"iob":-0.024,"basaliob":-0.212,"bolussnooze":0.0354,"activity":-2.0E-4,"lastBolusTime":1703169133442,"time":"2023-12-21T15:51:03.992Z","iobWithZeroTemp":{"iob":-0.483,"basaliob":-0.671,"bolussnooze":0.0354,"activity":-0.0034,"lastBolusTime":1703169133442,"time":"2023-12-21T15:51:03.992Z"}},{"iob":-0.022,"basaliob":-0.196,"bolussnooze":0.0283,"activity":-1.0E-4,"lastBolusTime":1703169133442,"time":"2023-12-21T15:56:03.992Z","iobWithZeroTemp":{"iob":-0.523,"basaliob":-0.697,"bolussnooze":0.0283,"activity":-0.0038,"lastBolusTime":1703169133442,"time":"2023-12-21T15:56:03.992Z"}},{"iob":-0.021,"basaliob":-0.181,"bolussnooze":0.0224,"activity":-2.0E-4,"lastBolusTime":1703169133442,"time":"2023-12-21T16:01:03.992Z","iobWithZeroTemp":{"iob":-0.561,"basaliob":-0.721,"bolussnooze":0.0224,"activity":-0.0044,"lastBolusTime":1703169133442,"time":"2023-12-21T16:01:03.992Z"}},{"iob":-0.02,"basaliob":-0.167,"bolussnooze":0.0176,"activity":-2.0E-4,"lastBolusTime":1703169133442,"time":"2023-12-21T16:06:03.992Z","iobWithZeroTemp":{"iob":-0.596,"basaliob":-0.743,"bolussnooze":0.0176,"activity":-0.0048,"lastBolusTime":1703169133442,"time":"2023-12-21T16:06:03.992Z"}},{"iob":-0.02,"basaliob":-0.154,"bolussnooze":0.0137,"activity":-2.0E-4,"lastBolusTime":1703169133442,"time":"2023-12-21T16:11:03.992Z","iobWithZeroTemp":{"iob":-0.63,"basaliob":-0.764,"bolussnooze":0.0137,"activity":-0.0053,"lastBolusTime":1703169133442,"time":"2023-12-21T16:11:03.992Z"}},{"iob":-0.018,"basaliob":-0.141,"bolussnooze":0.0105,"activity":-2.0E-4,"lastBolusTime":1703169133442,"time":"2023-12-21T16:16:03.992Z","iobWithZeroTemp":{"iob":-0.659,"basaliob":-0.782,"bolussnooze":0.0105,"activity":-0.0058,"lastBolusTime":1703169133442,"time":"2023-12-21T16:16:03.992Z"}},{"iob":-0.018,"basaliob":-0.13,"bolussnooze":0.0079,"activity":-2.0E-4,"lastBolusTime":1703169133442,"time":"2023-12-21T16:21:03.992Z","iobWithZeroTemp":{"iob":-0.689,"basaliob":-0.801,"bolussnooze":0.0079,"activity":-0.0062,"lastBolusTime":1703169133442,"time":"2023-12-21T16:21:03.992Z"}},{"iob":-0.017,"basaliob":-0.119,"bolussnooze":0.0059,"activity":-2.0E-4,"lastBolusTime":1703169133442,"time":"2023-12-21T16:26:03.992Z","iobWithZeroTemp":{"iob":-0.715,"basaliob":-0.817,"bolussnooze":0.0059,"activity":-0.0066,"lastBolusTime":1703169133442,"time":"2023-12-21T16:26:03.992Z"}},{"iob":-0.015,"basaliob":-0.108,"bolussnooze":0.0043,"activity":-2.0E-4,"lastBolusTime":1703169133442,"time":"2023-12-21T16:31:03.992Z","iobWithZeroTemp":{"iob":-0.738,"basaliob":-0.831,"bolussnooze":0.0043,"activity":-0.007,"lastBolusTime":1703169133442,"time":"2023-12-21T16:31:03.992Z"}},{"iob":-0.015,"basaliob":-0.099,"bolussnooze":0.0031,"activity":-1.0E-4,"lastBolusTime":1703169133442,"time":"2023-12-21T16:36:03.992Z","iobWithZeroTemp":{"iob":-0.761,"basaliob":-0.845,"bolussnooze":0.0031,"activity":-0.0073,"lastBolusTime":1703169133442,"time":"2023-12-21T16:36:03.992Z"}},{"iob":-0.014,"basaliob":-0.09,"bolussnooze":0.0021,"activity":-2.0E-4,"lastBolusTime":1703169133442,"time":"2023-12-21T16:41:03.992Z","iobWithZeroTemp":{"iob":-0.782,"basaliob":-0.858,"bolussnooze":0.0021,"activity":-0.0078,"lastBolusTime":1703169133442,"time":"2023-12-21T16:41:03.992Z"}},{"iob":-0.013,"basaliob":-0.082,"bolussnooze":0.0014,"activity":-2.0E-4,"lastBolusTime":1703169133442,"time":"2023-12-21T16:46:03.992Z","iobWithZeroTemp":{"iob":-0.8,"basaliob":-0.869,"bolussnooze":0.0014,"activity":-0.0081,"lastBolusTime":1703169133442,"time":"2023-12-21T16:46:03.992Z"}},{"iob":-0.012,"basaliob":-0.074,"bolussnooze":9.0E-4,"activity":-2.0E-4,"lastBolusTime":1703169133442,"time":"2023-12-21T16:51:03.992Z","iobWithZeroTemp":{"iob":-0.817,"basaliob":-0.879,"bolussnooze":9.0E-4,"activity":-0.0084,"lastBolusTime":1703169133442,"time":"2023-12-21T16:51:03.992Z"}},{"iob":-0.011,"basaliob":-0.067,"bolussnooze":5.0E-4,"activity":-2.0E-4,"lastBolusTime":1703169133442,"time":"2023-12-21T16:56:03.992Z","iobWithZeroTemp":{"iob":-0.832,"basaliob":-0.888,"bolussnooze":5.0E-4,"activity":-0.0087,"lastBolusTime":1703169133442,"time":"2023-12-21T16:56:03.992Z"}},{"iob":-0.01,"basaliob":-0.06,"bolussnooze":3.0E-4,"activity":-1.0E-4,"lastBolusTime":1703169133442,"time":"2023-12-21T17:01:03.992Z","iobWithZeroTemp":{"iob":-0.846,"basaliob":-0.896,"bolussnooze":3.0E-4,"activity":-0.0089,"lastBolusTime":1703169133442,"time":"2023-12-21T17:01:03.992Z"}},{"iob":-0.009,"basaliob":-0.054,"bolussnooze":1.0E-4,"activity":-1.0E-4,"lastBolusTime":1703169133442,"time":"2023-12-21T17:06:03.992Z","iobWithZeroTemp":{"iob":-0.867,"basaliob":-0.912,"bolussnooze":1.0E-4,"activity":-0.0092,"lastBolusTime":1703169133442,"time":"2023-12-21T17:06:03.992Z"}},{"iob":-0.009,"basaliob":-0.049,"bolussnooze":0,"activity":-1.0E-4,"lastBolusTime":1703169133442,"time":"2023-12-21T17:11:03.992Z","iobWithZeroTemp":{"iob":-0.888,"basaliob":-0.928,"bolussnooze":0,"activity":-0.0094,"lastBolusTime":1703169133442,"time":"2023-12-21T17:11:03.992Z"}},{"iob":-0.008,"basaliob":-0.044,"bolussnooze":0,"activity":-2.0E-4,"lastBolusTime":1703169133442,"time":"2023-12-21T17:16:03.992Z","iobWithZeroTemp":{"iob":-0.906,"basaliob":-0.942,"bolussnooze":0,"activity":-0.0098,"lastBolusTime":1703169133442,"time":"2023-12-21T17:16:03.992Z"}},{"iob":-0.007,"basaliob":-0.039,"bolussnooze":0,"activity":-2.0E-4,"lastBolusTime":1703169133442,"time":"2023-12-21T17:21:03.992Z","iobWithZeroTemp":{"iob":-0.923,"basaliob":-0.955,"bolussnooze":0,"activity":-0.0101,"lastBolusTime":1703169133442,"time":"2023-12-21T17:21:03.992Z"}},{"iob":-0.006,"basaliob":-0.035,"bolussnooze":0,"activity":-1.0E-4,"lastBolusTime":1703169133442,"time":"2023-12-21T17:26:03.992Z","iobWithZeroTemp":{"iob":-0.939,"basaliob":-0.968,"bolussnooze":0,"activity":-0.0102,"lastBolusTime":1703169133442,"time":"2023-12-21T17:26:03.992Z"}},{"iob":-0.006,"basaliob":-0.031,"bolussnooze":0,"activity":-1.0E-4,"lastBolusTime":1703169133442,"time":"2023-12-21T17:31:03.992Z","iobWithZeroTemp":{"iob":-0.954,"basaliob":-0.979,"bolussnooze":0,"activity":-0.0104,"lastBolusTime":1703169133442,"time":"2023-12-21T17:31:03.992Z"}},{"iob":-0.006,"basaliob":-0.028,"bolussnooze":0,"activity":-1.0E-4,"lastBolusTime":1703169133442,"time":"2023-12-21T17:36:03.992Z","iobWithZeroTemp":{"iob":-0.969,"basaliob":-0.991,"bolussnooze":0,"activity":-0.0107,"lastBolusTime":1703169133442,"time":"2023-12-21T17:36:03.992Z"}},{"iob":-0.005,"basaliob":-0.025,"bolussnooze":0,"activity":-1.0E-4,"lastBolusTime":1703169133442,"time":"2023-12-21T17:41:03.992Z","iobWithZeroTemp":{"iob":-0.981,"basaliob":-1.001,"bolussnooze":0,"activity":-0.0109,"lastBolusTime":1703169133442,"time":"2023-12-21T17:41:03.992Z"}},{"iob":-0.005,"basaliob":-0.022,"bolussnooze":0,"activity":-1.0E-4,"lastBolusTime":1703169133442,"time":"2023-12-21T17:46:03.992Z","iobWithZeroTemp":{"iob":-0.993,"basaliob":-1.01,"bolussnooze":0,"activity":-0.0111,"lastBolusTime":1703169133442,"time":"2023-12-21T17:46:03.992Z"}},{"iob":-0.005,"basaliob":-0.02,"bolussnooze":0,"activity":-1.0E-4,"lastBolusTime":1703169133442,"time":"2023-12-21T17:51:03.992Z","iobWithZeroTemp":{"iob":-1.005,"basaliob":-1.02,"bolussnooze":0,"activity":-0.0113,"lastBolusTime":1703169133442,"time":"2023-12-21T17:51:03.992Z"}},{"iob":-0.004,"basaliob":-0.017,"bolussnooze":0,"activity":0,"lastBolusTime":1703169133442,"time":"2023-12-21T17:56:03.992Z","iobWithZeroTemp":{"iob":-1.014,"basaliob":-1.027,"bolussnooze":0,"activity":-0.0114,"lastBolusTime":1703169133442,"time":"2023-12-21T17:56:03.992Z"}},{"iob":-0.003,"basaliob":-0.015,"bolussnooze":0,"activity":-1.0E-4,"lastBolusTime":1703169133442,"time":"2023-12-21T18:01:03.992Z","iobWithZeroTemp":{"iob":-1.022,"basaliob":-1.034,"bolussnooze":0,"activity":-0.0116,"lastBolusTime":1703169133442,"time":"2023-12-21T18:01:03.992Z"}},{"iob":-0.003,"basaliob":-0.013,"bolussnooze":0,"activity":-1.0E-4,"lastBolusTime":1703169133442,"time":"2023-12-21T18:06:03.992Z","iobWithZeroTemp":{"iob":-1.031,"basaliob":-1.041,"bolussnooze":0,"activity":-0.0118,"lastBolusTime":1703169133442,"time":"2023-12-21T18:06:03.992Z"}},{"iob":-0.003,"basaliob":-0.012,"bolussnooze":0,"activity":0,"lastBolusTime":1703169133442,"time":"2023-12-21T18:11:03.992Z","iobWithZeroTemp":{"iob":-1.039,"basaliob":-1.048,"bolussnooze":0,"activity":-0.0118,"lastBolusTime":1703169133442,"time":"2023-12-21T18:11:03.992Z"}},{"iob":-0.002,"basaliob":-0.01,"bolussnooze":0,"activity":-1.0E-4,"lastBolusTime":1703169133442,"time":"2023-12-21T18:16:03.992Z","iobWithZeroTemp":{"iob":-1.045,"basaliob":-1.053,"bolussnooze":0,"activity":-0.0121,"lastBolusTime":1703169133442,"time":"2023-12-21T18:16:03.992Z"}},{"iob":-0.003,"basaliob":-0.009,"bolussnooze":0,"activity":-1.0E-4,"lastBolusTime":1703169133442,"time":"2023-12-21T18:21:03.992Z","iobWithZeroTemp":{"iob":-1.053,"basaliob":-1.059,"bolussnooze":0,"activity":-0.0122,"lastBolusTime":1703169133442,"time":"2023-12-21T18:21:03.992Z"}},{"iob":-0.002,"basaliob":-0.008,"bolussnooze":0,"activity":0,"lastBolusTime":1703169133442,"time":"2023-12-21T18:26:03.992Z","iobWithZeroTemp":{"iob":-1.057,"basaliob":-1.063,"bolussnooze":0,"activity":-0.0122,"lastBolusTime":1703169133442,"time":"2023-12-21T18:26:03.992Z"}},{"iob":-0.002,"basaliob":-0.007,"bolussnooze":0,"activity":0,"lastBolusTime":1703169133442,"time":"2023-12-21T18:31:03.992Z","iobWithZeroTemp":{"iob":-1.063,"basaliob":-1.068,"bolussnooze":0,"activity":-0.0123,"lastBolusTime":1703169133442,"time":"2023-12-21T18:31:03.992Z"}},{"iob":-0.002,"basaliob":-0.006,"bolussnooze":0,"activity":-1.0E-4,"lastBolusTime":1703169133442,"time":"2023-12-21T18:36:03.992Z","iobWithZeroTemp":{"iob":-1.068,"basaliob":-1.072,"bolussnooze":0,"activity":-0.0125,"lastBolusTime":1703169133442,"time":"2023-12-21T18:36:03.992Z"}},{"iob":-0.002,"basaliob":-0.005,"bolussnooze":0,"activity":-1.0E-4,"lastBolusTime":1703169133442,"time":"2023-12-21T18:41:03.992Z","iobWithZeroTemp":{"iob":-1.072,"basaliob":-1.075,"bolussnooze":0,"activity":-0.0126,"lastBolusTime":1703169133442,"time":"2023-12-21T18:41:03.992Z"}},{"iob":-0.001,"basaliob":-0.004,"bolussnooze":0,"activity":0,"lastBolusTime":1703169133442,"time":"2023-12-21T18:46:03.992Z","iobWithZeroTemp":{"iob":-1.075,"basaliob":-1.078,"bolussnooze":0,"activity":-0.0126,"lastBolusTime":1703169133442,"time":"2023-12-21T18:46:03.992Z"}},{"iob":-0.002,"basaliob":-0.004,"bolussnooze":0,"activity":0,"lastBolusTime":1703169133442,"time":"2023-12-21T18:51:03.992Z","iobWithZeroTemp":{"iob":-1.079,"basaliob":-1.081,"bolussnooze":0,"activity":-0.0127,"lastBolusTime":1703169133442,"time":"2023-12-21T18:51:03.992Z"}},{"iob":-0.001,"basaliob":-0.003,"bolussnooze":0,"activity":0,"lastBolusTime":1703169133442,"time":"2023-12-21T18:56:03.992Z","iobWithZeroTemp":{"iob":-1.081,"basaliob":-1.083,"bolussnooze":0,"activity":-0.0127,"lastBolusTime":1703169133442,"time":"2023-12-21T18:56:03.992Z"}},{"iob":-0.002,"basaliob":-0.003,"bolussnooze":0,"activity":0,"lastBolusTime":1703169133442,"time":"2023-12-21T19:01:03.992Z","iobWithZeroTemp":{"iob":-1.085,"basaliob":-1.086,"bolussnooze":0,"activity":-0.0128,"lastBolusTime":1703169133442,"time":"2023-12-21T19:01:03.992Z"}}],"profile":{"max_iob":7,"type":"current","max_daily_basal":0.8,"max_basal":5,"min_bg":80,"max_bg":90,"target_bg":85,"carb_ratio":16,"sens":57,"max_daily_safety_multiplier":9,"current_basal_safety_multiplier":8,"lgsThreshold":65,"high_temptarget_raises_sensitivity":false,"low_temptarget_lowers_sensitivity":false,"sensitivity_raises_target":false,"resistance_lowers_target":false,"adv_target_adjustments":false,"exercise_mode":false,"half_basal_exercise_target":160,"maxCOB":120,"skip_neutral_temps":false,"remainingCarbsCap":90,"enableUAM":true,"A52_risk_enable":false,"SMBInterval":3,"enableSMB_with_COB":true,"enableSMB_with_temptarget":true,"allowSMB_with_high_temptarget":true,"enableSMB_always":true,"enableSMB_after_carbs":true,"maxSMBBasalMinutes":120,"maxUAMSMBBasalMinutes":90,"bolus_increment":0.05,"carbsReqThreshold":5,"current_basal":0.7,"temptargetSet":false,"autosens_max":1.6,"autosens_min":0.6,"variable_sens":131.9,"insulinDivisor":75,"TDD":18.15644523809524},"autosens_data":{"ratio":0.9963687770262782},"meal_data":{"carbs":0,"mealCOB":0,"slopeFromMaxDeviation":-0.2031,"slopeFromMinDeviation":1.2760000000000002,"lastBolusTime":1703169133442,"lastCarbTime":0},"microBolusAllowed":true,"currentTime":1703171166117,"flatBGsDetected":false,"tdd1D":20.662500000000005,"tdd7D":21.47380952380953,"tddLast24H":21.395833333333346,"tddLast4H":2.15,"tddLast8to4H":1.7791666666666663},"output":{"temp":"absolute","bg":84,"tick":"+3","eventualBG":98,"targetBG":85,"insulinReq":0.06,"deliverAt":"2023-12-21T15:06:06.117Z","sensitivityRatio":0.9963687770262782,"variable_sens":131.9,"predBGs":{"IOB":[84,85,87,88,89,90,91,92,92,93,93,94,94,94,94,94,94,94,94,94,95,95,95,95,95,95,95,95,95,95,95,96],"ZT":[84,83,83,83,83,83,84,85],"UAM":[84,85,86,86,86,86,86,86,86,86,86,86,86,87,87,87,87,87,87,87,87,88,88,88,88,88,88,88,88,88,88,88,88,89]},"reason":"COB: 0, Dev: 12, BGI: -1, ISF: 132, CR: 16, Target: 85, minPredBG 93, minGuardBG 85, IOBpredBG 96, UAMpredBG 89; Eventual BG 98 >= 90,  insulinReq 0.06. temp 0.00 < 0.82U\/hr. ","COB":0,"IOB":-0.013,"duration":30,"rate":0.8174581439183948,"timestamp":"2023-12-21T15:06:06.143Z"}}