{"algorithm":"OpenAPSSMBDynamicISFPlugin","input":{"glucoseStatus":{"glucose":79,"noise":0,"delta":-2,"short_avgdelta":-1.78,"long_avgdelta":-0.73,"date":1703205038000},"currenttemp":{"temp":"absolute","duration":25,"rate":0.05,"minutesrunning":5},"iob_data":[{"iob":-0.125,"basaliob":-0.258,"bolussnooze":0.0058,"activity":-7.0E-4,"lastBolusTime":1703198394900,"time":"2023-12-22T00:31:09.489Z","iobWithZeroTemp":{"iob":-0.125,"basaliob":-0.258,"bolussnooze":0.0058,"activity":-7.0E-4,"lastBolusTime":1703198394900,"time":"2023-12-22T00:31:09.489Z"}},{"iob":-0.121,"basaliob":-0.24,"bolussnooze":0.0042,"activity":-9.0E-4,"lastBolusTime":1703198394900,"time":"2023-12-22T00:36:09.489Z","iobWithZeroTemp":{"iob":-0.168,"basaliob":-0.287,"bolussnooze":0.0042,"activity":-9.0E-4,"lastBolusTime":1703198394900,"time":"2023-12-22T00:36:09.489Z"}},{"iob":-0.116,"basaliob":-0.223,"bolussnooze":0.0029,"activity":-0.001,"lastBolusTime":1703198394900,"time":"2023-12-22T00:41:09.489Z","iobWithZeroTemp":{"iob":-0.22,"basaliob":-0.327,"bolussnooze":0.0029,"activity":-0.0012,"lastBolusTime":1703198394900,"time":"2023-12-22T00:41:09.489Z"}},{"iob":-0.111,"basaliob":-0.206,"bolussnooze":0.002,"activity":-0.001,"lastBolusTime":1703198394900,"time":"2023-12-22T00:46:09.489Z","iobWithZeroTemp":{"iob":-0.272,"basaliob":-0.367,"bolussnooze":0.002,"activity":-0.0015,"lastBolusTime":1703198394900,"time":"2023-12-22T00:46:09.489Z"}},{"iob":-0.105,"basaliob":-0.19,"bolussnooze":0.0013,"activity":-0.0011,"lastBolusTime":1703198394900,"time":"2023-12-22T00:51:09.489Z","iobWithZeroTemp":{"iob":-0.321,"basaliob":-0.406,"bolussnooze":0.0013,"activity":-0.0019,"lastBolusTime":1703198394900,"time":"2023-12-22T00:51:09.489Z"}},{"iob":-0.099,"basaliob":-0.175,"bolussnooze":8.0E-4,"activity":-0.0011,"lastBolusTime":1703198394900,"time":"2023-12-22T00:56:09.489Z","iobWithZeroTemp":{"iob":-0.368,"basaliob":-0.444,"bolussnooze":8.0E-4,"activity":-0.0023,"lastBolusTime":1703198394900,"time":"2023-12-22T00:56:09.489Z"}},{"iob":-0.094,"basaliob":-0.161,"bolussnooze":5.0E-4,"activity":-0.0011,"lastBolusTime":1703198394900,"time":"2023-12-22T01:01:09.489Z","iobWithZeroTemp":{"iob":-0.414,"basaliob":-0.481,"bolussnooze":5.0E-4,"activity":-0.0028,"lastBolusTime":1703198394900,"time":"2023-12-22T01:01:09.489Z"}},{"iob":-0.089,"basaliob":-0.148,"bolussnooze":2.0E-4,"activity":-0.0011,"lastBolusTime":1703198394900,"time":"2023-12-22T01:06:09.489Z","iobWithZeroTemp":{"iob":-0.458,"basaliob":-0.517,"bolussnooze":2.0E-4,"activity":-0.0033,"lastBolusTime":1703198394900,"time":"2023-12-22T01:06:09.489Z"}},{"iob":-0.082,"basaliob":-0.135,"bolussnooze":1.0E-4,"activity":-0.0011,"lastBolusTime":1703198394900,"time":"2023-12-22T01:11:09.489Z","iobWithZeroTemp":{"iob":-0.498,"basaliob":-0.551,"bolussnooze":1.0E-4,"activity":-0.0038,"lastBolusTime":1703198394900,"time":"2023-12-22T01:11:09.489Z"}},{"iob":-0.078,"basaliob":-0.124,"bolussnooze":0,"activity":-0.0011,"lastBolusTime":1703198394900,"time":"2023-12-22T01:16:09.489Z","iobWithZeroTemp":{"iob":-0.537,"basaliob":-0.583,"bolussnooze":0,"activity":-0.0043,"lastBolusTime":1703198394900,"time":"2023-12-22T01:16:09.489Z"}},{"iob":-0.072,"basaliob":-0.113,"bolussnooze":0,"activity":-0.001,"lastBolusTime":1703198394900,"time":"2023-12-22T01:21:09.489Z","iobWithZeroTemp":{"iob":-0.573,"basaliob":-0.614,"bolussnooze":0,"activity":-0.0047,"lastBolusTime":1703198394900,"time":"2023-12-22T01:21:09.489Z"}},{"iob":-0.067,"basaliob":-0.103,"bolussnooze":0,"activity":-0.0011,"lastBolusTime":1703198394900,"time":"2023-12-22T01:26:09.489Z","iobWithZeroTemp":{"iob":-0.607,"basaliob":-0.643,"bolussnooze":0,"activity":-0.0053,"lastBolusTime":1703198394900,"time":"2023-12-22T01:26:09.489Z"}},{"iob":-0.062,"basaliob":-0.093,"bolussnooze":0,"activity":-0.001,"lastBolusTime":1703198394900,"time":"2023-12-22T01:31:09.489Z","iobWithZeroTemp":{"iob":-0.638,"basaliob":-0.669,"bolussnooze":0,"activity":-0.0056,"lastBolusTime":1703198394900,"time":"2023-12-22T01:31:09.489Z"}},{"iob":-0.057,"basaliob":-0.084,"bolussnooze":0,"activity":-0.001,"lastBolusTime":1703198394900,"time":"2023-12-22T01:36:09.489Z","iobWithZeroTemp":{"iob":-0.667,"basaliob":-0.694,"bolussnooze":0,"activity":-0.0061,"lastBolusTime":1703198394900,"time":"2023-12-22T01:36:09.489Z"}},{"iob":-0.052,"basaliob":-0.076,"bolussnooze":0,"activity":-8.0E-4,"lastBolusTime":1703198394900,"time":"2023-12-22T01:41:09.489Z","iobWithZeroTemp":{"iob":-0.693,"basaliob":-0.717,"bolussnooze":0,"activity":-0.0064,"lastBolusTime":1703198394900,"time":"2023-12-22T01:41:09.489Z"}},{"iob":-0.048,"basaliob":-0.069,"bolussnooze":0,"activity":-8.0E-4,"lastBolusTime":1703198394900,"time":"2023-12-22T01:46:09.489Z","iobWithZeroTemp":{"iob":-0.719,"basaliob":-0.74,"bolussnooze":0,"activity":-0.0068,"lastBolusTime":1703198394900,"time":"2023-12-22T01:46:09.489Z"}},{"iob":-0.044,"basaliob":-0.062,"bolussnooze":0,"activity":-8.0E-4,"lastBolusTime":1703198394900,"time":"2023-12-22T01:51:09.489Z","iobWithZeroTemp":{"iob":-0.742,"basaliob":-0.76,"bolussnooze":0,"activity":-0.0072,"lastBolusTime":1703198394900,"time":"2023-12-22T01:51:09.489Z"}},{"iob":-0.04,"basaliob":-0.056,"bolussnooze":0,"activity":-7.0E-4,"lastBolusTime":1703198394900,"time":"2023-12-22T01:56:09.489Z","iobWithZeroTemp":{"iob":-0.763,"basaliob":-0.779,"bolussnooze":0,"activity":-0.0075,"lastBolusTime":1703198394900,"time":"2023-12-22T01:56:09.489Z"}},{"iob":-0.037,"basaliob":-0.05,"bolussnooze":0,"activity":-7.0E-4,"lastBolusTime":1703198394900,"time":"2023-12-22T02:01:09.489Z","iobWithZeroTemp":{"iob":-0.783,"basaliob":-0.796,"bolussnooze":0,"activity":-0.0079,"lastBolusTime":1703198394900,"time":"2023-12-22T02:01:09.489Z"}},{"iob":-0.033,"basaliob":-0.045,"bolussnooze":0,"activity":-7.0E-4,"lastBolusTime":1703198394900,"time":"2023-12-22T02:06:09.489Z","iobWithZeroTemp":{"iob":-0.801,"basaliob":-0.813,"bolussnooze":0,"activity":-0.0083,"lastBolusTime":1703198394900,"time":"2023-12-22T02:06:09.489Z"}},{"iob":-0.03,"basaliob":-0.04,"bolussnooze":0,"activity":-6.0E-4,"lastBolusTime":1703198394900,"time":"2023-12-22T02:11:09.489Z","iobWithZeroTemp":{"iob":-0.817,"basaliob":-0.827,"bolussnooze":0,"activity":-0.0085,"lastBolusTime":1703198394900,"time":"2023-12-22T02:11:09.489Z"}},{"iob":-0.027,"basaliob":-0.036,"bolussnooze":0,"activity":-5.0E-4,"lastBolusTime":1703198394900,"time":"2023-12-22T02:16:09.489Z","iobWithZeroTemp":{"iob":-0.832,"basaliob":-0.841,"bolussnooze":0,"activity":-0.0087,"lastBolusTime":1703198394900,"time":"2023-12-22T02:16:09.489Z"}},{"iob":-0.025,"basaliob":-0.032,"bolussnooze":0,"activity":-6.0E-4,"lastBolusTime":1703198394900,"time":"2023-12-22T02:21:09.489Z","iobWithZeroTemp":{"iob":-0.846,"basaliob":-0.853,"bolussnooze":0,"activity":-0.0091,"lastBolusTime":1703198394900,"time":"2023-12-22T02:21:09.489Z"}},{"iob":-0.022,"basaliob":-0.028,"bolussnooze":0,"activity":-5.0E-4,"lastBolusTime":1703198394900,"time":"2023-12-22T02:26:09.489Z","iobWithZeroTemp":{"iob":-0.858,"basaliob":-0.864,"bolussnooze":0,"activity":-0.0093,"lastBolusTime":1703198394900,"time":"2023-12-22T02:26:09.489Z"}},{"iob":-0.02,"basaliob":-0.025,"bolussnooze":0,"activity":-4.0E-4,"lastBolusTime":1703198394900,"time":"2023-12-22T02:31:09.489Z","iobWithZeroTemp":{"iob":-0.87,"basaliob":-0.875,"bolussnooze":0,"activity":-0.0095,"lastBolusTime":1703198394900,"time":"2023-12-22T02:31:09.489Z"}},{"iob":-0.017,"basaliob":-0.022,"bolussnooze":0,"activity":-3.0E-4,"lastBolusTime":1703198394900,"time":"2023-12-22T02:36:09.489Z","iobWithZeroTemp":{"iob":-0.879,"basaliob":-0.884,"bolussnooze":0,"activity":-0.0096,"lastBolusTime":1703198394900,"time":"2023-12-22T02:36:09.489Z"}},{"iob":-0.015,"basaliob":-0.019,"bolussnooze":0,"activity":-4.0E-4,"lastBolusTime":1703198394900,"time":"2023-12-22T02:41:09.489Z","iobWithZeroTemp":{"iob":-0.889,"basaliob":-0.893,"bolussnooze":0,"activity":-0.0099,"lastBolusTime":1703198394900,"time":"2023-12-22T02:41:09.489Z"}},{"iob":-0.014,"basaliob":-0.017,"bolussnooze":0,"activity":-3.0E-4,"lastBolusTime":1703198394900,"time":"2023-12-22T02:46:09.489Z","iobWithZeroTemp":{"iob":-0.898,"basaliob":-0.901,"bolussnooze":0,"activity":-0.01,"lastBolusTime":1703198394900,"time":"2023-12-22T02:46:09.489Z"}},{"iob":-0.012,"basaliob":-0.015,"bolussnooze":0,"activity":-3.0E-4,"lastBolusTime":1703198394900,"time":"2023-12-22T02:51:09.489Z","iobWithZeroTemp":{"iob":-0.905,"basaliob":-0.908,"bolussnooze":0,"activity":-0.0102,"lastBolusTime":1703198394900,"time":"2023-12-22T02:51:09.489Z"}},{"iob":-0.011,"basaliob":-0.013,"bolussnooze":0,"activity":-2.0E-4,"lastBolusTime":1703198394900,"time":"2023-12-22T02:56:09.489Z","iobWithZeroTemp":{"iob":-0.913,"basaliob":-0.915,"bolussnooze":0,"activity":-0.0103,"lastBolusTime":1703198394900,"time":"2023-12-22T02:56:09.489Z"}},{"iob":-0.009,"basaliob":-0.011,"bolussnooze":0,"activity":-2.0E-4,"lastBolusTime":1703198394900,"time":"2023-12-22T03:01:09.489Z","iobWithZeroTemp":{"iob":-0.918,"basaliob":-0.92,"bolussnooze":0,"activity":-0.0104,"lastBolusTime":1703198394900,"time":"2023-12-22T03:01:09.489Z"}},{"iob":-0.009,"basaliob":-0.01,"bolussnooze":0,"activity":-2.0E-4,"lastBolusTime":1703198394900,"time":"2023-12-22T03:06:09.489Z","iobWithZeroTemp":{"iob":-0.925,"basaliob":-0.926,"bolussnooze":0,"activity":-0.0106,"lastBolusTime":1703198394900,"time":"2023-12-22T03:06:09.489Z"}},{"iob":-0.008,"basaliob":-0.009,"bolussnooze":0,"activity":-1.0E-4,"lastBolusTime":1703198394900,"time":"2023-12-22T03:11:09.489Z","iobWithZeroTemp":{"iob":-0.93,"basaliob":-0.931,"bolussnooze":0,"activity":-0.0106,"lastBolusTime":1703198394900,"time":"2023-12-22T03:11:09.489Z"}},{"iob":-0.007,"basaliob":-0.008,"bolussnooze":0,"activity":-2.0E-4,"lastBolusTime":1703198394900,"time":"2023-12-22T03:16:09.489Z","iobWithZeroTemp":{"iob":-0.934,"basaliob":-0.935,"bolussnooze":0,"activity":-0.0108,"lastBolusTime":1703198394900,"time":"2023-12-22T03:16:09.489Z"}},{"iob":-0.006,"basaliob":-0.007,"bolussnooze":0,"activity":-2.0E-4,"lastBolusTime":1703198394900,"time":"2023-12-22T03:21:09.489Z","iobWithZeroTemp":{"iob":-0.938,"basaliob":-0.939,"bolussnooze":0,"activity":-0.011,"lastBolusTime":1703198394900,"time":"2023-12-22T03:21:09.489Z"}},{"iob":-0.006,"basaliob":-0.006,"bolussnooze":0,"activity":-2.0E-4,"lastBolusTime":1703198394900,"time":"2023-12-22T03:26:09.489Z","iobWithZeroTemp":{"iob":-0.942,"basaliob":-0.942,"bolussnooze":0,"activity":-0.0111,"lastBolusTime":1703198394900,"time":"2023-12-22T03:26:09.489Z"}},{"iob":-0.005,"basaliob":-0.005,"bolussnooze":0,"activity":-1.0E-4,"lastBolusTime":1703198394900,"time":"2023-12-22T03:31:09.489Z","iobWithZeroTemp":{"iob":-0.945,"basaliob":-0.945,"bolussnooze":0,"activity":-0.011,"lastBolusTime":1703198394900,"time":"2023-12-22T03:31:09.489Z"}},{"iob":-0.004,"basaliob":-0.004,"bolussnooze":0,"activity":-1.0E-4,"lastBolusTime":1703198394900,"time":"2023-12-22T03:36:09.489Z","iobWithZeroTemp":{"iob":-0.948,"basaliob":-0.948,"bolussnooze":0,"activity":-0.0111,"lastBolusTime":1703198394900,"time":"2023-12-22T03:36:09.489Z"}},{"iob":-0.004,"basaliob":-0.004,"bolussnooze":0,"activity":-1.0E-4,"lastBolusTime":1703198394900,"time":"2023-12-22T03:41:09.489Z","iobWithZeroTemp":{"iob":-0.951,"basaliob":-0.951,"bolussnooze":0,"activity":-0.0112,"lastBolusTime":1703198394900,"time":"2023-12-22T03:41:09.489Z"}},{"iob":-0.003,"basaliob":-0.003,"bolussnooze":0,"activity":-1.0E-4,"lastBolusTime":1703198394900,"time":"2023-12-22T03:46:09.489Z","iobWithZeroTemp":{"iob":-0.952,"basaliob":-0.952,"bolussnooze":0,"activity":-0.0113,"lastBolusTime":1703198394900,"time":"2023-12-22T03:46:09.489Z"}},{"iob":-0.003,"basaliob":-0.003,"bolussnooze":0,"activity":-1.0E-4,"lastBolusTime":1703198394900,"time":"2023-12-22T03:51:09.489Z","iobWithZeroTemp":{"iob":-0.955,"basaliob":-0.955,"bolussnooze":0,"activity":-0.0113,"lastBolusTime":1703198394900,"time":"2023-12-22T03:51:09.489Z"}},{"iob":-0.002,"basaliob":-0.002,"bolussnooze":0,"activity":-1.0E-4,"lastBolusTime":1703198394900,"time":"2023-12-22T03:56:09.489Z","iobWithZeroTemp":{"iob":-0.956,"basaliob":-0.956,"bolussnooze":0,"activity":-0.0114,"lastBolusTime":1703198394900,"time":"2023-12-22T03:56:09.489Z"}},{"iob":-0.002,"basaliob":-0.002,"bolussnooze":0,"activity":-1.0E-4,"lastBolusTime":1703198394900,"time":"2023-12-22T04:01:09.489Z","iobWithZeroTemp":{"iob":-0.958,"basaliob":-0.958,"bolussnooze":0,"activity":-0.0114,"lastBolusTime":1703198394900,"time":"2023-12-22T04:01:09.489Z"}},{"iob":-0.002,"basaliob":-0.002,"bolussnooze":0,"activity":-1.0E-4,"lastBolusTime":1703198394900,"time":"2023-12-22T04:06:09.489Z","iobWithZeroTemp":{"iob":-0.951,"basaliob":-0.951,"bolussnooze":0,"activity":-0.0115,"lastBolusTime":1703198394900,"time":"2023-12-22T04:06:09.489Z"}},{"iob":-0.001,"basaliob":-0.001,"bolussnooze":0,"activity":0,"lastBolusTime":0,"time":"2023-12-22T04:11:09.489Z","iobWithZeroTemp":{"iob":-0.943,"basaliob":-0.943,"bolussnooze":0,"activity":-0.0114,"lastBolusTime":0,"time":"2023-12-22T04:11:09.489Z"}},{"iob":-0.001,"basaliob":-0.001,"bolussnooze":0,"activity":0,"lastBolusTime":0,"time":"2023-12-22T04:16:09.489Z","iobWithZeroTemp":{"iob":-0.936,"basaliob":-0.936,"bolussnooze":0,"activity":-0.0114,"lastBolusTime":0,"time":"2023-12-22T04:16:09.489Z"}},{"iob":-0.001,"basaliob":-0.001,"bolussnooze":0,"activity":0,"lastBolusTime":0,"time":"2023-12-22T04:21:09.489Z","iobWithZeroTemp":{"iob":-0.929,"basaliob":-0.929,"bolussnooze":0,"activity":-0.0114,"lastBolusTime":0,"time":"2023-12-22T04:21:09.489Z"}},{"iob":-0.001,"basaliob":-0.001,"bolussnooze":0,"activity":0,"lastBolusTime":0,"time":"2023-12-22T04:26:09.489Z","iobWithZeroTemp":{"iob":-0.923,"basaliob":-0.923,"bolussnooze":0,"activity":-0.0113,"lastBolusTime":0,"time":"2023-12-22T04:26:09.489Z"}}],"profile":{"max_iob":7,"type":"current","max_daily_basal":0.8,"max_basal":5,"min_bg":80,"max_bg":90,"target_bg":85,"carb_ratio":14,"sens":57,"max_daily_safety_multiplier":9,"current_basal_safety_multiplier":8,"lgsThreshold":65,"high_temptarget_raises_sensitivity":false,"low_temptarget_lowers_sensitivity":false,"sensitivity_raises_target":false,"resistance_lowers_target":false,"adv_target_adjustments":false,"exercise_mode":false,"half_basal_exercise_target":160,"maxCOB":120,"skip_neutral_temps":false,"remainingCarbsCap":90,"enableUAM":true,"A52_risk_enable":false,"SMBInterval":3,"enableSMB_with_COB":true,"enableSMB_with_temptarget":true,"allowSMB_with_high_temptarget":true,"enableSMB_always":true,"enableSMB_after_carbs":true,"maxSMBBasalMinutes":120,"maxUAMSMBBasalMinutes":90,"bolus_increment":0.05,"carbsReqThreshold":5,"current_basal":0.7,"temptargetSet":false,"autosens_max":1.6,"autosens_min":0.6,"variable_sens":113.1,"insulinDivisor":75,"TDD":22.11727023809524},"autosens_data":{"ratio":0.9369941235170193},"meal_data":{"carbs":0,"mealCOB":0,"slopeFromMaxDeviation":-0.50725,"slopeFromMinDeviation":0,"lastBolusTime":1703198394900,"lastCarbTime":0},"microBolusAllowed":true,"currentTime":1703205070962,"flatBGsDetected":false,"tdd1D":20.662500000000005,"tdd7D":21.47380952380953,"tddLast24H":20.12083333333333,"tddLast4H":4.729166666666665,"tddLast8to4H":2.4291666666666667},"output":{"temp":"absolute","bg":79,"tick":-2,"eventualBG":86,"targetBG":85,"insulinReq":-0.08,"deliverAt":"2023-12-22T00:31:10.962Z","sensitivityRatio":0.9369941235170193,"variable_sens":113.1,"predBGs":{"IOB":[79,77,76,75,73,73,72,72,72,72,72,72,73,74,74,75,75,76,76,77,77,77,78,78,78,78,79,79,79,79,79,79,80],"ZT":[79,79,80,81,81,82,84,85]},"reason":"COB: 0, Dev: -7, BGI: 0, ISF: 113, CR: 14, Target: 85, minPredBG 76, minGuardBG 72, IOBpredBG 80;  insulinReq -0.08. temp 0.05 < 0.5U\/hr. ","COB":0,"IOB":-0.125,"duration":30,"rate":0.4958958864619134,"timestamp":"2023-12-22T00:31:10.971Z"}}