{"algorithm":"OpenAPSSMBDynamicISFPlugin","input":{"glucoseStatus":{"glucose":107,"noise":0,"delta":-8,"short_avgdelta":-7.78,"long_avgdelta":-1.79,"date":1703118639000},"currenttemp":{"temp":"absolute","duration":110,"rate":0,"minutesrunning":10},"iob_data":[{"iob":0.899,"basaliob":-0.265,"bolussnooze":0.236,"activity":0.0108,"lastBolusTime":1703117490018,"time":"2023-12-21T00:30:54.895Z","iobWithZeroTemp":{"iob":0.899,"basaliob":-0.265,"bolussnooze":0.236,"activity":0.0108,"lastBolusTime":1703117490018,"time":"2023-12-21T00:30:54.895Z"}},{"iob":0.845,"basaliob":-0.256,"bolussnooze":0.2003,"activity":0.0107,"lastBolusTime":1703117490018,"time":"2023-12-21T00:35:54.895Z","iobWithZeroTemp":{"iob":0.798,"basaliob":-0.303,"bolussnooze":0.2003,"activity":0.0107,"lastBolusTime":1703117490018,"time":"2023-12-21T00:35:54.895Z"}},{"iob":0.792,"basaliob":-0.246,"bolussnooze":0.1687,"activity":0.0105,"lastBolusTime":1703117490018,"time":"2023-12-21T00:40:54.895Z","iobWithZeroTemp":{"iob":0.688,"basaliob":-0.35,"bolussnooze":0.1687,"activity":0.0103,"lastBolusTime":1703117490018,"time":"2023-12-21T00:40:54.895Z"}},{"iob":0.74,"basaliob":-0.235,"bolussnooze":0.1409,"activity":0.0103,"lastBolusTime":1703117490018,"time":"2023-12-21T00:45:54.895Z","iobWithZeroTemp":{"iob":0.579,"basaliob":-0.396,"bolussnooze":0.1409,"activity":0.0098,"lastBolusTime":1703117490018,"time":"2023-12-21T00:45:54.895Z"}},{"iob":0.689,"basaliob":-0.224,"bolussnooze":0.1168,"activity":0.01,"lastBolusTime":1703117490018,"time":"2023-12-21T00:50:54.895Z","iobWithZeroTemp":{"iob":0.473,"basaliob":-0.44,"bolussnooze":0.1168,"activity":0.0092,"lastBolusTime":1703117490018,"time":"2023-12-21T00:50:54.895Z"}},{"iob":0.641,"basaliob":-0.212,"bolussnooze":0.0961,"activity":0.0096,"lastBolusTime":1703117490018,"time":"2023-12-21T00:55:54.895Z","iobWithZeroTemp":{"iob":0.372,"basaliob":-0.481,"bolussnooze":0.0961,"activity":0.0084,"lastBolusTime":1703117490018,"time":"2023-12-21T00:55:54.895Z"}},{"iob":0.594,"basaliob":-0.2,"bolussnooze":0.0785,"activity":0.0092,"lastBolusTime":1703117490018,"time":"2023-12-21T01:00:54.895Z","iobWithZeroTemp":{"iob":0.274,"basaliob":-0.52,"bolussnooze":0.0785,"activity":0.0075,"lastBolusTime":1703117490018,"time":"2023-12-21T01:00:54.895Z"}},{"iob":0.549,"basaliob":-0.188,"bolussnooze":0.0636,"activity":0.0087,"lastBolusTime":1703117490018,"time":"2023-12-21T01:05:54.895Z","iobWithZeroTemp":{"iob":0.18,"basaliob":-0.557,"bolussnooze":0.0636,"activity":0.0065,"lastBolusTime":1703117490018,"time":"2023-12-21T01:05:54.895Z"}},{"iob":0.507,"basaliob":-0.176,"bolussnooze":0.0512,"activity":0.0083,"lastBolusTime":1703117490018,"time":"2023-12-21T01:10:54.895Z","iobWithZeroTemp":{"iob":0.091,"basaliob":-0.592,"bolussnooze":0.0512,"activity":0.0056,"lastBolusTime":1703117490018,"time":"2023-12-21T01:10:54.895Z"}},{"iob":0.466,"basaliob":-0.165,"bolussnooze":0.0408,"activity":0.0078,"lastBolusTime":1703117490018,"time":"2023-12-21T01:15:54.895Z","iobWithZeroTemp":{"iob":0.007,"basaliob":-0.624,"bolussnooze":0.0408,"activity":0.0046,"lastBolusTime":1703117490018,"time":"2023-12-21T01:15:54.895Z"}},{"iob":0.429,"basaliob":-0.153,"bolussnooze":0.0322,"activity":0.0074,"lastBolusTime":1703117490018,"time":"2023-12-21T01:20:54.895Z","iobWithZeroTemp":{"iob":-0.072,"basaliob":-0.654,"bolussnooze":0.0322,"activity":0.0037,"lastBolusTime":1703117490018,"time":"2023-12-21T01:20:54.895Z"}},{"iob":0.393,"basaliob":-0.142,"bolussnooze":0.0252,"activity":0.0069,"lastBolusTime":1703117490018,"time":"2023-12-21T01:25:54.895Z","iobWithZeroTemp":{"iob":-0.147,"basaliob":-0.682,"bolussnooze":0.0252,"activity":0.0027,"lastBolusTime":1703117490018,"time":"2023-12-21T01:25:54.895Z"}},{"iob":0.36,"basaliob":-0.132,"bolussnooze":0.0195,"activity":0.0065,"lastBolusTime":1703117490018,"time":"2023-12-21T01:30:54.895Z","iobWithZeroTemp":{"iob":-0.216,"basaliob":-0.708,"bolussnooze":0.0195,"activity":0.0019,"lastBolusTime":1703117490018,"time":"2023-12-21T01:30:54.895Z"}},{"iob":0.329,"basaliob":-0.122,"bolussnooze":0.0149,"activity":0.006,"lastBolusTime":1703117490018,"time":"2023-12-21T01:35:54.895Z","iobWithZeroTemp":{"iob":-0.281,"basaliob":-0.732,"bolussnooze":0.0149,"activity":9.0E-4,"lastBolusTime":1703117490018,"time":"2023-12-21T01:35:54.895Z"}},{"iob":0.299,"basaliob":-0.113,"bolussnooze":0.0112,"activity":0.0056,"lastBolusTime":1703117490018,"time":"2023-12-21T01:40:54.895Z","iobWithZeroTemp":{"iob":-0.342,"basaliob":-0.754,"bolussnooze":0.0112,"activity":0,"lastBolusTime":1703117490018,"time":"2023-12-21T01:40:54.895Z"}},{"iob":0.272,"basaliob":-0.104,"bolussnooze":0.0083,"activity":0.0052,"lastBolusTime":1703117490018,"time":"2023-12-21T01:45:54.895Z","iobWithZeroTemp":{"iob":-0.399,"basaliob":-0.775,"bolussnooze":0.0083,"activity":-8.0E-4,"lastBolusTime":1703117490018,"time":"2023-12-21T01:45:54.895Z"}},{"iob":0.248,"basaliob":-0.095,"bolussnooze":0.006,"activity":0.0048,"lastBolusTime":1703117490018,"time":"2023-12-21T01:50:54.895Z","iobWithZeroTemp":{"iob":-0.45,"basaliob":-0.793,"bolussnooze":0.006,"activity":-0.0016,"lastBolusTime":1703117490018,"time":"2023-12-21T01:50:54.895Z"}},{"iob":0.225,"basaliob":-0.087,"bolussnooze":0.0043,"activity":0.0045,"lastBolusTime":1703117490018,"time":"2023-12-21T01:55:54.895Z","iobWithZeroTemp":{"iob":-0.498,"basaliob":-0.81,"bolussnooze":0.0043,"activity":-0.0023,"lastBolusTime":1703117490018,"time":"2023-12-21T01:55:54.895Z"}},{"iob":0.203,"basaliob":-0.08,"bolussnooze":0.0029,"activity":0.0041,"lastBolusTime":1703117490018,"time":"2023-12-21T02:00:54.895Z","iobWithZeroTemp":{"iob":-0.543,"basaliob":-0.826,"bolussnooze":0.0029,"activity":-0.0031,"lastBolusTime":1703117490018,"time":"2023-12-21T02:00:54.895Z"}},{"iob":0.184,"basaliob":-0.073,"bolussnooze":0.0019,"activity":0.0038,"lastBolusTime":1703117490018,"time":"2023-12-21T02:05:54.895Z","iobWithZeroTemp":{"iob":-0.584,"basaliob":-0.841,"bolussnooze":0.0019,"activity":-0.0038,"lastBolusTime":1703117490018,"time":"2023-12-21T02:05:54.895Z"}},{"iob":0.165,"basaliob":-0.067,"bolussnooze":0.0012,"activity":0.0035,"lastBolusTime":1703117490018,"time":"2023-12-21T02:10:54.895Z","iobWithZeroTemp":{"iob":-0.622,"basaliob":-0.854,"bolussnooze":0.0012,"activity":-0.0044,"lastBolusTime":1703117490018,"time":"2023-12-21T02:10:54.895Z"}},{"iob":0.149,"basaliob":-0.061,"bolussnooze":7.0E-4,"activity":0.0032,"lastBolusTime":1703117490018,"time":"2023-12-21T02:15:54.895Z","iobWithZeroTemp":{"iob":-0.656,"basaliob":-0.866,"bolussnooze":7.0E-4,"activity":-0.005,"lastBolusTime":1703117490018,"time":"2023-12-21T02:15:54.895Z"}},{"iob":0.134,"basaliob":-0.055,"bolussnooze":3.0E-4,"activity":0.0029,"lastBolusTime":1703117490018,"time":"2023-12-21T02:20:54.895Z","iobWithZeroTemp":{"iob":-0.687,"basaliob":-0.876,"bolussnooze":3.0E-4,"activity":-0.0056,"lastBolusTime":1703117490018,"time":"2023-12-21T02:20:54.895Z"}},{"iob":0.12,"basaliob":-0.05,"bolussnooze":1.0E-4,"activity":0.0026,"lastBolusTime":1703117490018,"time":"2023-12-21T02:25:54.895Z","iobWithZeroTemp":{"iob":-0.716,"basaliob":-0.886,"bolussnooze":1.0E-4,"activity":-0.0062,"lastBolusTime":1703117490018,"time":"2023-12-21T02:25:54.895Z"}},{"iob":0.108,"basaliob":-0.045,"bolussnooze":0,"activity":0.0024,"lastBolusTime":1703117490018,"time":"2023-12-21T02:30:54.895Z","iobWithZeroTemp":{"iob":-0.742,"basaliob":-0.895,"bolussnooze":0,"activity":-0.0067,"lastBolusTime":1703117490018,"time":"2023-12-21T02:30:54.895Z"}},{"iob":0.096,"basaliob":-0.041,"bolussnooze":0,"activity":0.0022,"lastBolusTime":1703117490018,"time":"2023-12-21T02:35:54.895Z","iobWithZeroTemp":{"iob":-0.766,"basaliob":-0.903,"bolussnooze":0,"activity":-0.0071,"lastBolusTime":1703117490018,"time":"2023-12-21T02:35:54.895Z"}},{"iob":0.086,"basaliob":-0.037,"bolussnooze":0,"activity":0.002,"lastBolusTime":1703117490018,"time":"2023-12-21T02:40:54.895Z","iobWithZeroTemp":{"iob":-0.788,"basaliob":-0.911,"bolussnooze":0,"activity":-0.0075,"lastBolusTime":1703117490018,"time":"2023-12-21T02:40:54.895Z"}},{"iob":0.076,"basaliob":-0.033,"bolussnooze":0,"activity":0.0018,"lastBolusTime":1703117490018,"time":"2023-12-21T02:45:54.895Z","iobWithZeroTemp":{"iob":-0.808,"basaliob":-0.917,"bolussnooze":0,"activity":-0.0079,"lastBolusTime":1703117490018,"time":"2023-12-21T02:45:54.895Z"}},{"iob":0.067,"basaliob":-0.03,"bolussnooze":0,"activity":0.0017,"lastBolusTime":1703117490018,"time":"2023-12-21T02:50:54.895Z","iobWithZeroTemp":{"iob":-0.826,"basaliob":-0.923,"bolussnooze":0,"activity":-0.0082,"lastBolusTime":1703117490018,"time":"2023-12-21T02:50:54.895Z"}},{"iob":0.059,"basaliob":-0.027,"bolussnooze":0,"activity":0.0015,"lastBolusTime":1703117490018,"time":"2023-12-21T02:55:54.895Z","iobWithZeroTemp":{"iob":-0.843,"basaliob":-0.929,"bolussnooze":0,"activity":-0.0086,"lastBolusTime":1703117490018,"time":"2023-12-21T02:55:54.895Z"}},{"iob":0.053,"basaliob":-0.024,"bolussnooze":0,"activity":0.0014,"lastBolusTime":1703117490018,"time":"2023-12-21T03:00:54.895Z","iobWithZeroTemp":{"iob":-0.856,"basaliob":-0.933,"bolussnooze":0,"activity":-0.0088,"lastBolusTime":1703117490018,"time":"2023-12-21T03:00:54.895Z"}},{"iob":0.046,"basaliob":-0.022,"bolussnooze":0,"activity":0.0012,"lastBolusTime":1703117490018,"time":"2023-12-21T03:05:54.895Z","iobWithZeroTemp":{"iob":-0.87,"basaliob":-0.938,"bolussnooze":0,"activity":-0.0092,"lastBolusTime":1703117490018,"time":"2023-12-21T03:05:54.895Z"}},{"iob":0.041,"basaliob":-0.019,"bolussnooze":0,"activity":0.0011,"lastBolusTime":1703117490018,"time":"2023-12-21T03:10:54.895Z","iobWithZeroTemp":{"iob":-0.881,"basaliob":-0.941,"bolussnooze":0,"activity":-0.0094,"lastBolusTime":1703117490018,"time":"2023-12-21T03:10:54.895Z"}},{"iob":0.035,"basaliob":-0.017,"bolussnooze":0,"activity":0.001,"lastBolusTime":1703117490018,"time":"2023-12-21T03:15:54.895Z","iobWithZeroTemp":{"iob":-0.892,"basaliob":-0.944,"bolussnooze":0,"activity":-0.0096,"lastBolusTime":1703117490018,"time":"2023-12-21T03:15:54.895Z"}},{"iob":0.031,"basaliob":-0.015,"bolussnooze":0,"activity":8.0E-4,"lastBolusTime":1703117490018,"time":"2023-12-21T03:20:54.895Z","iobWithZeroTemp":{"iob":-0.901,"basaliob":-0.947,"bolussnooze":0,"activity":-0.01,"lastBolusTime":1703117490018,"time":"2023-12-21T03:20:54.895Z"}},{"iob":0.026,"basaliob":-0.014,"bolussnooze":0,"activity":8.0E-4,"lastBolusTime":1703117490018,"time":"2023-12-21T03:25:54.895Z","iobWithZeroTemp":{"iob":-0.91,"basaliob":-0.95,"bolussnooze":0,"activity":-0.0101,"lastBolusTime":1703117490018,"time":"2023-12-21T03:25:54.895Z"}},{"iob":0.023,"basaliob":-0.012,"bolussnooze":0,"activity":7.0E-4,"lastBolusTime":1703117490018,"time":"2023-12-21T03:30:54.895Z","iobWithZeroTemp":{"iob":-0.917,"basaliob":-0.952,"bolussnooze":0,"activity":-0.0102,"lastBolusTime":1703117490018,"time":"2023-12-21T03:30:54.895Z"}},{"iob":0.019,"basaliob":-0.011,"bolussnooze":0,"activity":6.0E-4,"lastBolusTime":1703117490018,"time":"2023-12-21T03:35:54.895Z","iobWithZeroTemp":{"iob":-0.925,"basaliob":-0.955,"bolussnooze":0,"activity":-0.0104,"lastBolusTime":1703117490018,"time":"2023-12-21T03:35:54.895Z"}},{"iob":0.017,"basaliob":-0.009,"bolussnooze":0,"activity":6.0E-4,"lastBolusTime":1703117490018,"time":"2023-12-21T03:40:54.895Z","iobWithZeroTemp":{"iob":-0.93,"basaliob":-0.956,"bolussnooze":0,"activity":-0.0105,"lastBolusTime":1703117490018,"time":"2023-12-21T03:40:54.895Z"}},{"iob":0.014,"basaliob":-0.008,"bolussnooze":0,"activity":5.0E-4,"lastBolusTime":1703117490018,"time":"2023-12-21T03:45:54.895Z","iobWithZeroTemp":{"iob":-0.935,"basaliob":-0.957,"bolussnooze":0,"activity":-0.0107,"lastBolusTime":1703117490018,"time":"2023-12-21T03:45:54.895Z"}},{"iob":0.012,"basaliob":-0.007,"bolussnooze":0,"activity":4.0E-4,"lastBolusTime":1703117490018,"time":"2023-12-21T03:50:54.895Z","iobWithZeroTemp":{"iob":-0.94,"basaliob":-0.959,"bolussnooze":0,"activity":-0.0108,"lastBolusTime":1703117490018,"time":"2023-12-21T03:50:54.895Z"}},{"iob":0.01,"basaliob":-0.006,"bolussnooze":0,"activity":3.0E-4,"lastBolusTime":1703117490018,"time":"2023-12-21T03:55:54.895Z","iobWithZeroTemp":{"iob":-0.944,"basaliob":-0.96,"bolussnooze":0,"activity":-0.011,"lastBolusTime":1703117490018,"time":"2023-12-21T03:55:54.895Z"}},{"iob":0.009,"basaliob":-0.005,"bolussnooze":0,"activity":3.0E-4,"lastBolusTime":1703117490018,"time":"2023-12-21T04:00:54.895Z","iobWithZeroTemp":{"iob":-0.947,"basaliob":-0.961,"bolussnooze":0,"activity":-0.011,"lastBolusTime":1703117490018,"time":"2023-12-21T04:00:54.895Z"}},{"iob":0.007,"basaliob":-0.005,"bolussnooze":0,"activity":3.0E-4,"lastBolusTime":1703117490018,"time":"2023-12-21T04:05:54.895Z","iobWithZeroTemp":{"iob":-0.942,"basaliob":-0.954,"bolussnooze":0,"activity":-0.0111,"lastBolusTime":1703117490018,"time":"2023-12-21T04:05:54.895Z"}},{"iob":0.006,"basaliob":-0.004,"bolussnooze":0,"activity":3.0E-4,"lastBolusTime":1703117490018,"time":"2023-12-21T04:10:54.895Z","iobWithZeroTemp":{"iob":-0.936,"basaliob":-0.946,"bolussnooze":0,"activity":-0.0111,"lastBolusTime":1703117490018,"time":"2023-12-21T04:10:54.895Z"}},{"iob":0.005,"basaliob":-0.003,"bolussnooze":0,"activity":2.0E-4,"lastBolusTime":1703117490018,"time":"2023-12-21T04:15:54.895Z","iobWithZeroTemp":{"iob":-0.93,"basaliob":-0.938,"bolussnooze":0,"activity":-0.0112,"lastBolusTime":1703117490018,"time":"2023-12-21T04:15:54.895Z"}},{"iob":0.004,"basaliob":-0.003,"bolussnooze":0,"activity":2.0E-4,"lastBolusTime":1703117490018,"time":"2023-12-21T04:20:54.895Z","iobWithZeroTemp":{"iob":-0.924,"basaliob":-0.931,"bolussnooze":0,"activity":-0.0112,"lastBolusTime":1703117490018,"time":"2023-12-21T04:20:54.895Z"}},{"iob":0.003,"basaliob":-0.002,"bolussnooze":0,"activity":1.0E-4,"lastBolusTime":1703117490018,"time":"2023-12-21T04:25:54.895Z","iobWithZeroTemp":{"iob":-0.919,"basaliob":-0.924,"bolussnooze":0,"activity":-0.0112,"lastBolusTime":1703117490018,"time":"2023-12-21T04:25:54.895Z"}}],"profile":{"max_iob":7,"type":"current","max_daily_basal":0.8,"max_basal":5,"min_bg":80,"max_bg":90,"target_bg":85,"carb_ratio":14,"sens":57,"max_daily_safety_multiplier":9,"current_basal_safety_multiplier":8,"lgsThreshold":65,"high_temptarget_raises_sensitivity":false,"low_temptarget_lowers_sensitivity":false,"sensitivity_raises_target":false,"resistance_lowers_target":false,"adv_target_adjustments":false,"exercise_mode":false,"half_basal_exercise_target":160,"maxCOB":120,"skip_neutral_temps":false,"remainingCarbsCap":90,"enableUAM":true,"A52_risk_enable":false,"SMBInterval":3,"enableSMB_with_COB":true,"enableSMB_with_temptarget":true,"allowSMB_with_high_temptarget":true,"enableSMB_always":true,"enableSMB_after_carbs":true,"maxSMBBasalMinutes":120,"maxUAMSMBBasalMinutes":90,"bolus_increment":0.05,"carbsReqThreshold":5,"current_basal":0.7,"temptargetSet":false,"autosens_max":1.6,"autosens_min":0.6,"variable_sens":87.8,"insulinDivisor":75,"TDD":23.126610714285718},"autosens_data":{"ratio":0.9970127381354973},"meal_data":{"carbs":0,"mealCOB":0,"slopeFromMaxDeviation":-3.168666666666666,"slopeFromMinDeviation":0,"lastBolusTime":1703117490018,"lastCarbTime":0},"microBolusAllowed":true,"currentTime":1703118656245,"flatBGsDetected":false,"tdd1D":21.666666666666675,"tdd7D":21.121428571428574,"tddLast24H":21.058333333333326,"tddLast4H":4.645833333333332,"tddLast8to4H":3.966666666666667},"output":{"temp":"absolute","bg":107,"tick":-8,"eventualBG":46,"targetBG":85,"insulinReq":0,"deliverAt":"2023-12-21T00:30:56.245Z","sensitivityRatio":0.9970127381354973,"variable_sens":87.8,"predBGs":{"IOB":[107,99,92,84,76,69,62,54,47,39,39,39,39],"ZT":[107,102,97,93,88,83,79,75,71,68,65,63,61,60,59,59,60,61,62,64,67,69,72,76,79,83]},"reason":"COB: 0, Dev: 18, BGI: -5, ISF: 88, CR: 14, Target: 85, minPredBG 49, minGuardBG -52, IOBpredBG 39; 14 add'l carbs req w\/in 30m; minGuardBG -52<65","COB":0,"IOB":0.899,"carbsReq":14,"carbsReqWithin":30,"duration":120,"rate":0,"timestamp":"2023-12-21T00:30:56.251Z"}}