{"algorithm":"OpenAPSSMBDynamicISFPlugin","input":{"glucoseStatus":{"glucose":87,"noise":0,"delta":2,"short_avgdelta":1.61,"long_avgdelta":0.15,"date":1703181037000},"currenttemp":{"temp":"absolute","duration":25,"rate":0.95,"minutesrunning":5},"iob_data":[{"iob":-0.08,"basaliob":-0.106,"bolussnooze":0,"activity":-8.0E-4,"lastBolusTime":1703172077902,"time":"2023-12-21T17:51:02.517Z","iobWithZeroTemp":{"iob":-0.08,"basaliob":-0.106,"bolussnooze":0,"activity":-8.0E-4,"lastBolusTime":1703172077902,"time":"2023-12-21T17:51:02.517Z"}},{"iob":-0.076,"basaliob":-0.099,"bolussnooze":0,"activity":-8.0E-4,"lastBolusTime":1703172077902,"time":"2023-12-21T17:56:02.517Z","iobWithZeroTemp":{"iob":-0.129,"basaliob":-0.152,"bolussnooze":0,"activity":-9.0E-4,"lastBolusTime":1703172077902,"time":"2023-12-21T17:56:02.517Z"}},{"iob":-0.072,"basaliob":-0.092,"bolussnooze":0,"activity":-9.0E-4,"lastBolusTime":1703172077902,"time":"2023-12-21T18:01:02.517Z","iobWithZeroTemp":{"iob":-0.191,"basaliob":-0.211,"bolussnooze":0,"activity":-0.0011,"lastBolusTime":1703172077902,"time":"2023-12-21T18:01:02.517Z"}},{"iob":-0.067,"basaliob":-0.085,"bolussnooze":0,"activity":-8.0E-4,"lastBolusTime":1703172077902,"time":"2023-12-21T18:06:02.517Z","iobWithZeroTemp":{"iob":-0.251,"basaliob":-0.269,"bolussnooze":0,"activity":-0.0014,"lastBolusTime":1703172077902,"time":"2023-12-21T18:06:02.517Z"}},{"iob":-0.063,"basaliob":-0.079,"bolussnooze":0,"activity":-8.0E-4,"lastBolusTime":1703172077902,"time":"2023-12-21T18:11:02.517Z","iobWithZeroTemp":{"iob":-0.31,"basaliob":-0.326,"bolussnooze":0,"activity":-0.0018,"lastBolusTime":1703172077902,"time":"2023-12-21T18:11:02.517Z"}},{"iob":-0.059,"basaliob":-0.073,"bolussnooze":0,"activity":-8.0E-4,"lastBolusTime":1703172077902,"time":"2023-12-21T18:16:02.517Z","iobWithZeroTemp":{"iob":-0.367,"basaliob":-0.381,"bolussnooze":0,"activity":-0.0022,"lastBolusTime":1703172077902,"time":"2023-12-21T18:16:02.517Z"}},{"iob":-0.055,"basaliob":-0.067,"bolussnooze":0,"activity":-8.0E-4,"lastBolusTime":1703172077902,"time":"2023-12-21T18:21:02.517Z","iobWithZeroTemp":{"iob":-0.421,"basaliob":-0.433,"bolussnooze":0,"activity":-0.0027,"lastBolusTime":1703172077902,"time":"2023-12-21T18:21:02.517Z"}},{"iob":-0.052,"basaliob":-0.062,"bolussnooze":0,"activity":-8.0E-4,"lastBolusTime":1703172077902,"time":"2023-12-21T18:26:02.517Z","iobWithZeroTemp":{"iob":-0.474,"basaliob":-0.484,"bolussnooze":0,"activity":-0.0033,"lastBolusTime":1703172077902,"time":"2023-12-21T18:26:02.517Z"}},{"iob":-0.048,"basaliob":-0.057,"bolussnooze":0,"activity":-7.0E-4,"lastBolusTime":1703172077902,"time":"2023-12-21T18:31:02.517Z","iobWithZeroTemp":{"iob":-0.523,"basaliob":-0.532,"bolussnooze":0,"activity":-0.0037,"lastBolusTime":1703172077902,"time":"2023-12-21T18:31:02.517Z"}},{"iob":-0.044,"basaliob":-0.052,"bolussnooze":0,"activity":-7.0E-4,"lastBolusTime":1703172077902,"time":"2023-12-21T18:36:02.517Z","iobWithZeroTemp":{"iob":-0.569,"basaliob":-0.577,"bolussnooze":0,"activity":-0.0043,"lastBolusTime":1703172077902,"time":"2023-12-21T18:36:02.517Z"}},{"iob":-0.041,"basaliob":-0.048,"bolussnooze":0,"activity":-7.0E-4,"lastBolusTime":1703172077902,"time":"2023-12-21T18:41:02.517Z","iobWithZeroTemp":{"iob":-0.613,"basaliob":-0.62,"bolussnooze":0,"activity":-0.0049,"lastBolusTime":1703172077902,"time":"2023-12-21T18:41:02.517Z"}},{"iob":-0.037,"basaliob":-0.043,"bolussnooze":0,"activity":-6.0E-4,"lastBolusTime":1703172077902,"time":"2023-12-21T18:46:02.517Z","iobWithZeroTemp":{"iob":-0.654,"basaliob":-0.66,"bolussnooze":0,"activity":-0.0053,"lastBolusTime":1703172077902,"time":"2023-12-21T18:46:02.517Z"}},{"iob":-0.034,"basaliob":-0.039,"bolussnooze":0,"activity":-5.0E-4,"lastBolusTime":1703172077902,"time":"2023-12-21T18:51:02.517Z","iobWithZeroTemp":{"iob":-0.692,"basaliob":-0.697,"bolussnooze":0,"activity":-0.0058,"lastBolusTime":1703172077902,"time":"2023-12-21T18:51:02.517Z"}},{"iob":-0.032,"basaliob":-0.036,"bolussnooze":0,"activity":-6.0E-4,"lastBolusTime":1703172077902,"time":"2023-12-21T18:56:02.517Z","iobWithZeroTemp":{"iob":-0.729,"basaliob":-0.733,"bolussnooze":0,"activity":-0.0065,"lastBolusTime":1703172077902,"time":"2023-12-21T18:56:02.517Z"}},{"iob":-0.03,"basaliob":-0.033,"bolussnooze":0,"activity":-5.0E-4,"lastBolusTime":1703172077902,"time":"2023-12-21T19:01:02.517Z","iobWithZeroTemp":{"iob":-0.763,"basaliob":-0.766,"bolussnooze":0,"activity":-0.0069,"lastBolusTime":1703172077902,"time":"2023-12-21T19:01:02.517Z"}},{"iob":-0.027,"basaliob":-0.03,"bolussnooze":0,"activity":-5.0E-4,"lastBolusTime":1703172077902,"time":"2023-12-21T19:06:02.517Z","iobWithZeroTemp":{"iob":-0.794,"basaliob":-0.797,"bolussnooze":0,"activity":-0.0074,"lastBolusTime":1703172077902,"time":"2023-12-21T19:06:02.517Z"}},{"iob":-0.025,"basaliob":-0.027,"bolussnooze":0,"activity":-4.0E-4,"lastBolusTime":1703172077902,"time":"2023-12-21T19:11:02.517Z","iobWithZeroTemp":{"iob":-0.823,"basaliob":-0.825,"bolussnooze":0,"activity":-0.0078,"lastBolusTime":1703172077902,"time":"2023-12-21T19:11:02.517Z"}},{"iob":-0.022,"basaliob":-0.024,"bolussnooze":0,"activity":-4.0E-4,"lastBolusTime":1703172077902,"time":"2023-12-21T19:16:02.517Z","iobWithZeroTemp":{"iob":-0.848,"basaliob":-0.85,"bolussnooze":0,"activity":-0.0082,"lastBolusTime":1703172077902,"time":"2023-12-21T19:16:02.517Z"}},{"iob":-0.02,"basaliob":-0.022,"bolussnooze":0,"activity":-4.0E-4,"lastBolusTime":1703172077902,"time":"2023-12-21T19:21:02.517Z","iobWithZeroTemp":{"iob":-0.873,"basaliob":-0.875,"bolussnooze":0,"activity":-0.0087,"lastBolusTime":1703172077902,"time":"2023-12-21T19:21:02.517Z"}},{"iob":-0.019,"basaliob":-0.02,"bolussnooze":0,"activity":-3.0E-4,"lastBolusTime":1703172077902,"time":"2023-12-21T19:26:02.517Z","iobWithZeroTemp":{"iob":-0.896,"basaliob":-0.897,"bolussnooze":0,"activity":-0.009,"lastBolusTime":1703172077902,"time":"2023-12-21T19:26:02.517Z"}},{"iob":-0.017,"basaliob":-0.018,"bolussnooze":0,"activity":-4.0E-4,"lastBolusTime":1703172077902,"time":"2023-12-21T19:31:02.517Z","iobWithZeroTemp":{"iob":-0.917,"basaliob":-0.918,"bolussnooze":0,"activity":-0.0095,"lastBolusTime":1703172077902,"time":"2023-12-21T19:31:02.517Z"}},{"iob":-0.015,"basaliob":-0.016,"bolussnooze":0,"activity":-3.0E-4,"lastBolusTime":1703172077902,"time":"2023-12-21T19:36:02.517Z","iobWithZeroTemp":{"iob":-0.935,"basaliob":-0.936,"bolussnooze":0,"activity":-0.0097,"lastBolusTime":1703172077902,"time":"2023-12-21T19:36:02.517Z"}},{"iob":-0.013,"basaliob":-0.014,"bolussnooze":0,"activity":-3.0E-4,"lastBolusTime":1703172077902,"time":"2023-12-21T19:41:02.517Z","iobWithZeroTemp":{"iob":-0.952,"basaliob":-0.953,"bolussnooze":0,"activity":-0.0101,"lastBolusTime":1703172077902,"time":"2023-12-21T19:41:02.517Z"}},{"iob":-0.013,"basaliob":-0.013,"bolussnooze":0,"activity":-3.0E-4,"lastBolusTime":1703172077902,"time":"2023-12-21T19:46:02.517Z","iobWithZeroTemp":{"iob":-0.969,"basaliob":-0.969,"bolussnooze":0,"activity":-0.0104,"lastBolusTime":1703172077902,"time":"2023-12-21T19:46:02.517Z"}},{"iob":-0.011,"basaliob":-0.011,"bolussnooze":0,"activity":-3.0E-4,"lastBolusTime":1703172077902,"time":"2023-12-21T19:51:02.517Z","iobWithZeroTemp":{"iob":-0.983,"basaliob":-0.983,"bolussnooze":0,"activity":-0.0107,"lastBolusTime":1703172077902,"time":"2023-12-21T19:51:02.517Z"}},{"iob":-0.01,"basaliob":-0.01,"bolussnooze":0,"activity":-2.0E-4,"lastBolusTime":1703172077902,"time":"2023-12-21T19:56:02.517Z","iobWithZeroTemp":{"iob":-0.996,"basaliob":-0.996,"bolussnooze":0,"activity":-0.0108,"lastBolusTime":1703172077902,"time":"2023-12-21T19:56:02.517Z"}},{"iob":-0.009,"basaliob":-0.009,"bolussnooze":0,"activity":-2.0E-4,"lastBolusTime":1703172077902,"time":"2023-12-21T20:01:02.517Z","iobWithZeroTemp":{"iob":-1.008,"basaliob":-1.008,"bolussnooze":0,"activity":-0.0111,"lastBolusTime":1703172077902,"time":"2023-12-21T20:01:02.517Z"}},{"iob":-0.008,"basaliob":-0.008,"bolussnooze":0,"activity":-2.0E-4,"lastBolusTime":1703172077902,"time":"2023-12-21T20:06:02.517Z","iobWithZeroTemp":{"iob":-1.018,"basaliob":-1.018,"bolussnooze":0,"activity":-0.0113,"lastBolusTime":1703172077902,"time":"2023-12-21T20:06:02.517Z"}},{"iob":-0.007,"basaliob":-0.007,"bolussnooze":0,"activity":-2.0E-4,"lastBolusTime":1703172077902,"time":"2023-12-21T20:11:02.517Z","iobWithZeroTemp":{"iob":-1.028,"basaliob":-1.028,"bolussnooze":0,"activity":-0.0115,"lastBolusTime":1703172077902,"time":"2023-12-21T20:11:02.517Z"}},{"iob":-0.006,"basaliob":-0.006,"bolussnooze":0,"activity":-2.0E-4,"lastBolusTime":1703172077902,"time":"2023-12-21T20:16:02.517Z","iobWithZeroTemp":{"iob":-1.036,"basaliob":-1.036,"bolussnooze":0,"activity":-0.0117,"lastBolusTime":1703172077902,"time":"2023-12-21T20:16:02.517Z"}},{"iob":-0.005,"basaliob":-0.005,"bolussnooze":0,"activity":-1.0E-4,"lastBolusTime":1703172077902,"time":"2023-12-21T20:21:02.517Z","iobWithZeroTemp":{"iob":-1.044,"basaliob":-1.044,"bolussnooze":0,"activity":-0.0118,"lastBolusTime":1703172077902,"time":"2023-12-21T20:21:02.517Z"}},{"iob":-0.005,"basaliob":-0.005,"bolussnooze":0,"activity":-1.0E-4,"lastBolusTime":1703172077902,"time":"2023-12-21T20:26:02.517Z","iobWithZeroTemp":{"iob":-1.052,"basaliob":-1.052,"bolussnooze":0,"activity":-0.012,"lastBolusTime":1703172077902,"time":"2023-12-21T20:26:02.517Z"}},{"iob":-0.004,"basaliob":-0.004,"bolussnooze":0,"activity":-1.0E-4,"lastBolusTime":1703172077902,"time":"2023-12-21T20:31:02.517Z","iobWithZeroTemp":{"iob":-1.058,"basaliob":-1.058,"bolussnooze":0,"activity":-0.0121,"lastBolusTime":1703172077902,"time":"2023-12-21T20:31:02.517Z"}},{"iob":-0.004,"basaliob":-0.004,"bolussnooze":0,"activity":-1.0E-4,"lastBolusTime":1703172077902,"time":"2023-12-21T20:36:02.517Z","iobWithZeroTemp":{"iob":-1.064,"basaliob":-1.064,"bolussnooze":0,"activity":-0.0123,"lastBolusTime":1703172077902,"time":"2023-12-21T20:36:02.517Z"}},{"iob":-0.003,"basaliob":-0.003,"bolussnooze":0,"activity":-1.0E-4,"lastBolusTime":1703172077902,"time":"2023-12-21T20:41:02.517Z","iobWithZeroTemp":{"iob":-1.068,"basaliob":-1.068,"bolussnooze":0,"activity":-0.0124,"lastBolusTime":1703172077902,"time":"2023-12-21T20:41:02.517Z"}},{"iob":-0.003,"basaliob":-0.003,"bolussnooze":0,"activity":-1.0E-4,"lastBolusTime":1703172077902,"time":"2023-12-21T20:46:02.517Z","iobWithZeroTemp":{"iob":-1.073,"basaliob":-1.073,"bolussnooze":0,"activity":-0.0125,"lastBolusTime":1703172077902,"time":"2023-12-21T20:46:02.517Z"}},{"iob":-0.002,"basaliob":-0.002,"bolussnooze":0,"activity":-1.0E-4,"lastBolusTime":1703172077902,"time":"2023-12-21T20:51:02.517Z","iobWithZeroTemp":{"iob":-1.077,"basaliob":-1.077,"bolussnooze":0,"activity":-0.0126,"lastBolusTime":1703172077902,"time":"2023-12-21T20:51:02.517Z"}},{"iob":-0.002,"basaliob":-0.002,"bolussnooze":0,"activity":-1.0E-4,"lastBolusTime":0,"time":"2023-12-21T20:56:02.517Z","iobWithZeroTemp":{"iob":-1.081,"basaliob":-1.081,"bolussnooze":0,"activity":-0.0127,"lastBolusTime":0,"time":"2023-12-21T20:56:02.517Z"}},{"iob":-0.002,"basaliob":-0.002,"bolussnooze":0,"activity":-1.0E-4,"lastBolusTime":0,"time":"2023-12-21T21:01:02.517Z","iobWithZeroTemp":{"iob":-1.084,"basaliob":-1.084,"bolussnooze":0,"activity":-0.0128,"lastBolusTime":0,"time":"2023-12-21T21:01:02.517Z"}},{"iob":-0.001,"basaliob":-0.001,"bolussnooze":0,"activity":0,"lastBolusTime":0,"time":"2023-12-21T21:06:02.517Z","iobWithZeroTemp":{"iob":-1.086,"basaliob":-1.086,"bolussnooze":0,"activity":-0.0128,"lastBolusTime":0,"time":"2023-12-21T21:06:02.517Z"}},{"iob":-0.001,"basaliob":-0.001,"bolussnooze":0,"activity":0,"lastBolusTime":0,"time":"2023-12-21T21:11:02.517Z","iobWithZeroTemp":{"iob":-1.089,"basaliob":-1.089,"bolussnooze":0,"activity":-0.0128,"lastBolusTime":0,"time":"2023-12-21T21:11:02.517Z"}},{"iob":-0.001,"basaliob":-0.001,"bolussnooze":0,"activity":0,"lastBolusTime":0,"time":"2023-12-21T21:16:02.517Z","iobWithZeroTemp":{"iob":-1.091,"basaliob":-1.091,"bolussnooze":0,"activity":-0.0129,"lastBolusTime":0,"time":"2023-12-21T21:16:02.517Z"}},{"iob":-0.001,"basaliob":-0.001,"bolussnooze":0,"activity":0,"lastBolusTime":0,"time":"2023-12-21T21:21:02.517Z","iobWithZeroTemp":{"iob":-1.093,"basaliob":-1.093,"bolussnooze":0,"activity":-0.013,"lastBolusTime":0,"time":"2023-12-21T21:21:02.517Z"}},{"iob":-0.001,"basaliob":-0.001,"bolussnooze":0,"activity":0,"lastBolusTime":0,"time":"2023-12-21T21:26:02.517Z","iobWithZeroTemp":{"iob":-1.095,"basaliob":-1.095,"bolussnooze":0,"activity":-0.013,"lastBolusTime":0,"time":"2023-12-21T21:26:02.517Z"}},{"iob":-0.001,"basaliob":-0.001,"bolussnooze":0,"activity":0,"lastBolusTime":0,"time":"2023-12-21T21:31:02.517Z","iobWithZeroTemp":{"iob":-1.097,"basaliob":-1.097,"bolussnooze":0,"activity":-0.013,"lastBolusTime":0,"time":"2023-12-21T21:31:02.517Z"}},{"iob":0,"basaliob":0,"bolussnooze":0,"activity":0,"lastBolusTime":0,"time":"2023-12-21T21:36:02.517Z","iobWithZeroTemp":{"iob":-1.097,"basaliob":-1.097,"bolussnooze":0,"activity":-0.0131,"lastBolusTime":0,"time":"2023-12-21T21:36:02.517Z"}},{"iob":0,"basaliob":0,"bolussnooze":0,"activity":0,"lastBolusTime":0,"time":"2023-12-21T21:41:02.517Z","iobWithZeroTemp":{"iob":-1.098,"basaliob":-1.098,"bolussnooze":0,"activity":-0.0131,"lastBolusTime":0,"time":"2023-12-21T21:41:02.517Z"}},{"iob":0,"basaliob":0,"bolussnooze":0,"activity":0,"lastBolusTime":0,"time":"2023-12-21T21:46:02.517Z","iobWithZeroTemp":{"iob":-1.099,"basaliob":-1.099,"bolussnooze":0,"activity":-0.0132,"lastBolusTime":0,"time":"2023-12-21T21:46:02.517Z"}}],"profile":{"max_iob":7,"type":"current","max_daily_basal":0.8,"max_basal":5,"min_bg":80,"max_bg":90,"target_bg":85,"carb_ratio":14,"sens":57,"max_daily_safety_multiplier":9,"current_basal_safety_multiplier":8,"lgsThreshold":65,"high_temptarget_raises_sensitivity":false,"low_temptarget_lowers_sensitivity":false,"sensitivity_raises_target":false,"resistance_lowers_target":false,"adv_target_adjustments":false,"exercise_mode":false,"half_basal_exercise_target":160,"maxCOB":120,"skip_neutral_temps":false,"remainingCarbsCap":90,"enableUAM":true,"A52_risk_enable":false,"SMBInterval":3,"enableSMB_with_COB":true,"enableSMB_with_temptarget":true,"allowSMB_with_high_temptarget":true,"enableSMB_always":true,"enableSMB_after_carbs":true,"maxSMBBasalMinutes":120,"maxUAMSMBBasalMinutes":90,"bolus_increment":0.05,"carbsReqThreshold":5,"current_basal":0.8,"temptargetSet":false,"autosens_max":1.6,"autosens_min":0.6,"variable_sens":120.8,"insulinDivisor":75,"TDD":19.351045238095246},"autosens_data":{"ratio":0.9973389511032266},"meal_data":{"carbs":0,"mealCOB":0,"slopeFromMaxDeviation":0,"slopeFromMinDeviation":0.7489999999999998,"lastBolusTime":1703172077902,"lastCarbTime":0},"microBolusAllowed":true,"currentTime":1703181064508,"flatBGsDetected":false,"tdd1D":20.662500000000005,"tdd7D":21.47380952380953,"tddLast24H":21.41666666666667,"tddLast4H":3.0458333333333343,"tddLast8to4H":1.7000000000000004},"output":{"temp":"absolute","bg":87,"tick":"+2","eventualBG":104,"targetBG":85,"insulinReq":0.12,"deliverAt":"2023-12-21T17:51:04.508Z","sensitivityRatio":0.9973389511032266,"variable_sens":120.8,"predBGs":{"IOB":[87,88,90,91,92,94,95,95,96,97,98,98,98,99,99,99,100,100,100,100,100,101,101,101,101,101,101,101,102],"ZT":[87,87,88,89,90,91,92],"UAM":[87,88,89,90,91,91,92,92,93,93,94,94,94,95,95,95,95,96,96,96,96,97,97,97,97,97,97,97,98]},"reason":"COB: 0, Dev: 7, BGI: 0, ISF: 121, CR: 14, Target: 85, minPredBG 100, minGuardBG 88, IOBpredBG 102, UAMpredBG 98; Eventual BG 104 >= 90,  insulinReq 0.12. Microbolusing 0.05U. temp 0.95 < 1.04U\/hr.  25m left and 0.95 ~ req 1.0378711608825812U\/hr: no temp required","COB":0,"IOB":-0.08,"units":0.05,"timestamp":"2023-12-21T17:51:04.529Z"}}