{"algorithm":"OpenAPSSMBDynamicISFPlugin","input":{"glucoseStatus":{"glucose":154,"noise":0,"delta":5,"short_avgdelta":4.5,"long_avgdelta":3.02,"date":1703190337000},"currenttemp":{"temp":"absolute","duration":25,"rate":0.25,"minutesrunning":5},"iob_data":[{"iob":1.68,"basaliob":-0.652,"bolussnooze":0.6613,"activity":0.0171,"lastBolusTime":1703190070583,"time":"2023-12-21T20:26:02.393Z","iobWithZeroTemp":{"iob":1.68,"basaliob":-0.652,"bolussnooze":0.6613,"activity":0.0171,"lastBolusTime":1703190070583,"time":"2023-12-21T20:26:02.393Z"}},{"iob":1.594,"basaliob":-0.613,"bolussnooze":0.5643,"activity":0.0176,"lastBolusTime":1703190070583,"time":"2023-12-21T20:31:02.393Z","iobWithZeroTemp":{"iob":1.541,"basaliob":-0.666,"bolussnooze":0.5643,"activity":0.0175,"lastBolusTime":1703190070583,"time":"2023-12-21T20:31:02.393Z"}},{"iob":1.505,"basaliob":-0.575,"bolussnooze":0.4772,"activity":0.0178,"lastBolusTime":1703190070583,"time":"2023-12-21T20:36:02.393Z","iobWithZeroTemp":{"iob":1.386,"basaliob":-0.694,"bolussnooze":0.4772,"activity":0.0176,"lastBolusTime":1703190070583,"time":"2023-12-21T20:36:02.393Z"}},{"iob":1.416,"basaliob":-0.538,"bolussnooze":0.4,"activity":0.0177,"lastBolusTime":1703190070583,"time":"2023-12-21T20:41:02.393Z","iobWithZeroTemp":{"iob":1.232,"basaliob":-0.722,"bolussnooze":0.4,"activity":0.0171,"lastBolusTime":1703190070583,"time":"2023-12-21T20:41:02.393Z"}},{"iob":1.327,"basaliob":-0.502,"bolussnooze":0.3326,"activity":0.0175,"lastBolusTime":1703190070583,"time":"2023-12-21T20:46:02.393Z","iobWithZeroTemp":{"iob":1.08,"basaliob":-0.749,"bolussnooze":0.3326,"activity":0.0165,"lastBolusTime":1703190070583,"time":"2023-12-21T20:46:02.393Z"}},{"iob":1.24,"basaliob":-0.467,"bolussnooze":0.2745,"activity":0.0171,"lastBolusTime":1703190070583,"time":"2023-12-21T20:51:02.393Z","iobWithZeroTemp":{"iob":0.932,"basaliob":-0.775,"bolussnooze":0.2745,"activity":0.0157,"lastBolusTime":1703190070583,"time":"2023-12-21T20:51:02.393Z"}},{"iob":1.156,"basaliob":-0.433,"bolussnooze":0.2248,"activity":0.0166,"lastBolusTime":1703190070583,"time":"2023-12-21T20:56:02.393Z","iobWithZeroTemp":{"iob":0.79,"basaliob":-0.799,"bolussnooze":0.2248,"activity":0.0147,"lastBolusTime":1703190070583,"time":"2023-12-21T20:56:02.393Z"}},{"iob":1.074,"basaliob":-0.401,"bolussnooze":0.1827,"activity":0.016,"lastBolusTime":1703190070583,"time":"2023-12-21T21:01:02.393Z","iobWithZeroTemp":{"iob":0.652,"basaliob":-0.823,"bolussnooze":0.1827,"activity":0.0135,"lastBolusTime":1703190070583,"time":"2023-12-21T21:01:02.393Z"}},{"iob":0.996,"basaliob":-0.37,"bolussnooze":0.1473,"activity":0.0153,"lastBolusTime":1703190070583,"time":"2023-12-21T21:06:02.393Z","iobWithZeroTemp":{"iob":0.521,"basaliob":-0.845,"bolussnooze":0.1473,"activity":0.0123,"lastBolusTime":1703190070583,"time":"2023-12-21T21:06:02.393Z"}},{"iob":0.921,"basaliob":-0.341,"bolussnooze":0.1179,"activity":0.0146,"lastBolusTime":1703190070583,"time":"2023-12-21T21:11:02.393Z","iobWithZeroTemp":{"iob":0.396,"basaliob":-0.866,"bolussnooze":0.1179,"activity":0.011,"lastBolusTime":1703190070583,"time":"2023-12-21T21:11:02.393Z"}},{"iob":0.85,"basaliob":-0.313,"bolussnooze":0.0936,"activity":0.0139,"lastBolusTime":1703190070583,"time":"2023-12-21T21:16:02.393Z","iobWithZeroTemp":{"iob":0.278,"basaliob":-0.885,"bolussnooze":0.0936,"activity":0.0097,"lastBolusTime":1703190070583,"time":"2023-12-21T21:16:02.393Z"}},{"iob":0.783,"basaliob":-0.287,"bolussnooze":0.0737,"activity":0.0131,"lastBolusTime":1703190070583,"time":"2023-12-21T21:21:02.393Z","iobWithZeroTemp":{"iob":0.166,"basaliob":-0.904,"bolussnooze":0.0737,"activity":0.0084,"lastBolusTime":1703190070583,"time":"2023-12-21T21:21:02.393Z"}},{"iob":0.719,"basaliob":-0.263,"bolussnooze":0.0576,"activity":0.0123,"lastBolusTime":1703190070583,"time":"2023-12-21T21:26:02.393Z","iobWithZeroTemp":{"iob":0.061,"basaliob":-0.921,"bolussnooze":0.0576,"activity":0.007,"lastBolusTime":1703190070583,"time":"2023-12-21T21:26:02.393Z"}},{"iob":0.659,"basaliob":-0.24,"bolussnooze":0.0445,"activity":0.0116,"lastBolusTime":1703190070583,"time":"2023-12-21T21:31:02.393Z","iobWithZeroTemp":{"iob":-0.038,"basaliob":-0.937,"bolussnooze":0.0445,"activity":0.0057,"lastBolusTime":1703190070583,"time":"2023-12-21T21:31:02.393Z"}},{"iob":0.603,"basaliob":-0.219,"bolussnooze":0.0342,"activity":0.0108,"lastBolusTime":1703190070583,"time":"2023-12-21T21:36:02.393Z","iobWithZeroTemp":{"iob":-0.13,"basaliob":-0.952,"bolussnooze":0.0342,"activity":0.0044,"lastBolusTime":1703190070583,"time":"2023-12-21T21:36:02.393Z"}},{"iob":0.551,"basaliob":-0.199,"bolussnooze":0.026,"activity":0.0101,"lastBolusTime":1703190070583,"time":"2023-12-21T21:41:02.393Z","iobWithZeroTemp":{"iob":-0.216,"basaliob":-0.966,"bolussnooze":0.026,"activity":0.0032,"lastBolusTime":1703190070583,"time":"2023-12-21T21:41:02.393Z"}},{"iob":0.502,"basaliob":-0.181,"bolussnooze":0.0196,"activity":0.0094,"lastBolusTime":1703190070583,"time":"2023-12-21T21:46:02.393Z","iobWithZeroTemp":{"iob":-0.296,"basaliob":-0.979,"bolussnooze":0.0196,"activity":0.002,"lastBolusTime":1703190070583,"time":"2023-12-21T21:46:02.393Z"}},{"iob":0.456,"basaliob":-0.164,"bolussnooze":0.0147,"activity":0.0088,"lastBolusTime":1703190070583,"time":"2023-12-21T21:51:02.393Z","iobWithZeroTemp":{"iob":-0.37,"basaliob":-0.99,"bolussnooze":0.0147,"activity":0.001,"lastBolusTime":1703190070583,"time":"2023-12-21T21:51:02.393Z"}},{"iob":0.414,"basaliob":-0.149,"bolussnooze":0.0109,"activity":0.0081,"lastBolusTime":1703190070583,"time":"2023-12-21T21:56:02.393Z","iobWithZeroTemp":{"iob":-0.439,"basaliob":-1.002,"bolussnooze":0.0109,"activity":-2.0E-4,"lastBolusTime":1703190070583,"time":"2023-12-21T21:56:02.393Z"}},{"iob":0.376,"basaliob":-0.134,"bolussnooze":0.008,"activity":0.0074,"lastBolusTime":1703190070583,"time":"2023-12-21T22:01:02.393Z","iobWithZeroTemp":{"iob":-0.501,"basaliob":-1.011,"bolussnooze":0.008,"activity":-0.0013,"lastBolusTime":1703190070583,"time":"2023-12-21T22:01:02.393Z"}},{"iob":0.34,"basaliob":-0.121,"bolussnooze":0.0058,"activity":0.0069,"lastBolusTime":1703190070583,"time":"2023-12-21T22:06:02.393Z","iobWithZeroTemp":{"iob":-0.56,"basaliob":-1.021,"bolussnooze":0.0058,"activity":-0.0022,"lastBolusTime":1703190070583,"time":"2023-12-21T22:06:02.393Z"}},{"iob":0.306,"basaliob":-0.109,"bolussnooze":0.0042,"activity":0.0064,"lastBolusTime":1703190070583,"time":"2023-12-21T22:11:02.393Z","iobWithZeroTemp":{"iob":-0.614,"basaliob":-1.029,"bolussnooze":0.0042,"activity":-0.003,"lastBolusTime":1703190070583,"time":"2023-12-21T22:11:02.393Z"}},{"iob":0.276,"basaliob":-0.098,"bolussnooze":0.0029,"activity":0.0058,"lastBolusTime":1703190070583,"time":"2023-12-21T22:16:02.393Z","iobWithZeroTemp":{"iob":-0.663,"basaliob":-1.037,"bolussnooze":0.0029,"activity":-0.004,"lastBolusTime":1703190070583,"time":"2023-12-21T22:16:02.393Z"}},{"iob":0.248,"basaliob":-0.088,"bolussnooze":0.0019,"activity":0.0054,"lastBolusTime":1703190070583,"time":"2023-12-21T22:21:02.393Z","iobWithZeroTemp":{"iob":-0.708,"basaliob":-1.044,"bolussnooze":0.0019,"activity":-0.0047,"lastBolusTime":1703190070583,"time":"2023-12-21T22:21:02.393Z"}},{"iob":0.223,"basaliob":-0.078,"bolussnooze":0.0012,"activity":0.0048,"lastBolusTime":1703190070583,"time":"2023-12-21T22:26:02.393Z","iobWithZeroTemp":{"iob":-0.749,"basaliob":-1.05,"bolussnooze":0.0012,"activity":-0.0056,"lastBolusTime":1703190070583,"time":"2023-12-21T22:26:02.393Z"}},{"iob":0.199,"basaliob":-0.07,"bolussnooze":7.0E-4,"activity":0.0044,"lastBolusTime":1703190070583,"time":"2023-12-21T22:31:02.393Z","iobWithZeroTemp":{"iob":-0.787,"basaliob":-1.056,"bolussnooze":7.0E-4,"activity":-0.0062,"lastBolusTime":1703190070583,"time":"2023-12-21T22:31:02.393Z"}},{"iob":0.179,"basaliob":-0.062,"bolussnooze":4.0E-4,"activity":0.004,"lastBolusTime":1703190070583,"time":"2023-12-21T22:36:02.393Z","iobWithZeroTemp":{"iob":-0.82,"basaliob":-1.061,"bolussnooze":4.0E-4,"activity":-0.0069,"lastBolusTime":1703190070583,"time":"2023-12-21T22:36:02.393Z"}},{"iob":0.159,"basaliob":-0.055,"bolussnooze":2.0E-4,"activity":0.0037,"lastBolusTime":1703190070583,"time":"2023-12-21T22:41:02.393Z","iobWithZeroTemp":{"iob":-0.851,"basaliob":-1.065,"bolussnooze":2.0E-4,"activity":-0.0074,"lastBolusTime":1703190070583,"time":"2023-12-21T22:41:02.393Z"}},{"iob":0.142,"basaliob":-0.049,"bolussnooze":1.0E-4,"activity":0.0033,"lastBolusTime":1703190070583,"time":"2023-12-21T22:46:02.393Z","iobWithZeroTemp":{"iob":-0.879,"basaliob":-1.07,"bolussnooze":1.0E-4,"activity":-0.008,"lastBolusTime":1703190070583,"time":"2023-12-21T22:46:02.393Z"}},{"iob":0.126,"basaliob":-0.043,"bolussnooze":0,"activity":0.003,"lastBolusTime":1703190070583,"time":"2023-12-21T22:51:02.393Z","iobWithZeroTemp":{"iob":-0.904,"basaliob":-1.073,"bolussnooze":0,"activity":-0.0085,"lastBolusTime":1703190070583,"time":"2023-12-21T22:51:02.393Z"}},{"iob":0.112,"basaliob":-0.038,"bolussnooze":0,"activity":0.0027,"lastBolusTime":1703190070583,"time":"2023-12-21T22:56:02.393Z","iobWithZeroTemp":{"iob":-0.927,"basaliob":-1.077,"bolussnooze":0,"activity":-0.009,"lastBolusTime":1703190070583,"time":"2023-12-21T22:56:02.393Z"}},{"iob":0.098,"basaliob":-0.034,"bolussnooze":0,"activity":0.0024,"lastBolusTime":1703190070583,"time":"2023-12-21T23:01:02.393Z","iobWithZeroTemp":{"iob":-0.949,"basaliob":-1.081,"bolussnooze":0,"activity":-0.0095,"lastBolusTime":1703190070583,"time":"2023-12-21T23:01:02.393Z"}},{"iob":0.086,"basaliob":-0.03,"bolussnooze":0,"activity":0.0022,"lastBolusTime":1703190070583,"time":"2023-12-21T23:06:02.393Z","iobWithZeroTemp":{"iob":-0.959,"basaliob":-1.075,"bolussnooze":0,"activity":-0.0098,"lastBolusTime":1703190070583,"time":"2023-12-21T23:06:02.393Z"}},{"iob":0.076,"basaliob":-0.026,"bolussnooze":0,"activity":0.002,"lastBolusTime":1703190070583,"time":"2023-12-21T23:11:02.393Z","iobWithZeroTemp":{"iob":-0.967,"basaliob":-1.069,"bolussnooze":0,"activity":-0.0101,"lastBolusTime":1703190070583,"time":"2023-12-21T23:11:02.393Z"}},{"iob":0.067,"basaliob":-0.022,"bolussnooze":0,"activity":0.0018,"lastBolusTime":1703190070583,"time":"2023-12-21T23:16:02.393Z","iobWithZeroTemp":{"iob":-0.974,"basaliob":-1.063,"bolussnooze":0,"activity":-0.0104,"lastBolusTime":1703190070583,"time":"2023-12-21T23:16:02.393Z"}},{"iob":0.059,"basaliob":-0.019,"bolussnooze":0,"activity":0.0015,"lastBolusTime":1703190070583,"time":"2023-12-21T23:21:02.393Z","iobWithZeroTemp":{"iob":-0.979,"basaliob":-1.057,"bolussnooze":0,"activity":-0.0108,"lastBolusTime":1703190070583,"time":"2023-12-21T23:21:02.393Z"}},{"iob":0.051,"basaliob":-0.017,"bolussnooze":0,"activity":0.0014,"lastBolusTime":1703190070583,"time":"2023-12-21T23:26:02.393Z","iobWithZeroTemp":{"iob":-0.984,"basaliob":-1.052,"bolussnooze":0,"activity":-0.0109,"lastBolusTime":1703190070583,"time":"2023-12-21T23:26:02.393Z"}},{"iob":0.045,"basaliob":-0.014,"bolussnooze":0,"activity":0.0013,"lastBolusTime":1703190070583,"time":"2023-12-21T23:31:02.393Z","iobWithZeroTemp":{"iob":-0.987,"basaliob":-1.046,"bolussnooze":0,"activity":-0.0111,"lastBolusTime":1703190070583,"time":"2023-12-21T23:31:02.393Z"}},{"iob":0.039,"basaliob":-0.012,"bolussnooze":0,"activity":0.0011,"lastBolusTime":1703190070583,"time":"2023-12-21T23:36:02.393Z","iobWithZeroTemp":{"iob":-0.989,"basaliob":-1.04,"bolussnooze":0,"activity":-0.0113,"lastBolusTime":1703190070583,"time":"2023-12-21T23:36:02.393Z"}},{"iob":0.033,"basaliob":-0.011,"bolussnooze":0,"activity":0.001,"lastBolusTime":1703190070583,"time":"2023-12-21T23:41:02.393Z","iobWithZeroTemp":{"iob":-0.992,"basaliob":-1.036,"bolussnooze":0,"activity":-0.0114,"lastBolusTime":1703190070583,"time":"2023-12-21T23:41:02.393Z"}},{"iob":0.028,"basaliob":-0.009,"bolussnooze":0,"activity":9.0E-4,"lastBolusTime":1703190070583,"time":"2023-12-21T23:46:02.393Z","iobWithZeroTemp":{"iob":-0.993,"basaliob":-1.03,"bolussnooze":0,"activity":-0.0115,"lastBolusTime":1703190070583,"time":"2023-12-21T23:46:02.393Z"}},{"iob":0.024,"basaliob":-0.008,"bolussnooze":0,"activity":7.0E-4,"lastBolusTime":1703190070583,"time":"2023-12-21T23:51:02.393Z","iobWithZeroTemp":{"iob":-0.994,"basaliob":-1.026,"bolussnooze":0,"activity":-0.0117,"lastBolusTime":1703190070583,"time":"2023-12-21T23:51:02.393Z"}},{"iob":0.021,"basaliob":-0.006,"bolussnooze":0,"activity":7.0E-4,"lastBolusTime":1703190070583,"time":"2023-12-21T23:56:02.393Z","iobWithZeroTemp":{"iob":-0.993,"basaliob":-1.02,"bolussnooze":0,"activity":-0.0117,"lastBolusTime":1703190070583,"time":"2023-12-21T23:56:02.393Z"}},{"iob":0.018,"basaliob":-0.005,"bolussnooze":0,"activity":6.0E-4,"lastBolusTime":1703190070583,"time":"2023-12-22T00:01:02.393Z","iobWithZeroTemp":{"iob":-0.993,"basaliob":-1.016,"bolussnooze":0,"activity":-0.0117,"lastBolusTime":1703190070583,"time":"2023-12-22T00:01:02.393Z"}},{"iob":0.015,"basaliob":-0.004,"bolussnooze":0,"activity":5.0E-4,"lastBolusTime":1703190070583,"time":"2023-12-22T00:06:02.393Z","iobWithZeroTemp":{"iob":-0.993,"basaliob":-1.012,"bolussnooze":0,"activity":-0.0118,"lastBolusTime":1703190070583,"time":"2023-12-22T00:06:02.393Z"}},{"iob":0.012,"basaliob":-0.004,"bolussnooze":0,"activity":5.0E-4,"lastBolusTime":1703190070583,"time":"2023-12-22T00:11:02.393Z","iobWithZeroTemp":{"iob":-0.993,"basaliob":-1.009,"bolussnooze":0,"activity":-0.0118,"lastBolusTime":1703190070583,"time":"2023-12-22T00:11:02.393Z"}},{"iob":0.01,"basaliob":-0.003,"bolussnooze":0,"activity":4.0E-4,"lastBolusTime":1703190070583,"time":"2023-12-22T00:16:02.393Z","iobWithZeroTemp":{"iob":-0.992,"basaliob":-1.005,"bolussnooze":0,"activity":-0.0119,"lastBolusTime":1703190070583,"time":"2023-12-22T00:16:02.393Z"}},{"iob":0.009,"basaliob":-0.002,"bolussnooze":0,"activity":3.0E-4,"lastBolusTime":1703190070583,"time":"2023-12-22T00:21:02.393Z","iobWithZeroTemp":{"iob":-0.99,"basaliob":-1.001,"bolussnooze":0,"activity":-0.0119,"lastBolusTime":1703190070583,"time":"2023-12-22T00:21:02.393Z"}}],"profile":{"max_iob":7,"type":"current","max_daily_basal":0.8,"max_basal":5,"min_bg":80,"max_bg":90,"target_bg":85,"carb_ratio":14,"sens":57,"max_daily_safety_multiplier":9,"current_basal_safety_multiplier":8,"lgsThreshold":65,"high_temptarget_raises_sensitivity":false,"low_temptarget_lowers_sensitivity":false,"sensitivity_raises_target":false,"resistance_lowers_target":false,"adv_target_adjustments":false,"exercise_mode":false,"half_basal_exercise_target":160,"maxCOB":120,"skip_neutral_temps":false,"remainingCarbsCap":90,"enableUAM":true,"A52_risk_enable":false,"SMBInterval":3,"enableSMB_with_COB":true,"enableSMB_with_temptarget":true,"allowSMB_with_high_temptarget":true,"enableSMB_always":true,"enableSMB_after_carbs":true,"maxSMBBasalMinutes":120,"maxUAMSMBBasalMinutes":90,"bolus_increment":0.05,"carbsReqThreshold":5,"current_basal":0.8,"temptargetSet":false,"autosens_max":1.6,"autosens_min":0.6,"variable_sens":66.3,"insulinDivisor":75,"TDD":24.31259523809524},"autosens_data":{"ratio":1.1131777358908967},"meal_data":{"carbs":0,"mealCOB":0,"slopeFromMaxDeviation":-0.16659999999999986,"slopeFromMinDeviation":0.6668000000000002,"lastBolusTime":1703190070583,"lastCarbTime":0},"microBolusAllowed":true,"currentTime":1703190364144,"flatBGsDetected":false,"tdd1D":20.662500000000005,"tdd7D":21.47380952380953,"tddLast24H":23.90416666666667,"tddLast4H":6.216666666666667,"tddLast8to4H":2.654166666666666},"output":{"temp":"absolute","bg":154,"tick":"+5","eventualBG":231,"targetBG":85,"insulinReq":1.13,"deliverAt":"2023-12-21T20:26:04.144Z","sensitivityRatio":1.1131777358908967,"variable_sens":66.3,"predBGs":{"IOB":[154,158,160,162,163,164,163,162,161,158,155,151,147,143,139,135,131,128,125,122,119,116,114,111,109,107,105,103,102,100,99,98,97,96,95,94,94,93,92,92,91,91,91,90,90,90,90,89],"ZT":[154,148,142,136,130,124,118,112,107,102,97,93,89,86,83,81,79,78,77,78,78,79,81,83,85],"UAM":[154,158,162,166,169,173,176,179,182,185,188,191,194,197,200,203,205,208,211,213,216,218,221,223,225,226,228,230,231,232,233,234,234,234,234,234,234,233,233,233,233,232,232,232,232,232,232,231]},"reason":"COB: 0, Dev: 61, BGI: -6, ISF: 66, CR: 14, Target: 85, minPredBG 160, minGuardBG 158, IOBpredBG 89, UAMpredBG 231; Eventual BG 231 >= 90,  insulinReq 1.13; setting 30m low temp of 0.62U\/h. Microbolusing 0.55U. ","COB":0,"IOB":1.68,"units":0.55,"rate":0.62,"duration":30,"timestamp":"2023-12-21T20:26:04.151Z"}}