{"algorithm":"OpenAPSSMBDynamicISFPlugin","input":{"glucoseStatus":{"glucose":91,"noise":0,"delta":-1,"short_avgdelta":-1.5,"long_avgdelta":-1.29,"date":1703083537000},"currenttemp":{"temp":"absolute","duration":65,"rate":0,"minutesrunning":25},"iob_data":[{"iob":0.367,"basaliob":-0.214,"bolussnooze":0.2395,"activity":0.0048,"lastBolusTime":1703081770532,"time":"2023-12-20T14:45:53.643Z","iobWithZeroTemp":{"iob":0.367,"basaliob":-0.214,"bolussnooze":0.2395,"activity":0.0048,"lastBolusTime":1703081770532,"time":"2023-12-20T14:45:53.643Z"}},{"iob":0.343,"basaliob":-0.208,"bolussnooze":0.2075,"activity":0.0047,"lastBolusTime":1703081770532,"time":"2023-12-20T14:50:53.643Z","iobWithZeroTemp":{"iob":0.296,"basaliob":-0.255,"bolussnooze":0.2075,"activity":0.0047,"lastBolusTime":1703081770532,"time":"2023-12-20T14:50:53.643Z"}},{"iob":0.32,"basaliob":-0.2,"bolussnooze":0.178,"activity":0.0046,"lastBolusTime":1703081770532,"time":"2023-12-20T14:55:53.643Z","iobWithZeroTemp":{"iob":0.216,"basaliob":-0.304,"bolussnooze":0.178,"activity":0.0044,"lastBolusTime":1703081770532,"time":"2023-12-20T14:55:53.643Z"}},{"iob":0.298,"basaliob":-0.192,"bolussnooze":0.1513,"activity":0.0044,"lastBolusTime":1703081770532,"time":"2023-12-20T15:00:53.643Z","iobWithZeroTemp":{"iob":0.137,"basaliob":-0.353,"bolussnooze":0.1513,"activity":0.0039,"lastBolusTime":1703081770532,"time":"2023-12-20T15:00:53.643Z"}},{"iob":0.276,"basaliob":-0.183,"bolussnooze":0.1275,"activity":0.0042,"lastBolusTime":1703081770532,"time":"2023-12-20T15:05:53.643Z","iobWithZeroTemp":{"iob":0.06,"basaliob":-0.399,"bolussnooze":0.1275,"activity":0.0034,"lastBolusTime":1703081770532,"time":"2023-12-20T15:05:53.643Z"}},{"iob":0.255,"basaliob":-0.174,"bolussnooze":0.1066,"activity":0.004,"lastBolusTime":1703081770532,"time":"2023-12-20T15:10:53.643Z","iobWithZeroTemp":{"iob":-0.014,"basaliob":-0.443,"bolussnooze":0.1066,"activity":0.0028,"lastBolusTime":1703081770532,"time":"2023-12-20T15:10:53.643Z"}},{"iob":0.236,"basaliob":-0.164,"bolussnooze":0.0885,"activity":0.0038,"lastBolusTime":1703081770532,"time":"2023-12-20T15:15:53.643Z","iobWithZeroTemp":{"iob":-0.084,"basaliob":-0.484,"bolussnooze":0.0885,"activity":0.0021,"lastBolusTime":1703081770532,"time":"2023-12-20T15:15:53.643Z"}},{"iob":0.217,"basaliob":-0.155,"bolussnooze":0.0729,"activity":0.0036,"lastBolusTime":1703081770532,"time":"2023-12-20T15:20:53.643Z","iobWithZeroTemp":{"iob":-0.152,"basaliob":-0.524,"bolussnooze":0.0729,"activity":0.0014,"lastBolusTime":1703081770532,"time":"2023-12-20T15:20:53.643Z"}},{"iob":0.2,"basaliob":-0.145,"bolussnooze":0.0596,"activity":0.0034,"lastBolusTime":1703081770532,"time":"2023-12-20T15:25:53.643Z","iobWithZeroTemp":{"iob":-0.216,"basaliob":-0.561,"bolussnooze":0.0596,"activity":7.0E-4,"lastBolusTime":1703081770532,"time":"2023-12-20T15:25:53.643Z"}},{"iob":0.183,"basaliob":-0.136,"bolussnooze":0.0484,"activity":0.0031,"lastBolusTime":1703081770532,"time":"2023-12-20T15:30:53.643Z","iobWithZeroTemp":{"iob":-0.276,"basaliob":-0.595,"bolussnooze":0.0484,"activity":-1.0E-4,"lastBolusTime":1703081770532,"time":"2023-12-20T15:30:53.643Z"}},{"iob":0.168,"basaliob":-0.127,"bolussnooze":0.039,"activity":0.003,"lastBolusTime":1703081770532,"time":"2023-12-20T15:35:53.643Z","iobWithZeroTemp":{"iob":-0.333,"basaliob":-0.628,"bolussnooze":0.039,"activity":-7.0E-4,"lastBolusTime":1703081770532,"time":"2023-12-20T15:35:53.643Z"}},{"iob":0.153,"basaliob":-0.118,"bolussnooze":0.0311,"activity":0.0028,"lastBolusTime":1703081770532,"time":"2023-12-20T15:40:53.643Z","iobWithZeroTemp":{"iob":-0.387,"basaliob":-0.658,"bolussnooze":0.0311,"activity":-0.0014,"lastBolusTime":1703081770532,"time":"2023-12-20T15:40:53.643Z"}},{"iob":0.14,"basaliob":-0.109,"bolussnooze":0.0246,"activity":0.0026,"lastBolusTime":1703081770532,"time":"2023-12-20T15:45:53.643Z","iobWithZeroTemp":{"iob":-0.436,"basaliob":-0.685,"bolussnooze":0.0246,"activity":-0.002,"lastBolusTime":1703081770532,"time":"2023-12-20T15:45:53.643Z"}},{"iob":0.128,"basaliob":-0.101,"bolussnooze":0.0193,"activity":0.0024,"lastBolusTime":1703081770532,"time":"2023-12-20T15:50:53.643Z","iobWithZeroTemp":{"iob":-0.482,"basaliob":-0.711,"bolussnooze":0.0193,"activity":-0.0027,"lastBolusTime":1703081770532,"time":"2023-12-20T15:50:53.643Z"}},{"iob":0.115,"basaliob":-0.094,"bolussnooze":0.0149,"activity":0.0022,"lastBolusTime":1703081770532,"time":"2023-12-20T15:55:53.643Z","iobWithZeroTemp":{"iob":-0.526,"basaliob":-0.735,"bolussnooze":0.0149,"activity":-0.0034,"lastBolusTime":1703081770532,"time":"2023-12-20T15:55:53.643Z"}},{"iob":0.105,"basaliob":-0.086,"bolussnooze":0.0114,"activity":0.0021,"lastBolusTime":1703081770532,"time":"2023-12-20T16:00:53.643Z","iobWithZeroTemp":{"iob":-0.566,"basaliob":-0.757,"bolussnooze":0.0114,"activity":-0.0039,"lastBolusTime":1703081770532,"time":"2023-12-20T16:00:53.643Z"}},{"iob":0.096,"basaliob":-0.079,"bolussnooze":0.0086,"activity":0.0019,"lastBolusTime":1703081770532,"time":"2023-12-20T16:05:53.643Z","iobWithZeroTemp":{"iob":-0.602,"basaliob":-0.777,"bolussnooze":0.0086,"activity":-0.0045,"lastBolusTime":1703081770532,"time":"2023-12-20T16:05:53.643Z"}},{"iob":0.086,"basaliob":-0.073,"bolussnooze":0.0064,"activity":0.0017,"lastBolusTime":1703081770532,"time":"2023-12-20T16:10:53.643Z","iobWithZeroTemp":{"iob":-0.637,"basaliob":-0.796,"bolussnooze":0.0064,"activity":-0.0051,"lastBolusTime":1703081770532,"time":"2023-12-20T16:10:53.643Z"}},{"iob":0.077,"basaliob":-0.067,"bolussnooze":0.0047,"activity":0.0016,"lastBolusTime":1703081770532,"time":"2023-12-20T16:15:53.643Z","iobWithZeroTemp":{"iob":-0.669,"basaliob":-0.813,"bolussnooze":0.0047,"activity":-0.0056,"lastBolusTime":1703081770532,"time":"2023-12-20T16:15:53.643Z"}},{"iob":0.07,"basaliob":-0.061,"bolussnooze":0.0033,"activity":0.0015,"lastBolusTime":1703081770532,"time":"2023-12-20T16:20:53.643Z","iobWithZeroTemp":{"iob":-0.698,"basaliob":-0.829,"bolussnooze":0.0033,"activity":-0.0061,"lastBolusTime":1703081770532,"time":"2023-12-20T16:20:53.643Z"}},{"iob":0.063,"basaliob":-0.056,"bolussnooze":0.0023,"activity":0.0014,"lastBolusTime":1703081770532,"time":"2023-12-20T16:25:53.643Z","iobWithZeroTemp":{"iob":-0.724,"basaliob":-0.843,"bolussnooze":0.0023,"activity":-0.0065,"lastBolusTime":1703081770532,"time":"2023-12-20T16:25:53.643Z"}},{"iob":0.056,"basaliob":-0.051,"bolussnooze":0.0015,"activity":0.0012,"lastBolusTime":1703081770532,"time":"2023-12-20T16:30:53.643Z","iobWithZeroTemp":{"iob":-0.749,"basaliob":-0.856,"bolussnooze":0.0015,"activity":-0.007,"lastBolusTime":1703081770532,"time":"2023-12-20T16:30:53.643Z"}},{"iob":0.051,"basaliob":-0.046,"bolussnooze":9.0E-4,"activity":0.0011,"lastBolusTime":1703081770532,"time":"2023-12-20T16:35:53.643Z","iobWithZeroTemp":{"iob":-0.77,"basaliob":-0.867,"bolussnooze":9.0E-4,"activity":-0.0074,"lastBolusTime":1703081770532,"time":"2023-12-20T16:35:53.643Z"}},{"iob":0.045,"basaliob":-0.042,"bolussnooze":5.0E-4,"activity":0.001,"lastBolusTime":1703081770532,"time":"2023-12-20T16:40:53.643Z","iobWithZeroTemp":{"iob":-0.791,"basaliob":-0.878,"bolussnooze":5.0E-4,"activity":-0.0078,"lastBolusTime":1703081770532,"time":"2023-12-20T16:40:53.643Z"}},{"iob":0.04,"basaliob":-0.038,"bolussnooze":3.0E-4,"activity":9.0E-4,"lastBolusTime":1703081770532,"time":"2023-12-20T16:45:53.643Z","iobWithZeroTemp":{"iob":-0.81,"basaliob":-0.888,"bolussnooze":3.0E-4,"activity":-0.0082,"lastBolusTime":1703081770532,"time":"2023-12-20T16:45:53.643Z"}},{"iob":0.036,"basaliob":-0.034,"bolussnooze":1.0E-4,"activity":8.0E-4,"lastBolusTime":1703081770532,"time":"2023-12-20T16:50:53.643Z","iobWithZeroTemp":{"iob":-0.826,"basaliob":-0.896,"bolussnooze":1.0E-4,"activity":-0.0085,"lastBolusTime":1703081770532,"time":"2023-12-20T16:50:53.643Z"}},{"iob":0.032,"basaliob":-0.031,"bolussnooze":0,"activity":8.0E-4,"lastBolusTime":1703081770532,"time":"2023-12-20T16:55:53.643Z","iobWithZeroTemp":{"iob":-0.842,"basaliob":-0.905,"bolussnooze":0,"activity":-0.0087,"lastBolusTime":1703081770532,"time":"2023-12-20T16:55:53.643Z"}},{"iob":0.028,"basaliob":-0.028,"bolussnooze":0,"activity":7.0E-4,"lastBolusTime":1703081770532,"time":"2023-12-20T17:00:53.643Z","iobWithZeroTemp":{"iob":-0.856,"basaliob":-0.912,"bolussnooze":0,"activity":-0.009,"lastBolusTime":1703081770532,"time":"2023-12-20T17:00:53.643Z"}},{"iob":0.025,"basaliob":-0.025,"bolussnooze":0,"activity":7.0E-4,"lastBolusTime":1703081770532,"time":"2023-12-20T17:05:53.643Z","iobWithZeroTemp":{"iob":-0.876,"basaliob":-0.926,"bolussnooze":0,"activity":-0.0092,"lastBolusTime":1703081770532,"time":"2023-12-20T17:05:53.643Z"}},{"iob":0.022,"basaliob":-0.022,"bolussnooze":0,"activity":6.0E-4,"lastBolusTime":1703081770532,"time":"2023-12-20T17:10:53.643Z","iobWithZeroTemp":{"iob":-0.896,"basaliob":-0.94,"bolussnooze":0,"activity":-0.0095,"lastBolusTime":1703081770532,"time":"2023-12-20T17:10:53.643Z"}},{"iob":0.019,"basaliob":-0.02,"bolussnooze":0,"activity":6.0E-4,"lastBolusTime":1703081770532,"time":"2023-12-20T17:15:53.643Z","iobWithZeroTemp":{"iob":-0.914,"basaliob":-0.953,"bolussnooze":0,"activity":-0.0097,"lastBolusTime":1703081770532,"time":"2023-12-20T17:15:53.643Z"}},{"iob":0.017,"basaliob":-0.018,"bolussnooze":0,"activity":5.0E-4,"lastBolusTime":1703081770532,"time":"2023-12-20T17:20:53.643Z","iobWithZeroTemp":{"iob":-0.931,"basaliob":-0.966,"bolussnooze":0,"activity":-0.01,"lastBolusTime":1703081770532,"time":"2023-12-20T17:20:53.643Z"}},{"iob":0.015,"basaliob":-0.016,"bolussnooze":0,"activity":4.0E-4,"lastBolusTime":1703081770532,"time":"2023-12-20T17:25:53.643Z","iobWithZeroTemp":{"iob":-0.947,"basaliob":-0.978,"bolussnooze":0,"activity":-0.0103,"lastBolusTime":1703081770532,"time":"2023-12-20T17:25:53.643Z"}},{"iob":0.013,"basaliob":-0.014,"bolussnooze":0,"activity":4.0E-4,"lastBolusTime":1703081770532,"time":"2023-12-20T17:30:53.643Z","iobWithZeroTemp":{"iob":-0.961,"basaliob":-0.988,"bolussnooze":0,"activity":-0.0105,"lastBolusTime":1703081770532,"time":"2023-12-20T17:30:53.643Z"}},{"iob":0.011,"basaliob":-0.013,"bolussnooze":0,"activity":3.0E-4,"lastBolusTime":1703081770532,"time":"2023-12-20T17:35:53.643Z","iobWithZeroTemp":{"iob":-0.975,"basaliob":-0.999,"bolussnooze":0,"activity":-0.0108,"lastBolusTime":1703081770532,"time":"2023-12-20T17:35:53.643Z"}},{"iob":0.01,"basaliob":-0.011,"bolussnooze":0,"activity":3.0E-4,"lastBolusTime":1703081770532,"time":"2023-12-20T17:40:53.643Z","iobWithZeroTemp":{"iob":-0.987,"basaliob":-1.008,"bolussnooze":0,"activity":-0.0109,"lastBolusTime":1703081770532,"time":"2023-12-20T17:40:53.643Z"}},{"iob":0.008,"basaliob":-0.01,"bolussnooze":0,"activity":3.0E-4,"lastBolusTime":1703081770532,"time":"2023-12-20T17:45:53.643Z","iobWithZeroTemp":{"iob":-0.999,"basaliob":-1.017,"bolussnooze":0,"activity":-0.0111,"lastBolusTime":1703081770532,"time":"2023-12-20T17:45:53.643Z"}},{"iob":0.007,"basaliob":-0.009,"bolussnooze":0,"activity":2.0E-4,"lastBolusTime":1703081770532,"time":"2023-12-20T17:50:53.643Z","iobWithZeroTemp":{"iob":-1.009,"basaliob":-1.025,"bolussnooze":0,"activity":-0.0114,"lastBolusTime":1703081770532,"time":"2023-12-20T17:50:53.643Z"}},{"iob":0.005,"basaliob":-0.008,"bolussnooze":0,"activity":2.0E-4,"lastBolusTime":1703081770532,"time":"2023-12-20T17:55:53.643Z","iobWithZeroTemp":{"iob":-1.02,"basaliob":-1.033,"bolussnooze":0,"activity":-0.0115,"lastBolusTime":1703081770532,"time":"2023-12-20T17:55:53.643Z"}},{"iob":0.005,"basaliob":-0.007,"bolussnooze":0,"activity":2.0E-4,"lastBolusTime":1703081770532,"time":"2023-12-20T18:00:53.643Z","iobWithZeroTemp":{"iob":-1.027,"basaliob":-1.039,"bolussnooze":0,"activity":-0.0116,"lastBolusTime":1703081770532,"time":"2023-12-20T18:00:53.643Z"}},{"iob":0.004,"basaliob":-0.006,"bolussnooze":0,"activity":1.0E-4,"lastBolusTime":1703081770532,"time":"2023-12-20T18:05:53.643Z","iobWithZeroTemp":{"iob":-1.036,"basaliob":-1.046,"bolussnooze":0,"activity":-0.0119,"lastBolusTime":1703081770532,"time":"2023-12-20T18:05:53.643Z"}},{"iob":0.003,"basaliob":-0.005,"bolussnooze":0,"activity":2.0E-4,"lastBolusTime":1703081770532,"time":"2023-12-20T18:10:53.643Z","iobWithZeroTemp":{"iob":-1.043,"basaliob":-1.051,"bolussnooze":0,"activity":-0.0119,"lastBolusTime":1703081770532,"time":"2023-12-20T18:10:53.643Z"}},{"iob":0.002,"basaliob":-0.005,"bolussnooze":0,"activity":1.0E-4,"lastBolusTime":1703081770532,"time":"2023-12-20T18:15:53.643Z","iobWithZeroTemp":{"iob":-1.05,"basaliob":-1.057,"bolussnooze":0,"activity":-0.0121,"lastBolusTime":1703081770532,"time":"2023-12-20T18:15:53.643Z"}},{"iob":0.002,"basaliob":-0.004,"bolussnooze":0,"activity":1.0E-4,"lastBolusTime":1703081770532,"time":"2023-12-20T18:20:53.643Z","iobWithZeroTemp":{"iob":-1.055,"basaliob":-1.061,"bolussnooze":0,"activity":-0.0122,"lastBolusTime":1703081770532,"time":"2023-12-20T18:20:53.643Z"}},{"iob":0.002,"basaliob":-0.003,"bolussnooze":0,"activity":1.0E-4,"lastBolusTime":1703081770532,"time":"2023-12-20T18:25:53.643Z","iobWithZeroTemp":{"iob":-1.06,"basaliob":-1.065,"bolussnooze":0,"activity":-0.0123,"lastBolusTime":1703081770532,"time":"2023-12-20T18:25:53.643Z"}},{"iob":0.001,"basaliob":-0.003,"bolussnooze":0,"activity":1.0E-4,"lastBolusTime":1703081770532,"time":"2023-12-20T18:30:53.643Z","iobWithZeroTemp":{"iob":-1.066,"basaliob":-1.07,"bolussnooze":0,"activity":-0.0124,"lastBolusTime":1703081770532,"time":"2023-12-20T18:30:53.643Z"}},{"iob":0.001,"basaliob":-0.002,"bolussnooze":0,"activity":0,"lastBolusTime":1703081770532,"time":"2023-12-20T18:35:53.643Z","iobWithZeroTemp":{"iob":-1.07,"basaliob":-1.073,"bolussnooze":0,"activity":-0.0126,"lastBolusTime":1703081770532,"time":"2023-12-20T18:35:53.643Z"}},{"iob":0.001,"basaliob":-0.002,"bolussnooze":0,"activity":0,"lastBolusTime":1703081770532,"time":"2023-12-20T18:40:53.643Z","iobWithZeroTemp":{"iob":-1.073,"basaliob":-1.076,"bolussnooze":0,"activity":-0.0126,"lastBolusTime":1703081770532,"time":"2023-12-20T18:40:53.643Z"}}],"profile":{"max_iob":7,"type":"current","max_daily_basal":0.8,"max_basal":5,"min_bg":80,"max_bg":90,"target_bg":85,"carb_ratio":16,"sens":57,"max_daily_safety_multiplier":9,"current_basal_safety_multiplier":8,"lgsThreshold":65,"high_temptarget_raises_sensitivity":false,"low_temptarget_lowers_sensitivity":false,"sensitivity_raises_target":false,"resistance_lowers_target":false,"adv_target_adjustments":false,"exercise_mode":false,"half_basal_exercise_target":160,"maxCOB":120,"skip_neutral_temps":false,"remainingCarbsCap":90,"enableUAM":true,"A52_risk_enable":false,"SMBInterval":3,"enableSMB_with_COB":true,"enableSMB_with_temptarget":true,"allowSMB_with_high_temptarget":true,"enableSMB_always":true,"enableSMB_after_carbs":true,"maxSMBBasalMinutes":120,"maxUAMSMBBasalMinutes":90,"bolus_increment":0.05,"carbsReqThreshold":5,"current_basal":0.7,"temptargetSet":false,"autosens_max":1.6,"autosens_min":0.6,"variable_sens":117.8,"insulinDivisor":75,"TDD":19.22766071428572},"autosens_data":{"ratio":1.0179235711870145},"meal_data":{"carbs":0,"mealCOB":0,"slopeFromMaxDeviation":-1.0654,"slopeFromMinDeviation":0,"lastBolusTime":1703081770532,"lastCarbTime":0},"microBolusAllowed":true,"currentTime":1703083555509,"flatBGsDetected":false,"tdd1D":21.666666666666675,"tdd7D":21.121428571428574,"tddLast24H":21.500000000000014,"tddLast4H":2.691666666666667,"tddLast8to4H":1.9625000000000004},"output":{"temp":"absolute","bg":91,"tick":-1,"eventualBG":56,"targetBG":85,"insulinReq":0,"deliverAt":"2023-12-20T14:45:55.509Z","sensitivityRatio":1.0179235711870145,"variable_sens":117.8,"predBGs":{"IOB":[91,89,88,86,84,82,80,78,76,75,73,71,69,67,65,63,62,60,59,58,56,55,54,53,52,52,51,50,50,49,48,48,47,47,47,46,46,46,46,45,45,45,45,45,45,45,44],"ZT":[91,88,85,83,80,78,76,75,74,73,73,74,75,76,78,80,83],"UAM":[91,88,86,83,80,77,75,72,70,67,65,63,60,58,56,55,53,51,50,48,47,45,44,43,42,41,40,39]},"reason":"COB: 0, Dev: 8, BGI: -3, ISF: 118, CR: 16, Target: 85, minPredBG 49, minGuardBG 33, IOBpredBG 44, UAMpredBG 39; minGuardBG 33<65 65m left and 0 ~ req 0U\/hr: no temp required","COB":0,"IOB":0.367,"timestamp":"2023-12-20T14:45:55.518Z"}}