{"algorithm":"OpenAPSSMBDynamicISFPlugin","input":{"glucoseStatus":{"glucose":94,"noise":0,"delta":0,"short_avgdelta":0.11,"long_avgdelta":1.12,"date":1703061937000},"currenttemp":{"temp":"absolute","duration":25,"rate":0,"minutesrunning":5},"iob_data":[{"iob":0.009,"basaliob":-0.226,"bolussnooze":0,"activity":5.0E-4,"lastBolusTime":1703060784496,"time":"2023-12-20T08:45:58.644Z","iobWithZeroTemp":{"iob":0.009,"basaliob":-0.226,"bolussnooze":0,"activity":5.0E-4,"lastBolusTime":1703060784496,"time":"2023-12-20T08:45:58.644Z"}},{"iob":0.007,"basaliob":-0.209,"bolussnooze":0,"activity":4.0E-4,"lastBolusTime":1703060784496,"time":"2023-12-20T08:50:58.644Z","iobWithZeroTemp":{"iob":-0.03,"basaliob":-0.246,"bolussnooze":0,"activity":4.0E-4,"lastBolusTime":1703060784496,"time":"2023-12-20T08:50:58.644Z"}},{"iob":0.005,"basaliob":-0.193,"bolussnooze":0,"activity":3.0E-4,"lastBolusTime":1703060784496,"time":"2023-12-20T08:55:58.644Z","iobWithZeroTemp":{"iob":-0.077,"basaliob":-0.275,"bolussnooze":0,"activity":1.0E-4,"lastBolusTime":1703060784496,"time":"2023-12-20T08:55:58.644Z"}},{"iob":0.003,"basaliob":-0.177,"bolussnooze":0,"activity":3.0E-4,"lastBolusTime":1703060784496,"time":"2023-12-20T09:00:58.644Z","iobWithZeroTemp":{"iob":-0.124,"basaliob":-0.304,"bolussnooze":0,"activity":-1.0E-4,"lastBolusTime":1703060784496,"time":"2023-12-20T09:00:58.644Z"}},{"iob":0.001,"basaliob":-0.163,"bolussnooze":0,"activity":3.0E-4,"lastBolusTime":1703060784496,"time":"2023-12-20T09:05:58.644Z","iobWithZeroTemp":{"iob":-0.169,"basaliob":-0.333,"bolussnooze":0,"activity":-4.0E-4,"lastBolusTime":1703060784496,"time":"2023-12-20T09:05:58.644Z"}},{"iob":0.001,"basaliob":-0.149,"bolussnooze":0,"activity":3.0E-4,"lastBolusTime":1703060784496,"time":"2023-12-20T09:10:58.644Z","iobWithZeroTemp":{"iob":-0.211,"basaliob":-0.361,"bolussnooze":0,"activity":-7.0E-4,"lastBolusTime":1703060784496,"time":"2023-12-20T09:10:58.644Z"}},{"iob":0,"basaliob":-0.136,"bolussnooze":0,"activity":2.0E-4,"lastBolusTime":1703060784496,"time":"2023-12-20T09:15:58.644Z","iobWithZeroTemp":{"iob":-0.252,"basaliob":-0.388,"bolussnooze":0,"activity":-0.0011,"lastBolusTime":1703060784496,"time":"2023-12-20T09:15:58.644Z"}},{"iob":-0.001,"basaliob":-0.124,"bolussnooze":0,"activity":1.0E-4,"lastBolusTime":1703060784496,"time":"2023-12-20T09:20:58.644Z","iobWithZeroTemp":{"iob":-0.291,"basaliob":-0.414,"bolussnooze":0,"activity":-0.0016,"lastBolusTime":1703060784496,"time":"2023-12-20T09:20:58.644Z"}},{"iob":-0.002,"basaliob":-0.113,"bolussnooze":0,"activity":2.0E-4,"lastBolusTime":1703060784496,"time":"2023-12-20T09:25:58.644Z","iobWithZeroTemp":{"iob":-0.328,"basaliob":-0.439,"bolussnooze":0,"activity":-0.0019,"lastBolusTime":1703060784496,"time":"2023-12-20T09:25:58.644Z"}},{"iob":-0.002,"basaliob":-0.103,"bolussnooze":0,"activity":1.0E-4,"lastBolusTime":1703060784496,"time":"2023-12-20T09:30:58.644Z","iobWithZeroTemp":{"iob":-0.363,"basaliob":-0.464,"bolussnooze":0,"activity":-0.0024,"lastBolusTime":1703060784496,"time":"2023-12-20T09:30:58.644Z"}},{"iob":-0.002,"basaliob":-0.093,"bolussnooze":0,"activity":1.0E-4,"lastBolusTime":1703060784496,"time":"2023-12-20T09:35:58.644Z","iobWithZeroTemp":{"iob":-0.395,"basaliob":-0.486,"bolussnooze":0,"activity":-0.0028,"lastBolusTime":1703060784496,"time":"2023-12-20T09:35:58.644Z"}},{"iob":-0.002,"basaliob":-0.084,"bolussnooze":0,"activity":0,"lastBolusTime":1703060784496,"time":"2023-12-20T09:40:58.644Z","iobWithZeroTemp":{"iob":-0.426,"basaliob":-0.508,"bolussnooze":0,"activity":-0.0033,"lastBolusTime":1703060784496,"time":"2023-12-20T09:40:58.644Z"}},{"iob":-0.003,"basaliob":-0.076,"bolussnooze":0,"activity":0,"lastBolusTime":1703060784496,"time":"2023-12-20T09:45:58.644Z","iobWithZeroTemp":{"iob":-0.455,"basaliob":-0.528,"bolussnooze":0,"activity":-0.0037,"lastBolusTime":1703060784496,"time":"2023-12-20T09:45:58.644Z"}},{"iob":-0.003,"basaliob":-0.069,"bolussnooze":0,"activity":0,"lastBolusTime":1703060784496,"time":"2023-12-20T09:50:58.644Z","iobWithZeroTemp":{"iob":-0.482,"basaliob":-0.548,"bolussnooze":0,"activity":-0.004,"lastBolusTime":1703060784496,"time":"2023-12-20T09:50:58.644Z"}},{"iob":-0.003,"basaliob":-0.062,"bolussnooze":0,"activity":0,"lastBolusTime":1703060784496,"time":"2023-12-20T09:55:58.644Z","iobWithZeroTemp":{"iob":-0.507,"basaliob":-0.566,"bolussnooze":0,"activity":-0.0044,"lastBolusTime":1703060784496,"time":"2023-12-20T09:55:58.644Z"}},{"iob":-0.003,"basaliob":-0.056,"bolussnooze":0,"activity":0,"lastBolusTime":1703060784496,"time":"2023-12-20T10:00:58.644Z","iobWithZeroTemp":{"iob":-0.53,"basaliob":-0.583,"bolussnooze":0,"activity":-0.0047,"lastBolusTime":1703060784496,"time":"2023-12-20T10:00:58.644Z"}},{"iob":-0.003,"basaliob":-0.05,"bolussnooze":0,"activity":0,"lastBolusTime":1703060784496,"time":"2023-12-20T10:05:58.644Z","iobWithZeroTemp":{"iob":-0.551,"basaliob":-0.598,"bolussnooze":0,"activity":-0.0051,"lastBolusTime":1703060784496,"time":"2023-12-20T10:05:58.644Z"}},{"iob":-0.003,"basaliob":-0.045,"bolussnooze":0,"activity":0,"lastBolusTime":1703060784496,"time":"2023-12-20T10:10:58.644Z","iobWithZeroTemp":{"iob":-0.571,"basaliob":-0.613,"bolussnooze":0,"activity":-0.0054,"lastBolusTime":1703060784496,"time":"2023-12-20T10:10:58.644Z"}},{"iob":-0.003,"basaliob":-0.04,"bolussnooze":0,"activity":0,"lastBolusTime":1703060784496,"time":"2023-12-20T10:15:58.644Z","iobWithZeroTemp":{"iob":-0.589,"basaliob":-0.626,"bolussnooze":0,"activity":-0.0057,"lastBolusTime":1703060784496,"time":"2023-12-20T10:15:58.644Z"}},{"iob":-0.003,"basaliob":-0.036,"bolussnooze":0,"activity":0,"lastBolusTime":1703060784496,"time":"2023-12-20T10:20:58.644Z","iobWithZeroTemp":{"iob":-0.606,"basaliob":-0.639,"bolussnooze":0,"activity":-0.006,"lastBolusTime":1703060784496,"time":"2023-12-20T10:20:58.644Z"}},{"iob":-0.003,"basaliob":-0.032,"bolussnooze":0,"activity":0,"lastBolusTime":1703060784496,"time":"2023-12-20T10:25:58.644Z","iobWithZeroTemp":{"iob":-0.621,"basaliob":-0.65,"bolussnooze":0,"activity":-0.0062,"lastBolusTime":1703060784496,"time":"2023-12-20T10:25:58.644Z"}},{"iob":-0.002,"basaliob":-0.028,"bolussnooze":0,"activity":-1.0E-4,"lastBolusTime":1703060784496,"time":"2023-12-20T10:30:58.644Z","iobWithZeroTemp":{"iob":-0.635,"basaliob":-0.661,"bolussnooze":0,"activity":-0.0066,"lastBolusTime":1703060784496,"time":"2023-12-20T10:30:58.644Z"}},{"iob":-0.002,"basaliob":-0.025,"bolussnooze":0,"activity":-1.0E-4,"lastBolusTime":1703060784496,"time":"2023-12-20T10:35:58.644Z","iobWithZeroTemp":{"iob":-0.647,"basaliob":-0.67,"bolussnooze":0,"activity":-0.0068,"lastBolusTime":1703060784496,"time":"2023-12-20T10:35:58.644Z"}},{"iob":-0.001,"basaliob":-0.022,"bolussnooze":0,"activity":0,"lastBolusTime":1703060784496,"time":"2023-12-20T10:40:58.644Z","iobWithZeroTemp":{"iob":-0.658,"basaliob":-0.679,"bolussnooze":0,"activity":-0.0069,"lastBolusTime":1703060784496,"time":"2023-12-20T10:40:58.644Z"}},{"iob":-0.002,"basaliob":-0.02,"bolussnooze":0,"activity":-1.0E-4,"lastBolusTime":1703060784496,"time":"2023-12-20T10:45:58.644Z","iobWithZeroTemp":{"iob":-0.67,"basaliob":-0.688,"bolussnooze":0,"activity":-0.0072,"lastBolusTime":1703060784496,"time":"2023-12-20T10:45:58.644Z"}},{"iob":-0.001,"basaliob":-0.017,"bolussnooze":0,"activity":0,"lastBolusTime":1703060784496,"time":"2023-12-20T10:50:58.644Z","iobWithZeroTemp":{"iob":-0.679,"basaliob":-0.695,"bolussnooze":0,"activity":-0.0073,"lastBolusTime":1703060784496,"time":"2023-12-20T10:50:58.644Z"}},{"iob":0,"basaliob":-0.015,"bolussnooze":0,"activity":-1.0E-4,"lastBolusTime":1703060784496,"time":"2023-12-20T10:55:58.644Z","iobWithZeroTemp":{"iob":-0.687,"basaliob":-0.702,"bolussnooze":0,"activity":-0.0076,"lastBolusTime":1703060784496,"time":"2023-12-20T10:55:58.644Z"}},{"iob":0,"basaliob":-0.013,"bolussnooze":0,"activity":-1.0E-4,"lastBolusTime":1703060784496,"time":"2023-12-20T11:00:58.644Z","iobWithZeroTemp":{"iob":-0.695,"basaliob":-0.708,"bolussnooze":0,"activity":-0.0077,"lastBolusTime":1703060784496,"time":"2023-12-20T11:00:58.644Z"}},{"iob":0,"basaliob":-0.012,"bolussnooze":0,"activity":0,"lastBolusTime":1703060784496,"time":"2023-12-20T11:05:58.644Z","iobWithZeroTemp":{"iob":-0.702,"basaliob":-0.714,"bolussnooze":0,"activity":-0.0078,"lastBolusTime":1703060784496,"time":"2023-12-20T11:05:58.644Z"}},{"iob":0,"basaliob":-0.01,"bolussnooze":0,"activity":-1.0E-4,"lastBolusTime":1703060784496,"time":"2023-12-20T11:10:58.644Z","iobWithZeroTemp":{"iob":-0.708,"basaliob":-0.718,"bolussnooze":0,"activity":-0.008,"lastBolusTime":1703060784496,"time":"2023-12-20T11:10:58.644Z"}},{"iob":0,"basaliob":-0.009,"bolussnooze":0,"activity":0,"lastBolusTime":1703060784496,"time":"2023-12-20T11:15:58.644Z","iobWithZeroTemp":{"iob":-0.714,"basaliob":-0.723,"bolussnooze":0,"activity":-0.0081,"lastBolusTime":1703060784496,"time":"2023-12-20T11:15:58.644Z"}},{"iob":0,"basaliob":-0.008,"bolussnooze":0,"activity":0,"lastBolusTime":1703060784496,"time":"2023-12-20T11:20:58.644Z","iobWithZeroTemp":{"iob":-0.72,"basaliob":-0.728,"bolussnooze":0,"activity":-0.0082,"lastBolusTime":1703060784496,"time":"2023-12-20T11:20:58.644Z"}},{"iob":0,"basaliob":-0.007,"bolussnooze":0,"activity":0,"lastBolusTime":1703060784496,"time":"2023-12-20T11:25:58.644Z","iobWithZeroTemp":{"iob":-0.724,"basaliob":-0.731,"bolussnooze":0,"activity":-0.0083,"lastBolusTime":1703060784496,"time":"2023-12-20T11:25:58.644Z"}},{"iob":0,"basaliob":-0.006,"bolussnooze":0,"activity":0,"lastBolusTime":1703060784496,"time":"2023-12-20T11:30:58.644Z","iobWithZeroTemp":{"iob":-0.729,"basaliob":-0.735,"bolussnooze":0,"activity":-0.0084,"lastBolusTime":1703060784496,"time":"2023-12-20T11:30:58.644Z"}},{"iob":0,"basaliob":-0.005,"bolussnooze":0,"activity":0,"lastBolusTime":1703060784496,"time":"2023-12-20T11:35:58.644Z","iobWithZeroTemp":{"iob":-0.732,"basaliob":-0.737,"bolussnooze":0,"activity":-0.0085,"lastBolusTime":1703060784496,"time":"2023-12-20T11:35:58.644Z"}},{"iob":0.001,"basaliob":-0.004,"bolussnooze":0,"activity":0,"lastBolusTime":1703060784496,"time":"2023-12-20T11:40:58.644Z","iobWithZeroTemp":{"iob":-0.735,"basaliob":-0.74,"bolussnooze":0,"activity":-0.0085,"lastBolusTime":1703060784496,"time":"2023-12-20T11:40:58.644Z"}},{"iob":0,"basaliob":-0.004,"bolussnooze":0,"activity":0,"lastBolusTime":1703060784496,"time":"2023-12-20T11:45:58.644Z","iobWithZeroTemp":{"iob":-0.739,"basaliob":-0.743,"bolussnooze":0,"activity":-0.0086,"lastBolusTime":1703060784496,"time":"2023-12-20T11:45:58.644Z"}},{"iob":0.001,"basaliob":-0.003,"bolussnooze":0,"activity":0,"lastBolusTime":1703060784496,"time":"2023-12-20T11:50:58.644Z","iobWithZeroTemp":{"iob":-0.741,"basaliob":-0.745,"bolussnooze":0,"activity":-0.0087,"lastBolusTime":1703060784496,"time":"2023-12-20T11:50:58.644Z"}},{"iob":0,"basaliob":-0.003,"bolussnooze":0,"activity":0,"lastBolusTime":1703060784496,"time":"2023-12-20T11:55:58.644Z","iobWithZeroTemp":{"iob":-0.744,"basaliob":-0.747,"bolussnooze":0,"activity":-0.0087,"lastBolusTime":1703060784496,"time":"2023-12-20T11:55:58.644Z"}},{"iob":0.001,"basaliob":-0.002,"bolussnooze":0,"activity":0,"lastBolusTime":1703060784496,"time":"2023-12-20T12:00:58.644Z","iobWithZeroTemp":{"iob":-0.745,"basaliob":-0.748,"bolussnooze":0,"activity":-0.0088,"lastBolusTime":1703060784496,"time":"2023-12-20T12:00:58.644Z"}},{"iob":0,"basaliob":-0.002,"bolussnooze":0,"activity":0,"lastBolusTime":1703060784496,"time":"2023-12-20T12:05:58.644Z","iobWithZeroTemp":{"iob":-0.752,"basaliob":-0.754,"bolussnooze":0,"activity":-0.0088,"lastBolusTime":1703060784496,"time":"2023-12-20T12:05:58.644Z"}},{"iob":0,"basaliob":-0.002,"bolussnooze":0,"activity":0,"lastBolusTime":1703060784496,"time":"2023-12-20T12:10:58.644Z","iobWithZeroTemp":{"iob":-0.758,"basaliob":-0.76,"bolussnooze":0,"activity":-0.0089,"lastBolusTime":1703060784496,"time":"2023-12-20T12:10:58.644Z"}},{"iob":0.001,"basaliob":-0.001,"bolussnooze":0,"activity":1.0E-4,"lastBolusTime":1703060784496,"time":"2023-12-20T12:15:58.644Z","iobWithZeroTemp":{"iob":-0.762,"basaliob":-0.764,"bolussnooze":0,"activity":-0.0088,"lastBolusTime":1703060784496,"time":"2023-12-20T12:15:58.644Z"}},{"iob":0,"basaliob":-0.001,"bolussnooze":0,"activity":0,"lastBolusTime":1703060784496,"time":"2023-12-20T12:20:58.644Z","iobWithZeroTemp":{"iob":-0.768,"basaliob":-0.769,"bolussnooze":0,"activity":-0.009,"lastBolusTime":1703060784496,"time":"2023-12-20T12:20:58.644Z"}},{"iob":0,"basaliob":-0.001,"bolussnooze":0,"activity":0,"lastBolusTime":1703060784496,"time":"2023-12-20T12:25:58.644Z","iobWithZeroTemp":{"iob":-0.773,"basaliob":-0.774,"bolussnooze":0,"activity":-0.0091,"lastBolusTime":1703060784496,"time":"2023-12-20T12:25:58.644Z"}},{"iob":0,"basaliob":-0.001,"bolussnooze":0,"activity":0,"lastBolusTime":1703060784496,"time":"2023-12-20T12:30:58.644Z","iobWithZeroTemp":{"iob":-0.778,"basaliob":-0.779,"bolussnooze":0,"activity":-0.0091,"lastBolusTime":1703060784496,"time":"2023-12-20T12:30:58.644Z"}},{"iob":0,"basaliob":-0.001,"bolussnooze":0,"activity":0,"lastBolusTime":1703060784496,"time":"2023-12-20T12:35:58.644Z","iobWithZeroTemp":{"iob":-0.782,"basaliob":-0.783,"bolussnooze":0,"activity":-0.0092,"lastBolusTime":1703060784496,"time":"2023-12-20T12:35:58.644Z"}},{"iob":0,"basaliob":-0.001,"bolussnooze":0,"activity":0,"lastBolusTime":1703060784496,"time":"2023-12-20T12:40:58.644Z","iobWithZeroTemp":{"iob":-0.786,"basaliob":-0.787,"bolussnooze":0,"activity":-0.0092,"lastBolusTime":1703060784496,"time":"2023-12-20T12:40:58.644Z"}}],"profile":{"max_iob":7,"type":"current","max_daily_basal":0.8,"max_basal":4.4,"min_bg":90,"max_bg":90,"target_bg":90,"carb_ratio":16,"sens":57,"max_daily_safety_multiplier":9,"current_basal_safety_multiplier":8,"lgsThreshold":65,"high_temptarget_raises_sensitivity":false,"low_temptarget_lowers_sensitivity":false,"sensitivity_raises_target":false,"resistance_lowers_target":false,"adv_target_adjustments":false,"exercise_mode":false,"half_basal_exercise_target":160,"maxCOB":120,"skip_neutral_temps":false,"remainingCarbsCap":90,"enableUAM":true,"A52_risk_enable":false,"SMBInterval":3,"enableSMB_with_COB":true,"enableSMB_with_temptarget":true,"allowSMB_with_high_temptarget":true,"enableSMB_always":true,"enableSMB_after_carbs":true,"maxSMBBasalMinutes":120,"maxUAMSMBBasalMinutes":90,"bolus_increment":0.05,"carbsReqThreshold":5,"current_basal":0.55,"temptargetSet":false,"autosens_max":1.6,"autosens_min":0.6,"variable_sens":99.8,"insulinDivisor":75,"TDD":22.19106071428572},"autosens_data":{"ratio":0.9946454740164582},"meal_data":{"carbs":0,"mealCOB":0,"slopeFromMaxDeviation":-0.819,"slopeFromMinDeviation":0.6057142857142858,"lastBolusTime":1703060784496,"lastCarbTime":0},"microBolusAllowed":true,"currentTime":1703061961666,"flatBGsDetected":false,"tdd1D":21.666666666666675,"tdd7D":21.121428571428574,"tddLast24H":21.008333333333336,"tddLast4H":4.033333333333333,"tddLast8to4H":3.8208333333333333},"output":{"temp":"absolute","bg":94,"tick":"+0","eventualBG":95,"targetBG":90,"insulinReq":0.04,"deliverAt":"2023-12-20T08:46:01.666Z","sensitivityRatio":0.9946454740164582,"variable_sens":99.8,"predBGs":{"IOB":[94,94,94,94,94,94,94,94,94,94,94,94,94,94,94,94,94,94,94,94,94,94,94,94,94,94,94,94,94,94,95,95,95,95,95,95,95,95,95,95,95,95,95,94],"ZT":[94,94,94,94,94,94,94,95,95],"UAM":[94,94,94,93,93,93,93,93,93,93,93,93,93]},"reason":"COB: 0, Dev: 2, BGI: 0, ISF: 100, CR: 16, Target: 90, minPredBG 94, minGuardBG 93, IOBpredBG 94, UAMpredBG 93; Eventual BG 95 >= 90,  insulinReq 0.04. temp 0.00 < 0.63U\/hr. ","COB":0,"IOB":0.009,"duration":30,"rate":0.627055010709052,"timestamp":"2023-12-20T08:46:01.687Z"}}