{"algorithm":"OpenAPSSMBDynamicISFPlugin","input":{"glucoseStatus":{"glucose":77,"noise":0,"delta":1,"short_avgdelta":1.5,"long_avgdelta":2.11,"date":1703168437000},"currenttemp":{"temp":"absolute","duration":20,"rate":0.9,"minutesrunning":10},"iob_data":[{"iob":-0.096,"basaliob":-0.204,"bolussnooze":0,"activity":-0.0024,"lastBolusTime":1703167891548,"time":"2023-12-21T14:21:00.723Z","iobWithZeroTemp":{"iob":-0.096,"basaliob":-0.204,"bolussnooze":0,"activity":-0.0024,"lastBolusTime":1703167891548,"time":"2023-12-21T14:21:00.723Z"}},{"iob":-0.085,"basaliob":-0.189,"bolussnooze":0,"activity":-0.0022,"lastBolusTime":1703167891548,"time":"2023-12-21T14:26:00.723Z","iobWithZeroTemp":{"iob":-0.132,"basaliob":-0.236,"bolussnooze":0,"activity":-0.0022,"lastBolusTime":1703167891548,"time":"2023-12-21T14:26:00.723Z"}},{"iob":-0.074,"basaliob":-0.174,"bolussnooze":0,"activity":-0.0019,"lastBolusTime":1703167891548,"time":"2023-12-21T14:31:00.723Z","iobWithZeroTemp":{"iob":-0.178,"basaliob":-0.278,"bolussnooze":0,"activity":-0.0021,"lastBolusTime":1703167891548,"time":"2023-12-21T14:31:00.723Z"}},{"iob":-0.065,"basaliob":-0.16,"bolussnooze":0,"activity":-0.0017,"lastBolusTime":1703167891548,"time":"2023-12-21T14:36:00.723Z","iobWithZeroTemp":{"iob":-0.226,"basaliob":-0.321,"bolussnooze":0,"activity":-0.0022,"lastBolusTime":1703167891548,"time":"2023-12-21T14:36:00.723Z"}},{"iob":-0.057,"basaliob":-0.147,"bolussnooze":0,"activity":-0.0015,"lastBolusTime":1703167891548,"time":"2023-12-21T14:41:00.723Z","iobWithZeroTemp":{"iob":-0.273,"basaliob":-0.363,"bolussnooze":0,"activity":-0.0023,"lastBolusTime":1703167891548,"time":"2023-12-21T14:41:00.723Z"}},{"iob":-0.05,"basaliob":-0.135,"bolussnooze":0,"activity":-0.0014,"lastBolusTime":1703167891548,"time":"2023-12-21T14:46:00.723Z","iobWithZeroTemp":{"iob":-0.319,"basaliob":-0.404,"bolussnooze":0,"activity":-0.0026,"lastBolusTime":1703167891548,"time":"2023-12-21T14:46:00.723Z"}},{"iob":-0.044,"basaliob":-0.124,"bolussnooze":0,"activity":-0.0012,"lastBolusTime":1703167891548,"time":"2023-12-21T14:51:00.723Z","iobWithZeroTemp":{"iob":-0.364,"basaliob":-0.444,"bolussnooze":0,"activity":-0.0029,"lastBolusTime":1703167891548,"time":"2023-12-21T14:51:00.723Z"}},{"iob":-0.038,"basaliob":-0.113,"bolussnooze":0,"activity":-0.0011,"lastBolusTime":1703167891548,"time":"2023-12-21T14:56:00.723Z","iobWithZeroTemp":{"iob":-0.407,"basaliob":-0.482,"bolussnooze":0,"activity":-0.0033,"lastBolusTime":1703167891548,"time":"2023-12-21T14:56:00.723Z"}},{"iob":-0.033,"basaliob":-0.103,"bolussnooze":0,"activity":-9.0E-4,"lastBolusTime":1703167891548,"time":"2023-12-21T15:01:00.723Z","iobWithZeroTemp":{"iob":-0.449,"basaliob":-0.519,"bolussnooze":0,"activity":-0.0036,"lastBolusTime":1703167891548,"time":"2023-12-21T15:01:00.723Z"}},{"iob":-0.028,"basaliob":-0.094,"bolussnooze":0,"activity":-9.0E-4,"lastBolusTime":1703167891548,"time":"2023-12-21T15:06:00.723Z","iobWithZeroTemp":{"iob":-0.487,"basaliob":-0.553,"bolussnooze":0,"activity":-0.0041,"lastBolusTime":1703167891548,"time":"2023-12-21T15:06:00.723Z"}},{"iob":-0.024,"basaliob":-0.085,"bolussnooze":0,"activity":-7.0E-4,"lastBolusTime":1703167891548,"time":"2023-12-21T15:11:00.723Z","iobWithZeroTemp":{"iob":-0.525,"basaliob":-0.586,"bolussnooze":0,"activity":-0.0044,"lastBolusTime":1703167891548,"time":"2023-12-21T15:11:00.723Z"}},{"iob":-0.021,"basaliob":-0.077,"bolussnooze":0,"activity":-6.0E-4,"lastBolusTime":1703167891548,"time":"2023-12-21T15:16:00.723Z","iobWithZeroTemp":{"iob":-0.561,"basaliob":-0.617,"bolussnooze":0,"activity":-0.0048,"lastBolusTime":1703167891548,"time":"2023-12-21T15:16:00.723Z"}},{"iob":-0.018,"basaliob":-0.07,"bolussnooze":0,"activity":-6.0E-4,"lastBolusTime":1703167891548,"time":"2023-12-21T15:21:00.723Z","iobWithZeroTemp":{"iob":-0.594,"basaliob":-0.646,"bolussnooze":0,"activity":-0.0052,"lastBolusTime":1703167891548,"time":"2023-12-21T15:21:00.723Z"}},{"iob":-0.015,"basaliob":-0.063,"bolussnooze":0,"activity":-5.0E-4,"lastBolusTime":1703167891548,"time":"2023-12-21T15:26:00.723Z","iobWithZeroTemp":{"iob":-0.625,"basaliob":-0.673,"bolussnooze":0,"activity":-0.0056,"lastBolusTime":1703167891548,"time":"2023-12-21T15:26:00.723Z"}},{"iob":-0.013,"basaliob":-0.057,"bolussnooze":0,"activity":-5.0E-4,"lastBolusTime":1703167891548,"time":"2023-12-21T15:31:00.723Z","iobWithZeroTemp":{"iob":-0.654,"basaliob":-0.698,"bolussnooze":0,"activity":-0.0061,"lastBolusTime":1703167891548,"time":"2023-12-21T15:31:00.723Z"}},{"iob":-0.011,"basaliob":-0.052,"bolussnooze":0,"activity":-4.0E-4,"lastBolusTime":1703167891548,"time":"2023-12-21T15:36:00.723Z","iobWithZeroTemp":{"iob":-0.682,"basaliob":-0.723,"bolussnooze":0,"activity":-0.0064,"lastBolusTime":1703167891548,"time":"2023-12-21T15:36:00.723Z"}},{"iob":-0.009,"basaliob":-0.046,"bolussnooze":0,"activity":-3.0E-4,"lastBolusTime":1703167891548,"time":"2023-12-21T15:41:00.723Z","iobWithZeroTemp":{"iob":-0.707,"basaliob":-0.744,"bolussnooze":0,"activity":-0.0067,"lastBolusTime":1703167891548,"time":"2023-12-21T15:41:00.723Z"}},{"iob":-0.008,"basaliob":-0.042,"bolussnooze":0,"activity":-3.0E-4,"lastBolusTime":1703167891548,"time":"2023-12-21T15:46:00.723Z","iobWithZeroTemp":{"iob":-0.731,"basaliob":-0.765,"bolussnooze":0,"activity":-0.0071,"lastBolusTime":1703167891548,"time":"2023-12-21T15:46:00.723Z"}},{"iob":-0.006,"basaliob":-0.037,"bolussnooze":0,"activity":-2.0E-4,"lastBolusTime":1703167891548,"time":"2023-12-21T15:51:00.723Z","iobWithZeroTemp":{"iob":-0.752,"basaliob":-0.783,"bolussnooze":0,"activity":-0.0074,"lastBolusTime":1703167891548,"time":"2023-12-21T15:51:00.723Z"}},{"iob":-0.004,"basaliob":-0.033,"bolussnooze":0,"activity":-3.0E-4,"lastBolusTime":1703167891548,"time":"2023-12-21T15:56:00.723Z","iobWithZeroTemp":{"iob":-0.772,"basaliob":-0.801,"bolussnooze":0,"activity":-0.0079,"lastBolusTime":1703167891548,"time":"2023-12-21T15:56:00.723Z"}},{"iob":-0.004,"basaliob":-0.03,"bolussnooze":0,"activity":-2.0E-4,"lastBolusTime":1703167891548,"time":"2023-12-21T16:01:00.723Z","iobWithZeroTemp":{"iob":-0.791,"basaliob":-0.817,"bolussnooze":0,"activity":-0.0081,"lastBolusTime":1703167891548,"time":"2023-12-21T16:01:00.723Z"}},{"iob":-0.002,"basaliob":-0.026,"bolussnooze":0,"activity":-1.0E-4,"lastBolusTime":1703167891548,"time":"2023-12-21T16:06:00.723Z","iobWithZeroTemp":{"iob":-0.807,"basaliob":-0.831,"bolussnooze":0,"activity":-0.0083,"lastBolusTime":1703167891548,"time":"2023-12-21T16:06:00.723Z"}},{"iob":-0.003,"basaliob":-0.024,"bolussnooze":0,"activity":-2.0E-4,"lastBolusTime":1703167891548,"time":"2023-12-21T16:11:00.723Z","iobWithZeroTemp":{"iob":-0.824,"basaliob":-0.845,"bolussnooze":0,"activity":-0.0087,"lastBolusTime":1703167891548,"time":"2023-12-21T16:11:00.723Z"}},{"iob":-0.002,"basaliob":-0.021,"bolussnooze":0,"activity":-1.0E-4,"lastBolusTime":1703167891548,"time":"2023-12-21T16:16:00.723Z","iobWithZeroTemp":{"iob":-0.838,"basaliob":-0.857,"bolussnooze":0,"activity":-0.0089,"lastBolusTime":1703167891548,"time":"2023-12-21T16:16:00.723Z"}},{"iob":0,"basaliob":-0.018,"bolussnooze":0,"activity":-1.0E-4,"lastBolusTime":1703167891548,"time":"2023-12-21T16:21:00.723Z","iobWithZeroTemp":{"iob":-0.85,"basaliob":-0.868,"bolussnooze":0,"activity":-0.0092,"lastBolusTime":1703167891548,"time":"2023-12-21T16:21:00.723Z"}},{"iob":0,"basaliob":-0.016,"bolussnooze":0,"activity":-1.0E-4,"lastBolusTime":1703167891548,"time":"2023-12-21T16:26:00.723Z","iobWithZeroTemp":{"iob":-0.862,"basaliob":-0.878,"bolussnooze":0,"activity":-0.0094,"lastBolusTime":1703167891548,"time":"2023-12-21T16:26:00.723Z"}},{"iob":0,"basaliob":-0.014,"bolussnooze":0,"activity":-1.0E-4,"lastBolusTime":1703167891548,"time":"2023-12-21T16:31:00.723Z","iobWithZeroTemp":{"iob":-0.874,"basaliob":-0.888,"bolussnooze":0,"activity":-0.0096,"lastBolusTime":1703167891548,"time":"2023-12-21T16:31:00.723Z"}},{"iob":0,"basaliob":-0.013,"bolussnooze":0,"activity":0,"lastBolusTime":1703167891548,"time":"2023-12-21T16:36:00.723Z","iobWithZeroTemp":{"iob":-0.884,"basaliob":-0.897,"bolussnooze":0,"activity":-0.0097,"lastBolusTime":1703167891548,"time":"2023-12-21T16:36:00.723Z"}},{"iob":0.001,"basaliob":-0.011,"bolussnooze":0,"activity":0,"lastBolusTime":1703167891548,"time":"2023-12-21T16:41:00.723Z","iobWithZeroTemp":{"iob":-0.892,"basaliob":-0.904,"bolussnooze":0,"activity":-0.0099,"lastBolusTime":1703167891548,"time":"2023-12-21T16:41:00.723Z"}},{"iob":0,"basaliob":-0.01,"bolussnooze":0,"activity":-1.0E-4,"lastBolusTime":1703167891548,"time":"2023-12-21T16:46:00.723Z","iobWithZeroTemp":{"iob":-0.902,"basaliob":-0.912,"bolussnooze":0,"activity":-0.0102,"lastBolusTime":1703167891548,"time":"2023-12-21T16:46:00.723Z"}},{"iob":0.001,"basaliob":-0.008,"bolussnooze":0,"activity":0,"lastBolusTime":1703167891548,"time":"2023-12-21T16:51:00.723Z","iobWithZeroTemp":{"iob":-0.908,"basaliob":-0.917,"bolussnooze":0,"activity":-0.0102,"lastBolusTime":1703167891548,"time":"2023-12-21T16:51:00.723Z"}},{"iob":0.001,"basaliob":-0.007,"bolussnooze":0,"activity":0,"lastBolusTime":1703167891548,"time":"2023-12-21T16:56:00.723Z","iobWithZeroTemp":{"iob":-0.915,"basaliob":-0.923,"bolussnooze":0,"activity":-0.0104,"lastBolusTime":1703167891548,"time":"2023-12-21T16:56:00.723Z"}},{"iob":0.001,"basaliob":-0.006,"bolussnooze":0,"activity":0,"lastBolusTime":1703167891548,"time":"2023-12-21T17:01:00.723Z","iobWithZeroTemp":{"iob":-0.921,"basaliob":-0.928,"bolussnooze":0,"activity":-0.0105,"lastBolusTime":1703167891548,"time":"2023-12-21T17:01:00.723Z"}},{"iob":0.002,"basaliob":-0.005,"bolussnooze":0,"activity":0,"lastBolusTime":1703167891548,"time":"2023-12-21T17:06:00.723Z","iobWithZeroTemp":{"iob":-0.934,"basaliob":-0.941,"bolussnooze":0,"activity":-0.0107,"lastBolusTime":1703167891548,"time":"2023-12-21T17:06:00.723Z"}},{"iob":0.001,"basaliob":-0.005,"bolussnooze":0,"activity":0,"lastBolusTime":1703167891548,"time":"2023-12-21T17:11:00.723Z","iobWithZeroTemp":{"iob":-0.948,"basaliob":-0.954,"bolussnooze":0,"activity":-0.0108,"lastBolusTime":1703167891548,"time":"2023-12-21T17:11:00.723Z"}},{"iob":0.001,"basaliob":-0.004,"bolussnooze":0,"activity":0,"lastBolusTime":1703167891548,"time":"2023-12-21T17:16:00.723Z","iobWithZeroTemp":{"iob":-0.96,"basaliob":-0.965,"bolussnooze":0,"activity":-0.0109,"lastBolusTime":1703167891548,"time":"2023-12-21T17:16:00.723Z"}},{"iob":0.002,"basaliob":-0.003,"bolussnooze":0,"activity":0,"lastBolusTime":1703167891548,"time":"2023-12-21T17:21:00.723Z","iobWithZeroTemp":{"iob":-0.971,"basaliob":-0.976,"bolussnooze":0,"activity":-0.0111,"lastBolusTime":1703167891548,"time":"2023-12-21T17:21:00.723Z"}},{"iob":0.001,"basaliob":-0.003,"bolussnooze":0,"activity":0,"lastBolusTime":1703167891548,"time":"2023-12-21T17:26:00.723Z","iobWithZeroTemp":{"iob":-0.982,"basaliob":-0.986,"bolussnooze":0,"activity":-0.0112,"lastBolusTime":1703167891548,"time":"2023-12-21T17:26:00.723Z"}},{"iob":0.001,"basaliob":-0.002,"bolussnooze":0,"activity":0,"lastBolusTime":1703167891548,"time":"2023-12-21T17:31:00.723Z","iobWithZeroTemp":{"iob":-0.993,"basaliob":-0.996,"bolussnooze":0,"activity":-0.0114,"lastBolusTime":1703167891548,"time":"2023-12-21T17:31:00.723Z"}},{"iob":0.001,"basaliob":-0.002,"bolussnooze":0,"activity":0,"lastBolusTime":1703167891548,"time":"2023-12-21T17:36:00.723Z","iobWithZeroTemp":{"iob":-1.002,"basaliob":-1.005,"bolussnooze":0,"activity":-0.0115,"lastBolusTime":1703167891548,"time":"2023-12-21T17:36:00.723Z"}},{"iob":0.001,"basaliob":-0.002,"bolussnooze":0,"activity":0,"lastBolusTime":1703167891548,"time":"2023-12-21T17:41:00.723Z","iobWithZeroTemp":{"iob":-1.011,"basaliob":-1.014,"bolussnooze":0,"activity":-0.0116,"lastBolusTime":1703167891548,"time":"2023-12-21T17:41:00.723Z"}},{"iob":0.001,"basaliob":-0.001,"bolussnooze":0,"activity":0,"lastBolusTime":1703167891548,"time":"2023-12-21T17:46:00.723Z","iobWithZeroTemp":{"iob":-1.019,"basaliob":-1.021,"bolussnooze":0,"activity":-0.0117,"lastBolusTime":1703167891548,"time":"2023-12-21T17:46:00.723Z"}},{"iob":0.001,"basaliob":-0.001,"bolussnooze":0,"activity":1.0E-4,"lastBolusTime":1703167891548,"time":"2023-12-21T17:51:00.723Z","iobWithZeroTemp":{"iob":-1.027,"basaliob":-1.029,"bolussnooze":0,"activity":-0.0118,"lastBolusTime":1703167891548,"time":"2023-12-21T17:51:00.723Z"}},{"iob":0.001,"basaliob":-0.001,"bolussnooze":0,"activity":1.0E-4,"lastBolusTime":1703167891548,"time":"2023-12-21T17:56:00.723Z","iobWithZeroTemp":{"iob":-1.034,"basaliob":-1.036,"bolussnooze":0,"activity":-0.0119,"lastBolusTime":1703167891548,"time":"2023-12-21T17:56:00.723Z"}},{"iob":0,"basaliob":-0.001,"bolussnooze":0,"activity":0,"lastBolusTime":1703167891548,"time":"2023-12-21T18:01:00.723Z","iobWithZeroTemp":{"iob":-1.042,"basaliob":-1.043,"bolussnooze":0,"activity":-0.0121,"lastBolusTime":1703167891548,"time":"2023-12-21T18:01:00.723Z"}},{"iob":0,"basaliob":-0.001,"bolussnooze":0,"activity":0,"lastBolusTime":1703167891548,"time":"2023-12-21T18:06:00.723Z","iobWithZeroTemp":{"iob":-1.048,"basaliob":-1.049,"bolussnooze":0,"activity":-0.0122,"lastBolusTime":1703167891548,"time":"2023-12-21T18:06:00.723Z"}},{"iob":0.001,"basaliob":0,"bolussnooze":0,"activity":0,"lastBolusTime":1703167891548,"time":"2023-12-21T18:11:00.723Z","iobWithZeroTemp":{"iob":-1.052,"basaliob":-1.053,"bolussnooze":0,"activity":-0.0123,"lastBolusTime":1703167891548,"time":"2023-12-21T18:11:00.723Z"}},{"iob":0.001,"basaliob":0,"bolussnooze":0,"activity":0,"lastBolusTime":1703167891548,"time":"2023-12-21T18:16:00.723Z","iobWithZeroTemp":{"iob":-1.057,"basaliob":-1.058,"bolussnooze":0,"activity":-0.0124,"lastBolusTime":1703167891548,"time":"2023-12-21T18:16:00.723Z"}}],"profile":{"max_iob":7,"type":"current","max_daily_basal":0.8,"max_basal":5,"min_bg":80,"max_bg":90,"target_bg":85,"carb_ratio":16,"sens":57,"max_daily_safety_multiplier":9,"current_basal_safety_multiplier":8,"lgsThreshold":65,"high_temptarget_raises_sensitivity":false,"low_temptarget_lowers_sensitivity":false,"sensitivity_raises_target":false,"resistance_lowers_target":false,"adv_target_adjustments":false,"exercise_mode":false,"half_basal_exercise_target":160,"maxCOB":120,"skip_neutral_temps":false,"remainingCarbsCap":90,"enableUAM":true,"A52_risk_enable":false,"SMBInterval":3,"enableSMB_with_COB":true,"enableSMB_with_temptarget":true,"allowSMB_with_high_temptarget":true,"enableSMB_always":true,"enableSMB_after_carbs":true,"maxSMBBasalMinutes":120,"maxUAMSMBBasalMinutes":90,"bolus_increment":0.05,"carbsReqThreshold":5,"current_basal":0.7,"temptargetSet":false,"autosens_max":1.6,"autosens_min":0.6,"variable_sens":141.2,"insulinDivisor":75,"TDD":18.04342023809524},"autosens_data":{"ratio":0.9705621465794436},"meal_data":{"carbs":0,"mealCOB":0,"slopeFromMaxDeviation":-1.2760000000000002,"slopeFromMinDeviation":0.40599999999999997,"lastBolusTime":1703167891548,"lastCarbTime":0},"microBolusAllowed":true,"currentTime":1703168462571,"flatBGsDetected":false,"tdd1D":20.662500000000005,"tdd7D":21.47380952380953,"tddLast24H":20.841666666666676,"tddLast4H":1.966666666666667,"tddLast8to4H":2.0166666666666666},"output":{"temp":"absolute","bg":77,"tick":"+1","eventualBG":94,"targetBG":85,"insulinReq":0.01,"deliverAt":"2023-12-21T14:21:02.571Z","sensitivityRatio":0.9705621465794436,"variable_sens":141.2,"predBGs":{"IOB":[77,78,79,80,81,81,82,82,83,83,84,84,84,85,85,86,86,86,86,86,87],"ZT":[77,79,80,82,83,85,86]},"reason":"COB: 0, Dev: 3, BGI: 2, ISF: 141, CR: 16, Target: 85, minPredBG 86, minGuardBG 78, IOBpredBG 87; Eventual BG 94 >= 90,  insulinReq 0.01. 20m@0.90 > 2 * insulinReq. Setting temp basal of 0.7U\/hr. ","COB":0,"IOB":-0.096,"duration":30,"rate":0.6993935026056105,"timestamp":"2023-12-21T14:21:02.590Z"}}