{"algorithm":"OpenAPSSMBDynamicISFPlugin","input":{"glucoseStatus":{"glucose":130,"noise":0,"delta":-1,"short_avgdelta":0.39,"long_avgdelta":4.7,"date":1703123739000},"currenttemp":{"temp":"absolute","duration":110,"rate":0,"minutesrunning":10},"iob_data":[{"iob":1.322,"basaliob":-0.506,"bolussnooze":0.8513,"activity":0.0144,"lastBolusTime":1703123025877,"time":"2023-12-21T01:56:06.639Z","iobWithZeroTemp":{"iob":1.322,"basaliob":-0.506,"bolussnooze":0.8513,"activity":0.0144,"lastBolusTime":1703123025877,"time":"2023-12-21T01:56:06.639Z"}},{"iob":1.249,"basaliob":-0.478,"bolussnooze":0.7435,"activity":0.0145,"lastBolusTime":1703123025877,"time":"2023-12-21T02:01:06.639Z","iobWithZeroTemp":{"iob":1.202,"basaliob":-0.525,"bolussnooze":0.7435,"activity":0.0145,"lastBolusTime":1703123025877,"time":"2023-12-21T02:01:06.639Z"}},{"iob":1.177,"basaliob":-0.45,"bolussnooze":0.6422,"activity":0.0145,"lastBolusTime":1703123025877,"time":"2023-12-21T02:06:06.639Z","iobWithZeroTemp":{"iob":1.073,"basaliob":-0.554,"bolussnooze":0.6422,"activity":0.0143,"lastBolusTime":1703123025877,"time":"2023-12-21T02:06:06.639Z"}},{"iob":1.104,"basaliob":-0.422,"bolussnooze":0.5493,"activity":0.0144,"lastBolusTime":1703123025877,"time":"2023-12-21T02:11:06.639Z","iobWithZeroTemp":{"iob":0.943,"basaliob":-0.583,"bolussnooze":0.5493,"activity":0.0139,"lastBolusTime":1703123025877,"time":"2023-12-21T02:11:06.639Z"}},{"iob":1.033,"basaliob":-0.395,"bolussnooze":0.4658,"activity":0.0141,"lastBolusTime":1703123025877,"time":"2023-12-21T02:16:06.639Z","iobWithZeroTemp":{"iob":0.817,"basaliob":-0.611,"bolussnooze":0.4658,"activity":0.0133,"lastBolusTime":1703123025877,"time":"2023-12-21T02:16:06.639Z"}},{"iob":0.964,"basaliob":-0.368,"bolussnooze":0.3917,"activity":0.0137,"lastBolusTime":1703123025877,"time":"2023-12-21T02:21:06.639Z","iobWithZeroTemp":{"iob":0.695,"basaliob":-0.637,"bolussnooze":0.3917,"activity":0.0125,"lastBolusTime":1703123025877,"time":"2023-12-21T02:21:06.639Z"}},{"iob":0.896,"basaliob":-0.343,"bolussnooze":0.3268,"activity":0.0132,"lastBolusTime":1703123025877,"time":"2023-12-21T02:26:06.639Z","iobWithZeroTemp":{"iob":0.576,"basaliob":-0.663,"bolussnooze":0.3268,"activity":0.0115,"lastBolusTime":1703123025877,"time":"2023-12-21T02:26:06.639Z"}},{"iob":0.831,"basaliob":-0.318,"bolussnooze":0.2707,"activity":0.0127,"lastBolusTime":1703123025877,"time":"2023-12-21T02:31:06.639Z","iobWithZeroTemp":{"iob":0.462,"basaliob":-0.687,"bolussnooze":0.2707,"activity":0.0105,"lastBolusTime":1703123025877,"time":"2023-12-21T02:31:06.639Z"}},{"iob":0.769,"basaliob":-0.294,"bolussnooze":0.2225,"activity":0.0121,"lastBolusTime":1703123025877,"time":"2023-12-21T02:36:06.639Z","iobWithZeroTemp":{"iob":0.353,"basaliob":-0.71,"bolussnooze":0.2225,"activity":0.0094,"lastBolusTime":1703123025877,"time":"2023-12-21T02:36:06.639Z"}},{"iob":0.71,"basaliob":-0.272,"bolussnooze":0.1816,"activity":0.0115,"lastBolusTime":1703123025877,"time":"2023-12-21T02:41:06.639Z","iobWithZeroTemp":{"iob":0.251,"basaliob":-0.731,"bolussnooze":0.1816,"activity":0.0083,"lastBolusTime":1703123025877,"time":"2023-12-21T02:41:06.639Z"}},{"iob":0.654,"basaliob":-0.25,"bolussnooze":0.1471,"activity":0.0108,"lastBolusTime":1703123025877,"time":"2023-12-21T02:46:06.639Z","iobWithZeroTemp":{"iob":0.153,"basaliob":-0.751,"bolussnooze":0.1471,"activity":0.0071,"lastBolusTime":1703123025877,"time":"2023-12-21T02:46:06.639Z"}},{"iob":0.601,"basaliob":-0.23,"bolussnooze":0.1181,"activity":0.0103,"lastBolusTime":1703123025877,"time":"2023-12-21T02:51:06.639Z","iobWithZeroTemp":{"iob":0.061,"basaliob":-0.77,"bolussnooze":0.1181,"activity":0.0061,"lastBolusTime":1703123025877,"time":"2023-12-21T02:51:06.639Z"}},{"iob":0.552,"basaliob":-0.211,"bolussnooze":0.0941,"activity":0.0096,"lastBolusTime":1703123025877,"time":"2023-12-21T02:56:06.639Z","iobWithZeroTemp":{"iob":-0.024,"basaliob":-0.787,"bolussnooze":0.0941,"activity":0.005,"lastBolusTime":1703123025877,"time":"2023-12-21T02:56:06.639Z"}},{"iob":0.505,"basaliob":-0.193,"bolussnooze":0.0743,"activity":0.0091,"lastBolusTime":1703123025877,"time":"2023-12-21T03:01:06.639Z","iobWithZeroTemp":{"iob":-0.105,"basaliob":-0.803,"bolussnooze":0.0743,"activity":0.004,"lastBolusTime":1703123025877,"time":"2023-12-21T03:01:06.639Z"}},{"iob":0.461,"basaliob":-0.177,"bolussnooze":0.058,"activity":0.0084,"lastBolusTime":1703123025877,"time":"2023-12-21T03:06:06.639Z","iobWithZeroTemp":{"iob":-0.18,"basaliob":-0.818,"bolussnooze":0.058,"activity":0.0028,"lastBolusTime":1703123025877,"time":"2023-12-21T03:06:06.639Z"}},{"iob":0.421,"basaliob":-0.161,"bolussnooze":0.0448,"activity":0.0078,"lastBolusTime":1703123025877,"time":"2023-12-21T03:11:06.639Z","iobWithZeroTemp":{"iob":-0.25,"basaliob":-0.832,"bolussnooze":0.0448,"activity":0.0018,"lastBolusTime":1703123025877,"time":"2023-12-21T03:11:06.639Z"}},{"iob":0.383,"basaliob":-0.147,"bolussnooze":0.0342,"activity":0.0073,"lastBolusTime":1703123025877,"time":"2023-12-21T03:16:06.639Z","iobWithZeroTemp":{"iob":-0.315,"basaliob":-0.845,"bolussnooze":0.0342,"activity":9.0E-4,"lastBolusTime":1703123025877,"time":"2023-12-21T03:16:06.639Z"}},{"iob":0.348,"basaliob":-0.133,"bolussnooze":0.0257,"activity":0.0067,"lastBolusTime":1703123025877,"time":"2023-12-21T03:21:06.639Z","iobWithZeroTemp":{"iob":-0.375,"basaliob":-0.856,"bolussnooze":0.0257,"activity":-1.0E-4,"lastBolusTime":1703123025877,"time":"2023-12-21T03:21:06.639Z"}},{"iob":0.315,"basaliob":-0.121,"bolussnooze":0.019,"activity":0.0062,"lastBolusTime":1703123025877,"time":"2023-12-21T03:26:06.639Z","iobWithZeroTemp":{"iob":-0.431,"basaliob":-0.867,"bolussnooze":0.019,"activity":-0.001,"lastBolusTime":1703123025877,"time":"2023-12-21T03:26:06.639Z"}},{"iob":0.286,"basaliob":-0.109,"bolussnooze":0.0138,"activity":0.0057,"lastBolusTime":1703123025877,"time":"2023-12-21T03:31:06.639Z","iobWithZeroTemp":{"iob":-0.482,"basaliob":-0.877,"bolussnooze":0.0138,"activity":-0.0019,"lastBolusTime":1703123025877,"time":"2023-12-21T03:31:06.639Z"}},{"iob":0.258,"basaliob":-0.099,"bolussnooze":0.0098,"activity":0.0053,"lastBolusTime":1703123025877,"time":"2023-12-21T03:36:06.639Z","iobWithZeroTemp":{"iob":-0.529,"basaliob":-0.886,"bolussnooze":0.0098,"activity":-0.0026,"lastBolusTime":1703123025877,"time":"2023-12-21T03:36:06.639Z"}},{"iob":0.233,"basaliob":-0.089,"bolussnooze":0.0067,"activity":0.0048,"lastBolusTime":1703123025877,"time":"2023-12-21T03:41:06.639Z","iobWithZeroTemp":{"iob":-0.572,"basaliob":-0.894,"bolussnooze":0.0067,"activity":-0.0034,"lastBolusTime":1703123025877,"time":"2023-12-21T03:41:06.639Z"}},{"iob":0.21,"basaliob":-0.08,"bolussnooze":0.0044,"activity":0.0045,"lastBolusTime":1703123025877,"time":"2023-12-21T03:46:06.639Z","iobWithZeroTemp":{"iob":-0.611,"basaliob":-0.901,"bolussnooze":0.0044,"activity":-0.004,"lastBolusTime":1703123025877,"time":"2023-12-21T03:46:06.639Z"}},{"iob":0.188,"basaliob":-0.072,"bolussnooze":0.0028,"activity":0.004,"lastBolusTime":1703123025877,"time":"2023-12-21T03:51:06.639Z","iobWithZeroTemp":{"iob":-0.648,"basaliob":-0.908,"bolussnooze":0.0028,"activity":-0.0048,"lastBolusTime":1703123025877,"time":"2023-12-21T03:51:06.639Z"}},{"iob":0.169,"basaliob":-0.064,"bolussnooze":0.0017,"activity":0.0037,"lastBolusTime":1703123025877,"time":"2023-12-21T03:56:06.639Z","iobWithZeroTemp":{"iob":-0.681,"basaliob":-0.914,"bolussnooze":0.0017,"activity":-0.0054,"lastBolusTime":1703123025877,"time":"2023-12-21T03:56:06.639Z"}},{"iob":0.151,"basaliob":-0.058,"bolussnooze":9.0E-4,"activity":0.0034,"lastBolusTime":1703123025877,"time":"2023-12-21T04:01:06.639Z","iobWithZeroTemp":{"iob":-0.711,"basaliob":-0.92,"bolussnooze":9.0E-4,"activity":-0.0059,"lastBolusTime":1703123025877,"time":"2023-12-21T04:01:06.639Z"}},{"iob":0.135,"basaliob":-0.051,"bolussnooze":5.0E-4,"activity":0.0031,"lastBolusTime":1703123025877,"time":"2023-12-21T04:06:06.639Z","iobWithZeroTemp":{"iob":-0.73,"basaliob":-0.916,"bolussnooze":5.0E-4,"activity":-0.0064,"lastBolusTime":1703123025877,"time":"2023-12-21T04:06:06.639Z"}},{"iob":0.12,"basaliob":-0.046,"bolussnooze":2.0E-4,"activity":0.0028,"lastBolusTime":1703123025877,"time":"2023-12-21T04:11:06.639Z","iobWithZeroTemp":{"iob":-0.748,"basaliob":-0.914,"bolussnooze":2.0E-4,"activity":-0.0069,"lastBolusTime":1703123025877,"time":"2023-12-21T04:11:06.639Z"}},{"iob":0.107,"basaliob":-0.041,"bolussnooze":1.0E-4,"activity":0.0025,"lastBolusTime":1703123025877,"time":"2023-12-21T04:16:06.639Z","iobWithZeroTemp":{"iob":-0.762,"basaliob":-0.91,"bolussnooze":1.0E-4,"activity":-0.0073,"lastBolusTime":1703123025877,"time":"2023-12-21T04:16:06.639Z"}},{"iob":0.095,"basaliob":-0.036,"bolussnooze":0,"activity":0.0023,"lastBolusTime":1703123025877,"time":"2023-12-21T04:21:06.639Z","iobWithZeroTemp":{"iob":-0.774,"basaliob":-0.905,"bolussnooze":0,"activity":-0.0077,"lastBolusTime":1703123025877,"time":"2023-12-21T04:21:06.639Z"}},{"iob":0.084,"basaliob":-0.032,"bolussnooze":0,"activity":0.0021,"lastBolusTime":1703123025877,"time":"2023-12-21T04:26:06.639Z","iobWithZeroTemp":{"iob":-0.785,"basaliob":-0.901,"bolussnooze":0,"activity":-0.008,"lastBolusTime":1703123025877,"time":"2023-12-21T04:26:06.639Z"}},{"iob":0.074,"basaliob":-0.028,"bolussnooze":0,"activity":0.0019,"lastBolusTime":1703123025877,"time":"2023-12-21T04:31:06.639Z","iobWithZeroTemp":{"iob":-0.795,"basaliob":-0.897,"bolussnooze":0,"activity":-0.0082,"lastBolusTime":1703123025877,"time":"2023-12-21T04:31:06.639Z"}},{"iob":0.065,"basaliob":-0.025,"bolussnooze":0,"activity":0.0017,"lastBolusTime":1703123025877,"time":"2023-12-21T04:36:06.639Z","iobWithZeroTemp":{"iob":-0.803,"basaliob":-0.893,"bolussnooze":0,"activity":-0.0085,"lastBolusTime":1703123025877,"time":"2023-12-21T04:36:06.639Z"}},{"iob":0.057,"basaliob":-0.022,"bolussnooze":0,"activity":0.0015,"lastBolusTime":1703123025877,"time":"2023-12-21T04:41:06.639Z","iobWithZeroTemp":{"iob":-0.81,"basaliob":-0.889,"bolussnooze":0,"activity":-0.0088,"lastBolusTime":1703123025877,"time":"2023-12-21T04:41:06.639Z"}},{"iob":0.05,"basaliob":-0.019,"bolussnooze":0,"activity":0.0014,"lastBolusTime":1703123025877,"time":"2023-12-21T04:46:06.639Z","iobWithZeroTemp":{"iob":-0.816,"basaliob":-0.885,"bolussnooze":0,"activity":-0.0089,"lastBolusTime":1703123025877,"time":"2023-12-21T04:46:06.639Z"}},{"iob":0.043,"basaliob":-0.017,"bolussnooze":0,"activity":0.0012,"lastBolusTime":1703123025877,"time":"2023-12-21T04:51:06.639Z","iobWithZeroTemp":{"iob":-0.821,"basaliob":-0.881,"bolussnooze":0,"activity":-0.0091,"lastBolusTime":1703123025877,"time":"2023-12-21T04:51:06.639Z"}},{"iob":0.039,"basaliob":-0.014,"bolussnooze":0,"activity":0.0011,"lastBolusTime":1703123025877,"time":"2023-12-21T04:56:06.639Z","iobWithZeroTemp":{"iob":-0.823,"basaliob":-0.876,"bolussnooze":0,"activity":-0.0092,"lastBolusTime":1703123025877,"time":"2023-12-21T04:56:06.639Z"}},{"iob":0.034,"basaliob":-0.012,"bolussnooze":0,"activity":9.0E-4,"lastBolusTime":1703123025877,"time":"2023-12-21T05:01:06.639Z","iobWithZeroTemp":{"iob":-0.827,"basaliob":-0.873,"bolussnooze":0,"activity":-0.0095,"lastBolusTime":1703123025877,"time":"2023-12-21T05:01:06.639Z"}},{"iob":0.028,"basaliob":-0.011,"bolussnooze":0,"activity":9.0E-4,"lastBolusTime":1703123025877,"time":"2023-12-21T05:06:06.639Z","iobWithZeroTemp":{"iob":-0.827,"basaliob":-0.866,"bolussnooze":0,"activity":-0.0095,"lastBolusTime":1703123025877,"time":"2023-12-21T05:06:06.639Z"}},{"iob":0.025,"basaliob":-0.009,"bolussnooze":0,"activity":7.0E-4,"lastBolusTime":1703123025877,"time":"2023-12-21T05:11:06.639Z","iobWithZeroTemp":{"iob":-0.824,"basaliob":-0.858,"bolussnooze":0,"activity":-0.0096,"lastBolusTime":1703123025877,"time":"2023-12-21T05:11:06.639Z"}},{"iob":0.021,"basaliob":-0.008,"bolussnooze":0,"activity":6.0E-4,"lastBolusTime":1703123025877,"time":"2023-12-21T05:16:06.639Z","iobWithZeroTemp":{"iob":-0.822,"basaliob":-0.851,"bolussnooze":0,"activity":-0.0097,"lastBolusTime":1703123025877,"time":"2023-12-21T05:16:06.639Z"}},{"iob":0.018,"basaliob":-0.007,"bolussnooze":0,"activity":6.0E-4,"lastBolusTime":1703123025877,"time":"2023-12-21T05:21:06.639Z","iobWithZeroTemp":{"iob":-0.82,"basaliob":-0.845,"bolussnooze":0,"activity":-0.0097,"lastBolusTime":1703123025877,"time":"2023-12-21T05:21:06.639Z"}},{"iob":0.015,"basaliob":-0.006,"bolussnooze":0,"activity":5.0E-4,"lastBolusTime":1703123025877,"time":"2023-12-21T05:26:06.639Z","iobWithZeroTemp":{"iob":-0.817,"basaliob":-0.838,"bolussnooze":0,"activity":-0.0098,"lastBolusTime":1703123025877,"time":"2023-12-21T05:26:06.639Z"}},{"iob":0.013,"basaliob":-0.005,"bolussnooze":0,"activity":4.0E-4,"lastBolusTime":1703123025877,"time":"2023-12-21T05:31:06.639Z","iobWithZeroTemp":{"iob":-0.814,"basaliob":-0.832,"bolussnooze":0,"activity":-0.0098,"lastBolusTime":1703123025877,"time":"2023-12-21T05:31:06.639Z"}},{"iob":0.011,"basaliob":-0.004,"bolussnooze":0,"activity":4.0E-4,"lastBolusTime":1703123025877,"time":"2023-12-21T05:36:06.639Z","iobWithZeroTemp":{"iob":-0.811,"basaliob":-0.826,"bolussnooze":0,"activity":-0.0098,"lastBolusTime":1703123025877,"time":"2023-12-21T05:36:06.639Z"}},{"iob":0.01,"basaliob":-0.003,"bolussnooze":0,"activity":4.0E-4,"lastBolusTime":1703123025877,"time":"2023-12-21T05:41:06.639Z","iobWithZeroTemp":{"iob":-0.807,"basaliob":-0.82,"bolussnooze":0,"activity":-0.0097,"lastBolusTime":1703123025877,"time":"2023-12-21T05:41:06.639Z"}},{"iob":0.007,"basaliob":-0.003,"bolussnooze":0,"activity":3.0E-4,"lastBolusTime":1703123025877,"time":"2023-12-21T05:46:06.639Z","iobWithZeroTemp":{"iob":-0.805,"basaliob":-0.815,"bolussnooze":0,"activity":-0.0098,"lastBolusTime":1703123025877,"time":"2023-12-21T05:46:06.639Z"}},{"iob":0.006,"basaliob":-0.002,"bolussnooze":0,"activity":2.0E-4,"lastBolusTime":1703123025877,"time":"2023-12-21T05:51:06.639Z","iobWithZeroTemp":{"iob":-0.802,"basaliob":-0.81,"bolussnooze":0,"activity":-0.0098,"lastBolusTime":1703123025877,"time":"2023-12-21T05:51:06.639Z"}}],"profile":{"max_iob":7,"type":"current","max_daily_basal":0.8,"max_basal":5,"min_bg":80,"max_bg":90,"target_bg":85,"carb_ratio":14,"sens":57,"max_daily_safety_multiplier":9,"current_basal_safety_multiplier":8,"lgsThreshold":65,"high_temptarget_raises_sensitivity":false,"low_temptarget_lowers_sensitivity":false,"sensitivity_raises_target":false,"resistance_lowers_target":false,"adv_target_adjustments":false,"exercise_mode":false,"half_basal_exercise_target":160,"maxCOB":120,"skip_neutral_temps":false,"remainingCarbsCap":90,"enableUAM":true,"A52_risk_enable":false,"SMBInterval":3,"enableSMB_with_COB":true,"enableSMB_with_temptarget":true,"allowSMB_with_high_temptarget":true,"enableSMB_always":true,"enableSMB_after_carbs":true,"maxSMBBasalMinutes":120,"maxUAMSMBBasalMinutes":90,"bolus_increment":0.05,"carbsReqThreshold":5,"current_basal":0.7,"temptargetSet":false,"autosens_max":1.6,"autosens_min":0.6,"variable_sens":73.7,"insulinDivisor":75,"TDD":24.302235714285718},"autosens_data":{"ratio":1.0536298049825268},"meal_data":{"carbs":0,"mealCOB":0,"slopeFromMaxDeviation":-1.7697500000000002,"slopeFromMinDeviation":0.7874545454545454,"lastBolusTime":1703123025877,"lastCarbTime":0},"microBolusAllowed":true,"currentTime":1703123768147,"flatBGsDetected":false,"tdd1D":21.666666666666675,"tdd7D":21.121428571428574,"tddLast24H":22.25416666666666,"tddLast4H":5.3583333333333325,"tddLast8to4H":4.283333333333332},"output":{"temp":"absolute","bg":130,"tick":-1,"eventualBG":59,"targetBG":85,"insulinReq":0,"deliverAt":"2023-12-21T01:56:08.147Z","sensitivityRatio":1.0536298049825268,"variable_sens":73.7,"predBGs":{"IOB":[130,129,127,125,122,119,116,113,109,105,101,96,92,87,83,79,75,71,67,64,60,57,54,51,48,45,42,40,39],"ZT":[130,125,119,114,108,103,97,92,87,83,79,75,72,69,67,65,64,63,63,64,65,67,69,71,74,77,80,83],"UAM":[130,127,123,117,111,106,100,94,88,83,77,71,65,60,54,48,42,39]},"reason":"COB: 0, Dev: 26, BGI: -5, ISF: 74, CR: 14, Target: 85, minPredBG 51, minGuardBG -27, IOBpredBG 39, UAMpredBG 39; minGuardBG -27<65","COB":0,"IOB":1.322,"duration":120,"rate":0,"timestamp":"2023-12-21T01:56:08.154Z"}}