{"algorithm":"OpenAPSSMBDynamicISFPlugin","input":{"glucoseStatus":{"glucose":72,"noise":0,"delta":-2,"short_avgdelta":-2,"long_avgdelta":-1.38,"date":1703161837000},"currenttemp":{"temp":"absolute","duration":20,"rate":0.5,"minutesrunning":10},"iob_data":[{"iob":-0.158,"basaliob":-0.251,"bolussnooze":0,"activity":-0.0015,"lastBolusTime":1703160072925,"time":"2023-12-21T12:31:02.697Z","iobWithZeroTemp":{"iob":-0.158,"basaliob":-0.251,"bolussnooze":0,"activity":-0.0015,"lastBolusTime":1703160072925,"time":"2023-12-21T12:31:02.697Z"}},{"iob":-0.149,"basaliob":-0.236,"bolussnooze":0,"activity":-0.0016,"lastBolusTime":1703160072925,"time":"2023-12-21T12:36:02.697Z","iobWithZeroTemp":{"iob":-0.189,"basaliob":-0.276,"bolussnooze":0,"activity":-0.0016,"lastBolusTime":1703160072925,"time":"2023-12-21T12:36:02.697Z"}},{"iob":-0.141,"basaliob":-0.222,"bolussnooze":0,"activity":-0.0016,"lastBolusTime":1703160072925,"time":"2023-12-21T12:41:02.697Z","iobWithZeroTemp":{"iob":-0.23,"basaliob":-0.311,"bolussnooze":0,"activity":-0.0018,"lastBolusTime":1703160072925,"time":"2023-12-21T12:41:02.697Z"}},{"iob":-0.133,"basaliob":-0.208,"bolussnooze":0,"activity":-0.0016,"lastBolusTime":1703160072925,"time":"2023-12-21T12:46:02.697Z","iobWithZeroTemp":{"iob":-0.271,"basaliob":-0.346,"bolussnooze":0,"activity":-0.002,"lastBolusTime":1703160072925,"time":"2023-12-21T12:46:02.697Z"}},{"iob":-0.125,"basaliob":-0.194,"bolussnooze":0,"activity":-0.0016,"lastBolusTime":1703160072925,"time":"2023-12-21T12:51:02.697Z","iobWithZeroTemp":{"iob":-0.31,"basaliob":-0.379,"bolussnooze":0,"activity":-0.0023,"lastBolusTime":1703160072925,"time":"2023-12-21T12:51:02.697Z"}},{"iob":-0.118,"basaliob":-0.181,"bolussnooze":0,"activity":-0.0015,"lastBolusTime":1703160072925,"time":"2023-12-21T12:56:02.697Z","iobWithZeroTemp":{"iob":-0.349,"basaliob":-0.412,"bolussnooze":0,"activity":-0.0026,"lastBolusTime":1703160072925,"time":"2023-12-21T12:56:02.697Z"}},{"iob":-0.11,"basaliob":-0.168,"bolussnooze":0,"activity":-0.0015,"lastBolusTime":1703160072925,"time":"2023-12-21T13:01:02.697Z","iobWithZeroTemp":{"iob":-0.385,"basaliob":-0.443,"bolussnooze":0,"activity":-0.0029,"lastBolusTime":1703160072925,"time":"2023-12-21T13:01:02.697Z"}},{"iob":-0.102,"basaliob":-0.155,"bolussnooze":0,"activity":-0.0015,"lastBolusTime":1703160072925,"time":"2023-12-21T13:06:02.697Z","iobWithZeroTemp":{"iob":-0.418,"basaliob":-0.471,"bolussnooze":0,"activity":-0.0033,"lastBolusTime":1703160072925,"time":"2023-12-21T13:06:02.697Z"}},{"iob":-0.095,"basaliob":-0.144,"bolussnooze":0,"activity":-0.0014,"lastBolusTime":1703160072925,"time":"2023-12-21T13:11:02.697Z","iobWithZeroTemp":{"iob":-0.451,"basaliob":-0.5,"bolussnooze":0,"activity":-0.0037,"lastBolusTime":1703160072925,"time":"2023-12-21T13:11:02.697Z"}},{"iob":-0.087,"basaliob":-0.132,"bolussnooze":0,"activity":-0.0014,"lastBolusTime":1703160072925,"time":"2023-12-21T13:16:02.697Z","iobWithZeroTemp":{"iob":-0.481,"basaliob":-0.526,"bolussnooze":0,"activity":-0.0041,"lastBolusTime":1703160072925,"time":"2023-12-21T13:16:02.697Z"}},{"iob":-0.081,"basaliob":-0.122,"bolussnooze":0,"activity":-0.0013,"lastBolusTime":1703160072925,"time":"2023-12-21T13:21:02.697Z","iobWithZeroTemp":{"iob":-0.51,"basaliob":-0.551,"bolussnooze":0,"activity":-0.0044,"lastBolusTime":1703160072925,"time":"2023-12-21T13:21:02.697Z"}},{"iob":-0.075,"basaliob":-0.112,"bolussnooze":0,"activity":-0.0012,"lastBolusTime":1703160072925,"time":"2023-12-21T13:26:02.697Z","iobWithZeroTemp":{"iob":-0.537,"basaliob":-0.574,"bolussnooze":0,"activity":-0.0048,"lastBolusTime":1703160072925,"time":"2023-12-21T13:26:02.697Z"}},{"iob":-0.068,"basaliob":-0.102,"bolussnooze":0,"activity":-0.0011,"lastBolusTime":1703160072925,"time":"2023-12-21T13:31:02.697Z","iobWithZeroTemp":{"iob":-0.562,"basaliob":-0.596,"bolussnooze":0,"activity":-0.0051,"lastBolusTime":1703160072925,"time":"2023-12-21T13:31:02.697Z"}},{"iob":-0.063,"basaliob":-0.094,"bolussnooze":0,"activity":-0.0011,"lastBolusTime":1703160072925,"time":"2023-12-21T13:36:02.697Z","iobWithZeroTemp":{"iob":-0.586,"basaliob":-0.617,"bolussnooze":0,"activity":-0.0055,"lastBolusTime":1703160072925,"time":"2023-12-21T13:36:02.697Z"}},{"iob":-0.057,"basaliob":-0.085,"bolussnooze":0,"activity":-0.001,"lastBolusTime":1703160072925,"time":"2023-12-21T13:41:02.697Z","iobWithZeroTemp":{"iob":-0.607,"basaliob":-0.635,"bolussnooze":0,"activity":-0.0058,"lastBolusTime":1703160072925,"time":"2023-12-21T13:41:02.697Z"}},{"iob":-0.053,"basaliob":-0.078,"bolussnooze":0,"activity":-0.001,"lastBolusTime":1703160072925,"time":"2023-12-21T13:46:02.697Z","iobWithZeroTemp":{"iob":-0.628,"basaliob":-0.653,"bolussnooze":0,"activity":-0.0062,"lastBolusTime":1703160072925,"time":"2023-12-21T13:46:02.697Z"}},{"iob":-0.049,"basaliob":-0.071,"bolussnooze":0,"activity":-9.0E-4,"lastBolusTime":1703160072925,"time":"2023-12-21T13:51:02.697Z","iobWithZeroTemp":{"iob":-0.647,"basaliob":-0.669,"bolussnooze":0,"activity":-0.0064,"lastBolusTime":1703160072925,"time":"2023-12-21T13:51:02.697Z"}},{"iob":-0.044,"basaliob":-0.064,"bolussnooze":0,"activity":-9.0E-4,"lastBolusTime":1703160072925,"time":"2023-12-21T13:56:02.697Z","iobWithZeroTemp":{"iob":-0.664,"basaliob":-0.684,"bolussnooze":0,"activity":-0.0068,"lastBolusTime":1703160072925,"time":"2023-12-21T13:56:02.697Z"}},{"iob":-0.04,"basaliob":-0.058,"bolussnooze":0,"activity":-8.0E-4,"lastBolusTime":1703160072925,"time":"2023-12-21T14:01:02.697Z","iobWithZeroTemp":{"iob":-0.68,"basaliob":-0.698,"bolussnooze":0,"activity":-0.007,"lastBolusTime":1703160072925,"time":"2023-12-21T14:01:02.697Z"}},{"iob":-0.036,"basaliob":-0.052,"bolussnooze":0,"activity":-7.0E-4,"lastBolusTime":1703160072925,"time":"2023-12-21T14:06:02.697Z","iobWithZeroTemp":{"iob":-0.702,"basaliob":-0.718,"bolussnooze":0,"activity":-0.0072,"lastBolusTime":1703160072925,"time":"2023-12-21T14:06:02.697Z"}},{"iob":-0.032,"basaliob":-0.047,"bolussnooze":0,"activity":-7.0E-4,"lastBolusTime":1703160072925,"time":"2023-12-21T14:11:02.697Z","iobWithZeroTemp":{"iob":-0.723,"basaliob":-0.738,"bolussnooze":0,"activity":-0.0075,"lastBolusTime":1703160072925,"time":"2023-12-21T14:11:02.697Z"}},{"iob":-0.03,"basaliob":-0.043,"bolussnooze":0,"activity":-6.0E-4,"lastBolusTime":1703160072925,"time":"2023-12-21T14:16:02.697Z","iobWithZeroTemp":{"iob":-0.744,"basaliob":-0.757,"bolussnooze":0,"activity":-0.0077,"lastBolusTime":1703160072925,"time":"2023-12-21T14:16:02.697Z"}},{"iob":-0.026,"basaliob":-0.038,"bolussnooze":0,"activity":-5.0E-4,"lastBolusTime":1703160072925,"time":"2023-12-21T14:21:02.697Z","iobWithZeroTemp":{"iob":-0.762,"basaliob":-0.774,"bolussnooze":0,"activity":-0.0079,"lastBolusTime":1703160072925,"time":"2023-12-21T14:21:02.697Z"}},{"iob":-0.024,"basaliob":-0.034,"bolussnooze":0,"activity":-6.0E-4,"lastBolusTime":1703160072925,"time":"2023-12-21T14:26:02.697Z","iobWithZeroTemp":{"iob":-0.781,"basaliob":-0.791,"bolussnooze":0,"activity":-0.0083,"lastBolusTime":1703160072925,"time":"2023-12-21T14:26:02.697Z"}},{"iob":-0.022,"basaliob":-0.031,"bolussnooze":0,"activity":-5.0E-4,"lastBolusTime":1703160072925,"time":"2023-12-21T14:31:02.697Z","iobWithZeroTemp":{"iob":-0.797,"basaliob":-0.806,"bolussnooze":0,"activity":-0.0085,"lastBolusTime":1703160072925,"time":"2023-12-21T14:31:02.697Z"}},{"iob":-0.02,"basaliob":-0.028,"bolussnooze":0,"activity":-4.0E-4,"lastBolusTime":1703160072925,"time":"2023-12-21T14:36:02.697Z","iobWithZeroTemp":{"iob":-0.813,"basaliob":-0.821,"bolussnooze":0,"activity":-0.0087,"lastBolusTime":1703160072925,"time":"2023-12-21T14:36:02.697Z"}},{"iob":-0.018,"basaliob":-0.025,"bolussnooze":0,"activity":-4.0E-4,"lastBolusTime":1703160072925,"time":"2023-12-21T14:41:02.697Z","iobWithZeroTemp":{"iob":-0.827,"basaliob":-0.834,"bolussnooze":0,"activity":-0.009,"lastBolusTime":1703160072925,"time":"2023-12-21T14:41:02.697Z"}},{"iob":-0.016,"basaliob":-0.022,"bolussnooze":0,"activity":-3.0E-4,"lastBolusTime":1703160072925,"time":"2023-12-21T14:46:02.697Z","iobWithZeroTemp":{"iob":-0.84,"basaliob":-0.846,"bolussnooze":0,"activity":-0.0091,"lastBolusTime":1703160072925,"time":"2023-12-21T14:46:02.697Z"}},{"iob":-0.013,"basaliob":-0.019,"bolussnooze":0,"activity":-4.0E-4,"lastBolusTime":1703160072925,"time":"2023-12-21T14:51:02.697Z","iobWithZeroTemp":{"iob":-0.851,"basaliob":-0.857,"bolussnooze":0,"activity":-0.0094,"lastBolusTime":1703160072925,"time":"2023-12-21T14:51:02.697Z"}},{"iob":-0.012,"basaliob":-0.017,"bolussnooze":0,"activity":-3.0E-4,"lastBolusTime":1703160072925,"time":"2023-12-21T14:56:02.697Z","iobWithZeroTemp":{"iob":-0.862,"basaliob":-0.867,"bolussnooze":0,"activity":-0.0096,"lastBolusTime":1703160072925,"time":"2023-12-21T14:56:02.697Z"}},{"iob":-0.011,"basaliob":-0.015,"bolussnooze":0,"activity":-3.0E-4,"lastBolusTime":1703160072925,"time":"2023-12-21T15:01:02.697Z","iobWithZeroTemp":{"iob":-0.873,"basaliob":-0.877,"bolussnooze":0,"activity":-0.0098,"lastBolusTime":1703160072925,"time":"2023-12-21T15:01:02.697Z"}},{"iob":-0.009,"basaliob":-0.013,"bolussnooze":0,"activity":-2.0E-4,"lastBolusTime":1703160072925,"time":"2023-12-21T15:06:02.697Z","iobWithZeroTemp":{"iob":-0.882,"basaliob":-0.886,"bolussnooze":0,"activity":-0.0098,"lastBolusTime":1703160072925,"time":"2023-12-21T15:06:02.697Z"}},{"iob":-0.009,"basaliob":-0.012,"bolussnooze":0,"activity":-2.0E-4,"lastBolusTime":1703160072925,"time":"2023-12-21T15:11:02.697Z","iobWithZeroTemp":{"iob":-0.891,"basaliob":-0.894,"bolussnooze":0,"activity":-0.01,"lastBolusTime":1703160072925,"time":"2023-12-21T15:11:02.697Z"}},{"iob":-0.007,"basaliob":-0.01,"bolussnooze":0,"activity":-2.0E-4,"lastBolusTime":1703160072925,"time":"2023-12-21T15:16:02.697Z","iobWithZeroTemp":{"iob":-0.898,"basaliob":-0.901,"bolussnooze":0,"activity":-0.0102,"lastBolusTime":1703160072925,"time":"2023-12-21T15:16:02.697Z"}},{"iob":-0.007,"basaliob":-0.009,"bolussnooze":0,"activity":-1.0E-4,"lastBolusTime":1703160072925,"time":"2023-12-21T15:21:02.697Z","iobWithZeroTemp":{"iob":-0.906,"basaliob":-0.908,"bolussnooze":0,"activity":-0.0102,"lastBolusTime":1703160072925,"time":"2023-12-21T15:21:02.697Z"}},{"iob":-0.006,"basaliob":-0.008,"bolussnooze":0,"activity":-1.0E-4,"lastBolusTime":1703160072925,"time":"2023-12-21T15:26:02.697Z","iobWithZeroTemp":{"iob":-0.912,"basaliob":-0.914,"bolussnooze":0,"activity":-0.0104,"lastBolusTime":1703160072925,"time":"2023-12-21T15:26:02.697Z"}},{"iob":-0.005,"basaliob":-0.007,"bolussnooze":0,"activity":-1.0E-4,"lastBolusTime":1703160072925,"time":"2023-12-21T15:31:02.697Z","iobWithZeroTemp":{"iob":-0.918,"basaliob":-0.92,"bolussnooze":0,"activity":-0.0105,"lastBolusTime":1703160072925,"time":"2023-12-21T15:31:02.697Z"}},{"iob":-0.005,"basaliob":-0.006,"bolussnooze":0,"activity":-2.0E-4,"lastBolusTime":1703160072925,"time":"2023-12-21T15:36:02.697Z","iobWithZeroTemp":{"iob":-0.924,"basaliob":-0.925,"bolussnooze":0,"activity":-0.0107,"lastBolusTime":1703160072925,"time":"2023-12-21T15:36:02.697Z"}},{"iob":-0.004,"basaliob":-0.005,"bolussnooze":0,"activity":-2.0E-4,"lastBolusTime":1703160072925,"time":"2023-12-21T15:41:02.697Z","iobWithZeroTemp":{"iob":-0.928,"basaliob":-0.929,"bolussnooze":0,"activity":-0.0109,"lastBolusTime":1703160072925,"time":"2023-12-21T15:41:02.697Z"}},{"iob":-0.004,"basaliob":-0.005,"bolussnooze":0,"activity":-1.0E-4,"lastBolusTime":1703160072925,"time":"2023-12-21T15:46:02.697Z","iobWithZeroTemp":{"iob":-0.933,"basaliob":-0.934,"bolussnooze":0,"activity":-0.0109,"lastBolusTime":1703160072925,"time":"2023-12-21T15:46:02.697Z"}},{"iob":-0.003,"basaliob":-0.004,"bolussnooze":0,"activity":-1.0E-4,"lastBolusTime":1703160072925,"time":"2023-12-21T15:51:02.697Z","iobWithZeroTemp":{"iob":-0.936,"basaliob":-0.937,"bolussnooze":0,"activity":-0.011,"lastBolusTime":1703160072925,"time":"2023-12-21T15:51:02.697Z"}},{"iob":-0.002,"basaliob":-0.003,"bolussnooze":0,"activity":-1.0E-4,"lastBolusTime":1703160072925,"time":"2023-12-21T15:56:02.697Z","iobWithZeroTemp":{"iob":-0.939,"basaliob":-0.94,"bolussnooze":0,"activity":-0.011,"lastBolusTime":1703160072925,"time":"2023-12-21T15:56:02.697Z"}},{"iob":-0.002,"basaliob":-0.003,"bolussnooze":0,"activity":-1.0E-4,"lastBolusTime":1703160072925,"time":"2023-12-21T16:01:02.697Z","iobWithZeroTemp":{"iob":-0.943,"basaliob":-0.944,"bolussnooze":0,"activity":-0.0111,"lastBolusTime":1703160072925,"time":"2023-12-21T16:01:02.697Z"}},{"iob":-0.001,"basaliob":-0.002,"bolussnooze":0,"activity":-1.0E-4,"lastBolusTime":1703160072925,"time":"2023-12-21T16:06:02.697Z","iobWithZeroTemp":{"iob":-0.945,"basaliob":-0.946,"bolussnooze":0,"activity":-0.0112,"lastBolusTime":1703160072925,"time":"2023-12-21T16:06:02.697Z"}},{"iob":-0.002,"basaliob":-0.002,"bolussnooze":0,"activity":-1.0E-4,"lastBolusTime":1703160072925,"time":"2023-12-21T16:11:02.697Z","iobWithZeroTemp":{"iob":-0.949,"basaliob":-0.949,"bolussnooze":0,"activity":-0.0113,"lastBolusTime":1703160072925,"time":"2023-12-21T16:11:02.697Z"}},{"iob":-0.002,"basaliob":-0.002,"bolussnooze":0,"activity":-1.0E-4,"lastBolusTime":1703160072925,"time":"2023-12-21T16:16:02.697Z","iobWithZeroTemp":{"iob":-0.951,"basaliob":-0.951,"bolussnooze":0,"activity":-0.0113,"lastBolusTime":1703160072925,"time":"2023-12-21T16:16:02.697Z"}},{"iob":-0.001,"basaliob":-0.001,"bolussnooze":0,"activity":-1.0E-4,"lastBolusTime":1703160072925,"time":"2023-12-21T16:21:02.697Z","iobWithZeroTemp":{"iob":-0.952,"basaliob":-0.952,"bolussnooze":0,"activity":-0.0114,"lastBolusTime":1703160072925,"time":"2023-12-21T16:21:02.697Z"}},{"iob":-0.001,"basaliob":-0.001,"bolussnooze":0,"activity":0,"lastBolusTime":1703160072925,"time":"2023-12-21T16:26:02.697Z","iobWithZeroTemp":{"iob":-0.954,"basaliob":-0.954,"bolussnooze":0,"activity":-0.0113,"lastBolusTime":1703160072925,"time":"2023-12-21T16:26:02.697Z"}}],"profile":{"max_iob":7,"type":"current","max_daily_basal":0.8,"max_basal":4.8,"min_bg":80,"max_bg":90,"target_bg":85,"carb_ratio":16,"sens":57,"max_daily_safety_multiplier":9,"current_basal_safety_multiplier":8,"lgsThreshold":65,"high_temptarget_raises_sensitivity":false,"low_temptarget_lowers_sensitivity":false,"sensitivity_raises_target":false,"resistance_lowers_target":false,"adv_target_adjustments":false,"exercise_mode":false,"half_basal_exercise_target":160,"maxCOB":120,"skip_neutral_temps":false,"remainingCarbsCap":90,"enableUAM":true,"A52_risk_enable":false,"SMBInterval":3,"enableSMB_with_COB":true,"enableSMB_with_temptarget":true,"allowSMB_with_high_temptarget":true,"enableSMB_always":true,"enableSMB_after_carbs":true,"maxSMBBasalMinutes":120,"maxUAMSMBBasalMinutes":90,"bolus_increment":0.05,"carbsReqThreshold":5,"current_basal":0.6,"temptargetSet":false,"autosens_max":1.6,"autosens_min":0.6,"variable_sens":146.9,"insulinDivisor":75,"TDD":18.20264523809524},"autosens_data":{"ratio":1.0132498059651844},"meal_data":{"carbs":0,"mealCOB":0,"slopeFromMaxDeviation":-0.6722,"slopeFromMinDeviation":0,"lastBolusTime":1703160072925,"lastCarbTime":0},"microBolusAllowed":true,"currentTime":1703161864280,"flatBGsDetected":false,"tdd1D":20.662500000000005,"tdd7D":21.47380952380953,"tddLast24H":21.758333333333333,"tddLast4H":1.845833333333333,"tddLast8to4H":2.5666666666666664},"output":{"temp":"absolute","bg":72,"tick":-2,"eventualBG":80,"targetBG":85,"insulinReq":-0.08,"deliverAt":"2023-12-21T12:31:04.280Z","sensitivityRatio":1.0132498059651844,"variable_sens":146.9,"predBGs":{"IOB":[72,70,69,68,67,66,66,66,66,66,67,68,69,69,70,71,72,72,73,74,74,75,75,75,76,76,77,77,77,77,77,78,78,78,78,78,78,78,78,79],"ZT":[72,73,74,76,77,79,80,82,85]},"reason":"COB: 0, Dev: -15, BGI: 1, ISF: 147, CR: 16, Target: 85, minPredBG 73, minGuardBG 66, IOBpredBG 79;  insulinReq -0.08; setting 30m low temp of 0.02U\/h. ","COB":0,"IOB":-0.158,"rate":0.02,"duration":30,"timestamp":"2023-12-21T12:31:04.288Z"}}