{"algorithm":"OpenAPSSMBDynamicISFPlugin","input":{"glucoseStatus":{"glucose":90,"noise":0,"delta":1,"short_avgdelta":1.11,"long_avgdelta":0.69,"date":1703087738000},"currenttemp":{"temp":"absolute","duration":15,"rate":0.8,"minutesrunning":15},"iob_data":[{"iob":0.029,"basaliob":-0.267,"bolussnooze":0.0149,"activity":4.0E-4,"lastBolusTime":1703087192890,"time":"2023-12-20T15:56:00.390Z","iobWithZeroTemp":{"iob":0.029,"basaliob":-0.267,"bolussnooze":0.0149,"activity":4.0E-4,"lastBolusTime":1703087192890,"time":"2023-12-20T15:56:00.390Z"}},{"iob":0.027,"basaliob":-0.248,"bolussnooze":0.0114,"activity":4.0E-4,"lastBolusTime":1703087192890,"time":"2023-12-20T16:01:00.390Z","iobWithZeroTemp":{"iob":-0.02,"basaliob":-0.295,"bolussnooze":0.0114,"activity":4.0E-4,"lastBolusTime":1703087192890,"time":"2023-12-20T16:01:00.390Z"}},{"iob":0.026,"basaliob":-0.229,"bolussnooze":0.0086,"activity":4.0E-4,"lastBolusTime":1703087192890,"time":"2023-12-20T16:06:00.390Z","iobWithZeroTemp":{"iob":-0.078,"basaliob":-0.333,"bolussnooze":0.0086,"activity":2.0E-4,"lastBolusTime":1703087192890,"time":"2023-12-20T16:06:00.390Z"}},{"iob":0.023,"basaliob":-0.212,"bolussnooze":0.0064,"activity":4.0E-4,"lastBolusTime":1703087192890,"time":"2023-12-20T16:11:00.390Z","iobWithZeroTemp":{"iob":-0.138,"basaliob":-0.373,"bolussnooze":0.0064,"activity":-1.0E-4,"lastBolusTime":1703087192890,"time":"2023-12-20T16:11:00.390Z"}},{"iob":0.021,"basaliob":-0.195,"bolussnooze":0.0046,"activity":4.0E-4,"lastBolusTime":1703087192890,"time":"2023-12-20T16:16:00.390Z","iobWithZeroTemp":{"iob":-0.195,"basaliob":-0.411,"bolussnooze":0.0046,"activity":-4.0E-4,"lastBolusTime":1703087192890,"time":"2023-12-20T16:16:00.390Z"}},{"iob":0.02,"basaliob":-0.179,"bolussnooze":0.0033,"activity":4.0E-4,"lastBolusTime":1703087192890,"time":"2023-12-20T16:21:00.390Z","iobWithZeroTemp":{"iob":-0.249,"basaliob":-0.448,"bolussnooze":0.0033,"activity":-8.0E-4,"lastBolusTime":1703087192890,"time":"2023-12-20T16:21:00.390Z"}},{"iob":0.019,"basaliob":-0.164,"bolussnooze":0.0023,"activity":3.0E-4,"lastBolusTime":1703087192890,"time":"2023-12-20T16:26:00.390Z","iobWithZeroTemp":{"iob":-0.301,"basaliob":-0.484,"bolussnooze":0.0023,"activity":-0.0014,"lastBolusTime":1703087192890,"time":"2023-12-20T16:26:00.390Z"}},{"iob":0.016,"basaliob":-0.151,"bolussnooze":0.0015,"activity":3.0E-4,"lastBolusTime":1703087192890,"time":"2023-12-20T16:31:00.390Z","iobWithZeroTemp":{"iob":-0.353,"basaliob":-0.52,"bolussnooze":0.0015,"activity":-0.0019,"lastBolusTime":1703087192890,"time":"2023-12-20T16:31:00.390Z"}},{"iob":0.015,"basaliob":-0.138,"bolussnooze":9.0E-4,"activity":3.0E-4,"lastBolusTime":1703087192890,"time":"2023-12-20T16:36:00.390Z","iobWithZeroTemp":{"iob":-0.401,"basaliob":-0.554,"bolussnooze":9.0E-4,"activity":-0.0024,"lastBolusTime":1703087192890,"time":"2023-12-20T16:36:00.390Z"}},{"iob":0.013,"basaliob":-0.126,"bolussnooze":5.0E-4,"activity":3.0E-4,"lastBolusTime":1703087192890,"time":"2023-12-20T16:41:00.390Z","iobWithZeroTemp":{"iob":-0.446,"basaliob":-0.585,"bolussnooze":5.0E-4,"activity":-0.0029,"lastBolusTime":1703087192890,"time":"2023-12-20T16:41:00.390Z"}},{"iob":0.013,"basaliob":-0.114,"bolussnooze":3.0E-4,"activity":2.0E-4,"lastBolusTime":1703087192890,"time":"2023-12-20T16:46:00.390Z","iobWithZeroTemp":{"iob":-0.488,"basaliob":-0.615,"bolussnooze":3.0E-4,"activity":-0.0035,"lastBolusTime":1703087192890,"time":"2023-12-20T16:46:00.390Z"}},{"iob":0.011,"basaliob":-0.104,"bolussnooze":1.0E-4,"activity":2.0E-4,"lastBolusTime":1703087192890,"time":"2023-12-20T16:51:00.390Z","iobWithZeroTemp":{"iob":-0.529,"basaliob":-0.644,"bolussnooze":1.0E-4,"activity":-0.004,"lastBolusTime":1703087192890,"time":"2023-12-20T16:51:00.390Z"}},{"iob":0.01,"basaliob":-0.094,"bolussnooze":0,"activity":2.0E-4,"lastBolusTime":1703087192890,"time":"2023-12-20T16:56:00.390Z","iobWithZeroTemp":{"iob":-0.566,"basaliob":-0.67,"bolussnooze":0,"activity":-0.0044,"lastBolusTime":1703087192890,"time":"2023-12-20T16:56:00.390Z"}},{"iob":0.009,"basaliob":-0.085,"bolussnooze":0,"activity":2.0E-4,"lastBolusTime":1703087192890,"time":"2023-12-20T17:01:00.390Z","iobWithZeroTemp":{"iob":-0.601,"basaliob":-0.695,"bolussnooze":0,"activity":-0.0049,"lastBolusTime":1703087192890,"time":"2023-12-20T17:01:00.390Z"}},{"iob":0.008,"basaliob":-0.077,"bolussnooze":0,"activity":2.0E-4,"lastBolusTime":1703087192890,"time":"2023-12-20T17:06:00.390Z","iobWithZeroTemp":{"iob":-0.642,"basaliob":-0.727,"bolussnooze":0,"activity":-0.0054,"lastBolusTime":1703087192890,"time":"2023-12-20T17:06:00.390Z"}},{"iob":0.007,"basaliob":-0.07,"bolussnooze":0,"activity":2.0E-4,"lastBolusTime":1703087192890,"time":"2023-12-20T17:11:00.390Z","iobWithZeroTemp":{"iob":-0.68,"basaliob":-0.757,"bolussnooze":0,"activity":-0.0059,"lastBolusTime":1703087192890,"time":"2023-12-20T17:11:00.390Z"}},{"iob":0.006,"basaliob":-0.063,"bolussnooze":0,"activity":2.0E-4,"lastBolusTime":1703087192890,"time":"2023-12-20T17:16:00.390Z","iobWithZeroTemp":{"iob":-0.716,"basaliob":-0.785,"bolussnooze":0,"activity":-0.0063,"lastBolusTime":1703087192890,"time":"2023-12-20T17:16:00.390Z"}},{"iob":0.006,"basaliob":-0.056,"bolussnooze":0,"activity":2.0E-4,"lastBolusTime":1703087192890,"time":"2023-12-20T17:21:00.390Z","iobWithZeroTemp":{"iob":-0.749,"basaliob":-0.811,"bolussnooze":0,"activity":-0.0068,"lastBolusTime":1703087192890,"time":"2023-12-20T17:21:00.390Z"}},{"iob":0.005,"basaliob":-0.051,"bolussnooze":0,"activity":1.0E-4,"lastBolusTime":1703087192890,"time":"2023-12-20T17:26:00.390Z","iobWithZeroTemp":{"iob":-0.781,"basaliob":-0.837,"bolussnooze":0,"activity":-0.0073,"lastBolusTime":1703087192890,"time":"2023-12-20T17:26:00.390Z"}},{"iob":0.005,"basaliob":-0.045,"bolussnooze":0,"activity":1.0E-4,"lastBolusTime":1703087192890,"time":"2023-12-20T17:31:00.390Z","iobWithZeroTemp":{"iob":-0.809,"basaliob":-0.859,"bolussnooze":0,"activity":-0.0077,"lastBolusTime":1703087192890,"time":"2023-12-20T17:31:00.390Z"}},{"iob":0.004,"basaliob":-0.04,"bolussnooze":0,"activity":1.0E-4,"lastBolusTime":1703087192890,"time":"2023-12-20T17:36:00.390Z","iobWithZeroTemp":{"iob":-0.837,"basaliob":-0.881,"bolussnooze":0,"activity":-0.0081,"lastBolusTime":1703087192890,"time":"2023-12-20T17:36:00.390Z"}},{"iob":0.003,"basaliob":-0.036,"bolussnooze":0,"activity":1.0E-4,"lastBolusTime":1703087192890,"time":"2023-12-20T17:41:00.390Z","iobWithZeroTemp":{"iob":-0.862,"basaliob":-0.901,"bolussnooze":0,"activity":-0.0085,"lastBolusTime":1703087192890,"time":"2023-12-20T17:41:00.390Z"}},{"iob":0.003,"basaliob":-0.032,"bolussnooze":0,"activity":0,"lastBolusTime":1703087192890,"time":"2023-12-20T17:46:00.390Z","iobWithZeroTemp":{"iob":-0.885,"basaliob":-0.92,"bolussnooze":0,"activity":-0.009,"lastBolusTime":1703087192890,"time":"2023-12-20T17:46:00.390Z"}},{"iob":0.003,"basaliob":-0.028,"bolussnooze":0,"activity":1.0E-4,"lastBolusTime":1703087192890,"time":"2023-12-20T17:51:00.390Z","iobWithZeroTemp":{"iob":-0.906,"basaliob":-0.937,"bolussnooze":0,"activity":-0.0092,"lastBolusTime":1703087192890,"time":"2023-12-20T17:51:00.390Z"}},{"iob":0.002,"basaliob":-0.025,"bolussnooze":0,"activity":1.0E-4,"lastBolusTime":1703087192890,"time":"2023-12-20T17:56:00.390Z","iobWithZeroTemp":{"iob":-0.926,"basaliob":-0.953,"bolussnooze":0,"activity":-0.0096,"lastBolusTime":1703087192890,"time":"2023-12-20T17:56:00.390Z"}},{"iob":0.002,"basaliob":-0.022,"bolussnooze":0,"activity":0,"lastBolusTime":1703087192890,"time":"2023-12-20T18:01:00.390Z","iobWithZeroTemp":{"iob":-0.943,"basaliob":-0.967,"bolussnooze":0,"activity":-0.01,"lastBolusTime":1703087192890,"time":"2023-12-20T18:01:00.390Z"}},{"iob":0.001,"basaliob":-0.02,"bolussnooze":0,"activity":1.0E-4,"lastBolusTime":1703087192890,"time":"2023-12-20T18:06:00.390Z","iobWithZeroTemp":{"iob":-0.96,"basaliob":-0.981,"bolussnooze":0,"activity":-0.0102,"lastBolusTime":1703087192890,"time":"2023-12-20T18:06:00.390Z"}},{"iob":0.002,"basaliob":-0.017,"bolussnooze":0,"activity":0,"lastBolusTime":1703087192890,"time":"2023-12-20T18:11:00.390Z","iobWithZeroTemp":{"iob":-0.974,"basaliob":-0.993,"bolussnooze":0,"activity":-0.0105,"lastBolusTime":1703087192890,"time":"2023-12-20T18:11:00.390Z"}},{"iob":0.001,"basaliob":-0.015,"bolussnooze":0,"activity":0,"lastBolusTime":1703087192890,"time":"2023-12-20T18:16:00.390Z","iobWithZeroTemp":{"iob":-0.988,"basaliob":-1.004,"bolussnooze":0,"activity":-0.0108,"lastBolusTime":1703087192890,"time":"2023-12-20T18:16:00.390Z"}},{"iob":0.001,"basaliob":-0.013,"bolussnooze":0,"activity":0,"lastBolusTime":1703087192890,"time":"2023-12-20T18:21:00.390Z","iobWithZeroTemp":{"iob":-1.001,"basaliob":-1.015,"bolussnooze":0,"activity":-0.011,"lastBolusTime":1703087192890,"time":"2023-12-20T18:21:00.390Z"}},{"iob":0.001,"basaliob":-0.011,"bolussnooze":0,"activity":1.0E-4,"lastBolusTime":1703087192890,"time":"2023-12-20T18:26:00.390Z","iobWithZeroTemp":{"iob":-1.012,"basaliob":-1.024,"bolussnooze":0,"activity":-0.0111,"lastBolusTime":1703087192890,"time":"2023-12-20T18:26:00.390Z"}},{"iob":0.001,"basaliob":-0.01,"bolussnooze":0,"activity":0,"lastBolusTime":1703087192890,"time":"2023-12-20T18:31:00.390Z","iobWithZeroTemp":{"iob":-1.022,"basaliob":-1.033,"bolussnooze":0,"activity":-0.0114,"lastBolusTime":1703087192890,"time":"2023-12-20T18:31:00.390Z"}},{"iob":0,"basaliob":-0.009,"bolussnooze":0,"activity":0,"lastBolusTime":1703087192890,"time":"2023-12-20T18:36:00.390Z","iobWithZeroTemp":{"iob":-1.032,"basaliob":-1.041,"bolussnooze":0,"activity":-0.0116,"lastBolusTime":1703087192890,"time":"2023-12-20T18:36:00.390Z"}},{"iob":0.001,"basaliob":-0.007,"bolussnooze":0,"activity":0,"lastBolusTime":1703087192890,"time":"2023-12-20T18:41:00.390Z","iobWithZeroTemp":{"iob":-1.039,"basaliob":-1.047,"bolussnooze":0,"activity":-0.0118,"lastBolusTime":1703087192890,"time":"2023-12-20T18:41:00.390Z"}},{"iob":0.001,"basaliob":-0.006,"bolussnooze":0,"activity":0,"lastBolusTime":1703087192890,"time":"2023-12-20T18:46:00.390Z","iobWithZeroTemp":{"iob":-1.046,"basaliob":-1.053,"bolussnooze":0,"activity":-0.0119,"lastBolusTime":1703087192890,"time":"2023-12-20T18:46:00.390Z"}},{"iob":0.001,"basaliob":-0.005,"bolussnooze":0,"activity":0,"lastBolusTime":1703087192890,"time":"2023-12-20T18:51:00.390Z","iobWithZeroTemp":{"iob":-1.053,"basaliob":-1.059,"bolussnooze":0,"activity":-0.0121,"lastBolusTime":1703087192890,"time":"2023-12-20T18:51:00.390Z"}},{"iob":0.001,"basaliob":-0.004,"bolussnooze":0,"activity":0,"lastBolusTime":1703087192890,"time":"2023-12-20T18:56:00.390Z","iobWithZeroTemp":{"iob":-1.059,"basaliob":-1.064,"bolussnooze":0,"activity":-0.0122,"lastBolusTime":1703087192890,"time":"2023-12-20T18:56:00.390Z"}},{"iob":0,"basaliob":-0.004,"bolussnooze":0,"activity":0,"lastBolusTime":1703087192890,"time":"2023-12-20T19:01:00.390Z","iobWithZeroTemp":{"iob":-1.065,"basaliob":-1.069,"bolussnooze":0,"activity":-0.0123,"lastBolusTime":1703087192890,"time":"2023-12-20T19:01:00.390Z"}},{"iob":0,"basaliob":-0.003,"bolussnooze":0,"activity":0,"lastBolusTime":1703087192890,"time":"2023-12-20T19:06:00.390Z","iobWithZeroTemp":{"iob":-1.07,"basaliob":-1.073,"bolussnooze":0,"activity":-0.0124,"lastBolusTime":1703087192890,"time":"2023-12-20T19:06:00.390Z"}},{"iob":0,"basaliob":-0.003,"bolussnooze":0,"activity":0,"lastBolusTime":1703087192890,"time":"2023-12-20T19:11:00.390Z","iobWithZeroTemp":{"iob":-1.074,"basaliob":-1.077,"bolussnooze":0,"activity":-0.0125,"lastBolusTime":1703087192890,"time":"2023-12-20T19:11:00.390Z"}},{"iob":0,"basaliob":-0.002,"bolussnooze":0,"activity":0,"lastBolusTime":1703087192890,"time":"2023-12-20T19:16:00.390Z","iobWithZeroTemp":{"iob":-1.078,"basaliob":-1.08,"bolussnooze":0,"activity":-0.0126,"lastBolusTime":1703087192890,"time":"2023-12-20T19:16:00.390Z"}},{"iob":0,"basaliob":-0.002,"bolussnooze":0,"activity":0,"lastBolusTime":1703087192890,"time":"2023-12-20T19:21:00.390Z","iobWithZeroTemp":{"iob":-1.082,"basaliob":-1.084,"bolussnooze":0,"activity":-0.0127,"lastBolusTime":1703087192890,"time":"2023-12-20T19:21:00.390Z"}},{"iob":0.001,"basaliob":-0.001,"bolussnooze":0,"activity":0,"lastBolusTime":1703087192890,"time":"2023-12-20T19:26:00.390Z","iobWithZeroTemp":{"iob":-1.083,"basaliob":-1.085,"bolussnooze":0,"activity":-0.0128,"lastBolusTime":1703087192890,"time":"2023-12-20T19:26:00.390Z"}},{"iob":0,"basaliob":-0.001,"bolussnooze":0,"activity":0,"lastBolusTime":1703087192890,"time":"2023-12-20T19:31:00.390Z","iobWithZeroTemp":{"iob":-1.087,"basaliob":-1.088,"bolussnooze":0,"activity":-0.0128,"lastBolusTime":1703087192890,"time":"2023-12-20T19:31:00.390Z"}},{"iob":0,"basaliob":-0.001,"bolussnooze":0,"activity":0,"lastBolusTime":1703087192890,"time":"2023-12-20T19:36:00.390Z","iobWithZeroTemp":{"iob":-1.089,"basaliob":-1.09,"bolussnooze":0,"activity":-0.0129,"lastBolusTime":1703087192890,"time":"2023-12-20T19:36:00.390Z"}},{"iob":0,"basaliob":-0.001,"bolussnooze":0,"activity":0,"lastBolusTime":1703087192890,"time":"2023-12-20T19:41:00.390Z","iobWithZeroTemp":{"iob":-1.092,"basaliob":-1.093,"bolussnooze":0,"activity":-0.013,"lastBolusTime":1703087192890,"time":"2023-12-20T19:41:00.390Z"}},{"iob":0.001,"basaliob":0,"bolussnooze":0,"activity":0,"lastBolusTime":1703087192890,"time":"2023-12-20T19:46:00.390Z","iobWithZeroTemp":{"iob":-1.092,"basaliob":-1.093,"bolussnooze":0,"activity":-0.013,"lastBolusTime":1703087192890,"time":"2023-12-20T19:46:00.390Z"}},{"iob":0.001,"basaliob":0,"bolussnooze":0,"activity":0,"lastBolusTime":1703087192890,"time":"2023-12-20T19:51:00.390Z","iobWithZeroTemp":{"iob":-1.094,"basaliob":-1.095,"bolussnooze":0,"activity":-0.013,"lastBolusTime":1703087192890,"time":"2023-12-20T19:51:00.390Z"}}],"profile":{"max_iob":7,"type":"current","max_daily_basal":0.8,"max_basal":5,"min_bg":80,"max_bg":90,"target_bg":85,"carb_ratio":16,"sens":57,"max_daily_safety_multiplier":9,"current_basal_safety_multiplier":8,"lgsThreshold":65,"high_temptarget_raises_sensitivity":false,"low_temptarget_lowers_sensitivity":false,"sensitivity_raises_target":false,"resistance_lowers_target":false,"adv_target_adjustments":false,"exercise_mode":false,"half_basal_exercise_target":160,"maxCOB":120,"skip_neutral_temps":false,"remainingCarbsCap":90,"enableUAM":true,"A52_risk_enable":false,"SMBInterval":3,"enableSMB_with_COB":true,"enableSMB_with_temptarget":true,"allowSMB_with_high_temptarget":true,"enableSMB_always":true,"enableSMB_after_carbs":true,"maxSMBBasalMinutes":120,"maxUAMSMBBasalMinutes":90,"bolus_increment":0.05,"carbsReqThreshold":5,"current_basal":0.7,"temptargetSet":false,"autosens_max":1.6,"autosens_min":0.6,"variable_sens":118.3,"insulinDivisor":75,"TDD":19.305210714285717},"autosens_data":{"ratio":1.0145699470183747},"meal_data":{"carbs":0,"mealCOB":0,"slopeFromMaxDeviation":0,"slopeFromMinDeviation":0.73,"lastBolusTime":1703087192890,"lastCarbTime":0},"microBolusAllowed":true,"currentTime":1703087762304,"flatBGsDetected":false,"tdd1D":21.666666666666675,"tdd7D":21.121428571428574,"tddLast24H":21.429166666666674,"tddLast4H":2.783333333333333,"tddLast8to4H":1.8791666666666669},"output":{"temp":"absolute","bg":90,"tick":"+1","eventualBG":94,"targetBG":85,"insulinReq":0.05,"deliverAt":"2023-12-20T15:56:02.304Z","sensitivityRatio":1.0145699470183747,"variable_sens":118.3,"predBGs":{"IOB":[90,91,92,92,93,93,94,94,94,94,94,94,94,94,94,94,94,94,94,94,94,93],"ZT":[90,90,90,89,89,90,90],"UAM":[90,91,91,91,91,91,91,91,91,90,90,90,90,90,90,90,90,89]},"reason":"COB: 0, Dev: 7, BGI: 0, ISF: 118, CR: 16, Target: 85, minPredBG 91, minGuardBG 89, IOBpredBG 93, UAMpredBG 89; Eventual BG 94 >= 90,  insulinReq 0.05. temp 0.80 < 0.81U\/hr. ","COB":0,"IOB":0.029,"duration":30,"rate":0.8101989629128622,"timestamp":"2023-12-20T15:56:02.310Z"}}