{"algorithm":"OpenAPSSMBDynamicISFPlugin","input":{"glucoseStatus":{"glucose":110,"noise":0,"delta":-1,"short_avgdelta":-0.72,"long_avgdelta":-1.07,"date":1703107239000},"currenttemp":{"temp":"absolute","duration":65,"rate":0,"minutesrunning":25},"iob_data":[{"iob":0.482,"basaliob":-0.496,"bolussnooze":0.3451,"activity":0.0085,"lastBolusTime":1703105530958,"time":"2023-12-20T21:21:02.826Z","iobWithZeroTemp":{"iob":0.482,"basaliob":-0.496,"bolussnooze":0.3451,"activity":0.0085,"lastBolusTime":1703105530958,"time":"2023-12-20T21:21:02.826Z"}},{"iob":0.44,"basaliob":-0.473,"bolussnooze":0.2934,"activity":0.008,"lastBolusTime":1703105530958,"time":"2023-12-20T21:26:02.826Z","iobWithZeroTemp":{"iob":0.387,"basaliob":-0.526,"bolussnooze":0.2934,"activity":0.0079,"lastBolusTime":1703105530958,"time":"2023-12-20T21:26:02.826Z"}},{"iob":0.402,"basaliob":-0.449,"bolussnooze":0.2474,"activity":0.0074,"lastBolusTime":1703105530958,"time":"2023-12-20T21:31:02.826Z","iobWithZeroTemp":{"iob":0.283,"basaliob":-0.568,"bolussnooze":0.2474,"activity":0.0072,"lastBolusTime":1703105530958,"time":"2023-12-20T21:31:02.826Z"}},{"iob":0.367,"basaliob":-0.424,"bolussnooze":0.207,"activity":0.0068,"lastBolusTime":1703105530958,"time":"2023-12-20T21:36:02.826Z","iobWithZeroTemp":{"iob":0.183,"basaliob":-0.608,"bolussnooze":0.207,"activity":0.0062,"lastBolusTime":1703105530958,"time":"2023-12-20T21:36:02.826Z"}},{"iob":0.333,"basaliob":-0.4,"bolussnooze":0.1719,"activity":0.0063,"lastBolusTime":1703105530958,"time":"2023-12-20T21:41:02.826Z","iobWithZeroTemp":{"iob":0.086,"basaliob":-0.647,"bolussnooze":0.1719,"activity":0.0053,"lastBolusTime":1703105530958,"time":"2023-12-20T21:41:02.826Z"}},{"iob":0.302,"basaliob":-0.375,"bolussnooze":0.1417,"activity":0.0059,"lastBolusTime":1703105530958,"time":"2023-12-20T21:46:02.826Z","iobWithZeroTemp":{"iob":-0.006,"basaliob":-0.683,"bolussnooze":0.1417,"activity":0.0045,"lastBolusTime":1703105530958,"time":"2023-12-20T21:46:02.826Z"}},{"iob":0.274,"basaliob":-0.351,"bolussnooze":0.1161,"activity":0.0054,"lastBolusTime":1703105530958,"time":"2023-12-20T21:51:02.826Z","iobWithZeroTemp":{"iob":-0.092,"basaliob":-0.717,"bolussnooze":0.1161,"activity":0.0035,"lastBolusTime":1703105530958,"time":"2023-12-20T21:51:02.826Z"}},{"iob":0.248,"basaliob":-0.327,"bolussnooze":0.0944,"activity":0.005,"lastBolusTime":1703105530958,"time":"2023-12-20T21:56:02.826Z","iobWithZeroTemp":{"iob":-0.174,"basaliob":-0.749,"bolussnooze":0.0944,"activity":0.0025,"lastBolusTime":1703105530958,"time":"2023-12-20T21:56:02.826Z"}},{"iob":0.224,"basaliob":-0.304,"bolussnooze":0.0762,"activity":0.0046,"lastBolusTime":1703105530958,"time":"2023-12-20T22:01:02.826Z","iobWithZeroTemp":{"iob":-0.251,"basaliob":-0.779,"bolussnooze":0.0762,"activity":0.0016,"lastBolusTime":1703105530958,"time":"2023-12-20T22:01:02.826Z"}},{"iob":0.202,"basaliob":-0.282,"bolussnooze":0.061,"activity":0.0042,"lastBolusTime":1703105530958,"time":"2023-12-20T22:06:02.826Z","iobWithZeroTemp":{"iob":-0.323,"basaliob":-0.807,"bolussnooze":0.061,"activity":6.0E-4,"lastBolusTime":1703105530958,"time":"2023-12-20T22:06:02.826Z"}},{"iob":0.182,"basaliob":-0.261,"bolussnooze":0.0485,"activity":0.0039,"lastBolusTime":1703105530958,"time":"2023-12-20T22:11:02.826Z","iobWithZeroTemp":{"iob":-0.39,"basaliob":-0.833,"bolussnooze":0.0485,"activity":-3.0E-4,"lastBolusTime":1703105530958,"time":"2023-12-20T22:11:02.826Z"}},{"iob":0.163,"basaliob":-0.241,"bolussnooze":0.0381,"activity":0.0035,"lastBolusTime":1703105530958,"time":"2023-12-20T22:16:02.826Z","iobWithZeroTemp":{"iob":-0.454,"basaliob":-0.858,"bolussnooze":0.0381,"activity":-0.0012,"lastBolusTime":1703105530958,"time":"2023-12-20T22:16:02.826Z"}},{"iob":0.146,"basaliob":-0.222,"bolussnooze":0.0297,"activity":0.0032,"lastBolusTime":1703105530958,"time":"2023-12-20T22:21:02.826Z","iobWithZeroTemp":{"iob":-0.512,"basaliob":-0.88,"bolussnooze":0.0297,"activity":-0.0021,"lastBolusTime":1703105530958,"time":"2023-12-20T22:21:02.826Z"}},{"iob":0.131,"basaliob":-0.204,"bolussnooze":0.0229,"activity":0.0029,"lastBolusTime":1703105530958,"time":"2023-12-20T22:26:02.826Z","iobWithZeroTemp":{"iob":-0.566,"basaliob":-0.901,"bolussnooze":0.0229,"activity":-0.003,"lastBolusTime":1703105530958,"time":"2023-12-20T22:26:02.826Z"}},{"iob":0.117,"basaliob":-0.187,"bolussnooze":0.0174,"activity":0.0026,"lastBolusTime":1703105530958,"time":"2023-12-20T22:31:02.826Z","iobWithZeroTemp":{"iob":-0.616,"basaliob":-0.92,"bolussnooze":0.0174,"activity":-0.0038,"lastBolusTime":1703105530958,"time":"2023-12-20T22:31:02.826Z"}},{"iob":0.105,"basaliob":-0.171,"bolussnooze":0.013,"activity":0.0024,"lastBolusTime":1703105530958,"time":"2023-12-20T22:36:02.826Z","iobWithZeroTemp":{"iob":-0.662,"basaliob":-0.938,"bolussnooze":0.013,"activity":-0.0045,"lastBolusTime":1703105530958,"time":"2023-12-20T22:36:02.826Z"}},{"iob":0.093,"basaliob":-0.156,"bolussnooze":0.0096,"activity":0.0022,"lastBolusTime":1703105530958,"time":"2023-12-20T22:41:02.826Z","iobWithZeroTemp":{"iob":-0.705,"basaliob":-0.954,"bolussnooze":0.0096,"activity":-0.0052,"lastBolusTime":1703105530958,"time":"2023-12-20T22:41:02.826Z"}},{"iob":0.083,"basaliob":-0.142,"bolussnooze":0.0069,"activity":0.0019,"lastBolusTime":1703105530958,"time":"2023-12-20T22:46:02.826Z","iobWithZeroTemp":{"iob":-0.743,"basaliob":-0.968,"bolussnooze":0.0069,"activity":-0.0059,"lastBolusTime":1703105530958,"time":"2023-12-20T22:46:02.826Z"}},{"iob":0.073,"basaliob":-0.13,"bolussnooze":0.0048,"activity":0.0018,"lastBolusTime":1703105530958,"time":"2023-12-20T22:51:02.826Z","iobWithZeroTemp":{"iob":-0.78,"basaliob":-0.983,"bolussnooze":0.0048,"activity":-0.0065,"lastBolusTime":1703105530958,"time":"2023-12-20T22:51:02.826Z"}},{"iob":0.064,"basaliob":-0.118,"bolussnooze":0.0033,"activity":0.0016,"lastBolusTime":1703105530958,"time":"2023-12-20T22:56:02.826Z","iobWithZeroTemp":{"iob":-0.813,"basaliob":-0.995,"bolussnooze":0.0033,"activity":-0.0071,"lastBolusTime":1703105530958,"time":"2023-12-20T22:56:02.826Z"}},{"iob":0.057,"basaliob":-0.107,"bolussnooze":0.0021,"activity":0.0015,"lastBolusTime":1703105530958,"time":"2023-12-20T23:01:02.826Z","iobWithZeroTemp":{"iob":-0.843,"basaliob":-1.007,"bolussnooze":0.0021,"activity":-0.0076,"lastBolusTime":1703105530958,"time":"2023-12-20T23:01:02.826Z"}},{"iob":0.05,"basaliob":-0.096,"bolussnooze":0.0013,"activity":0.0014,"lastBolusTime":1703105530958,"time":"2023-12-20T23:06:02.826Z","iobWithZeroTemp":{"iob":-0.862,"basaliob":-1.008,"bolussnooze":0.0013,"activity":-0.008,"lastBolusTime":1703105530958,"time":"2023-12-20T23:06:02.826Z"}},{"iob":0.044,"basaliob":-0.087,"bolussnooze":8.0E-4,"activity":0.0012,"lastBolusTime":1703105530958,"time":"2023-12-20T23:11:02.826Z","iobWithZeroTemp":{"iob":-0.878,"basaliob":-1.009,"bolussnooze":8.0E-4,"activity":-0.0085,"lastBolusTime":1703105530958,"time":"2023-12-20T23:11:02.826Z"}},{"iob":0.038,"basaliob":-0.079,"bolussnooze":4.0E-4,"activity":0.0011,"lastBolusTime":1703105530958,"time":"2023-12-20T23:16:02.826Z","iobWithZeroTemp":{"iob":-0.894,"basaliob":-1.011,"bolussnooze":4.0E-4,"activity":-0.0089,"lastBolusTime":1703105530958,"time":"2023-12-20T23:16:02.826Z"}},{"iob":0.033,"basaliob":-0.071,"bolussnooze":2.0E-4,"activity":9.0E-4,"lastBolusTime":1703105530958,"time":"2023-12-20T23:21:02.826Z","iobWithZeroTemp":{"iob":-0.906,"basaliob":-1.01,"bolussnooze":2.0E-4,"activity":-0.0093,"lastBolusTime":1703105530958,"time":"2023-12-20T23:21:02.826Z"}},{"iob":0.029,"basaliob":-0.063,"bolussnooze":1.0E-4,"activity":8.0E-4,"lastBolusTime":1703105530958,"time":"2023-12-20T23:26:02.826Z","iobWithZeroTemp":{"iob":-0.917,"basaliob":-1.009,"bolussnooze":1.0E-4,"activity":-0.0097,"lastBolusTime":1703105530958,"time":"2023-12-20T23:26:02.826Z"}},{"iob":0.025,"basaliob":-0.057,"bolussnooze":0,"activity":7.0E-4,"lastBolusTime":1703105530958,"time":"2023-12-20T23:31:02.826Z","iobWithZeroTemp":{"iob":-0.927,"basaliob":-1.009,"bolussnooze":0,"activity":-0.0099,"lastBolusTime":1703105530958,"time":"2023-12-20T23:31:02.826Z"}},{"iob":0.021,"basaliob":-0.051,"bolussnooze":0,"activity":7.0E-4,"lastBolusTime":1703105530958,"time":"2023-12-20T23:36:02.826Z","iobWithZeroTemp":{"iob":-0.935,"basaliob":-1.007,"bolussnooze":0,"activity":-0.0101,"lastBolusTime":1703105530958,"time":"2023-12-20T23:36:02.826Z"}},{"iob":0.019,"basaliob":-0.045,"bolussnooze":0,"activity":6.0E-4,"lastBolusTime":1703105530958,"time":"2023-12-20T23:41:02.826Z","iobWithZeroTemp":{"iob":-0.942,"basaliob":-1.006,"bolussnooze":0,"activity":-0.0103,"lastBolusTime":1703105530958,"time":"2023-12-20T23:41:02.826Z"}},{"iob":0.015,"basaliob":-0.041,"bolussnooze":0,"activity":6.0E-4,"lastBolusTime":1703105530958,"time":"2023-12-20T23:46:02.826Z","iobWithZeroTemp":{"iob":-0.949,"basaliob":-1.005,"bolussnooze":0,"activity":-0.0105,"lastBolusTime":1703105530958,"time":"2023-12-20T23:46:02.826Z"}},{"iob":0.013,"basaliob":-0.036,"bolussnooze":0,"activity":4.0E-4,"lastBolusTime":1703105530958,"time":"2023-12-20T23:51:02.826Z","iobWithZeroTemp":{"iob":-0.954,"basaliob":-1.003,"bolussnooze":0,"activity":-0.0108,"lastBolusTime":1703105530958,"time":"2023-12-20T23:51:02.826Z"}},{"iob":0.011,"basaliob":-0.032,"bolussnooze":0,"activity":4.0E-4,"lastBolusTime":1703105530958,"time":"2023-12-20T23:56:02.826Z","iobWithZeroTemp":{"iob":-0.958,"basaliob":-1.001,"bolussnooze":0,"activity":-0.0109,"lastBolusTime":1703105530958,"time":"2023-12-20T23:56:02.826Z"}},{"iob":0.009,"basaliob":-0.028,"bolussnooze":0,"activity":3.0E-4,"lastBolusTime":1703105530958,"time":"2023-12-21T00:01:02.826Z","iobWithZeroTemp":{"iob":-0.962,"basaliob":-0.999,"bolussnooze":0,"activity":-0.0111,"lastBolusTime":1703105530958,"time":"2023-12-21T00:01:02.826Z"}},{"iob":0.007,"basaliob":-0.025,"bolussnooze":0,"activity":3.0E-4,"lastBolusTime":1703105530958,"time":"2023-12-21T00:06:02.826Z","iobWithZeroTemp":{"iob":-0.965,"basaliob":-0.997,"bolussnooze":0,"activity":-0.0111,"lastBolusTime":1703105530958,"time":"2023-12-21T00:06:02.826Z"}},{"iob":0.006,"basaliob":-0.022,"bolussnooze":0,"activity":2.0E-4,"lastBolusTime":1703105530958,"time":"2023-12-21T00:11:02.826Z","iobWithZeroTemp":{"iob":-0.967,"basaliob":-0.995,"bolussnooze":0,"activity":-0.0113,"lastBolusTime":1703105530958,"time":"2023-12-21T00:11:02.826Z"}},{"iob":0.005,"basaliob":-0.019,"bolussnooze":0,"activity":2.0E-4,"lastBolusTime":1703105530958,"time":"2023-12-21T00:16:02.826Z","iobWithZeroTemp":{"iob":-0.969,"basaliob":-0.993,"bolussnooze":0,"activity":-0.0113,"lastBolusTime":1703105530958,"time":"2023-12-21T00:16:02.826Z"}},{"iob":0.004,"basaliob":-0.017,"bolussnooze":0,"activity":1.0E-4,"lastBolusTime":1703105530958,"time":"2023-12-21T00:21:02.826Z","iobWithZeroTemp":{"iob":-0.971,"basaliob":-0.992,"bolussnooze":0,"activity":-0.0115,"lastBolusTime":1703105530958,"time":"2023-12-21T00:21:02.826Z"}},{"iob":0.003,"basaliob":-0.015,"bolussnooze":0,"activity":2.0E-4,"lastBolusTime":1703105530958,"time":"2023-12-21T00:26:02.826Z","iobWithZeroTemp":{"iob":-0.972,"basaliob":-0.99,"bolussnooze":0,"activity":-0.0114,"lastBolusTime":1703105530958,"time":"2023-12-21T00:26:02.826Z"}},{"iob":0.002,"basaliob":-0.013,"bolussnooze":0,"activity":1.0E-4,"lastBolusTime":1703105530958,"time":"2023-12-21T00:31:02.826Z","iobWithZeroTemp":{"iob":-0.973,"basaliob":-0.988,"bolussnooze":0,"activity":-0.0116,"lastBolusTime":1703105530958,"time":"2023-12-21T00:31:02.826Z"}},{"iob":0.002,"basaliob":-0.011,"bolussnooze":0,"activity":1.0E-4,"lastBolusTime":1703105530958,"time":"2023-12-21T00:36:02.826Z","iobWithZeroTemp":{"iob":-0.973,"basaliob":-0.986,"bolussnooze":0,"activity":-0.0116,"lastBolusTime":1703105530958,"time":"2023-12-21T00:36:02.826Z"}},{"iob":0.001,"basaliob":-0.01,"bolussnooze":0,"activity":1.0E-4,"lastBolusTime":1703105530958,"time":"2023-12-21T00:41:02.826Z","iobWithZeroTemp":{"iob":-0.974,"basaliob":-0.985,"bolussnooze":0,"activity":-0.0116,"lastBolusTime":1703105530958,"time":"2023-12-21T00:41:02.826Z"}},{"iob":0.001,"basaliob":-0.008,"bolussnooze":0,"activity":0,"lastBolusTime":1703105530958,"time":"2023-12-21T00:46:02.826Z","iobWithZeroTemp":{"iob":-0.974,"basaliob":-0.983,"bolussnooze":0,"activity":-0.0117,"lastBolusTime":1703105530958,"time":"2023-12-21T00:46:02.826Z"}},{"iob":0.001,"basaliob":-0.007,"bolussnooze":0,"activity":1.0E-4,"lastBolusTime":1703105530958,"time":"2023-12-21T00:51:02.826Z","iobWithZeroTemp":{"iob":-0.974,"basaliob":-0.982,"bolussnooze":0,"activity":-0.0116,"lastBolusTime":1703105530958,"time":"2023-12-21T00:51:02.826Z"}},{"iob":0.001,"basaliob":-0.006,"bolussnooze":0,"activity":0,"lastBolusTime":1703105530958,"time":"2023-12-21T00:56:02.826Z","iobWithZeroTemp":{"iob":-0.973,"basaliob":-0.98,"bolussnooze":0,"activity":-0.0117,"lastBolusTime":1703105530958,"time":"2023-12-21T00:56:02.826Z"}},{"iob":0,"basaliob":-0.005,"bolussnooze":0,"activity":0,"lastBolusTime":1703105530958,"time":"2023-12-21T01:01:02.826Z","iobWithZeroTemp":{"iob":-0.974,"basaliob":-0.979,"bolussnooze":0,"activity":-0.0118,"lastBolusTime":1703105530958,"time":"2023-12-21T01:01:02.826Z"}},{"iob":0,"basaliob":-0.004,"bolussnooze":0,"activity":1.0E-4,"lastBolusTime":1703105530958,"time":"2023-12-21T01:06:02.826Z","iobWithZeroTemp":{"iob":-0.974,"basaliob":-0.978,"bolussnooze":0,"activity":-0.0117,"lastBolusTime":1703105530958,"time":"2023-12-21T01:06:02.826Z"}},{"iob":0,"basaliob":-0.004,"bolussnooze":0,"activity":1.0E-4,"lastBolusTime":1703105530958,"time":"2023-12-21T01:11:02.826Z","iobWithZeroTemp":{"iob":-0.973,"basaliob":-0.977,"bolussnooze":0,"activity":-0.0117,"lastBolusTime":1703105530958,"time":"2023-12-21T01:11:02.826Z"}},{"iob":0,"basaliob":-0.003,"bolussnooze":0,"activity":0,"lastBolusTime":1703105530958,"time":"2023-12-21T01:16:02.826Z","iobWithZeroTemp":{"iob":-0.973,"basaliob":-0.976,"bolussnooze":0,"activity":-0.0118,"lastBolusTime":1703105530958,"time":"2023-12-21T01:16:02.826Z"}}],"profile":{"max_iob":7,"type":"current","max_daily_basal":0.8,"max_basal":5,"min_bg":80,"max_bg":90,"target_bg":85,"carb_ratio":14,"sens":57,"max_daily_safety_multiplier":9,"current_basal_safety_multiplier":8,"lgsThreshold":65,"high_temptarget_raises_sensitivity":false,"low_temptarget_lowers_sensitivity":false,"sensitivity_raises_target":false,"resistance_lowers_target":false,"adv_target_adjustments":false,"exercise_mode":false,"half_basal_exercise_target":160,"maxCOB":120,"skip_neutral_temps":false,"remainingCarbsCap":90,"enableUAM":true,"A52_risk_enable":false,"SMBInterval":3,"enableSMB_with_COB":true,"enableSMB_with_temptarget":true,"allowSMB_with_high_temptarget":true,"enableSMB_always":true,"enableSMB_after_carbs":true,"maxSMBBasalMinutes":120,"maxUAMSMBBasalMinutes":90,"bolus_increment":0.05,"carbsReqThreshold":5,"current_basal":0.8,"temptargetSet":false,"autosens_max":1.6,"autosens_min":0.6,"variable_sens":89,"insulinDivisor":75,"TDD":22.402260714285717},"autosens_data":{"ratio":1.0033254424529359},"meal_data":{"carbs":0,"mealCOB":0,"slopeFromMaxDeviation":-0.3969999999999999,"slopeFromMinDeviation":0.3686666666666666,"lastBolusTime":1703105530958,"lastCarbTime":0},"microBolusAllowed":true,"currentTime":1703107264584,"flatBGsDetected":false,"tdd1D":21.666666666666675,"tdd7D":21.121428571428574,"tddLast24H":21.191666666666656,"tddLast4H":4.562499999999999,"tddLast8to4H":2.941666666666667},"output":{"temp":"absolute","bg":110,"tick":-1,"eventualBG":84,"targetBG":85,"insulinReq":-0.06,"deliverAt":"2023-12-20T21:21:04.584Z","sensitivityRatio":1.0033254424529359,"variable_sens":89,"predBGs":{"IOB":[110,109,108,106,105,104,102,101,100,98,97,95,93,92,90,89,88,87,86,85,84,83,82,82,81,80,80,80,79,79,79,78,78,78,78,78,78,78,77],"ZT":[110,106,103,99,96,94,92,90,88,88,87,87],"UAM":[110,109,107,105,103,101,99,96,94,92,89,87,86,84,82,81,80,78,77,76,75,75,74,73,72,72,71,71,71,70,70,70,69,69,69,69,69,69,69,69,68]},"reason":"COB: 0, Dev: 17, BGI: -4, ISF: 89, CR: 14, Target: 85, minPredBG 78, minGuardBG 68, IOBpredBG 77, UAMpredBG 68;  insulinReq -0.06; setting 30m low temp of 0.29U\/h. ","COB":0,"IOB":0.482,"rate":0.29,"duration":30,"timestamp":"2023-12-20T21:21:04.604Z"}}