{"algorithm":"OpenAPSSMBDynamicISFPlugin","input":{"glucoseStatus":{"glucose":78,"noise":0,"delta":-11,"short_avgdelta":-12.39,"long_avgdelta":-12.94,"date":1703132736000},"currenttemp":{"temp":"absolute","duration":90,"rate":0,"minutesrunning":30},"iob_data":[{"iob":1.473,"basaliob":-0.715,"bolussnooze":0.54,"activity":0.0215,"lastBolusTime":1703131207590,"time":"2023-12-21T04:25:56.806Z","iobWithZeroTemp":{"iob":1.473,"basaliob":-0.715,"bolussnooze":0.54,"activity":0.0215,"lastBolusTime":1703131207590,"time":"2023-12-21T04:25:56.806Z"}},{"iob":1.367,"basaliob":-0.675,"bolussnooze":0.4567,"activity":0.0207,"lastBolusTime":1703131207590,"time":"2023-12-21T04:30:56.806Z","iobWithZeroTemp":{"iob":1.327,"basaliob":-0.715,"bolussnooze":0.4567,"activity":0.0207,"lastBolusTime":1703131207590,"time":"2023-12-21T04:30:56.806Z"}},{"iob":1.266,"basaliob":-0.634,"bolussnooze":0.383,"activity":0.0197,"lastBolusTime":1703131207590,"time":"2023-12-21T04:35:56.806Z","iobWithZeroTemp":{"iob":1.177,"basaliob":-0.723,"bolussnooze":0.383,"activity":0.0195,"lastBolusTime":1703131207590,"time":"2023-12-21T04:35:56.806Z"}},{"iob":1.17,"basaliob":-0.594,"bolussnooze":0.3187,"activity":0.0187,"lastBolusTime":1703131207590,"time":"2023-12-21T04:40:56.806Z","iobWithZeroTemp":{"iob":1.032,"basaliob":-0.732,"bolussnooze":0.3187,"activity":0.0183,"lastBolusTime":1703131207590,"time":"2023-12-21T04:40:56.806Z"}},{"iob":1.078,"basaliob":-0.555,"bolussnooze":0.2631,"activity":0.0177,"lastBolusTime":1703131207590,"time":"2023-12-21T04:45:56.806Z","iobWithZeroTemp":{"iob":0.893,"basaliob":-0.74,"bolussnooze":0.2631,"activity":0.017,"lastBolusTime":1703131207590,"time":"2023-12-21T04:45:56.806Z"}},{"iob":0.993,"basaliob":-0.516,"bolussnooze":0.2156,"activity":0.0168,"lastBolusTime":1703131207590,"time":"2023-12-21T04:50:56.806Z","iobWithZeroTemp":{"iob":0.762,"basaliob":-0.747,"bolussnooze":0.2156,"activity":0.0157,"lastBolusTime":1703131207590,"time":"2023-12-21T04:50:56.806Z"}},{"iob":0.912,"basaliob":-0.479,"bolussnooze":0.1754,"activity":0.0158,"lastBolusTime":1703131207590,"time":"2023-12-21T04:55:56.806Z","iobWithZeroTemp":{"iob":0.637,"basaliob":-0.754,"bolussnooze":0.1754,"activity":0.0144,"lastBolusTime":1703131207590,"time":"2023-12-21T04:55:56.806Z"}},{"iob":0.835,"basaliob":-0.444,"bolussnooze":0.1415,"activity":0.0147,"lastBolusTime":1703131207590,"time":"2023-12-21T05:00:56.806Z","iobWithZeroTemp":{"iob":0.519,"basaliob":-0.76,"bolussnooze":0.1415,"activity":0.0129,"lastBolusTime":1703131207590,"time":"2023-12-21T05:00:56.806Z"}},{"iob":0.764,"basaliob":-0.41,"bolussnooze":0.1133,"activity":0.0137,"lastBolusTime":1703131207590,"time":"2023-12-21T05:05:56.806Z","iobWithZeroTemp":{"iob":0.412,"basaliob":-0.762,"bolussnooze":0.1133,"activity":0.0114,"lastBolusTime":1703131207590,"time":"2023-12-21T05:05:56.806Z"}},{"iob":0.698,"basaliob":-0.378,"bolussnooze":0.0899,"activity":0.0129,"lastBolusTime":1703131207590,"time":"2023-12-21T05:10:56.806Z","iobWithZeroTemp":{"iob":0.312,"basaliob":-0.764,"bolussnooze":0.0899,"activity":0.0102,"lastBolusTime":1703131207590,"time":"2023-12-21T05:10:56.806Z"}},{"iob":0.636,"basaliob":-0.348,"bolussnooze":0.0707,"activity":0.0119,"lastBolusTime":1703131207590,"time":"2023-12-21T05:15:56.806Z","iobWithZeroTemp":{"iob":0.219,"basaliob":-0.765,"bolussnooze":0.0707,"activity":0.0088,"lastBolusTime":1703131207590,"time":"2023-12-21T05:15:56.806Z"}},{"iob":0.579,"basaliob":-0.319,"bolussnooze":0.055,"activity":0.0111,"lastBolusTime":1703131207590,"time":"2023-12-21T05:20:56.806Z","iobWithZeroTemp":{"iob":0.132,"basaliob":-0.766,"bolussnooze":0.055,"activity":0.0076,"lastBolusTime":1703131207590,"time":"2023-12-21T05:20:56.806Z"}},{"iob":0.525,"basaliob":-0.293,"bolussnooze":0.0424,"activity":0.0102,"lastBolusTime":1703131207590,"time":"2023-12-21T05:25:56.806Z","iobWithZeroTemp":{"iob":0.051,"basaliob":-0.767,"bolussnooze":0.0424,"activity":0.0063,"lastBolusTime":1703131207590,"time":"2023-12-21T05:25:56.806Z"}},{"iob":0.475,"basaliob":-0.268,"bolussnooze":0.0322,"activity":0.0095,"lastBolusTime":1703131207590,"time":"2023-12-21T05:30:56.806Z","iobWithZeroTemp":{"iob":-0.024,"basaliob":-0.767,"bolussnooze":0.0322,"activity":0.0052,"lastBolusTime":1703131207590,"time":"2023-12-21T05:30:56.806Z"}},{"iob":0.431,"basaliob":-0.244,"bolussnooze":0.0241,"activity":0.0087,"lastBolusTime":1703131207590,"time":"2023-12-21T05:35:56.806Z","iobWithZeroTemp":{"iob":-0.092,"basaliob":-0.767,"bolussnooze":0.0241,"activity":0.0041,"lastBolusTime":1703131207590,"time":"2023-12-21T05:35:56.806Z"}},{"iob":0.389,"basaliob":-0.222,"bolussnooze":0.0178,"activity":0.008,"lastBolusTime":1703131207590,"time":"2023-12-21T05:40:56.806Z","iobWithZeroTemp":{"iob":-0.156,"basaliob":-0.767,"bolussnooze":0.0178,"activity":0.003,"lastBolusTime":1703131207590,"time":"2023-12-21T05:40:56.806Z"}},{"iob":0.351,"basaliob":-0.202,"bolussnooze":0.0129,"activity":0.0073,"lastBolusTime":1703131207590,"time":"2023-12-21T05:45:56.806Z","iobWithZeroTemp":{"iob":-0.214,"basaliob":-0.767,"bolussnooze":0.0129,"activity":0.002,"lastBolusTime":1703131207590,"time":"2023-12-21T05:45:56.806Z"}},{"iob":0.315,"basaliob":-0.184,"bolussnooze":0.0092,"activity":0.0067,"lastBolusTime":1703131207590,"time":"2023-12-21T05:50:56.806Z","iobWithZeroTemp":{"iob":-0.269,"basaliob":-0.768,"bolussnooze":0.0092,"activity":0.0011,"lastBolusTime":1703131207590,"time":"2023-12-21T05:50:56.806Z"}},{"iob":0.283,"basaliob":-0.166,"bolussnooze":0.0064,"activity":0.0062,"lastBolusTime":1703131207590,"time":"2023-12-21T05:55:56.806Z","iobWithZeroTemp":{"iob":-0.318,"basaliob":-0.767,"bolussnooze":0.0064,"activity":3.0E-4,"lastBolusTime":1703131207590,"time":"2023-12-21T05:55:56.806Z"}},{"iob":0.254,"basaliob":-0.15,"bolussnooze":0.0043,"activity":0.0057,"lastBolusTime":1703131207590,"time":"2023-12-21T06:00:56.806Z","iobWithZeroTemp":{"iob":-0.363,"basaliob":-0.767,"bolussnooze":0.0043,"activity":-5.0E-4,"lastBolusTime":1703131207590,"time":"2023-12-21T06:00:56.806Z"}},{"iob":0.227,"basaliob":-0.136,"bolussnooze":0.0029,"activity":0.0051,"lastBolusTime":1703131207590,"time":"2023-12-21T06:05:56.806Z","iobWithZeroTemp":{"iob":-0.404,"basaliob":-0.767,"bolussnooze":0.0029,"activity":-0.0013,"lastBolusTime":1703131207590,"time":"2023-12-21T06:05:56.806Z"}},{"iob":0.203,"basaliob":-0.122,"bolussnooze":0.0019,"activity":0.0046,"lastBolusTime":1703131207590,"time":"2023-12-21T06:10:56.806Z","iobWithZeroTemp":{"iob":-0.441,"basaliob":-0.766,"bolussnooze":0.0019,"activity":-0.0021,"lastBolusTime":1703131207590,"time":"2023-12-21T06:10:56.806Z"}},{"iob":0.18,"basaliob":-0.11,"bolussnooze":0.0012,"activity":0.0043,"lastBolusTime":1703131207590,"time":"2023-12-21T06:15:56.806Z","iobWithZeroTemp":{"iob":-0.476,"basaliob":-0.766,"bolussnooze":0.0012,"activity":-0.0026,"lastBolusTime":1703131207590,"time":"2023-12-21T06:15:56.806Z"}},{"iob":0.16,"basaliob":-0.099,"bolussnooze":7.0E-4,"activity":0.0039,"lastBolusTime":1703131207590,"time":"2023-12-21T06:20:56.806Z","iobWithZeroTemp":{"iob":-0.507,"basaliob":-0.766,"bolussnooze":7.0E-4,"activity":-0.0032,"lastBolusTime":1703131207590,"time":"2023-12-21T06:20:56.806Z"}},{"iob":0.142,"basaliob":-0.088,"bolussnooze":4.0E-4,"activity":0.0034,"lastBolusTime":1703131207590,"time":"2023-12-21T06:25:56.806Z","iobWithZeroTemp":{"iob":-0.535,"basaliob":-0.765,"bolussnooze":4.0E-4,"activity":-0.0039,"lastBolusTime":1703131207590,"time":"2023-12-21T06:25:56.806Z"}},{"iob":0.126,"basaliob":-0.079,"bolussnooze":2.0E-4,"activity":0.0031,"lastBolusTime":1703131207590,"time":"2023-12-21T06:30:56.806Z","iobWithZeroTemp":{"iob":-0.56,"basaliob":-0.765,"bolussnooze":2.0E-4,"activity":-0.0044,"lastBolusTime":1703131207590,"time":"2023-12-21T06:30:56.806Z"}},{"iob":0.11,"basaliob":-0.071,"bolussnooze":1.0E-4,"activity":0.0028,"lastBolusTime":1703131207590,"time":"2023-12-21T06:35:56.806Z","iobWithZeroTemp":{"iob":-0.584,"basaliob":-0.765,"bolussnooze":1.0E-4,"activity":-0.0048,"lastBolusTime":1703131207590,"time":"2023-12-21T06:35:56.806Z"}},{"iob":0.097,"basaliob":-0.063,"bolussnooze":0,"activity":0.0025,"lastBolusTime":1703131207590,"time":"2023-12-21T06:40:56.806Z","iobWithZeroTemp":{"iob":-0.604,"basaliob":-0.764,"bolussnooze":0,"activity":-0.0053,"lastBolusTime":1703131207590,"time":"2023-12-21T06:40:56.806Z"}},{"iob":0.085,"basaliob":-0.056,"bolussnooze":0,"activity":0.0023,"lastBolusTime":1703131207590,"time":"2023-12-21T06:45:56.806Z","iobWithZeroTemp":{"iob":-0.623,"basaliob":-0.764,"bolussnooze":0,"activity":-0.0056,"lastBolusTime":1703131207590,"time":"2023-12-21T06:45:56.806Z"}},{"iob":0.074,"basaliob":-0.05,"bolussnooze":0,"activity":0.002,"lastBolusTime":1703131207590,"time":"2023-12-21T06:50:56.806Z","iobWithZeroTemp":{"iob":-0.64,"basaliob":-0.764,"bolussnooze":0,"activity":-0.006,"lastBolusTime":1703131207590,"time":"2023-12-21T06:50:56.806Z"}},{"iob":0.065,"basaliob":-0.044,"bolussnooze":0,"activity":0.0018,"lastBolusTime":1703131207590,"time":"2023-12-21T06:55:56.806Z","iobWithZeroTemp":{"iob":-0.654,"basaliob":-0.763,"bolussnooze":0,"activity":-0.0064,"lastBolusTime":1703131207590,"time":"2023-12-21T06:55:56.806Z"}},{"iob":0.056,"basaliob":-0.039,"bolussnooze":0,"activity":0.0016,"lastBolusTime":1703131207590,"time":"2023-12-21T07:00:56.806Z","iobWithZeroTemp":{"iob":-0.668,"basaliob":-0.763,"bolussnooze":0,"activity":-0.0067,"lastBolusTime":1703131207590,"time":"2023-12-21T07:00:56.806Z"}},{"iob":0.049,"basaliob":-0.034,"bolussnooze":0,"activity":0.0014,"lastBolusTime":1703131207590,"time":"2023-12-21T07:05:56.806Z","iobWithZeroTemp":{"iob":-0.68,"basaliob":-0.763,"bolussnooze":0,"activity":-0.007,"lastBolusTime":1703131207590,"time":"2023-12-21T07:05:56.806Z"}},{"iob":0.042,"basaliob":-0.03,"bolussnooze":0,"activity":0.0013,"lastBolusTime":1703131207590,"time":"2023-12-21T07:10:56.806Z","iobWithZeroTemp":{"iob":-0.69,"basaliob":-0.762,"bolussnooze":0,"activity":-0.0071,"lastBolusTime":1703131207590,"time":"2023-12-21T07:10:56.806Z"}},{"iob":0.037,"basaliob":-0.026,"bolussnooze":0,"activity":0.0011,"lastBolusTime":1703131207590,"time":"2023-12-21T07:15:56.806Z","iobWithZeroTemp":{"iob":-0.699,"basaliob":-0.762,"bolussnooze":0,"activity":-0.0074,"lastBolusTime":1703131207590,"time":"2023-12-21T07:15:56.806Z"}},{"iob":0.032,"basaliob":-0.022,"bolussnooze":0,"activity":0.001,"lastBolusTime":1703131207590,"time":"2023-12-21T07:20:56.806Z","iobWithZeroTemp":{"iob":-0.707,"basaliob":-0.761,"bolussnooze":0,"activity":-0.0076,"lastBolusTime":1703131207590,"time":"2023-12-21T07:20:56.806Z"}},{"iob":0.027,"basaliob":-0.019,"bolussnooze":0,"activity":9.0E-4,"lastBolusTime":1703131207590,"time":"2023-12-21T07:25:56.806Z","iobWithZeroTemp":{"iob":-0.715,"basaliob":-0.761,"bolussnooze":0,"activity":-0.0078,"lastBolusTime":1703131207590,"time":"2023-12-21T07:25:56.806Z"}},{"iob":0.022,"basaliob":-0.017,"bolussnooze":0,"activity":8.0E-4,"lastBolusTime":1703131207590,"time":"2023-12-21T07:30:56.806Z","iobWithZeroTemp":{"iob":-0.722,"basaliob":-0.761,"bolussnooze":0,"activity":-0.0079,"lastBolusTime":1703131207590,"time":"2023-12-21T07:30:56.806Z"}},{"iob":0.018,"basaliob":-0.015,"bolussnooze":0,"activity":7.0E-4,"lastBolusTime":1703131207590,"time":"2023-12-21T07:35:56.806Z","iobWithZeroTemp":{"iob":-0.728,"basaliob":-0.761,"bolussnooze":0,"activity":-0.0081,"lastBolusTime":1703131207590,"time":"2023-12-21T07:35:56.806Z"}},{"iob":0.015,"basaliob":-0.013,"bolussnooze":0,"activity":6.0E-4,"lastBolusTime":1703131207590,"time":"2023-12-21T07:40:56.806Z","iobWithZeroTemp":{"iob":-0.733,"basaliob":-0.761,"bolussnooze":0,"activity":-0.0082,"lastBolusTime":1703131207590,"time":"2023-12-21T07:40:56.806Z"}},{"iob":0.013,"basaliob":-0.011,"bolussnooze":0,"activity":6.0E-4,"lastBolusTime":1703131207590,"time":"2023-12-21T07:45:56.806Z","iobWithZeroTemp":{"iob":-0.737,"basaliob":-0.761,"bolussnooze":0,"activity":-0.0083,"lastBolusTime":1703131207590,"time":"2023-12-21T07:45:56.806Z"}},{"iob":0.011,"basaliob":-0.009,"bolussnooze":0,"activity":4.0E-4,"lastBolusTime":1703131207590,"time":"2023-12-21T07:50:56.806Z","iobWithZeroTemp":{"iob":-0.74,"basaliob":-0.76,"bolussnooze":0,"activity":-0.0085,"lastBolusTime":1703131207590,"time":"2023-12-21T07:50:56.806Z"}},{"iob":0.008,"basaliob":-0.008,"bolussnooze":0,"activity":3.0E-4,"lastBolusTime":1703131207590,"time":"2023-12-21T07:55:56.806Z","iobWithZeroTemp":{"iob":-0.744,"basaliob":-0.76,"bolussnooze":0,"activity":-0.0086,"lastBolusTime":1703131207590,"time":"2023-12-21T07:55:56.806Z"}},{"iob":0.006,"basaliob":-0.007,"bolussnooze":0,"activity":4.0E-4,"lastBolusTime":1703131207590,"time":"2023-12-21T08:00:56.806Z","iobWithZeroTemp":{"iob":-0.747,"basaliob":-0.76,"bolussnooze":0,"activity":-0.0086,"lastBolusTime":1703131207590,"time":"2023-12-21T08:00:56.806Z"}},{"iob":0.005,"basaliob":-0.006,"bolussnooze":0,"activity":3.0E-4,"lastBolusTime":1703131207590,"time":"2023-12-21T08:05:56.806Z","iobWithZeroTemp":{"iob":-0.749,"basaliob":-0.76,"bolussnooze":0,"activity":-0.0087,"lastBolusTime":1703131207590,"time":"2023-12-21T08:05:56.806Z"}},{"iob":0.004,"basaliob":-0.005,"bolussnooze":0,"activity":2.0E-4,"lastBolusTime":1703131207590,"time":"2023-12-21T08:10:56.806Z","iobWithZeroTemp":{"iob":-0.751,"basaliob":-0.76,"bolussnooze":0,"activity":-0.0088,"lastBolusTime":1703131207590,"time":"2023-12-21T08:10:56.806Z"}},{"iob":0.003,"basaliob":-0.004,"bolussnooze":0,"activity":2.0E-4,"lastBolusTime":1703131207590,"time":"2023-12-21T08:15:56.806Z","iobWithZeroTemp":{"iob":-0.753,"basaliob":-0.76,"bolussnooze":0,"activity":-0.0088,"lastBolusTime":1703131207590,"time":"2023-12-21T08:15:56.806Z"}},{"iob":0.002,"basaliob":-0.003,"bolussnooze":0,"activity":2.0E-4,"lastBolusTime":1703131207590,"time":"2023-12-21T08:20:56.806Z","iobWithZeroTemp":{"iob":-0.754,"basaliob":-0.759,"bolussnooze":0,"activity":-0.0089,"lastBolusTime":1703131207590,"time":"2023-12-21T08:20:56.806Z"}}],"profile":{"max_iob":7,"type":"current","max_daily_basal":0.8,"max_basal":4.8,"min_bg":80,"max_bg":90,"target_bg":85,"carb_ratio":14,"sens":57,"max_daily_safety_multiplier":9,"current_basal_safety_multiplier":8,"lgsThreshold":65,"high_temptarget_raises_sensitivity":false,"low_temptarget_lowers_sensitivity":false,"sensitivity_raises_target":false,"resistance_lowers_target":false,"adv_target_adjustments":false,"exercise_mode":false,"half_basal_exercise_target":160,"maxCOB":120,"skip_neutral_temps":false,"remainingCarbsCap":90,"enableUAM":true,"A52_risk_enable":false,"SMBInterval":3,"enableSMB_with_COB":true,"enableSMB_with_temptarget":true,"allowSMB_with_high_temptarget":true,"enableSMB_always":true,"enableSMB_after_carbs":true,"maxSMBBasalMinutes":120,"maxUAMSMBBasalMinutes":90,"bolus_increment":0.05,"carbsReqThreshold":5,"current_basal":0.6,"temptargetSet":false,"autosens_max":1.6,"autosens_min":0.6,"variable_sens":99.7,"insulinDivisor":75,"TDD":25.321110714285716},"autosens_data":{"ratio":1.0917033028970802},"meal_data":{"carbs":0,"mealCOB":0,"slopeFromMaxDeviation":-3.32575,"slopeFromMinDeviation":0,"lastBolusTime":1703131207590,"lastCarbTime":0},"microBolusAllowed":true,"currentTime":1703132758942,"flatBGsDetected":false,"tdd1D":21.666666666666675,"tdd7D":21.121428571428574,"tddLast24H":23.058333333333334,"tddLast4H":5.879166666666667,"tddLast8to4H":4.783333333333332},"output":{"temp":"absolute","bg":78,"tick":-11,"eventualBG":-82,"targetBG":85,"insulinReq":0,"deliverAt":"2023-12-21T04:25:58.942Z","sensitivityRatio":1.0917033028970802,"variable_sens":99.7,"predBGs":{"IOB":[78,66,53,39,39,39,39,39,39,39,39,39,39],"ZT":[78,67,56,43,39,39,39,39,39,39,39,39,39,39,39,39,39,39,39,39,39,39,39,39,39,39,39,39,39,39,39,39,39,39,39,39,39,39,39,39,39,39,39,45,52,58,63,68]},"reason":"COB: 0, Dev: -13, BGI: -11, ISF: 100, CR: 14, Target: 85, minPredBG -73, minGuardBG -174, IOBpredBG 39; 32 add'l carbs req w\/in 10m; minGuardBG -174<65","COB":0,"IOB":1.473,"carbsReq":32,"carbsReqWithin":10,"duration":120,"rate":0,"timestamp":"2023-12-21T04:25:58.953Z"}}