{"algorithm":"OpenAPSSMBDynamicISFPlugin","input":{"glucoseStatus":{"glucose":104,"noise":0,"delta":6,"short_avgdelta":5.5,"long_avgdelta":3.37,"date":1703116239000},"currenttemp":{"temp":"absolute","duration":25,"rate":0.05,"minutesrunning":5},"iob_data":[{"iob":0.259,"basaliob":-0.084,"bolussnooze":0.143,"activity":9.0E-4,"lastBolusTime":1703115817223,"time":"2023-12-20T23:51:05.719Z","iobWithZeroTemp":{"iob":0.259,"basaliob":-0.084,"bolussnooze":0.143,"activity":9.0E-4,"lastBolusTime":1703115817223,"time":"2023-12-20T23:51:05.719Z"}},{"iob":0.253,"basaliob":-0.076,"bolussnooze":0.1331,"activity":0.0013,"lastBolusTime":1703115817223,"time":"2023-12-20T23:56:05.719Z","iobWithZeroTemp":{"iob":0.206,"basaliob":-0.123,"bolussnooze":0.1331,"activity":0.0013,"lastBolusTime":1703115817223,"time":"2023-12-20T23:56:05.719Z"}},{"iob":0.246,"basaliob":-0.069,"bolussnooze":0.1211,"activity":0.0016,"lastBolusTime":1703115817223,"time":"2023-12-21T00:01:05.719Z","iobWithZeroTemp":{"iob":0.142,"basaliob":-0.173,"bolussnooze":0.1211,"activity":0.0014,"lastBolusTime":1703115817223,"time":"2023-12-21T00:01:05.719Z"}},{"iob":0.238,"basaliob":-0.062,"bolussnooze":0.1083,"activity":0.0018,"lastBolusTime":1703115817223,"time":"2023-12-21T00:06:05.719Z","iobWithZeroTemp":{"iob":0.077,"basaliob":-0.223,"bolussnooze":0.1083,"activity":0.0013,"lastBolusTime":1703115817223,"time":"2023-12-21T00:06:05.719Z"}},{"iob":0.228,"basaliob":-0.056,"bolussnooze":0.0954,"activity":0.002,"lastBolusTime":1703115817223,"time":"2023-12-21T00:11:05.719Z","iobWithZeroTemp":{"iob":0.012,"basaliob":-0.272,"bolussnooze":0.0954,"activity":0.0012,"lastBolusTime":1703115817223,"time":"2023-12-21T00:11:05.719Z"}},{"iob":0.217,"basaliob":-0.051,"bolussnooze":0.0831,"activity":0.0021,"lastBolusTime":1703115817223,"time":"2023-12-21T00:16:05.719Z","iobWithZeroTemp":{"iob":-0.052,"basaliob":-0.32,"bolussnooze":0.0831,"activity":9.0E-4,"lastBolusTime":1703115817223,"time":"2023-12-21T00:16:05.719Z"}},{"iob":0.206,"basaliob":-0.046,"bolussnooze":0.0716,"activity":0.0022,"lastBolusTime":1703115817223,"time":"2023-12-21T00:21:05.719Z","iobWithZeroTemp":{"iob":-0.114,"basaliob":-0.366,"bolussnooze":0.0716,"activity":5.0E-4,"lastBolusTime":1703115817223,"time":"2023-12-21T00:21:05.719Z"}},{"iob":0.195,"basaliob":-0.041,"bolussnooze":0.0611,"activity":0.0022,"lastBolusTime":1703115817223,"time":"2023-12-21T00:26:05.719Z","iobWithZeroTemp":{"iob":-0.174,"basaliob":-0.41,"bolussnooze":0.0611,"activity":0,"lastBolusTime":1703115817223,"time":"2023-12-21T00:26:05.719Z"}},{"iob":0.183,"basaliob":-0.037,"bolussnooze":0.0517,"activity":0.0023,"lastBolusTime":1703115817223,"time":"2023-12-21T00:31:05.719Z","iobWithZeroTemp":{"iob":-0.233,"basaliob":-0.453,"bolussnooze":0.0517,"activity":-4.0E-4,"lastBolusTime":1703115817223,"time":"2023-12-21T00:31:05.719Z"}},{"iob":0.172,"basaliob":-0.033,"bolussnooze":0.0434,"activity":0.0023,"lastBolusTime":1703115817223,"time":"2023-12-21T00:36:05.719Z","iobWithZeroTemp":{"iob":-0.287,"basaliob":-0.492,"bolussnooze":0.0434,"activity":-9.0E-4,"lastBolusTime":1703115817223,"time":"2023-12-21T00:36:05.719Z"}},{"iob":0.162,"basaliob":-0.029,"bolussnooze":0.0361,"activity":0.0021,"lastBolusTime":1703115817223,"time":"2023-12-21T00:41:05.719Z","iobWithZeroTemp":{"iob":-0.339,"basaliob":-0.53,"bolussnooze":0.0361,"activity":-0.0016,"lastBolusTime":1703115817223,"time":"2023-12-21T00:41:05.719Z"}},{"iob":0.151,"basaliob":-0.026,"bolussnooze":0.0299,"activity":0.0021,"lastBolusTime":1703115817223,"time":"2023-12-21T00:46:05.719Z","iobWithZeroTemp":{"iob":-0.389,"basaliob":-0.566,"bolussnooze":0.0299,"activity":-0.0021,"lastBolusTime":1703115817223,"time":"2023-12-21T00:46:05.719Z"}},{"iob":0.14,"basaliob":-0.023,"bolussnooze":0.0245,"activity":0.002,"lastBolusTime":1703115817223,"time":"2023-12-21T00:51:05.719Z","iobWithZeroTemp":{"iob":-0.436,"basaliob":-0.599,"bolussnooze":0.0245,"activity":-0.0026,"lastBolusTime":1703115817223,"time":"2023-12-21T00:51:05.719Z"}},{"iob":0.131,"basaliob":-0.02,"bolussnooze":0.0199,"activity":0.002,"lastBolusTime":1703115817223,"time":"2023-12-21T00:56:05.719Z","iobWithZeroTemp":{"iob":-0.479,"basaliob":-0.63,"bolussnooze":0.0199,"activity":-0.0031,"lastBolusTime":1703115817223,"time":"2023-12-21T00:56:05.719Z"}},{"iob":0.121,"basaliob":-0.018,"bolussnooze":0.0161,"activity":0.0019,"lastBolusTime":1703115817223,"time":"2023-12-21T01:01:05.719Z","iobWithZeroTemp":{"iob":-0.52,"basaliob":-0.659,"bolussnooze":0.0161,"activity":-0.0037,"lastBolusTime":1703115817223,"time":"2023-12-21T01:01:05.719Z"}},{"iob":0.112,"basaliob":-0.016,"bolussnooze":0.0129,"activity":0.0018,"lastBolusTime":1703115817223,"time":"2023-12-21T01:06:05.719Z","iobWithZeroTemp":{"iob":-0.559,"basaliob":-0.687,"bolussnooze":0.0129,"activity":-0.0042,"lastBolusTime":1703115817223,"time":"2023-12-21T01:06:05.719Z"}},{"iob":0.103,"basaliob":-0.014,"bolussnooze":0.0103,"activity":0.0016,"lastBolusTime":1703115817223,"time":"2023-12-21T01:11:05.719Z","iobWithZeroTemp":{"iob":-0.595,"basaliob":-0.712,"bolussnooze":0.0103,"activity":-0.0048,"lastBolusTime":1703115817223,"time":"2023-12-21T01:11:05.719Z"}},{"iob":0.095,"basaliob":-0.012,"bolussnooze":0.0081,"activity":0.0016,"lastBolusTime":1703115817223,"time":"2023-12-21T01:16:05.719Z","iobWithZeroTemp":{"iob":-0.628,"basaliob":-0.735,"bolussnooze":0.0081,"activity":-0.0052,"lastBolusTime":1703115817223,"time":"2023-12-21T01:16:05.719Z"}},{"iob":0.087,"basaliob":-0.011,"bolussnooze":0.0063,"activity":0.0015,"lastBolusTime":1703115817223,"time":"2023-12-21T01:21:05.719Z","iobWithZeroTemp":{"iob":-0.659,"basaliob":-0.757,"bolussnooze":0.0063,"activity":-0.0057,"lastBolusTime":1703115817223,"time":"2023-12-21T01:21:05.719Z"}},{"iob":0.08,"basaliob":-0.009,"bolussnooze":0.0048,"activity":0.0014,"lastBolusTime":1703115817223,"time":"2023-12-21T01:26:05.719Z","iobWithZeroTemp":{"iob":-0.688,"basaliob":-0.777,"bolussnooze":0.0048,"activity":-0.0062,"lastBolusTime":1703115817223,"time":"2023-12-21T01:26:05.719Z"}},{"iob":0.073,"basaliob":-0.008,"bolussnooze":0.0037,"activity":0.0013,"lastBolusTime":1703115817223,"time":"2023-12-21T01:31:05.719Z","iobWithZeroTemp":{"iob":-0.714,"basaliob":-0.795,"bolussnooze":0.0037,"activity":-0.0066,"lastBolusTime":1703115817223,"time":"2023-12-21T01:31:05.719Z"}},{"iob":0.067,"basaliob":-0.007,"bolussnooze":0.0028,"activity":0.0012,"lastBolusTime":1703115817223,"time":"2023-12-21T01:36:05.719Z","iobWithZeroTemp":{"iob":-0.738,"basaliob":-0.812,"bolussnooze":0.0028,"activity":-0.007,"lastBolusTime":1703115817223,"time":"2023-12-21T01:36:05.719Z"}},{"iob":0.061,"basaliob":-0.006,"bolussnooze":0.002,"activity":0.0011,"lastBolusTime":1703115817223,"time":"2023-12-21T01:41:05.719Z","iobWithZeroTemp":{"iob":-0.76,"basaliob":-0.827,"bolussnooze":0.002,"activity":-0.0074,"lastBolusTime":1703115817223,"time":"2023-12-21T01:41:05.719Z"}},{"iob":0.056,"basaliob":-0.005,"bolussnooze":0.0015,"activity":0.001,"lastBolusTime":1703115817223,"time":"2023-12-21T01:46:05.719Z","iobWithZeroTemp":{"iob":-0.78,"basaliob":-0.841,"bolussnooze":0.0015,"activity":-0.0078,"lastBolusTime":1703115817223,"time":"2023-12-21T01:46:05.719Z"}},{"iob":0.05,"basaliob":-0.005,"bolussnooze":0.001,"activity":0.001,"lastBolusTime":1703115817223,"time":"2023-12-21T01:51:05.719Z","iobWithZeroTemp":{"iob":-0.8,"basaliob":-0.855,"bolussnooze":0.001,"activity":-0.0081,"lastBolusTime":1703115817223,"time":"2023-12-21T01:51:05.719Z"}},{"iob":0.046,"basaliob":-0.004,"bolussnooze":7.0E-4,"activity":9.0E-4,"lastBolusTime":1703115817223,"time":"2023-12-21T01:56:05.719Z","iobWithZeroTemp":{"iob":-0.816,"basaliob":-0.866,"bolussnooze":7.0E-4,"activity":-0.0084,"lastBolusTime":1703115817223,"time":"2023-12-21T01:56:05.719Z"}},{"iob":0.042,"basaliob":-0.003,"bolussnooze":4.0E-4,"activity":8.0E-4,"lastBolusTime":1703115817223,"time":"2023-12-21T02:01:05.719Z","iobWithZeroTemp":{"iob":-0.832,"basaliob":-0.877,"bolussnooze":4.0E-4,"activity":-0.0087,"lastBolusTime":1703115817223,"time":"2023-12-21T02:01:05.719Z"}},{"iob":0.037,"basaliob":-0.003,"bolussnooze":3.0E-4,"activity":8.0E-4,"lastBolusTime":1703115817223,"time":"2023-12-21T02:06:05.719Z","iobWithZeroTemp":{"iob":-0.847,"basaliob":-0.887,"bolussnooze":3.0E-4,"activity":-0.0089,"lastBolusTime":1703115817223,"time":"2023-12-21T02:06:05.719Z"}},{"iob":0.034,"basaliob":-0.002,"bolussnooze":1.0E-4,"activity":7.0E-4,"lastBolusTime":1703115817223,"time":"2023-12-21T02:11:05.719Z","iobWithZeroTemp":{"iob":-0.859,"basaliob":-0.895,"bolussnooze":1.0E-4,"activity":-0.0092,"lastBolusTime":1703115817223,"time":"2023-12-21T02:11:05.719Z"}},{"iob":0.031,"basaliob":-0.002,"bolussnooze":1.0E-4,"activity":6.0E-4,"lastBolusTime":1703115817223,"time":"2023-12-21T02:16:05.719Z","iobWithZeroTemp":{"iob":-0.871,"basaliob":-0.904,"bolussnooze":1.0E-4,"activity":-0.0095,"lastBolusTime":1703115817223,"time":"2023-12-21T02:16:05.719Z"}},{"iob":0.027,"basaliob":-0.002,"bolussnooze":0,"activity":5.0E-4,"lastBolusTime":1703115817223,"time":"2023-12-21T02:21:05.719Z","iobWithZeroTemp":{"iob":-0.882,"basaliob":-0.911,"bolussnooze":0,"activity":-0.0097,"lastBolusTime":1703115817223,"time":"2023-12-21T02:21:05.719Z"}},{"iob":0.025,"basaliob":-0.001,"bolussnooze":0,"activity":6.0E-4,"lastBolusTime":1703115817223,"time":"2023-12-21T02:26:05.719Z","iobWithZeroTemp":{"iob":-0.891,"basaliob":-0.917,"bolussnooze":0,"activity":-0.0098,"lastBolusTime":1703115817223,"time":"2023-12-21T02:26:05.719Z"}},{"iob":0.022,"basaliob":-0.001,"bolussnooze":0,"activity":5.0E-4,"lastBolusTime":1703115817223,"time":"2023-12-21T02:31:05.719Z","iobWithZeroTemp":{"iob":-0.9,"basaliob":-0.923,"bolussnooze":0,"activity":-0.01,"lastBolusTime":1703115817223,"time":"2023-12-21T02:31:05.719Z"}},{"iob":0.02,"basaliob":-0.001,"bolussnooze":0,"activity":5.0E-4,"lastBolusTime":1703115817223,"time":"2023-12-21T02:36:05.719Z","iobWithZeroTemp":{"iob":-0.907,"basaliob":-0.928,"bolussnooze":0,"activity":-0.0101,"lastBolusTime":1703115817223,"time":"2023-12-21T02:36:05.719Z"}},{"iob":0.017,"basaliob":-0.001,"bolussnooze":0,"activity":4.0E-4,"lastBolusTime":1703115817223,"time":"2023-12-21T02:41:05.719Z","iobWithZeroTemp":{"iob":-0.915,"basaliob":-0.933,"bolussnooze":0,"activity":-0.0104,"lastBolusTime":1703115817223,"time":"2023-12-21T02:41:05.719Z"}},{"iob":0.015,"basaliob":-0.001,"bolussnooze":0,"activity":4.0E-4,"lastBolusTime":1703115817223,"time":"2023-12-21T02:46:05.719Z","iobWithZeroTemp":{"iob":-0.921,"basaliob":-0.937,"bolussnooze":0,"activity":-0.0105,"lastBolusTime":1703115817223,"time":"2023-12-21T02:46:05.719Z"}},{"iob":0.013,"basaliob":-0.001,"bolussnooze":0,"activity":4.0E-4,"lastBolusTime":1703115817223,"time":"2023-12-21T02:51:05.719Z","iobWithZeroTemp":{"iob":-0.927,"basaliob":-0.941,"bolussnooze":0,"activity":-0.0105,"lastBolusTime":1703115817223,"time":"2023-12-21T02:51:05.719Z"}},{"iob":0.012,"basaliob":-0.001,"bolussnooze":0,"activity":3.0E-4,"lastBolusTime":1703115817223,"time":"2023-12-21T02:56:05.719Z","iobWithZeroTemp":{"iob":-0.932,"basaliob":-0.945,"bolussnooze":0,"activity":-0.0107,"lastBolusTime":1703115817223,"time":"2023-12-21T02:56:05.719Z"}},{"iob":0.011,"basaliob":0,"bolussnooze":0,"activity":3.0E-4,"lastBolusTime":1703115817223,"time":"2023-12-21T03:01:05.719Z","iobWithZeroTemp":{"iob":-0.936,"basaliob":-0.947,"bolussnooze":0,"activity":-0.0108,"lastBolusTime":1703115817223,"time":"2023-12-21T03:01:05.719Z"}},{"iob":0.01,"basaliob":0,"bolussnooze":0,"activity":3.0E-4,"lastBolusTime":1703115817223,"time":"2023-12-21T03:06:05.719Z","iobWithZeroTemp":{"iob":-0.939,"basaliob":-0.949,"bolussnooze":0,"activity":-0.0109,"lastBolusTime":1703115817223,"time":"2023-12-21T03:06:05.719Z"}},{"iob":0.009,"basaliob":0,"bolussnooze":0,"activity":2.0E-4,"lastBolusTime":1703115817223,"time":"2023-12-21T03:11:05.719Z","iobWithZeroTemp":{"iob":-0.943,"basaliob":-0.952,"bolussnooze":0,"activity":-0.011,"lastBolusTime":1703115817223,"time":"2023-12-21T03:11:05.719Z"}},{"iob":0.007,"basaliob":0,"bolussnooze":0,"activity":2.0E-4,"lastBolusTime":1703115817223,"time":"2023-12-21T03:16:05.719Z","iobWithZeroTemp":{"iob":-0.947,"basaliob":-0.954,"bolussnooze":0,"activity":-0.0111,"lastBolusTime":1703115817223,"time":"2023-12-21T03:16:05.719Z"}},{"iob":0.006,"basaliob":0,"bolussnooze":0,"activity":2.0E-4,"lastBolusTime":1703115817223,"time":"2023-12-21T03:21:05.719Z","iobWithZeroTemp":{"iob":-0.95,"basaliob":-0.956,"bolussnooze":0,"activity":-0.0111,"lastBolusTime":1703115817223,"time":"2023-12-21T03:21:05.719Z"}},{"iob":0.006,"basaliob":0,"bolussnooze":0,"activity":2.0E-4,"lastBolusTime":1703115817223,"time":"2023-12-21T03:26:05.719Z","iobWithZeroTemp":{"iob":-0.951,"basaliob":-0.957,"bolussnooze":0,"activity":-0.0112,"lastBolusTime":1703115817223,"time":"2023-12-21T03:26:05.719Z"}},{"iob":0.005,"basaliob":0,"bolussnooze":0,"activity":1.0E-4,"lastBolusTime":1703115817223,"time":"2023-12-21T03:31:05.719Z","iobWithZeroTemp":{"iob":-0.954,"basaliob":-0.959,"bolussnooze":0,"activity":-0.0113,"lastBolusTime":1703115817223,"time":"2023-12-21T03:31:05.719Z"}},{"iob":0.004,"basaliob":0,"bolussnooze":0,"activity":1.0E-4,"lastBolusTime":1703115817223,"time":"2023-12-21T03:36:05.719Z","iobWithZeroTemp":{"iob":-0.956,"basaliob":-0.96,"bolussnooze":0,"activity":-0.0114,"lastBolusTime":1703115817223,"time":"2023-12-21T03:36:05.719Z"}},{"iob":0.003,"basaliob":0,"bolussnooze":0,"activity":1.0E-4,"lastBolusTime":1703115817223,"time":"2023-12-21T03:41:05.719Z","iobWithZeroTemp":{"iob":-0.958,"basaliob":-0.961,"bolussnooze":0,"activity":-0.0114,"lastBolusTime":1703115817223,"time":"2023-12-21T03:41:05.719Z"}},{"iob":0.003,"basaliob":0,"bolussnooze":0,"activity":1.0E-4,"lastBolusTime":1703115817223,"time":"2023-12-21T03:46:05.719Z","iobWithZeroTemp":{"iob":-0.959,"basaliob":-0.962,"bolussnooze":0,"activity":-0.0114,"lastBolusTime":1703115817223,"time":"2023-12-21T03:46:05.719Z"}}],"profile":{"max_iob":7,"type":"current","max_daily_basal":0.8,"max_basal":5,"min_bg":80,"max_bg":90,"target_bg":85,"carb_ratio":14,"sens":57,"max_daily_safety_multiplier":9,"current_basal_safety_multiplier":8,"lgsThreshold":65,"high_temptarget_raises_sensitivity":false,"low_temptarget_lowers_sensitivity":false,"sensitivity_raises_target":false,"resistance_lowers_target":false,"adv_target_adjustments":false,"exercise_mode":false,"half_basal_exercise_target":160,"maxCOB":120,"skip_neutral_temps":false,"remainingCarbsCap":90,"enableUAM":true,"A52_risk_enable":false,"SMBInterval":3,"enableSMB_with_COB":true,"enableSMB_with_temptarget":true,"allowSMB_with_high_temptarget":true,"enableSMB_always":true,"enableSMB_after_carbs":true,"maxSMBBasalMinutes":120,"maxUAMSMBBasalMinutes":90,"bolus_increment":0.05,"carbsReqThreshold":5,"current_basal":0.7,"temptargetSet":false,"autosens_max":1.6,"autosens_min":0.6,"variable_sens":95,"insulinDivisor":75,"TDD":21.776085714285717},"autosens_data":{"ratio":0.9920809378874977},"meal_data":{"carbs":0,"mealCOB":0,"slopeFromMaxDeviation":0,"slopeFromMinDeviation":0.671909090909091,"lastBolusTime":1703115817223,"lastCarbTime":0},"microBolusAllowed":true,"currentTime":1703116267221,"flatBGsDetected":false,"tdd1D":21.666666666666675,"tdd7D":21.121428571428574,"tddLast24H":20.95416666666665,"tddLast4H":3.6874999999999996,"tddLast8to4H":3.929166666666667},"output":{"temp":"absolute","bg":104,"tick":"+6","eventualBG":159,"targetBG":85,"insulinReq":0.55,"deliverAt":"2023-12-20T23:51:07.221Z","sensitivityRatio":0.9920809378874977,"variable_sens":95,"predBGs":{"IOB":[104,109,113,117,120,123,125,126,127,128,128,128,127,126,125,124,123,123,122,121,121,120,120,119,119,118,118,118,117,117,117,116,116,116,116,116,115,115,115,115,115,115,115,115,114],"ZT":[104,104,103,102,102,101,101,100,100,101,101],"UAM":[104,109,114,119,123,127,130,134,137,140,143,145,148,150,152,154,156,157,158,160,160,161,162,162,162,162,162,162,161,161,161,161,161,160,160,160,160,160,160,160,160,159]},"reason":"COB: 0, Dev: 36, BGI: 0, ISF: 95, CR: 14, Target: 85, minPredBG 137, minGuardBG 109, IOBpredBG 114, UAMpredBG 159; Eventual BG 159 >= 90,  insulinReq 0.55. Microbolusing 0.25U. temp 0.05 < 1.79U\/hr. ","COB":0,"IOB":0.259,"units":0.25,"duration":30,"rate":1.7944566565212483,"timestamp":"2023-12-20T23:51:07.227Z"}}