{"algorithm":"OpenAPSSMBDynamicISFPlugin","input":{"glucoseStatus":{"glucose":85,"noise":0,"delta":0,"short_avgdelta":-0.5,"long_avgdelta":-0.37,"date":1703086538000},"currenttemp":{"temp":"absolute","duration":0,"rate":0},"iob_data":[{"iob":-0.035,"basaliob":-0.375,"bolussnooze":0.0388,"activity":9.0E-4,"lastBolusTime":1703085376915,"time":"2023-12-20T15:36:00.684Z","iobWithZeroTemp":{"iob":-0.035,"basaliob":-0.375,"bolussnooze":0.0388,"activity":9.0E-4,"lastBolusTime":1703085376915,"time":"2023-12-20T15:36:00.684Z"}},{"iob":-0.039,"basaliob":-0.354,"bolussnooze":0.0309,"activity":7.0E-4,"lastBolusTime":1703085376915,"time":"2023-12-20T15:41:00.684Z","iobWithZeroTemp":{"iob":-0.086,"basaliob":-0.401,"bolussnooze":0.0309,"activity":7.0E-4,"lastBolusTime":1703085376915,"time":"2023-12-20T15:41:00.684Z"}},{"iob":-0.042,"basaliob":-0.333,"bolussnooze":0.0245,"activity":4.0E-4,"lastBolusTime":1703085376915,"time":"2023-12-20T15:46:00.684Z","iobWithZeroTemp":{"iob":-0.146,"basaliob":-0.437,"bolussnooze":0.0245,"activity":2.0E-4,"lastBolusTime":1703085376915,"time":"2023-12-20T15:46:00.684Z"}},{"iob":-0.043,"basaliob":-0.312,"bolussnooze":0.0192,"activity":3.0E-4,"lastBolusTime":1703085376915,"time":"2023-12-20T15:51:00.684Z","iobWithZeroTemp":{"iob":-0.204,"basaliob":-0.473,"bolussnooze":0.0192,"activity":-2.0E-4,"lastBolusTime":1703085376915,"time":"2023-12-20T15:51:00.684Z"}},{"iob":-0.045,"basaliob":-0.292,"bolussnooze":0.0148,"activity":2.0E-4,"lastBolusTime":1703085376915,"time":"2023-12-20T15:56:00.684Z","iobWithZeroTemp":{"iob":-0.261,"basaliob":-0.508,"bolussnooze":0.0148,"activity":-6.0E-4,"lastBolusTime":1703085376915,"time":"2023-12-20T15:56:00.684Z"}},{"iob":-0.045,"basaliob":-0.272,"bolussnooze":0.0114,"activity":0,"lastBolusTime":1703085376915,"time":"2023-12-20T16:01:00.684Z","iobWithZeroTemp":{"iob":-0.314,"basaliob":-0.541,"bolussnooze":0.0114,"activity":-0.0012,"lastBolusTime":1703085376915,"time":"2023-12-20T16:01:00.684Z"}},{"iob":-0.045,"basaliob":-0.253,"bolussnooze":0.0086,"activity":-1.0E-4,"lastBolusTime":1703085376915,"time":"2023-12-20T16:06:00.684Z","iobWithZeroTemp":{"iob":-0.365,"basaliob":-0.573,"bolussnooze":0.0086,"activity":-0.0018,"lastBolusTime":1703085376915,"time":"2023-12-20T16:06:00.684Z"}},{"iob":-0.044,"basaliob":-0.234,"bolussnooze":0.0064,"activity":-2.0E-4,"lastBolusTime":1703085376915,"time":"2023-12-20T16:11:00.684Z","iobWithZeroTemp":{"iob":-0.413,"basaliob":-0.603,"bolussnooze":0.0064,"activity":-0.0024,"lastBolusTime":1703085376915,"time":"2023-12-20T16:11:00.684Z"}},{"iob":-0.043,"basaliob":-0.217,"bolussnooze":0.0046,"activity":-2.0E-4,"lastBolusTime":1703085376915,"time":"2023-12-20T16:16:00.684Z","iobWithZeroTemp":{"iob":-0.459,"basaliob":-0.633,"bolussnooze":0.0046,"activity":-0.0029,"lastBolusTime":1703085376915,"time":"2023-12-20T16:16:00.684Z"}},{"iob":-0.042,"basaliob":-0.2,"bolussnooze":0.0033,"activity":-3.0E-4,"lastBolusTime":1703085376915,"time":"2023-12-20T16:21:00.684Z","iobWithZeroTemp":{"iob":-0.501,"basaliob":-0.659,"bolussnooze":0.0033,"activity":-0.0035,"lastBolusTime":1703085376915,"time":"2023-12-20T16:21:00.684Z"}},{"iob":-0.04,"basaliob":-0.184,"bolussnooze":0.0023,"activity":-3.0E-4,"lastBolusTime":1703085376915,"time":"2023-12-20T16:26:00.684Z","iobWithZeroTemp":{"iob":-0.541,"basaliob":-0.685,"bolussnooze":0.0023,"activity":-0.004,"lastBolusTime":1703085376915,"time":"2023-12-20T16:26:00.684Z"}},{"iob":-0.038,"basaliob":-0.169,"bolussnooze":0.0015,"activity":-3.0E-4,"lastBolusTime":1703085376915,"time":"2023-12-20T16:31:00.684Z","iobWithZeroTemp":{"iob":-0.578,"basaliob":-0.709,"bolussnooze":0.0015,"activity":-0.0045,"lastBolusTime":1703085376915,"time":"2023-12-20T16:31:00.684Z"}},{"iob":-0.037,"basaliob":-0.155,"bolussnooze":9.0E-4,"activity":-3.0E-4,"lastBolusTime":1703085376915,"time":"2023-12-20T16:36:00.684Z","iobWithZeroTemp":{"iob":-0.613,"basaliob":-0.731,"bolussnooze":9.0E-4,"activity":-0.0049,"lastBolusTime":1703085376915,"time":"2023-12-20T16:36:00.684Z"}},{"iob":-0.035,"basaliob":-0.142,"bolussnooze":5.0E-4,"activity":-3.0E-4,"lastBolusTime":1703085376915,"time":"2023-12-20T16:41:00.684Z","iobWithZeroTemp":{"iob":-0.645,"basaliob":-0.752,"bolussnooze":5.0E-4,"activity":-0.0054,"lastBolusTime":1703085376915,"time":"2023-12-20T16:41:00.684Z"}},{"iob":-0.033,"basaliob":-0.13,"bolussnooze":3.0E-4,"activity":-4.0E-4,"lastBolusTime":1703085376915,"time":"2023-12-20T16:46:00.684Z","iobWithZeroTemp":{"iob":-0.674,"basaliob":-0.771,"bolussnooze":3.0E-4,"activity":-0.006,"lastBolusTime":1703085376915,"time":"2023-12-20T16:46:00.684Z"}},{"iob":-0.031,"basaliob":-0.118,"bolussnooze":1.0E-4,"activity":-4.0E-4,"lastBolusTime":1703085376915,"time":"2023-12-20T16:51:00.684Z","iobWithZeroTemp":{"iob":-0.702,"basaliob":-0.789,"bolussnooze":1.0E-4,"activity":-0.0064,"lastBolusTime":1703085376915,"time":"2023-12-20T16:51:00.684Z"}},{"iob":-0.03,"basaliob":-0.108,"bolussnooze":0,"activity":-3.0E-4,"lastBolusTime":1703085376915,"time":"2023-12-20T16:56:00.684Z","iobWithZeroTemp":{"iob":-0.728,"basaliob":-0.806,"bolussnooze":0,"activity":-0.0067,"lastBolusTime":1703085376915,"time":"2023-12-20T16:56:00.684Z"}},{"iob":-0.028,"basaliob":-0.098,"bolussnooze":0,"activity":-4.0E-4,"lastBolusTime":1703085376915,"time":"2023-12-20T17:01:00.684Z","iobWithZeroTemp":{"iob":-0.751,"basaliob":-0.821,"bolussnooze":0,"activity":-0.0072,"lastBolusTime":1703085376915,"time":"2023-12-20T17:01:00.684Z"}},{"iob":-0.026,"basaliob":-0.089,"bolussnooze":0,"activity":-4.0E-4,"lastBolusTime":1703085376915,"time":"2023-12-20T17:06:00.684Z","iobWithZeroTemp":{"iob":-0.78,"basaliob":-0.843,"bolussnooze":0,"activity":-0.0076,"lastBolusTime":1703085376915,"time":"2023-12-20T17:06:00.684Z"}},{"iob":-0.024,"basaliob":-0.08,"bolussnooze":0,"activity":-3.0E-4,"lastBolusTime":1703085376915,"time":"2023-12-20T17:11:00.684Z","iobWithZeroTemp":{"iob":-0.808,"basaliob":-0.864,"bolussnooze":0,"activity":-0.0079,"lastBolusTime":1703085376915,"time":"2023-12-20T17:11:00.684Z"}},{"iob":-0.022,"basaliob":-0.072,"bolussnooze":0,"activity":-3.0E-4,"lastBolusTime":1703085376915,"time":"2023-12-20T17:16:00.684Z","iobWithZeroTemp":{"iob":-0.833,"basaliob":-0.883,"bolussnooze":0,"activity":-0.0083,"lastBolusTime":1703085376915,"time":"2023-12-20T17:16:00.684Z"}},{"iob":-0.02,"basaliob":-0.065,"bolussnooze":0,"activity":-3.0E-4,"lastBolusTime":1703085376915,"time":"2023-12-20T17:21:00.684Z","iobWithZeroTemp":{"iob":-0.857,"basaliob":-0.902,"bolussnooze":0,"activity":-0.0087,"lastBolusTime":1703085376915,"time":"2023-12-20T17:21:00.684Z"}},{"iob":-0.019,"basaliob":-0.059,"bolussnooze":0,"activity":-3.0E-4,"lastBolusTime":1703085376915,"time":"2023-12-20T17:26:00.684Z","iobWithZeroTemp":{"iob":-0.88,"basaliob":-0.92,"bolussnooze":0,"activity":-0.009,"lastBolusTime":1703085376915,"time":"2023-12-20T17:26:00.684Z"}},{"iob":-0.018,"basaliob":-0.053,"bolussnooze":0,"activity":-2.0E-4,"lastBolusTime":1703085376915,"time":"2023-12-20T17:31:00.684Z","iobWithZeroTemp":{"iob":-0.901,"basaliob":-0.936,"bolussnooze":0,"activity":-0.0093,"lastBolusTime":1703085376915,"time":"2023-12-20T17:31:00.684Z"}},{"iob":-0.016,"basaliob":-0.047,"bolussnooze":0,"activity":-2.0E-4,"lastBolusTime":1703085376915,"time":"2023-12-20T17:36:00.684Z","iobWithZeroTemp":{"iob":-0.92,"basaliob":-0.951,"bolussnooze":0,"activity":-0.0096,"lastBolusTime":1703085376915,"time":"2023-12-20T17:36:00.684Z"}},{"iob":-0.015,"basaliob":-0.042,"bolussnooze":0,"activity":-3.0E-4,"lastBolusTime":1703085376915,"time":"2023-12-20T17:41:00.684Z","iobWithZeroTemp":{"iob":-0.938,"basaliob":-0.965,"bolussnooze":0,"activity":-0.01,"lastBolusTime":1703085376915,"time":"2023-12-20T17:41:00.684Z"}},{"iob":-0.014,"basaliob":-0.038,"bolussnooze":0,"activity":-3.0E-4,"lastBolusTime":1703085376915,"time":"2023-12-20T17:46:00.684Z","iobWithZeroTemp":{"iob":-0.954,"basaliob":-0.978,"bolussnooze":0,"activity":-0.0103,"lastBolusTime":1703085376915,"time":"2023-12-20T17:46:00.684Z"}},{"iob":-0.013,"basaliob":-0.034,"bolussnooze":0,"activity":-2.0E-4,"lastBolusTime":1703085376915,"time":"2023-12-20T17:51:00.684Z","iobWithZeroTemp":{"iob":-0.969,"basaliob":-0.99,"bolussnooze":0,"activity":-0.0105,"lastBolusTime":1703085376915,"time":"2023-12-20T17:51:00.684Z"}},{"iob":-0.012,"basaliob":-0.03,"bolussnooze":0,"activity":-2.0E-4,"lastBolusTime":1703085376915,"time":"2023-12-20T17:56:00.684Z","iobWithZeroTemp":{"iob":-0.983,"basaliob":-1.001,"bolussnooze":0,"activity":-0.0107,"lastBolusTime":1703085376915,"time":"2023-12-20T17:56:00.684Z"}},{"iob":-0.011,"basaliob":-0.027,"bolussnooze":0,"activity":-1.0E-4,"lastBolusTime":1703085376915,"time":"2023-12-20T18:01:00.684Z","iobWithZeroTemp":{"iob":-0.995,"basaliob":-1.011,"bolussnooze":0,"activity":-0.0109,"lastBolusTime":1703085376915,"time":"2023-12-20T18:01:00.684Z"}},{"iob":-0.009,"basaliob":-0.023,"bolussnooze":0,"activity":-2.0E-4,"lastBolusTime":1703085376915,"time":"2023-12-20T18:06:00.684Z","iobWithZeroTemp":{"iob":-1.006,"basaliob":-1.02,"bolussnooze":0,"activity":-0.0112,"lastBolusTime":1703085376915,"time":"2023-12-20T18:06:00.684Z"}},{"iob":-0.009,"basaliob":-0.021,"bolussnooze":0,"activity":-1.0E-4,"lastBolusTime":1703085376915,"time":"2023-12-20T18:11:00.684Z","iobWithZeroTemp":{"iob":-1.017,"basaliob":-1.029,"bolussnooze":0,"activity":-0.0113,"lastBolusTime":1703085376915,"time":"2023-12-20T18:11:00.684Z"}},{"iob":-0.008,"basaliob":-0.018,"bolussnooze":0,"activity":-2.0E-4,"lastBolusTime":1703085376915,"time":"2023-12-20T18:16:00.684Z","iobWithZeroTemp":{"iob":-1.026,"basaliob":-1.036,"bolussnooze":0,"activity":-0.0116,"lastBolusTime":1703085376915,"time":"2023-12-20T18:16:00.684Z"}},{"iob":-0.007,"basaliob":-0.016,"bolussnooze":0,"activity":-1.0E-4,"lastBolusTime":1703085376915,"time":"2023-12-20T18:21:00.684Z","iobWithZeroTemp":{"iob":-1.034,"basaliob":-1.043,"bolussnooze":0,"activity":-0.0117,"lastBolusTime":1703085376915,"time":"2023-12-20T18:21:00.684Z"}},{"iob":-0.007,"basaliob":-0.014,"bolussnooze":0,"activity":-2.0E-4,"lastBolusTime":1703085376915,"time":"2023-12-20T18:26:00.684Z","iobWithZeroTemp":{"iob":-1.043,"basaliob":-1.05,"bolussnooze":0,"activity":-0.0119,"lastBolusTime":1703085376915,"time":"2023-12-20T18:26:00.684Z"}},{"iob":-0.006,"basaliob":-0.012,"bolussnooze":0,"activity":-1.0E-4,"lastBolusTime":1703085376915,"time":"2023-12-20T18:31:00.684Z","iobWithZeroTemp":{"iob":-1.049,"basaliob":-1.055,"bolussnooze":0,"activity":-0.012,"lastBolusTime":1703085376915,"time":"2023-12-20T18:31:00.684Z"}},{"iob":-0.006,"basaliob":-0.011,"bolussnooze":0,"activity":-1.0E-4,"lastBolusTime":1703085376915,"time":"2023-12-20T18:36:00.684Z","iobWithZeroTemp":{"iob":-1.056,"basaliob":-1.061,"bolussnooze":0,"activity":-0.0121,"lastBolusTime":1703085376915,"time":"2023-12-20T18:36:00.684Z"}},{"iob":-0.005,"basaliob":-0.009,"bolussnooze":0,"activity":-1.0E-4,"lastBolusTime":1703085376915,"time":"2023-12-20T18:41:00.684Z","iobWithZeroTemp":{"iob":-1.061,"basaliob":-1.065,"bolussnooze":0,"activity":-0.0123,"lastBolusTime":1703085376915,"time":"2023-12-20T18:41:00.684Z"}},{"iob":-0.004,"basaliob":-0.008,"bolussnooze":0,"activity":-1.0E-4,"lastBolusTime":1703085376915,"time":"2023-12-20T18:46:00.684Z","iobWithZeroTemp":{"iob":-1.066,"basaliob":-1.07,"bolussnooze":0,"activity":-0.0124,"lastBolusTime":1703085376915,"time":"2023-12-20T18:46:00.684Z"}},{"iob":-0.004,"basaliob":-0.007,"bolussnooze":0,"activity":-1.0E-4,"lastBolusTime":1703085376915,"time":"2023-12-20T18:51:00.684Z","iobWithZeroTemp":{"iob":-1.071,"basaliob":-1.074,"bolussnooze":0,"activity":-0.0125,"lastBolusTime":1703085376915,"time":"2023-12-20T18:51:00.684Z"}},{"iob":-0.004,"basaliob":-0.006,"bolussnooze":0,"activity":-1.0E-4,"lastBolusTime":1703085376915,"time":"2023-12-20T18:56:00.684Z","iobWithZeroTemp":{"iob":-1.075,"basaliob":-1.077,"bolussnooze":0,"activity":-0.0126,"lastBolusTime":1703085376915,"time":"2023-12-20T18:56:00.684Z"}},{"iob":-0.003,"basaliob":-0.005,"bolussnooze":0,"activity":-1.0E-4,"lastBolusTime":1703085376915,"time":"2023-12-20T19:01:00.684Z","iobWithZeroTemp":{"iob":-1.078,"basaliob":-1.08,"bolussnooze":0,"activity":-0.0127,"lastBolusTime":1703085376915,"time":"2023-12-20T19:01:00.684Z"}},{"iob":-0.002,"basaliob":-0.004,"bolussnooze":0,"activity":0,"lastBolusTime":1703085376915,"time":"2023-12-20T19:06:00.684Z","iobWithZeroTemp":{"iob":-1.081,"basaliob":-1.083,"bolussnooze":0,"activity":-0.0127,"lastBolusTime":1703085376915,"time":"2023-12-20T19:06:00.684Z"}},{"iob":-0.002,"basaliob":-0.003,"bolussnooze":0,"activity":0,"lastBolusTime":1703085376915,"time":"2023-12-20T19:11:00.684Z","iobWithZeroTemp":{"iob":-1.084,"basaliob":-1.085,"bolussnooze":0,"activity":-0.0127,"lastBolusTime":1703085376915,"time":"2023-12-20T19:11:00.684Z"}},{"iob":-0.002,"basaliob":-0.003,"bolussnooze":0,"activity":0,"lastBolusTime":1703085376915,"time":"2023-12-20T19:16:00.684Z","iobWithZeroTemp":{"iob":-1.087,"basaliob":-1.088,"bolussnooze":0,"activity":-0.0128,"lastBolusTime":1703085376915,"time":"2023-12-20T19:16:00.684Z"}},{"iob":-0.001,"basaliob":-0.002,"bolussnooze":0,"activity":-1.0E-4,"lastBolusTime":1703085376915,"time":"2023-12-20T19:21:00.684Z","iobWithZeroTemp":{"iob":-1.088,"basaliob":-1.089,"bolussnooze":0,"activity":-0.013,"lastBolusTime":1703085376915,"time":"2023-12-20T19:21:00.684Z"}},{"iob":-0.001,"basaliob":-0.002,"bolussnooze":0,"activity":-1.0E-4,"lastBolusTime":1703085376915,"time":"2023-12-20T19:26:00.684Z","iobWithZeroTemp":{"iob":-1.091,"basaliob":-1.092,"bolussnooze":0,"activity":-0.013,"lastBolusTime":1703085376915,"time":"2023-12-20T19:26:00.684Z"}},{"iob":-0.002,"basaliob":-0.002,"bolussnooze":0,"activity":-1.0E-4,"lastBolusTime":1703085376915,"time":"2023-12-20T19:31:00.684Z","iobWithZeroTemp":{"iob":-1.094,"basaliob":-1.094,"bolussnooze":0,"activity":-0.0131,"lastBolusTime":1703085376915,"time":"2023-12-20T19:31:00.684Z"}}],"profile":{"max_iob":7,"type":"current","max_daily_basal":0.8,"max_basal":5,"min_bg":80,"max_bg":90,"target_bg":85,"carb_ratio":16,"sens":57,"max_daily_safety_multiplier":9,"current_basal_safety_multiplier":8,"lgsThreshold":65,"high_temptarget_raises_sensitivity":false,"low_temptarget_lowers_sensitivity":false,"sensitivity_raises_target":false,"resistance_lowers_target":false,"adv_target_adjustments":false,"exercise_mode":false,"half_basal_exercise_target":160,"maxCOB":120,"skip_neutral_temps":false,"remainingCarbsCap":90,"enableUAM":true,"A52_risk_enable":false,"SMBInterval":3,"enableSMB_with_COB":true,"enableSMB_with_temptarget":true,"allowSMB_with_high_temptarget":true,"enableSMB_always":true,"enableSMB_after_carbs":true,"maxSMBBasalMinutes":120,"maxUAMSMBBasalMinutes":90,"bolus_increment":0.05,"carbsReqThreshold":5,"current_basal":0.7,"temptargetSet":false,"autosens_max":1.6,"autosens_min":0.6,"variable_sens":123.7,"insulinDivisor":75,"TDD":19.20208571428572},"autosens_data":{"ratio":1.002930898433097},"meal_data":{"carbs":0,"mealCOB":0,"slopeFromMaxDeviation":-0.502,"slopeFromMinDeviation":0.0479090909090909,"lastBolusTime":1703085376915,"lastCarbTime":0},"microBolusAllowed":true,"currentTime":1703086562704,"flatBGsDetected":false,"tdd1D":21.666666666666675,"tdd7D":21.121428571428574,"tddLast24H":21.18333333333334,"tddLast4H":2.7375000000000003,"tddLast8to4H":1.8125000000000004},"output":{"temp":"absolute","bg":85,"tick":"+0","eventualBG":89,"targetBG":85,"insulinReq":0.01,"deliverAt":"2023-12-20T15:36:02.704Z","sensitivityRatio":1.002930898433097,"variable_sens":123.7,"predBGs":{"IOB":[85,85,84,84,84,84,84,84,84,84,84,85,85,85,85,86,86,86,86,86,87,87,87,87,87,87,88,88,88,88,88,88,88,88,88,89],"ZT":[85,84,84,84,84,84,85],"UAM":[85,84,84,84,84,83,83,83,84,84,84,84,84,85,85,85,85,85,86,86,86,86,86,87,87,87,87,87,87,87,88,88,88,88,88,88,88,88,88,88,88,88,88,88,88,88,88,89]},"reason":"COB: 0, Dev: 0, BGI: -1, ISF: 124, CR: 16, Target: 85, minPredBG 86, minGuardBG 83, IOBpredBG 89, UAMpredBG 89;  insulinReq 0.01. no temp, setting 0.72U\/hr. ","COB":0,"IOB":-0.035,"duration":30,"rate":0.7220516289031678,"timestamp":"2023-12-20T15:36:02.758Z"}}