{"algorithm":"OpenAPSSMBDynamicISFPlugin","input":{"glucoseStatus":{"glucose":113,"noise":0,"delta":-4,"short_avgdelta":-4,"long_avgdelta":-3.95,"date":1703196337000},"currenttemp":{"temp":"absolute","duration":25,"rate":0.15,"minutesrunning":5},"iob_data":[{"iob":0.293,"basaliob":-0.475,"bolussnooze":0.1045,"activity":0.0087,"lastBolusTime":1703192198211,"time":"2023-12-21T22:06:18.684Z","iobWithZeroTemp":{"iob":0.293,"basaliob":-0.475,"bolussnooze":0.1045,"activity":0.0087,"lastBolusTime":1703192198211,"time":"2023-12-21T22:06:18.684Z"}},{"iob":0.252,"basaliob":-0.457,"bolussnooze":0.0848,"activity":0.0077,"lastBolusTime":1703192198211,"time":"2023-12-21T22:11:18.684Z","iobWithZeroTemp":{"iob":0.199,"basaliob":-0.51,"bolussnooze":0.0848,"activity":0.0076,"lastBolusTime":1703192198211,"time":"2023-12-21T22:11:18.684Z"}},{"iob":0.216,"basaliob":-0.437,"bolussnooze":0.0683,"activity":0.0068,"lastBolusTime":1703192198211,"time":"2023-12-21T22:16:18.684Z","iobWithZeroTemp":{"iob":0.097,"basaliob":-0.556,"bolussnooze":0.0683,"activity":0.0066,"lastBolusTime":1703192198211,"time":"2023-12-21T22:16:18.684Z"}},{"iob":0.184,"basaliob":-0.416,"bolussnooze":0.0545,"activity":0.0059,"lastBolusTime":1703192198211,"time":"2023-12-21T22:21:18.684Z","iobWithZeroTemp":{"iob":0,"basaliob":-0.6,"bolussnooze":0.0545,"activity":0.0053,"lastBolusTime":1703192198211,"time":"2023-12-21T22:21:18.684Z"}},{"iob":0.156,"basaliob":-0.394,"bolussnooze":0.0432,"activity":0.0052,"lastBolusTime":1703192198211,"time":"2023-12-21T22:26:18.684Z","iobWithZeroTemp":{"iob":-0.091,"basaliob":-0.641,"bolussnooze":0.0432,"activity":0.0042,"lastBolusTime":1703192198211,"time":"2023-12-21T22:26:18.684Z"}},{"iob":0.132,"basaliob":-0.372,"bolussnooze":0.0338,"activity":0.0046,"lastBolusTime":1703192198211,"time":"2023-12-21T22:31:18.684Z","iobWithZeroTemp":{"iob":-0.176,"basaliob":-0.68,"bolussnooze":0.0338,"activity":0.0032,"lastBolusTime":1703192198211,"time":"2023-12-21T22:31:18.684Z"}},{"iob":0.11,"basaliob":-0.35,"bolussnooze":0.0262,"activity":0.004,"lastBolusTime":1703192198211,"time":"2023-12-21T22:36:18.684Z","iobWithZeroTemp":{"iob":-0.256,"basaliob":-0.716,"bolussnooze":0.0262,"activity":0.0021,"lastBolusTime":1703192198211,"time":"2023-12-21T22:36:18.684Z"}},{"iob":0.092,"basaliob":-0.328,"bolussnooze":0.0201,"activity":0.0034,"lastBolusTime":1703192198211,"time":"2023-12-21T22:41:18.684Z","iobWithZeroTemp":{"iob":-0.33,"basaliob":-0.75,"bolussnooze":0.0201,"activity":9.0E-4,"lastBolusTime":1703192198211,"time":"2023-12-21T22:41:18.684Z"}},{"iob":0.076,"basaliob":-0.306,"bolussnooze":0.0151,"activity":0.0031,"lastBolusTime":1703192198211,"time":"2023-12-21T22:46:18.684Z","iobWithZeroTemp":{"iob":-0.399,"basaliob":-0.781,"bolussnooze":0.0151,"activity":1.0E-4,"lastBolusTime":1703192198211,"time":"2023-12-21T22:46:18.684Z"}},{"iob":0.062,"basaliob":-0.285,"bolussnooze":0.0112,"activity":0.0026,"lastBolusTime":1703192198211,"time":"2023-12-21T22:51:18.684Z","iobWithZeroTemp":{"iob":-0.463,"basaliob":-0.81,"bolussnooze":0.0112,"activity":-0.001,"lastBolusTime":1703192198211,"time":"2023-12-21T22:51:18.684Z"}},{"iob":0.05,"basaliob":-0.265,"bolussnooze":0.0082,"activity":0.0022,"lastBolusTime":1703192198211,"time":"2023-12-21T22:56:18.684Z","iobWithZeroTemp":{"iob":-0.522,"basaliob":-0.837,"bolussnooze":0.0082,"activity":-0.002,"lastBolusTime":1703192198211,"time":"2023-12-21T22:56:18.684Z"}},{"iob":0.039,"basaliob":-0.246,"bolussnooze":0.0058,"activity":0.0019,"lastBolusTime":1703192198211,"time":"2023-12-21T23:01:18.684Z","iobWithZeroTemp":{"iob":-0.578,"basaliob":-0.863,"bolussnooze":0.0058,"activity":-0.0028,"lastBolusTime":1703192198211,"time":"2023-12-21T23:01:18.684Z"}},{"iob":0.031,"basaliob":-0.227,"bolussnooze":0.004,"activity":0.0017,"lastBolusTime":1703192198211,"time":"2023-12-21T23:06:18.684Z","iobWithZeroTemp":{"iob":-0.619,"basaliob":-0.877,"bolussnooze":0.004,"activity":-0.0036,"lastBolusTime":1703192198211,"time":"2023-12-21T23:06:18.684Z"}},{"iob":0.022,"basaliob":-0.21,"bolussnooze":0.0026,"activity":0.0014,"lastBolusTime":1703192198211,"time":"2023-12-21T23:11:18.684Z","iobWithZeroTemp":{"iob":-0.659,"basaliob":-0.891,"bolussnooze":0.0026,"activity":-0.0044,"lastBolusTime":1703192198211,"time":"2023-12-21T23:11:18.684Z"}},{"iob":0.016,"basaliob":-0.193,"bolussnooze":0.0017,"activity":0.0012,"lastBolusTime":1703192198211,"time":"2023-12-21T23:16:18.684Z","iobWithZeroTemp":{"iob":-0.693,"basaliob":-0.902,"bolussnooze":0.0017,"activity":-0.0051,"lastBolusTime":1703192198211,"time":"2023-12-21T23:16:18.684Z"}},{"iob":0.011,"basaliob":-0.177,"bolussnooze":0.001,"activity":0.0011,"lastBolusTime":1703192198211,"time":"2023-12-21T23:21:18.684Z","iobWithZeroTemp":{"iob":-0.724,"basaliob":-0.912,"bolussnooze":0.001,"activity":-0.0057,"lastBolusTime":1703192198211,"time":"2023-12-21T23:21:18.684Z"}},{"iob":0.005,"basaliob":-0.163,"bolussnooze":5.0E-4,"activity":8.0E-4,"lastBolusTime":1703192198211,"time":"2023-12-21T23:26:18.684Z","iobWithZeroTemp":{"iob":-0.753,"basaliob":-0.921,"bolussnooze":5.0E-4,"activity":-0.0064,"lastBolusTime":1703192198211,"time":"2023-12-21T23:26:18.684Z"}},{"iob":0.002,"basaliob":-0.149,"bolussnooze":2.0E-4,"activity":7.0E-4,"lastBolusTime":1703192198211,"time":"2023-12-21T23:31:18.684Z","iobWithZeroTemp":{"iob":-0.778,"basaliob":-0.929,"bolussnooze":2.0E-4,"activity":-0.0069,"lastBolusTime":1703192198211,"time":"2023-12-21T23:31:18.684Z"}},{"iob":-0.001,"basaliob":-0.136,"bolussnooze":0,"activity":6.0E-4,"lastBolusTime":1703192198211,"time":"2023-12-21T23:36:18.684Z","iobWithZeroTemp":{"iob":-0.8,"basaliob":-0.935,"bolussnooze":0,"activity":-0.0073,"lastBolusTime":1703192198211,"time":"2023-12-21T23:36:18.684Z"}},{"iob":-0.004,"basaliob":-0.124,"bolussnooze":0,"activity":5.0E-4,"lastBolusTime":1703192198211,"time":"2023-12-21T23:41:18.684Z","iobWithZeroTemp":{"iob":-0.821,"basaliob":-0.941,"bolussnooze":0,"activity":-0.0078,"lastBolusTime":1703192198211,"time":"2023-12-21T23:41:18.684Z"}},{"iob":-0.006,"basaliob":-0.113,"bolussnooze":0,"activity":4.0E-4,"lastBolusTime":1703192198211,"time":"2023-12-21T23:46:18.684Z","iobWithZeroTemp":{"iob":-0.839,"basaliob":-0.946,"bolussnooze":0,"activity":-0.0082,"lastBolusTime":1703192198211,"time":"2023-12-21T23:46:18.684Z"}},{"iob":-0.008,"basaliob":-0.103,"bolussnooze":0,"activity":3.0E-4,"lastBolusTime":1703192198211,"time":"2023-12-21T23:51:18.684Z","iobWithZeroTemp":{"iob":-0.856,"basaliob":-0.951,"bolussnooze":0,"activity":-0.0086,"lastBolusTime":1703192198211,"time":"2023-12-21T23:51:18.684Z"}},{"iob":-0.009,"basaliob":-0.093,"bolussnooze":0,"activity":3.0E-4,"lastBolusTime":1703192198211,"time":"2023-12-21T23:56:18.684Z","iobWithZeroTemp":{"iob":-0.87,"basaliob":-0.954,"bolussnooze":0,"activity":-0.0089,"lastBolusTime":1703192198211,"time":"2023-12-21T23:56:18.684Z"}},{"iob":-0.01,"basaliob":-0.084,"bolussnooze":0,"activity":2.0E-4,"lastBolusTime":1703192198211,"time":"2023-12-22T00:01:18.684Z","iobWithZeroTemp":{"iob":-0.883,"basaliob":-0.957,"bolussnooze":0,"activity":-0.0092,"lastBolusTime":1703192198211,"time":"2023-12-22T00:01:18.684Z"}},{"iob":-0.011,"basaliob":-0.076,"bolussnooze":0,"activity":2.0E-4,"lastBolusTime":1703192198211,"time":"2023-12-22T00:06:18.684Z","iobWithZeroTemp":{"iob":-0.895,"basaliob":-0.96,"bolussnooze":0,"activity":-0.0094,"lastBolusTime":1703192198211,"time":"2023-12-22T00:06:18.684Z"}},{"iob":-0.012,"basaliob":-0.069,"bolussnooze":0,"activity":1.0E-4,"lastBolusTime":1703192198211,"time":"2023-12-22T00:11:18.684Z","iobWithZeroTemp":{"iob":-0.906,"basaliob":-0.963,"bolussnooze":0,"activity":-0.0097,"lastBolusTime":1703192198211,"time":"2023-12-22T00:11:18.684Z"}},{"iob":-0.012,"basaliob":-0.062,"bolussnooze":0,"activity":1.0E-4,"lastBolusTime":1703192198211,"time":"2023-12-22T00:16:18.684Z","iobWithZeroTemp":{"iob":-0.914,"basaliob":-0.964,"bolussnooze":0,"activity":-0.0099,"lastBolusTime":1703192198211,"time":"2023-12-22T00:16:18.684Z"}},{"iob":-0.013,"basaliob":-0.056,"bolussnooze":0,"activity":0,"lastBolusTime":1703192198211,"time":"2023-12-22T00:21:18.684Z","iobWithZeroTemp":{"iob":-0.923,"basaliob":-0.966,"bolussnooze":0,"activity":-0.0102,"lastBolusTime":1703192198211,"time":"2023-12-22T00:21:18.684Z"}},{"iob":-0.012,"basaliob":-0.05,"bolussnooze":0,"activity":0,"lastBolusTime":1703192198211,"time":"2023-12-22T00:26:18.684Z","iobWithZeroTemp":{"iob":-0.929,"basaliob":-0.967,"bolussnooze":0,"activity":-0.0104,"lastBolusTime":1703192198211,"time":"2023-12-22T00:26:18.684Z"}},{"iob":-0.012,"basaliob":-0.045,"bolussnooze":0,"activity":0,"lastBolusTime":1703192198211,"time":"2023-12-22T00:31:18.684Z","iobWithZeroTemp":{"iob":-0.935,"basaliob":-0.968,"bolussnooze":0,"activity":-0.0105,"lastBolusTime":1703192198211,"time":"2023-12-22T00:31:18.684Z"}},{"iob":-0.012,"basaliob":-0.04,"bolussnooze":0,"activity":0,"lastBolusTime":1703192198211,"time":"2023-12-22T00:36:18.684Z","iobWithZeroTemp":{"iob":-0.941,"basaliob":-0.969,"bolussnooze":0,"activity":-0.0106,"lastBolusTime":1703192198211,"time":"2023-12-22T00:36:18.684Z"}},{"iob":-0.012,"basaliob":-0.036,"bolussnooze":0,"activity":0,"lastBolusTime":1703192198211,"time":"2023-12-22T00:41:18.684Z","iobWithZeroTemp":{"iob":-0.946,"basaliob":-0.97,"bolussnooze":0,"activity":-0.0107,"lastBolusTime":1703192198211,"time":"2023-12-22T00:41:18.684Z"}},{"iob":-0.012,"basaliob":-0.032,"bolussnooze":0,"activity":0,"lastBolusTime":1703192198211,"time":"2023-12-22T00:46:18.684Z","iobWithZeroTemp":{"iob":-0.95,"basaliob":-0.97,"bolussnooze":0,"activity":-0.0108,"lastBolusTime":1703192198211,"time":"2023-12-22T00:46:18.684Z"}},{"iob":-0.011,"basaliob":-0.028,"bolussnooze":0,"activity":-1.0E-4,"lastBolusTime":1703192198211,"time":"2023-12-22T00:51:18.684Z","iobWithZeroTemp":{"iob":-0.953,"basaliob":-0.97,"bolussnooze":0,"activity":-0.011,"lastBolusTime":1703192198211,"time":"2023-12-22T00:51:18.684Z"}},{"iob":-0.01,"basaliob":-0.025,"bolussnooze":0,"activity":-1.0E-4,"lastBolusTime":1703192198211,"time":"2023-12-22T00:56:18.684Z","iobWithZeroTemp":{"iob":-0.956,"basaliob":-0.971,"bolussnooze":0,"activity":-0.0111,"lastBolusTime":1703192198211,"time":"2023-12-22T00:56:18.684Z"}},{"iob":-0.01,"basaliob":-0.022,"bolussnooze":0,"activity":-1.0E-4,"lastBolusTime":1703192198211,"time":"2023-12-22T01:01:18.684Z","iobWithZeroTemp":{"iob":-0.959,"basaliob":-0.971,"bolussnooze":0,"activity":-0.0112,"lastBolusTime":1703192198211,"time":"2023-12-22T01:01:18.684Z"}},{"iob":-0.01,"basaliob":-0.02,"bolussnooze":0,"activity":-1.0E-4,"lastBolusTime":1703192198211,"time":"2023-12-22T01:06:18.684Z","iobWithZeroTemp":{"iob":-0.961,"basaliob":-0.971,"bolussnooze":0,"activity":-0.0113,"lastBolusTime":1703192198211,"time":"2023-12-22T01:06:18.684Z"}},{"iob":-0.009,"basaliob":-0.017,"bolussnooze":0,"activity":-1.0E-4,"lastBolusTime":1703192198211,"time":"2023-12-22T01:11:18.684Z","iobWithZeroTemp":{"iob":-0.963,"basaliob":-0.971,"bolussnooze":0,"activity":-0.0113,"lastBolusTime":1703192198211,"time":"2023-12-22T01:11:18.684Z"}},{"iob":-0.008,"basaliob":-0.015,"bolussnooze":0,"activity":-1.0E-4,"lastBolusTime":1703192198211,"time":"2023-12-22T01:16:18.684Z","iobWithZeroTemp":{"iob":-0.964,"basaliob":-0.971,"bolussnooze":0,"activity":-0.0114,"lastBolusTime":1703192198211,"time":"2023-12-22T01:16:18.684Z"}},{"iob":-0.008,"basaliob":-0.013,"bolussnooze":0,"activity":-2.0E-4,"lastBolusTime":1703192198211,"time":"2023-12-22T01:21:18.684Z","iobWithZeroTemp":{"iob":-0.965,"basaliob":-0.97,"bolussnooze":0,"activity":-0.0115,"lastBolusTime":1703192198211,"time":"2023-12-22T01:21:18.684Z"}},{"iob":-0.008,"basaliob":-0.012,"bolussnooze":0,"activity":-1.0E-4,"lastBolusTime":1703192198211,"time":"2023-12-22T01:26:18.684Z","iobWithZeroTemp":{"iob":-0.967,"basaliob":-0.971,"bolussnooze":0,"activity":-0.0115,"lastBolusTime":1703192198211,"time":"2023-12-22T01:26:18.684Z"}},{"iob":-0.007,"basaliob":-0.01,"bolussnooze":0,"activity":-1.0E-4,"lastBolusTime":1703192198211,"time":"2023-12-22T01:31:18.684Z","iobWithZeroTemp":{"iob":-0.967,"basaliob":-0.97,"bolussnooze":0,"activity":-0.0115,"lastBolusTime":1703192198211,"time":"2023-12-22T01:31:18.684Z"}},{"iob":-0.006,"basaliob":-0.009,"bolussnooze":0,"activity":-2.0E-4,"lastBolusTime":1703192198211,"time":"2023-12-22T01:36:18.684Z","iobWithZeroTemp":{"iob":-0.967,"basaliob":-0.97,"bolussnooze":0,"activity":-0.0117,"lastBolusTime":1703192198211,"time":"2023-12-22T01:36:18.684Z"}},{"iob":-0.006,"basaliob":-0.008,"bolussnooze":0,"activity":-1.0E-4,"lastBolusTime":1703192198211,"time":"2023-12-22T01:41:18.684Z","iobWithZeroTemp":{"iob":-0.968,"basaliob":-0.97,"bolussnooze":0,"activity":-0.0116,"lastBolusTime":1703192198211,"time":"2023-12-22T01:41:18.684Z"}},{"iob":-0.006,"basaliob":-0.007,"bolussnooze":0,"activity":-1.0E-4,"lastBolusTime":1703192198211,"time":"2023-12-22T01:46:18.684Z","iobWithZeroTemp":{"iob":-0.969,"basaliob":-0.97,"bolussnooze":0,"activity":-0.0116,"lastBolusTime":1703192198211,"time":"2023-12-22T01:46:18.684Z"}},{"iob":-0.005,"basaliob":-0.006,"bolussnooze":0,"activity":-1.0E-4,"lastBolusTime":1703192198211,"time":"2023-12-22T01:51:18.684Z","iobWithZeroTemp":{"iob":-0.969,"basaliob":-0.97,"bolussnooze":0,"activity":-0.0117,"lastBolusTime":1703192198211,"time":"2023-12-22T01:51:18.684Z"}},{"iob":-0.004,"basaliob":-0.005,"bolussnooze":0,"activity":-1.0E-4,"lastBolusTime":1703192198211,"time":"2023-12-22T01:56:18.684Z","iobWithZeroTemp":{"iob":-0.968,"basaliob":-0.969,"bolussnooze":0,"activity":-0.0117,"lastBolusTime":1703192198211,"time":"2023-12-22T01:56:18.684Z"}},{"iob":-0.004,"basaliob":-0.004,"bolussnooze":0,"activity":-1.0E-4,"lastBolusTime":1703192198211,"time":"2023-12-22T02:01:18.684Z","iobWithZeroTemp":{"iob":-0.969,"basaliob":-0.969,"bolussnooze":0,"activity":-0.0117,"lastBolusTime":1703192198211,"time":"2023-12-22T02:01:18.684Z"}}],"profile":{"max_iob":7,"type":"current","max_daily_basal":0.8,"max_basal":5,"min_bg":80,"max_bg":90,"target_bg":85,"carb_ratio":14,"sens":57,"max_daily_safety_multiplier":9,"current_basal_safety_multiplier":8,"lgsThreshold":65,"high_temptarget_raises_sensitivity":false,"low_temptarget_lowers_sensitivity":false,"sensitivity_raises_target":false,"resistance_lowers_target":false,"adv_target_adjustments":false,"exercise_mode":false,"half_basal_exercise_target":160,"maxCOB":120,"skip_neutral_temps":false,"remainingCarbsCap":90,"enableUAM":true,"A52_risk_enable":false,"SMBInterval":3,"enableSMB_with_COB":true,"enableSMB_with_temptarget":true,"allowSMB_with_high_temptarget":true,"enableSMB_always":true,"enableSMB_after_carbs":true,"maxSMBBasalMinutes":120,"maxUAMSMBBasalMinutes":90,"bolus_increment":0.05,"carbsReqThreshold":5,"current_basal":0.8,"temptargetSet":false,"autosens_max":1.6,"autosens_min":0.6,"variable_sens":89.7,"insulinDivisor":75,"TDD":21.829345238095243},"autosens_data":{"ratio":0.9992792992571241},"meal_data":{"carbs":0,"mealCOB":0,"slopeFromMaxDeviation":-0.371,"slopeFromMinDeviation":0.08020000000000002,"lastBolusTime":1703192198211,"lastCarbTime":0},"microBolusAllowed":true,"currentTime":1703196380401,"flatBGsDetected":false,"tdd1D":20.662500000000005,"tdd7D":21.47380952380953,"tddLast24H":21.458333333333343,"tddLast4H":4.15,"tddLast8to4H":3.2958333333333343},"output":{"temp":"absolute","bg":113,"tick":-4,"eventualBG":87,"targetBG":85,"insulinReq":0.02,"deliverAt":"2023-12-21T22:06:20.401Z","sensitivityRatio":0.9992792992571241,"variable_sens":89.7,"predBGs":{"IOB":[113,109,105,102,99,97,94,92,90,89,87,86,85,84,84,83,82,82,81,81,81,81,80,80,80,80,80,80,80,80,80,80,80,80,80,80,80,80,80,80,80,80,80,81],"ZT":[113,109,106,103,100,98,96,95,95,95,95]},"reason":"COB: 0, Dev: 0, BGI: -4, ISF: 90, CR: 14, Target: 85, minPredBG 88, minGuardBG 80, IOBpredBG 81;  insulinReq 0.02. temp 0.15 < 0.84U\/hr. ","COB":0,"IOB":0.293,"duration":30,"rate":0.8394234394056994,"timestamp":"2023-12-21T22:06:20.407Z"}}