{"algorithm":"OpenAPSSMBDynamicISFPlugin","input":{"glucoseStatus":{"glucose":72,"noise":0,"delta":0,"short_avgdelta":0,"long_avgdelta":0.11,"date":1703164237000},"currenttemp":{"temp":"absolute","duration":0,"rate":0},"iob_data":[{"iob":-0.137,"basaliob":-0.186,"bolussnooze":0,"activity":-0.0019,"lastBolusTime":1703160072925,"time":"2023-12-21T13:11:04.354Z","iobWithZeroTemp":{"iob":-0.137,"basaliob":-0.186,"bolussnooze":0,"activity":-0.0019,"lastBolusTime":1703160072925,"time":"2023-12-21T13:11:04.354Z"}},{"iob":-0.127,"basaliob":-0.172,"bolussnooze":0,"activity":-0.0019,"lastBolusTime":1703160072925,"time":"2023-12-21T13:16:04.354Z","iobWithZeroTemp":{"iob":-0.167,"basaliob":-0.212,"bolussnooze":0,"activity":-0.0019,"lastBolusTime":1703160072925,"time":"2023-12-21T13:16:04.354Z"}},{"iob":-0.118,"basaliob":-0.159,"bolussnooze":0,"activity":-0.0017,"lastBolusTime":1703160072925,"time":"2023-12-21T13:21:04.354Z","iobWithZeroTemp":{"iob":-0.207,"basaliob":-0.248,"bolussnooze":0,"activity":-0.0019,"lastBolusTime":1703160072925,"time":"2023-12-21T13:21:04.354Z"}},{"iob":-0.11,"basaliob":-0.147,"bolussnooze":0,"activity":-0.0017,"lastBolusTime":1703160072925,"time":"2023-12-21T13:26:04.354Z","iobWithZeroTemp":{"iob":-0.248,"basaliob":-0.285,"bolussnooze":0,"activity":-0.0021,"lastBolusTime":1703160072925,"time":"2023-12-21T13:26:04.354Z"}},{"iob":-0.101,"basaliob":-0.135,"bolussnooze":0,"activity":-0.0016,"lastBolusTime":1703160072925,"time":"2023-12-21T13:31:04.354Z","iobWithZeroTemp":{"iob":-0.286,"basaliob":-0.32,"bolussnooze":0,"activity":-0.0023,"lastBolusTime":1703160072925,"time":"2023-12-21T13:31:04.354Z"}},{"iob":-0.094,"basaliob":-0.124,"bolussnooze":0,"activity":-0.0015,"lastBolusTime":1703160072925,"time":"2023-12-21T13:36:04.354Z","iobWithZeroTemp":{"iob":-0.325,"basaliob":-0.355,"bolussnooze":0,"activity":-0.0026,"lastBolusTime":1703160072925,"time":"2023-12-21T13:36:04.354Z"}},{"iob":-0.086,"basaliob":-0.114,"bolussnooze":0,"activity":-0.0014,"lastBolusTime":1703160072925,"time":"2023-12-21T13:41:04.354Z","iobWithZeroTemp":{"iob":-0.361,"basaliob":-0.389,"bolussnooze":0,"activity":-0.0028,"lastBolusTime":1703160072925,"time":"2023-12-21T13:41:04.354Z"}},{"iob":-0.079,"basaliob":-0.104,"bolussnooze":0,"activity":-0.0014,"lastBolusTime":1703160072925,"time":"2023-12-21T13:46:04.354Z","iobWithZeroTemp":{"iob":-0.395,"basaliob":-0.42,"bolussnooze":0,"activity":-0.0032,"lastBolusTime":1703160072925,"time":"2023-12-21T13:46:04.354Z"}},{"iob":-0.073,"basaliob":-0.095,"bolussnooze":0,"activity":-0.0012,"lastBolusTime":1703160072925,"time":"2023-12-21T13:51:04.354Z","iobWithZeroTemp":{"iob":-0.429,"basaliob":-0.451,"bolussnooze":0,"activity":-0.0035,"lastBolusTime":1703160072925,"time":"2023-12-21T13:51:04.354Z"}},{"iob":-0.067,"basaliob":-0.087,"bolussnooze":0,"activity":-0.0012,"lastBolusTime":1703160072925,"time":"2023-12-21T13:56:04.354Z","iobWithZeroTemp":{"iob":-0.461,"basaliob":-0.481,"bolussnooze":0,"activity":-0.0039,"lastBolusTime":1703160072925,"time":"2023-12-21T13:56:04.354Z"}},{"iob":-0.061,"basaliob":-0.079,"bolussnooze":0,"activity":-0.0011,"lastBolusTime":1703160072925,"time":"2023-12-21T14:01:04.354Z","iobWithZeroTemp":{"iob":-0.49,"basaliob":-0.508,"bolussnooze":0,"activity":-0.0042,"lastBolusTime":1703160072925,"time":"2023-12-21T14:01:04.354Z"}},{"iob":-0.055,"basaliob":-0.071,"bolussnooze":0,"activity":-0.001,"lastBolusTime":1703160072925,"time":"2023-12-21T14:06:04.354Z","iobWithZeroTemp":{"iob":-0.526,"basaliob":-0.542,"bolussnooze":0,"activity":-0.0046,"lastBolusTime":1703160072925,"time":"2023-12-21T14:06:04.354Z"}},{"iob":-0.05,"basaliob":-0.065,"bolussnooze":0,"activity":-0.001,"lastBolusTime":1703160072925,"time":"2023-12-21T14:11:04.354Z","iobWithZeroTemp":{"iob":-0.56,"basaliob":-0.575,"bolussnooze":0,"activity":-0.005,"lastBolusTime":1703160072925,"time":"2023-12-21T14:11:04.354Z"}},{"iob":-0.046,"basaliob":-0.059,"bolussnooze":0,"activity":-9.0E-4,"lastBolusTime":1703160072925,"time":"2023-12-21T14:16:04.354Z","iobWithZeroTemp":{"iob":-0.593,"basaliob":-0.606,"bolussnooze":0,"activity":-0.0054,"lastBolusTime":1703160072925,"time":"2023-12-21T14:16:04.354Z"}},{"iob":-0.041,"basaliob":-0.053,"bolussnooze":0,"activity":-8.0E-4,"lastBolusTime":1703160072925,"time":"2023-12-21T14:21:04.354Z","iobWithZeroTemp":{"iob":-0.623,"basaliob":-0.635,"bolussnooze":0,"activity":-0.0057,"lastBolusTime":1703160072925,"time":"2023-12-21T14:21:04.354Z"}},{"iob":-0.038,"basaliob":-0.048,"bolussnooze":0,"activity":-8.0E-4,"lastBolusTime":1703160072925,"time":"2023-12-21T14:26:04.354Z","iobWithZeroTemp":{"iob":-0.652,"basaliob":-0.662,"bolussnooze":0,"activity":-0.0061,"lastBolusTime":1703160072925,"time":"2023-12-21T14:26:04.354Z"}},{"iob":-0.034,"basaliob":-0.043,"bolussnooze":0,"activity":-7.0E-4,"lastBolusTime":1703160072925,"time":"2023-12-21T14:31:04.354Z","iobWithZeroTemp":{"iob":-0.679,"basaliob":-0.688,"bolussnooze":0,"activity":-0.0065,"lastBolusTime":1703160072925,"time":"2023-12-21T14:31:04.354Z"}},{"iob":-0.031,"basaliob":-0.039,"bolussnooze":0,"activity":-6.0E-4,"lastBolusTime":1703160072925,"time":"2023-12-21T14:36:04.354Z","iobWithZeroTemp":{"iob":-0.704,"basaliob":-0.712,"bolussnooze":0,"activity":-0.0068,"lastBolusTime":1703160072925,"time":"2023-12-21T14:36:04.354Z"}},{"iob":-0.028,"basaliob":-0.035,"bolussnooze":0,"activity":-6.0E-4,"lastBolusTime":1703160072925,"time":"2023-12-21T14:41:04.354Z","iobWithZeroTemp":{"iob":-0.728,"basaliob":-0.735,"bolussnooze":0,"activity":-0.0072,"lastBolusTime":1703160072925,"time":"2023-12-21T14:41:04.354Z"}},{"iob":-0.025,"basaliob":-0.031,"bolussnooze":0,"activity":-5.0E-4,"lastBolusTime":1703160072925,"time":"2023-12-21T14:46:04.354Z","iobWithZeroTemp":{"iob":-0.749,"basaliob":-0.755,"bolussnooze":0,"activity":-0.0075,"lastBolusTime":1703160072925,"time":"2023-12-21T14:46:04.354Z"}},{"iob":-0.022,"basaliob":-0.028,"bolussnooze":0,"activity":-5.0E-4,"lastBolusTime":1703160072925,"time":"2023-12-21T14:51:04.354Z","iobWithZeroTemp":{"iob":-0.769,"basaliob":-0.775,"bolussnooze":0,"activity":-0.0078,"lastBolusTime":1703160072925,"time":"2023-12-21T14:51:04.354Z"}},{"iob":-0.02,"basaliob":-0.025,"bolussnooze":0,"activity":-5.0E-4,"lastBolusTime":1703160072925,"time":"2023-12-21T14:56:04.354Z","iobWithZeroTemp":{"iob":-0.788,"basaliob":-0.793,"bolussnooze":0,"activity":-0.0082,"lastBolusTime":1703160072925,"time":"2023-12-21T14:56:04.354Z"}},{"iob":-0.018,"basaliob":-0.022,"bolussnooze":0,"activity":-4.0E-4,"lastBolusTime":1703160072925,"time":"2023-12-21T15:01:04.354Z","iobWithZeroTemp":{"iob":-0.805,"basaliob":-0.809,"bolussnooze":0,"activity":-0.0084,"lastBolusTime":1703160072925,"time":"2023-12-21T15:01:04.354Z"}},{"iob":-0.015,"basaliob":-0.019,"bolussnooze":0,"activity":-4.0E-4,"lastBolusTime":1703160072925,"time":"2023-12-21T15:06:04.354Z","iobWithZeroTemp":{"iob":-0.819,"basaliob":-0.823,"bolussnooze":0,"activity":-0.0087,"lastBolusTime":1703160072925,"time":"2023-12-21T15:06:04.354Z"}},{"iob":-0.014,"basaliob":-0.017,"bolussnooze":0,"activity":-3.0E-4,"lastBolusTime":1703160072925,"time":"2023-12-21T15:11:04.354Z","iobWithZeroTemp":{"iob":-0.835,"basaliob":-0.838,"bolussnooze":0,"activity":-0.0089,"lastBolusTime":1703160072925,"time":"2023-12-21T15:11:04.354Z"}},{"iob":-0.012,"basaliob":-0.015,"bolussnooze":0,"activity":-3.0E-4,"lastBolusTime":1703160072925,"time":"2023-12-21T15:16:04.354Z","iobWithZeroTemp":{"iob":-0.847,"basaliob":-0.85,"bolussnooze":0,"activity":-0.0091,"lastBolusTime":1703160072925,"time":"2023-12-21T15:16:04.354Z"}},{"iob":-0.011,"basaliob":-0.013,"bolussnooze":0,"activity":-2.0E-4,"lastBolusTime":1703160072925,"time":"2023-12-21T15:21:04.354Z","iobWithZeroTemp":{"iob":-0.86,"basaliob":-0.862,"bolussnooze":0,"activity":-0.0093,"lastBolusTime":1703160072925,"time":"2023-12-21T15:21:04.354Z"}},{"iob":-0.01,"basaliob":-0.012,"bolussnooze":0,"activity":-2.0E-4,"lastBolusTime":1703160072925,"time":"2023-12-21T15:26:04.354Z","iobWithZeroTemp":{"iob":-0.871,"basaliob":-0.873,"bolussnooze":0,"activity":-0.0095,"lastBolusTime":1703160072925,"time":"2023-12-21T15:26:04.354Z"}},{"iob":-0.008,"basaliob":-0.01,"bolussnooze":0,"activity":-2.0E-4,"lastBolusTime":1703160072925,"time":"2023-12-21T15:31:04.354Z","iobWithZeroTemp":{"iob":-0.88,"basaliob":-0.882,"bolussnooze":0,"activity":-0.0097,"lastBolusTime":1703160072925,"time":"2023-12-21T15:31:04.354Z"}},{"iob":-0.008,"basaliob":-0.009,"bolussnooze":0,"activity":-2.0E-4,"lastBolusTime":1703160072925,"time":"2023-12-21T15:36:04.354Z","iobWithZeroTemp":{"iob":-0.891,"basaliob":-0.892,"bolussnooze":0,"activity":-0.0099,"lastBolusTime":1703160072925,"time":"2023-12-21T15:36:04.354Z"}},{"iob":-0.007,"basaliob":-0.008,"bolussnooze":0,"activity":-2.0E-4,"lastBolusTime":1703160072925,"time":"2023-12-21T15:41:04.354Z","iobWithZeroTemp":{"iob":-0.899,"basaliob":-0.9,"bolussnooze":0,"activity":-0.0101,"lastBolusTime":1703160072925,"time":"2023-12-21T15:41:04.354Z"}},{"iob":-0.006,"basaliob":-0.007,"bolussnooze":0,"activity":-2.0E-4,"lastBolusTime":1703160072925,"time":"2023-12-21T15:46:04.354Z","iobWithZeroTemp":{"iob":-0.906,"basaliob":-0.907,"bolussnooze":0,"activity":-0.0103,"lastBolusTime":1703160072925,"time":"2023-12-21T15:46:04.354Z"}},{"iob":-0.005,"basaliob":-0.006,"bolussnooze":0,"activity":-2.0E-4,"lastBolusTime":1703160072925,"time":"2023-12-21T15:51:04.354Z","iobWithZeroTemp":{"iob":-0.913,"basaliob":-0.914,"bolussnooze":0,"activity":-0.0104,"lastBolusTime":1703160072925,"time":"2023-12-21T15:51:04.354Z"}},{"iob":-0.004,"basaliob":-0.005,"bolussnooze":0,"activity":-2.0E-4,"lastBolusTime":1703160072925,"time":"2023-12-21T15:56:04.354Z","iobWithZeroTemp":{"iob":-0.918,"basaliob":-0.919,"bolussnooze":0,"activity":-0.0106,"lastBolusTime":1703160072925,"time":"2023-12-21T15:56:04.354Z"}},{"iob":-0.003,"basaliob":-0.004,"bolussnooze":0,"activity":-1.0E-4,"lastBolusTime":1703160072925,"time":"2023-12-21T16:01:04.354Z","iobWithZeroTemp":{"iob":-0.924,"basaliob":-0.925,"bolussnooze":0,"activity":-0.0106,"lastBolusTime":1703160072925,"time":"2023-12-21T16:01:04.354Z"}},{"iob":-0.003,"basaliob":-0.004,"bolussnooze":0,"activity":-1.0E-4,"lastBolusTime":1703160072925,"time":"2023-12-21T16:06:04.354Z","iobWithZeroTemp":{"iob":-0.929,"basaliob":-0.93,"bolussnooze":0,"activity":-0.0107,"lastBolusTime":1703160072925,"time":"2023-12-21T16:06:04.354Z"}},{"iob":-0.003,"basaliob":-0.003,"bolussnooze":0,"activity":-1.0E-4,"lastBolusTime":1703160072925,"time":"2023-12-21T16:11:04.354Z","iobWithZeroTemp":{"iob":-0.934,"basaliob":-0.934,"bolussnooze":0,"activity":-0.0108,"lastBolusTime":1703160072925,"time":"2023-12-21T16:11:04.354Z"}},{"iob":-0.003,"basaliob":-0.003,"bolussnooze":0,"activity":-1.0E-4,"lastBolusTime":1703160072925,"time":"2023-12-21T16:16:04.354Z","iobWithZeroTemp":{"iob":-0.938,"basaliob":-0.938,"bolussnooze":0,"activity":-0.0109,"lastBolusTime":1703160072925,"time":"2023-12-21T16:16:04.354Z"}},{"iob":-0.002,"basaliob":-0.002,"bolussnooze":0,"activity":-1.0E-4,"lastBolusTime":1703160072925,"time":"2023-12-21T16:21:04.354Z","iobWithZeroTemp":{"iob":-0.941,"basaliob":-0.941,"bolussnooze":0,"activity":-0.011,"lastBolusTime":1703160072925,"time":"2023-12-21T16:21:04.354Z"}},{"iob":-0.002,"basaliob":-0.002,"bolussnooze":0,"activity":-1.0E-4,"lastBolusTime":1703160072925,"time":"2023-12-21T16:26:04.354Z","iobWithZeroTemp":{"iob":-0.945,"basaliob":-0.945,"bolussnooze":0,"activity":-0.0111,"lastBolusTime":1703160072925,"time":"2023-12-21T16:26:04.354Z"}},{"iob":-0.002,"basaliob":-0.002,"bolussnooze":0,"activity":-1.0E-4,"lastBolusTime":1703160072925,"time":"2023-12-21T16:31:04.354Z","iobWithZeroTemp":{"iob":-0.948,"basaliob":-0.948,"bolussnooze":0,"activity":-0.0112,"lastBolusTime":1703160072925,"time":"2023-12-21T16:31:04.354Z"}},{"iob":-0.001,"basaliob":-0.001,"bolussnooze":0,"activity":-1.0E-4,"lastBolusTime":1703160072925,"time":"2023-12-21T16:36:04.354Z","iobWithZeroTemp":{"iob":-0.949,"basaliob":-0.949,"bolussnooze":0,"activity":-0.0113,"lastBolusTime":1703160072925,"time":"2023-12-21T16:36:04.354Z"}},{"iob":-0.001,"basaliob":-0.001,"bolussnooze":0,"activity":0,"lastBolusTime":1703160072925,"time":"2023-12-21T16:41:04.354Z","iobWithZeroTemp":{"iob":-0.952,"basaliob":-0.952,"bolussnooze":0,"activity":-0.0112,"lastBolusTime":1703160072925,"time":"2023-12-21T16:41:04.354Z"}},{"iob":-0.001,"basaliob":-0.001,"bolussnooze":0,"activity":0,"lastBolusTime":1703160072925,"time":"2023-12-21T16:46:04.354Z","iobWithZeroTemp":{"iob":-0.954,"basaliob":-0.954,"bolussnooze":0,"activity":-0.0113,"lastBolusTime":1703160072925,"time":"2023-12-21T16:46:04.354Z"}},{"iob":-0.001,"basaliob":-0.001,"bolussnooze":0,"activity":0,"lastBolusTime":1703160072925,"time":"2023-12-21T16:51:04.354Z","iobWithZeroTemp":{"iob":-0.956,"basaliob":-0.956,"bolussnooze":0,"activity":-0.0113,"lastBolusTime":1703160072925,"time":"2023-12-21T16:51:04.354Z"}},{"iob":-0.001,"basaliob":-0.001,"bolussnooze":0,"activity":0,"lastBolusTime":1703160072925,"time":"2023-12-21T16:56:04.354Z","iobWithZeroTemp":{"iob":-0.957,"basaliob":-0.957,"bolussnooze":0,"activity":-0.0114,"lastBolusTime":1703160072925,"time":"2023-12-21T16:56:04.354Z"}},{"iob":0,"basaliob":0,"bolussnooze":0,"activity":0,"lastBolusTime":1703160072925,"time":"2023-12-21T17:01:04.354Z","iobWithZeroTemp":{"iob":-0.958,"basaliob":-0.958,"bolussnooze":0,"activity":-0.0114,"lastBolusTime":1703160072925,"time":"2023-12-21T17:01:04.354Z"}},{"iob":0,"basaliob":0,"bolussnooze":0,"activity":0,"lastBolusTime":1703160072925,"time":"2023-12-21T17:06:04.354Z","iobWithZeroTemp":{"iob":-0.967,"basaliob":-0.967,"bolussnooze":0,"activity":-0.0115,"lastBolusTime":1703160072925,"time":"2023-12-21T17:06:04.354Z"}}],"profile":{"max_iob":7,"type":"current","max_daily_basal":0.8,"max_basal":4.8,"min_bg":80,"max_bg":90,"target_bg":85,"carb_ratio":16,"sens":57,"max_daily_safety_multiplier":9,"current_basal_safety_multiplier":8,"lgsThreshold":65,"high_temptarget_raises_sensitivity":false,"low_temptarget_lowers_sensitivity":false,"sensitivity_raises_target":false,"resistance_lowers_target":false,"adv_target_adjustments":false,"exercise_mode":false,"half_basal_exercise_target":160,"maxCOB":120,"skip_neutral_temps":false,"remainingCarbsCap":90,"enableUAM":true,"A52_risk_enable":false,"SMBInterval":3,"enableSMB_with_COB":true,"enableSMB_with_temptarget":true,"allowSMB_with_high_temptarget":true,"enableSMB_always":true,"enableSMB_after_carbs":true,"maxSMBBasalMinutes":120,"maxUAMSMBBasalMinutes":90,"bolus_increment":0.05,"carbsReqThreshold":5,"current_basal":0.6,"temptargetSet":false,"autosens_max":1.6,"autosens_min":0.6,"variable_sens":145.1,"insulinDivisor":75,"TDD":18.436120238095242},"autosens_data":{"ratio":1.0116975274420665},"meal_data":{"carbs":0,"mealCOB":0,"slopeFromMaxDeviation":-0.222,"slopeFromMinDeviation":0.23575000000000002,"lastBolusTime":1703160072925,"lastCarbTime":0},"microBolusAllowed":true,"currentTime":1703164266197,"flatBGsDetected":false,"tdd1D":20.662500000000005,"tdd7D":21.47380952380953,"tddLast24H":21.725,"tddLast4H":1.8875000000000002,"tddLast8to4H":2.8625},"output":{"temp":"absolute","bg":72,"tick":"+0","eventualBG":84,"targetBG":85,"insulinReq":-0.03,"deliverAt":"2023-12-21T13:11:06.197Z","sensitivityRatio":1.0116975274420665,"variable_sens":145.1,"predBGs":{"IOB":[72,72,72,72,73,73,74,74,74,75,76,76,77,78,78,79,79,80,80,81,81,81,82,82,82,82,83,83,83,83,83,83,83,83,84],"ZT":[72,73,75,76,78,79,81,83,85]},"reason":"COB: 0, Dev: -8, BGI: 1, ISF: 145, CR: 16, Target: 85, minPredBG 80, minGuardBG 72, IOBpredBG 84;  insulinReq -0.03. 0m@0.00 > 2 * insulinReq. Setting temp basal of 0.55U\/hr. ","COB":0,"IOB":-0.137,"duration":30,"rate":0.5470185164652399,"timestamp":"2023-12-21T13:11:06.269Z"}}