{"algorithm":"OpenAPSSMBDynamicISFPlugin","input":{"glucoseStatus":{"glucose":100,"noise":0,"delta":-2,"short_avgdelta":-1.5,"long_avgdelta":-1.09,"date":1703198737000},"currenttemp":{"temp":"absolute","duration":25,"rate":0,"minutesrunning":5},"iob_data":[{"iob":0.342,"basaliob":-0.47,"bolussnooze":0.3957,"activity":0.0045,"lastBolusTime":1703198394900,"time":"2023-12-21T22:45:56.676Z","iobWithZeroTemp":{"iob":0.342,"basaliob":-0.47,"bolussnooze":0.3957,"activity":0.0045,"lastBolusTime":1703198394900,"time":"2023-12-21T22:45:56.676Z"}},{"iob":0.32,"basaliob":-0.444,"bolussnooze":0.3582,"activity":0.0044,"lastBolusTime":1703198394900,"time":"2023-12-21T22:50:56.676Z","iobWithZeroTemp":{"iob":0.267,"basaliob":-0.497,"bolussnooze":0.3582,"activity":0.0043,"lastBolusTime":1703198394900,"time":"2023-12-21T22:50:56.676Z"}},{"iob":0.299,"basaliob":-0.418,"bolussnooze":0.3188,"activity":0.0042,"lastBolusTime":1703198394900,"time":"2023-12-21T22:55:56.676Z","iobWithZeroTemp":{"iob":0.18,"basaliob":-0.537,"bolussnooze":0.3188,"activity":0.004,"lastBolusTime":1703198394900,"time":"2023-12-21T22:55:56.676Z"}},{"iob":0.278,"basaliob":-0.392,"bolussnooze":0.2798,"activity":0.0041,"lastBolusTime":1703198394900,"time":"2023-12-21T23:00:56.676Z","iobWithZeroTemp":{"iob":0.094,"basaliob":-0.576,"bolussnooze":0.2798,"activity":0.0035,"lastBolusTime":1703198394900,"time":"2023-12-21T23:00:56.676Z"}},{"iob":0.257,"basaliob":-0.367,"bolussnooze":0.2428,"activity":0.004,"lastBolusTime":1703198394900,"time":"2023-12-21T23:05:56.676Z","iobWithZeroTemp":{"iob":0.018,"basaliob":-0.606,"bolussnooze":0.2428,"activity":0.0031,"lastBolusTime":1703198394900,"time":"2023-12-21T23:05:56.676Z"}},{"iob":0.238,"basaliob":-0.342,"bolussnooze":0.2085,"activity":0.0038,"lastBolusTime":1703198394900,"time":"2023-12-21T23:10:56.676Z","iobWithZeroTemp":{"iob":-0.054,"basaliob":-0.634,"bolussnooze":0.2085,"activity":0.0024,"lastBolusTime":1703198394900,"time":"2023-12-21T23:10:56.676Z"}},{"iob":0.22,"basaliob":-0.318,"bolussnooze":0.1774,"activity":0.0036,"lastBolusTime":1703198394900,"time":"2023-12-21T23:15:56.676Z","iobWithZeroTemp":{"iob":-0.122,"basaliob":-0.66,"bolussnooze":0.1774,"activity":0.0018,"lastBolusTime":1703198394900,"time":"2023-12-21T23:15:56.676Z"}},{"iob":0.202,"basaliob":-0.295,"bolussnooze":0.1497,"activity":0.0034,"lastBolusTime":1703198394900,"time":"2023-12-21T23:20:56.676Z","iobWithZeroTemp":{"iob":-0.188,"basaliob":-0.685,"bolussnooze":0.1497,"activity":0.0011,"lastBolusTime":1703198394900,"time":"2023-12-21T23:20:56.676Z"}},{"iob":0.186,"basaliob":-0.273,"bolussnooze":0.1254,"activity":0.0032,"lastBolusTime":1703198394900,"time":"2023-12-21T23:25:56.676Z","iobWithZeroTemp":{"iob":-0.25,"basaliob":-0.709,"bolussnooze":0.1254,"activity":4.0E-4,"lastBolusTime":1703198394900,"time":"2023-12-21T23:25:56.676Z"}},{"iob":0.17,"basaliob":-0.252,"bolussnooze":0.1043,"activity":0.003,"lastBolusTime":1703198394900,"time":"2023-12-21T23:30:56.676Z","iobWithZeroTemp":{"iob":-0.309,"basaliob":-0.731,"bolussnooze":0.1043,"activity":-4.0E-4,"lastBolusTime":1703198394900,"time":"2023-12-21T23:30:56.676Z"}},{"iob":0.156,"basaliob":-0.232,"bolussnooze":0.0861,"activity":0.0028,"lastBolusTime":1703198394900,"time":"2023-12-21T23:35:56.676Z","iobWithZeroTemp":{"iob":-0.363,"basaliob":-0.751,"bolussnooze":0.0861,"activity":-0.0011,"lastBolusTime":1703198394900,"time":"2023-12-21T23:35:56.676Z"}},{"iob":0.142,"basaliob":-0.213,"bolussnooze":0.0706,"activity":0.0027,"lastBolusTime":1703198394900,"time":"2023-12-21T23:40:56.676Z","iobWithZeroTemp":{"iob":-0.415,"basaliob":-0.77,"bolussnooze":0.0706,"activity":-0.0017,"lastBolusTime":1703198394900,"time":"2023-12-21T23:40:56.676Z"}},{"iob":0.129,"basaliob":-0.196,"bolussnooze":0.0575,"activity":0.0025,"lastBolusTime":1703198394900,"time":"2023-12-21T23:45:56.676Z","iobWithZeroTemp":{"iob":-0.463,"basaliob":-0.788,"bolussnooze":0.0575,"activity":-0.0024,"lastBolusTime":1703198394900,"time":"2023-12-21T23:45:56.676Z"}},{"iob":0.118,"basaliob":-0.179,"bolussnooze":0.0465,"activity":0.0023,"lastBolusTime":1703198394900,"time":"2023-12-21T23:50:56.676Z","iobWithZeroTemp":{"iob":-0.507,"basaliob":-0.804,"bolussnooze":0.0465,"activity":-0.003,"lastBolusTime":1703198394900,"time":"2023-12-21T23:50:56.676Z"}},{"iob":0.106,"basaliob":-0.164,"bolussnooze":0.0373,"activity":0.0021,"lastBolusTime":1703198394900,"time":"2023-12-21T23:55:56.676Z","iobWithZeroTemp":{"iob":-0.55,"basaliob":-0.82,"bolussnooze":0.0373,"activity":-0.0037,"lastBolusTime":1703198394900,"time":"2023-12-21T23:55:56.676Z"}},{"iob":0.097,"basaliob":-0.149,"bolussnooze":0.0296,"activity":0.0019,"lastBolusTime":1703198394900,"time":"2023-12-22T00:00:56.676Z","iobWithZeroTemp":{"iob":-0.587,"basaliob":-0.833,"bolussnooze":0.0296,"activity":-0.0043,"lastBolusTime":1703198394900,"time":"2023-12-22T00:00:56.676Z"}},{"iob":0.087,"basaliob":-0.136,"bolussnooze":0.0233,"activity":0.0018,"lastBolusTime":1703198394900,"time":"2023-12-22T00:05:56.676Z","iobWithZeroTemp":{"iob":-0.623,"basaliob":-0.846,"bolussnooze":0.0233,"activity":-0.0048,"lastBolusTime":1703198394900,"time":"2023-12-22T00:05:56.676Z"}},{"iob":0.078,"basaliob":-0.124,"bolussnooze":0.0182,"activity":0.0016,"lastBolusTime":1703198394900,"time":"2023-12-22T00:10:56.676Z","iobWithZeroTemp":{"iob":-0.657,"basaliob":-0.859,"bolussnooze":0.0182,"activity":-0.0054,"lastBolusTime":1703198394900,"time":"2023-12-22T00:10:56.676Z"}},{"iob":0.071,"basaliob":-0.112,"bolussnooze":0.014,"activity":0.0015,"lastBolusTime":1703198394900,"time":"2023-12-22T00:15:56.676Z","iobWithZeroTemp":{"iob":-0.686,"basaliob":-0.869,"bolussnooze":0.014,"activity":-0.0059,"lastBolusTime":1703198394900,"time":"2023-12-22T00:15:56.676Z"}},{"iob":0.063,"basaliob":-0.102,"bolussnooze":0.0107,"activity":0.0014,"lastBolusTime":1703198394900,"time":"2023-12-22T00:20:56.676Z","iobWithZeroTemp":{"iob":-0.714,"basaliob":-0.879,"bolussnooze":0.0107,"activity":-0.0063,"lastBolusTime":1703198394900,"time":"2023-12-22T00:20:56.676Z"}},{"iob":0.056,"basaliob":-0.092,"bolussnooze":0.008,"activity":0.0012,"lastBolusTime":1703198394900,"time":"2023-12-22T00:25:56.676Z","iobWithZeroTemp":{"iob":-0.74,"basaliob":-0.888,"bolussnooze":0.008,"activity":-0.0069,"lastBolusTime":1703198394900,"time":"2023-12-22T00:25:56.676Z"}},{"iob":0.05,"basaliob":-0.083,"bolussnooze":0.0059,"activity":0.0012,"lastBolusTime":1703198394900,"time":"2023-12-22T00:30:56.676Z","iobWithZeroTemp":{"iob":-0.763,"basaliob":-0.896,"bolussnooze":0.0059,"activity":-0.0072,"lastBolusTime":1703198394900,"time":"2023-12-22T00:30:56.676Z"}},{"iob":0.045,"basaliob":-0.075,"bolussnooze":0.0042,"activity":0.001,"lastBolusTime":1703198394900,"time":"2023-12-22T00:35:56.676Z","iobWithZeroTemp":{"iob":-0.784,"basaliob":-0.904,"bolussnooze":0.0042,"activity":-0.0077,"lastBolusTime":1703198394900,"time":"2023-12-22T00:35:56.676Z"}},{"iob":0.04,"basaliob":-0.067,"bolussnooze":0.003,"activity":0.001,"lastBolusTime":1703198394900,"time":"2023-12-22T00:40:56.676Z","iobWithZeroTemp":{"iob":-0.803,"basaliob":-0.91,"bolussnooze":0.003,"activity":-0.0079,"lastBolusTime":1703198394900,"time":"2023-12-22T00:40:56.676Z"}},{"iob":0.036,"basaliob":-0.06,"bolussnooze":0.002,"activity":9.0E-4,"lastBolusTime":1703198394900,"time":"2023-12-22T00:45:56.676Z","iobWithZeroTemp":{"iob":-0.82,"basaliob":-0.916,"bolussnooze":0.002,"activity":-0.0083,"lastBolusTime":1703198394900,"time":"2023-12-22T00:45:56.676Z"}},{"iob":0.031,"basaliob":-0.054,"bolussnooze":0.0013,"activity":8.0E-4,"lastBolusTime":1703198394900,"time":"2023-12-22T00:50:56.676Z","iobWithZeroTemp":{"iob":-0.837,"basaliob":-0.922,"bolussnooze":0.0013,"activity":-0.0086,"lastBolusTime":1703198394900,"time":"2023-12-22T00:50:56.676Z"}},{"iob":0.028,"basaliob":-0.048,"bolussnooze":8.0E-4,"activity":7.0E-4,"lastBolusTime":1703198394900,"time":"2023-12-22T00:55:56.676Z","iobWithZeroTemp":{"iob":-0.851,"basaliob":-0.927,"bolussnooze":8.0E-4,"activity":-0.0089,"lastBolusTime":1703198394900,"time":"2023-12-22T00:55:56.676Z"}},{"iob":0.024,"basaliob":-0.043,"bolussnooze":5.0E-4,"activity":6.0E-4,"lastBolusTime":1703198394900,"time":"2023-12-22T01:00:56.676Z","iobWithZeroTemp":{"iob":-0.865,"basaliob":-0.932,"bolussnooze":5.0E-4,"activity":-0.0092,"lastBolusTime":1703198394900,"time":"2023-12-22T01:00:56.676Z"}},{"iob":0.021,"basaliob":-0.039,"bolussnooze":2.0E-4,"activity":6.0E-4,"lastBolusTime":1703198394900,"time":"2023-12-22T01:05:56.676Z","iobWithZeroTemp":{"iob":-0.877,"basaliob":-0.937,"bolussnooze":2.0E-4,"activity":-0.0094,"lastBolusTime":1703198394900,"time":"2023-12-22T01:05:56.676Z"}},{"iob":0.019,"basaliob":-0.034,"bolussnooze":1.0E-4,"activity":5.0E-4,"lastBolusTime":1703198394900,"time":"2023-12-22T01:10:56.676Z","iobWithZeroTemp":{"iob":-0.886,"basaliob":-0.939,"bolussnooze":1.0E-4,"activity":-0.0097,"lastBolusTime":1703198394900,"time":"2023-12-22T01:10:56.676Z"}},{"iob":0.017,"basaliob":-0.03,"bolussnooze":0,"activity":5.0E-4,"lastBolusTime":1703198394900,"time":"2023-12-22T01:15:56.676Z","iobWithZeroTemp":{"iob":-0.896,"basaliob":-0.943,"bolussnooze":0,"activity":-0.0098,"lastBolusTime":1703198394900,"time":"2023-12-22T01:15:56.676Z"}},{"iob":0.014,"basaliob":-0.027,"bolussnooze":0,"activity":4.0E-4,"lastBolusTime":1703198394900,"time":"2023-12-22T01:20:56.676Z","iobWithZeroTemp":{"iob":-0.905,"basaliob":-0.946,"bolussnooze":0,"activity":-0.0101,"lastBolusTime":1703198394900,"time":"2023-12-22T01:20:56.676Z"}},{"iob":0.012,"basaliob":-0.024,"bolussnooze":0,"activity":3.0E-4,"lastBolusTime":1703198394900,"time":"2023-12-22T01:25:56.676Z","iobWithZeroTemp":{"iob":-0.913,"basaliob":-0.949,"bolussnooze":0,"activity":-0.0103,"lastBolusTime":1703198394900,"time":"2023-12-22T01:25:56.676Z"}},{"iob":0.01,"basaliob":-0.021,"bolussnooze":0,"activity":3.0E-4,"lastBolusTime":1703198394900,"time":"2023-12-22T01:30:56.676Z","iobWithZeroTemp":{"iob":-0.92,"basaliob":-0.951,"bolussnooze":0,"activity":-0.0104,"lastBolusTime":1703198394900,"time":"2023-12-22T01:30:56.676Z"}},{"iob":0.009,"basaliob":-0.018,"bolussnooze":0,"activity":3.0E-4,"lastBolusTime":1703198394900,"time":"2023-12-22T01:35:56.676Z","iobWithZeroTemp":{"iob":-0.925,"basaliob":-0.952,"bolussnooze":0,"activity":-0.0105,"lastBolusTime":1703198394900,"time":"2023-12-22T01:35:56.676Z"}},{"iob":0.008,"basaliob":-0.016,"bolussnooze":0,"activity":3.0E-4,"lastBolusTime":1703198394900,"time":"2023-12-22T01:40:56.676Z","iobWithZeroTemp":{"iob":-0.931,"basaliob":-0.955,"bolussnooze":0,"activity":-0.0106,"lastBolusTime":1703198394900,"time":"2023-12-22T01:40:56.676Z"}},{"iob":0.007,"basaliob":-0.014,"bolussnooze":0,"activity":2.0E-4,"lastBolusTime":1703198394900,"time":"2023-12-22T01:45:56.676Z","iobWithZeroTemp":{"iob":-0.935,"basaliob":-0.956,"bolussnooze":0,"activity":-0.0108,"lastBolusTime":1703198394900,"time":"2023-12-22T01:45:56.676Z"}},{"iob":0.006,"basaliob":-0.012,"bolussnooze":0,"activity":1.0E-4,"lastBolusTime":1703198394900,"time":"2023-12-22T01:50:56.676Z","iobWithZeroTemp":{"iob":-0.939,"basaliob":-0.957,"bolussnooze":0,"activity":-0.011,"lastBolusTime":1703198394900,"time":"2023-12-22T01:50:56.676Z"}},{"iob":0.006,"basaliob":-0.01,"bolussnooze":0,"activity":2.0E-4,"lastBolusTime":1703198394900,"time":"2023-12-22T01:55:56.676Z","iobWithZeroTemp":{"iob":-0.942,"basaliob":-0.958,"bolussnooze":0,"activity":-0.0109,"lastBolusTime":1703198394900,"time":"2023-12-22T01:55:56.676Z"}},{"iob":0.004,"basaliob":-0.009,"bolussnooze":0,"activity":1.0E-4,"lastBolusTime":1703198394900,"time":"2023-12-22T02:00:56.676Z","iobWithZeroTemp":{"iob":-0.947,"basaliob":-0.96,"bolussnooze":0,"activity":-0.0111,"lastBolusTime":1703198394900,"time":"2023-12-22T02:00:56.676Z"}},{"iob":0.004,"basaliob":-0.008,"bolussnooze":0,"activity":1.0E-4,"lastBolusTime":1703198394900,"time":"2023-12-22T02:05:56.676Z","iobWithZeroTemp":{"iob":-0.949,"basaliob":-0.961,"bolussnooze":0,"activity":-0.0112,"lastBolusTime":1703198394900,"time":"2023-12-22T02:05:56.676Z"}},{"iob":0.004,"basaliob":-0.006,"bolussnooze":0,"activity":1.0E-4,"lastBolusTime":1703198394900,"time":"2023-12-22T02:10:56.676Z","iobWithZeroTemp":{"iob":-0.951,"basaliob":-0.961,"bolussnooze":0,"activity":-0.0112,"lastBolusTime":1703198394900,"time":"2023-12-22T02:10:56.676Z"}},{"iob":0.004,"basaliob":-0.005,"bolussnooze":0,"activity":1.0E-4,"lastBolusTime":1703198394900,"time":"2023-12-22T02:15:56.676Z","iobWithZeroTemp":{"iob":-0.953,"basaliob":-0.962,"bolussnooze":0,"activity":-0.0113,"lastBolusTime":1703198394900,"time":"2023-12-22T02:15:56.676Z"}},{"iob":0.003,"basaliob":-0.004,"bolussnooze":0,"activity":0,"lastBolusTime":1703198394900,"time":"2023-12-22T02:20:56.676Z","iobWithZeroTemp":{"iob":-0.955,"basaliob":-0.962,"bolussnooze":0,"activity":-0.0114,"lastBolusTime":1703198394900,"time":"2023-12-22T02:20:56.676Z"}},{"iob":0.002,"basaliob":-0.004,"bolussnooze":0,"activity":1.0E-4,"lastBolusTime":1703198394900,"time":"2023-12-22T02:25:56.676Z","iobWithZeroTemp":{"iob":-0.957,"basaliob":-0.963,"bolussnooze":0,"activity":-0.0113,"lastBolusTime":1703198394900,"time":"2023-12-22T02:25:56.676Z"}},{"iob":0.002,"basaliob":-0.003,"bolussnooze":0,"activity":1.0E-4,"lastBolusTime":1703198394900,"time":"2023-12-22T02:30:56.676Z","iobWithZeroTemp":{"iob":-0.958,"basaliob":-0.963,"bolussnooze":0,"activity":-0.0114,"lastBolusTime":1703198394900,"time":"2023-12-22T02:30:56.676Z"}},{"iob":0.003,"basaliob":-0.002,"bolussnooze":0,"activity":1.0E-4,"lastBolusTime":1703198394900,"time":"2023-12-22T02:35:56.676Z","iobWithZeroTemp":{"iob":-0.958,"basaliob":-0.963,"bolussnooze":0,"activity":-0.0114,"lastBolusTime":1703198394900,"time":"2023-12-22T02:35:56.676Z"}},{"iob":0.002,"basaliob":-0.002,"bolussnooze":0,"activity":0,"lastBolusTime":1703198394900,"time":"2023-12-22T02:40:56.676Z","iobWithZeroTemp":{"iob":-0.96,"basaliob":-0.964,"bolussnooze":0,"activity":-0.0115,"lastBolusTime":1703198394900,"time":"2023-12-22T02:40:56.676Z"}}],"profile":{"max_iob":7,"type":"current","max_daily_basal":0.8,"max_basal":5,"min_bg":80,"max_bg":90,"target_bg":85,"carb_ratio":14,"sens":57,"max_daily_safety_multiplier":9,"current_basal_safety_multiplier":8,"lgsThreshold":65,"high_temptarget_raises_sensitivity":false,"low_temptarget_lowers_sensitivity":false,"sensitivity_raises_target":false,"resistance_lowers_target":false,"adv_target_adjustments":false,"exercise_mode":false,"half_basal_exercise_target":160,"maxCOB":120,"skip_neutral_temps":false,"remainingCarbsCap":90,"enableUAM":true,"A52_risk_enable":false,"SMBInterval":3,"enableSMB_with_COB":true,"enableSMB_with_temptarget":true,"allowSMB_with_high_temptarget":true,"enableSMB_always":true,"enableSMB_after_carbs":true,"maxSMBBasalMinutes":120,"maxUAMSMBBasalMinutes":90,"bolus_increment":0.05,"carbsReqThreshold":5,"current_basal":0.8,"temptargetSet":false,"autosens_max":1.6,"autosens_min":0.6,"variable_sens":97.4,"insulinDivisor":75,"TDD":21.81449523809524},"autosens_data":{"ratio":1.009951214103559},"meal_data":{"carbs":0,"mealCOB":0,"slopeFromMaxDeviation":-0.08599999999999995,"slopeFromMinDeviation":0.44949999999999996,"lastBolusTime":1703198394900,"lastCarbTime":0},"microBolusAllowed":true,"currentTime":1703198758406,"flatBGsDetected":false,"tdd1D":20.662500000000005,"tdd7D":21.47380952380953,"tddLast24H":21.6875,"tddLast4H":4.1625,"tddLast8to4H":3.2416666666666663},"output":{"temp":"absolute","bg":100,"tick":-2,"eventualBG":68,"targetBG":85,"insulinReq":0,"deliverAt":"2023-12-21T22:45:58.406Z","sensitivityRatio":1.009951214103559,"variable_sens":97.4,"predBGs":{"IOB":[100,98,96,94,92,90,88,86,85,83,81,80,78,77,75,74,73,72,71,70,69,68,68,67,66,66,65,65,64,64,64,63,63,63,63,62,62,62,62,62,62,62,62,62,62,62,62,61],"ZT":[100,98,96,94,92,90,89,88,88,87,88,88],"UAM":[100,98,96,94,91,89,87,86,84,82,80,79,77,76,74,73,72,71,70,69,68,67,66,66,65,64,64,63,63,63,62,62,62,62,61,61,61,61,61,61,60]},"reason":"COB: 0, Dev: 1, BGI: -2, ISF: 97, CR: 14, Target: 85, minPredBG 74, minGuardBG 60, IOBpredBG 61, UAMpredBG 60; minGuardBG 60<65 25m left and 0 ~ req 0U\/hr: no temp required","COB":0,"IOB":0.342,"timestamp":"2023-12-21T22:45:58.412Z"}}