{"algorithm":"OpenAPSSMBDynamicISFPlugin","input":{"glucoseStatus":{"glucose":86,"noise":0,"delta":0,"short_avgdelta":-0.78,"long_avgdelta":-1.42,"date":1703084738000},"currenttemp":{"temp":"absolute","duration":45,"rate":0,"minutesrunning":45},"iob_data":[{"iob":0.048,"basaliob":-0.41,"bolussnooze":0.1264,"activity":0.0033,"lastBolusTime":1703081770532,"time":"2023-12-20T15:06:08.758Z","iobWithZeroTemp":{"iob":0.048,"basaliob":-0.41,"bolussnooze":0.1264,"activity":0.0033,"lastBolusTime":1703081770532,"time":"2023-12-20T15:06:08.758Z"}},{"iob":0.033,"basaliob":-0.395,"bolussnooze":0.1057,"activity":0.0028,"lastBolusTime":1703081770532,"time":"2023-12-20T15:11:08.758Z","iobWithZeroTemp":{"iob":-0.014,"basaliob":-0.442,"bolussnooze":0.1057,"activity":0.0028,"lastBolusTime":1703081770532,"time":"2023-12-20T15:11:08.758Z"}},{"iob":0.02,"basaliob":-0.379,"bolussnooze":0.0877,"activity":0.0023,"lastBolusTime":1703081770532,"time":"2023-12-20T15:16:08.758Z","iobWithZeroTemp":{"iob":-0.084,"basaliob":-0.483,"bolussnooze":0.0877,"activity":0.0021,"lastBolusTime":1703081770532,"time":"2023-12-20T15:16:08.758Z"}},{"iob":0.01,"basaliob":-0.361,"bolussnooze":0.0722,"activity":0.0019,"lastBolusTime":1703081770532,"time":"2023-12-20T15:21:08.758Z","iobWithZeroTemp":{"iob":-0.151,"basaliob":-0.522,"bolussnooze":0.0722,"activity":0.0014,"lastBolusTime":1703081770532,"time":"2023-12-20T15:21:08.758Z"}},{"iob":0.001,"basaliob":-0.343,"bolussnooze":0.059,"activity":0.0016,"lastBolusTime":1703081770532,"time":"2023-12-20T15:26:08.758Z","iobWithZeroTemp":{"iob":-0.215,"basaliob":-0.559,"bolussnooze":0.059,"activity":8.0E-4,"lastBolusTime":1703081770532,"time":"2023-12-20T15:26:08.758Z"}},{"iob":-0.006,"basaliob":-0.324,"bolussnooze":0.0479,"activity":0.0012,"lastBolusTime":1703081770532,"time":"2023-12-20T15:31:08.758Z","iobWithZeroTemp":{"iob":-0.275,"basaliob":-0.593,"bolussnooze":0.0479,"activity":0,"lastBolusTime":1703081770532,"time":"2023-12-20T15:31:08.758Z"}},{"iob":-0.012,"basaliob":-0.305,"bolussnooze":0.0385,"activity":0.001,"lastBolusTime":1703081770532,"time":"2023-12-20T15:36:08.758Z","iobWithZeroTemp":{"iob":-0.332,"basaliob":-0.625,"bolussnooze":0.0385,"activity":-7.0E-4,"lastBolusTime":1703081770532,"time":"2023-12-20T15:36:08.758Z"}},{"iob":-0.016,"basaliob":-0.286,"bolussnooze":0.0307,"activity":8.0E-4,"lastBolusTime":1703081770532,"time":"2023-12-20T15:41:08.758Z","iobWithZeroTemp":{"iob":-0.385,"basaliob":-0.655,"bolussnooze":0.0307,"activity":-0.0014,"lastBolusTime":1703081770532,"time":"2023-12-20T15:41:08.758Z"}},{"iob":-0.02,"basaliob":-0.268,"bolussnooze":0.0243,"activity":6.0E-4,"lastBolusTime":1703081770532,"time":"2023-12-20T15:46:08.758Z","iobWithZeroTemp":{"iob":-0.436,"basaliob":-0.684,"bolussnooze":0.0243,"activity":-0.0021,"lastBolusTime":1703081770532,"time":"2023-12-20T15:46:08.758Z"}},{"iob":-0.022,"basaliob":-0.25,"bolussnooze":0.019,"activity":5.0E-4,"lastBolusTime":1703081770532,"time":"2023-12-20T15:51:08.758Z","iobWithZeroTemp":{"iob":-0.481,"basaliob":-0.709,"bolussnooze":0.019,"activity":-0.0027,"lastBolusTime":1703081770532,"time":"2023-12-20T15:51:08.758Z"}},{"iob":-0.024,"basaliob":-0.232,"bolussnooze":0.0147,"activity":3.0E-4,"lastBolusTime":1703081770532,"time":"2023-12-20T15:56:08.758Z","iobWithZeroTemp":{"iob":-0.525,"basaliob":-0.733,"bolussnooze":0.0147,"activity":-0.0034,"lastBolusTime":1703081770532,"time":"2023-12-20T15:56:08.758Z"}},{"iob":-0.026,"basaliob":-0.216,"bolussnooze":0.0113,"activity":2.0E-4,"lastBolusTime":1703081770532,"time":"2023-12-20T16:01:08.758Z","iobWithZeroTemp":{"iob":-0.566,"basaliob":-0.756,"bolussnooze":0.0113,"activity":-0.004,"lastBolusTime":1703081770532,"time":"2023-12-20T16:01:08.758Z"}},{"iob":-0.026,"basaliob":-0.2,"bolussnooze":0.0085,"activity":1.0E-4,"lastBolusTime":1703081770532,"time":"2023-12-20T16:06:08.758Z","iobWithZeroTemp":{"iob":-0.602,"basaliob":-0.776,"bolussnooze":0.0085,"activity":-0.0045,"lastBolusTime":1703081770532,"time":"2023-12-20T16:06:08.758Z"}},{"iob":-0.026,"basaliob":-0.184,"bolussnooze":0.0063,"activity":0,"lastBolusTime":1703081770532,"time":"2023-12-20T16:11:08.758Z","iobWithZeroTemp":{"iob":-0.636,"basaliob":-0.794,"bolussnooze":0.0063,"activity":-0.0051,"lastBolusTime":1703081770532,"time":"2023-12-20T16:11:08.758Z"}},{"iob":-0.026,"basaliob":-0.17,"bolussnooze":0.0046,"activity":0,"lastBolusTime":1703081770532,"time":"2023-12-20T16:16:08.758Z","iobWithZeroTemp":{"iob":-0.667,"basaliob":-0.811,"bolussnooze":0.0046,"activity":-0.0056,"lastBolusTime":1703081770532,"time":"2023-12-20T16:16:08.758Z"}},{"iob":-0.026,"basaliob":-0.156,"bolussnooze":0.0032,"activity":0,"lastBolusTime":1703081770532,"time":"2023-12-20T16:21:08.758Z","iobWithZeroTemp":{"iob":-0.697,"basaliob":-0.827,"bolussnooze":0.0032,"activity":-0.006,"lastBolusTime":1703081770532,"time":"2023-12-20T16:21:08.758Z"}},{"iob":-0.025,"basaliob":-0.143,"bolussnooze":0.0022,"activity":-1.0E-4,"lastBolusTime":1703081770532,"time":"2023-12-20T16:26:08.758Z","iobWithZeroTemp":{"iob":-0.723,"basaliob":-0.841,"bolussnooze":0.0022,"activity":-0.0065,"lastBolusTime":1703081770532,"time":"2023-12-20T16:26:08.758Z"}},{"iob":-0.024,"basaliob":-0.131,"bolussnooze":0.0015,"activity":-1.0E-4,"lastBolusTime":1703081770532,"time":"2023-12-20T16:31:08.758Z","iobWithZeroTemp":{"iob":-0.747,"basaliob":-0.854,"bolussnooze":0.0015,"activity":-0.0069,"lastBolusTime":1703081770532,"time":"2023-12-20T16:31:08.758Z"}},{"iob":-0.024,"basaliob":-0.12,"bolussnooze":9.0E-4,"activity":-2.0E-4,"lastBolusTime":1703081770532,"time":"2023-12-20T16:36:08.758Z","iobWithZeroTemp":{"iob":-0.77,"basaliob":-0.866,"bolussnooze":9.0E-4,"activity":-0.0074,"lastBolusTime":1703081770532,"time":"2023-12-20T16:36:08.758Z"}},{"iob":-0.024,"basaliob":-0.11,"bolussnooze":5.0E-4,"activity":-2.0E-4,"lastBolusTime":1703081770532,"time":"2023-12-20T16:41:08.758Z","iobWithZeroTemp":{"iob":-0.792,"basaliob":-0.878,"bolussnooze":5.0E-4,"activity":-0.0078,"lastBolusTime":1703081770532,"time":"2023-12-20T16:41:08.758Z"}},{"iob":-0.022,"basaliob":-0.1,"bolussnooze":3.0E-4,"activity":-2.0E-4,"lastBolusTime":1703081770532,"time":"2023-12-20T16:46:08.758Z","iobWithZeroTemp":{"iob":-0.809,"basaliob":-0.887,"bolussnooze":3.0E-4,"activity":-0.0081,"lastBolusTime":1703081770532,"time":"2023-12-20T16:46:08.758Z"}},{"iob":-0.021,"basaliob":-0.091,"bolussnooze":1.0E-4,"activity":-2.0E-4,"lastBolusTime":1703081770532,"time":"2023-12-20T16:51:08.758Z","iobWithZeroTemp":{"iob":-0.826,"basaliob":-0.896,"bolussnooze":1.0E-4,"activity":-0.0084,"lastBolusTime":1703081770532,"time":"2023-12-20T16:51:08.758Z"}},{"iob":-0.02,"basaliob":-0.082,"bolussnooze":0,"activity":-2.0E-4,"lastBolusTime":1703081770532,"time":"2023-12-20T16:56:08.758Z","iobWithZeroTemp":{"iob":-0.841,"basaliob":-0.903,"bolussnooze":0,"activity":-0.0087,"lastBolusTime":1703081770532,"time":"2023-12-20T16:56:08.758Z"}},{"iob":-0.019,"basaliob":-0.075,"bolussnooze":0,"activity":-2.0E-4,"lastBolusTime":1703081770532,"time":"2023-12-20T17:01:08.758Z","iobWithZeroTemp":{"iob":-0.855,"basaliob":-0.911,"bolussnooze":0,"activity":-0.009,"lastBolusTime":1703081770532,"time":"2023-12-20T17:01:08.758Z"}},{"iob":-0.017,"basaliob":-0.067,"bolussnooze":0,"activity":-2.0E-4,"lastBolusTime":1703081770532,"time":"2023-12-20T17:06:08.758Z","iobWithZeroTemp":{"iob":-0.875,"basaliob":-0.925,"bolussnooze":0,"activity":-0.0093,"lastBolusTime":1703081770532,"time":"2023-12-20T17:06:08.758Z"}},{"iob":-0.017,"basaliob":-0.061,"bolussnooze":0,"activity":-3.0E-4,"lastBolusTime":1703081770532,"time":"2023-12-20T17:11:08.758Z","iobWithZeroTemp":{"iob":-0.896,"basaliob":-0.94,"bolussnooze":0,"activity":-0.0096,"lastBolusTime":1703081770532,"time":"2023-12-20T17:11:08.758Z"}},{"iob":-0.016,"basaliob":-0.055,"bolussnooze":0,"activity":-3.0E-4,"lastBolusTime":1703081770532,"time":"2023-12-20T17:16:08.758Z","iobWithZeroTemp":{"iob":-0.914,"basaliob":-0.953,"bolussnooze":0,"activity":-0.0099,"lastBolusTime":1703081770532,"time":"2023-12-20T17:16:08.758Z"}},{"iob":-0.015,"basaliob":-0.049,"bolussnooze":0,"activity":-2.0E-4,"lastBolusTime":1703081770532,"time":"2023-12-20T17:21:08.758Z","iobWithZeroTemp":{"iob":-0.931,"basaliob":-0.965,"bolussnooze":0,"activity":-0.0101,"lastBolusTime":1703081770532,"time":"2023-12-20T17:21:08.758Z"}},{"iob":-0.014,"basaliob":-0.044,"bolussnooze":0,"activity":-2.0E-4,"lastBolusTime":1703081770532,"time":"2023-12-20T17:26:08.758Z","iobWithZeroTemp":{"iob":-0.947,"basaliob":-0.977,"bolussnooze":0,"activity":-0.0103,"lastBolusTime":1703081770532,"time":"2023-12-20T17:26:08.758Z"}},{"iob":-0.013,"basaliob":-0.04,"bolussnooze":0,"activity":-2.0E-4,"lastBolusTime":1703081770532,"time":"2023-12-20T17:31:08.758Z","iobWithZeroTemp":{"iob":-0.961,"basaliob":-0.988,"bolussnooze":0,"activity":-0.0105,"lastBolusTime":1703081770532,"time":"2023-12-20T17:31:08.758Z"}},{"iob":-0.012,"basaliob":-0.035,"bolussnooze":0,"activity":-2.0E-4,"lastBolusTime":1703081770532,"time":"2023-12-20T17:36:08.758Z","iobWithZeroTemp":{"iob":-0.975,"basaliob":-0.998,"bolussnooze":0,"activity":-0.0108,"lastBolusTime":1703081770532,"time":"2023-12-20T17:36:08.758Z"}},{"iob":-0.011,"basaliob":-0.032,"bolussnooze":0,"activity":-1.0E-4,"lastBolusTime":1703081770532,"time":"2023-12-20T17:41:08.758Z","iobWithZeroTemp":{"iob":-0.987,"basaliob":-1.008,"bolussnooze":0,"activity":-0.0109,"lastBolusTime":1703081770532,"time":"2023-12-20T17:41:08.758Z"}},{"iob":-0.01,"basaliob":-0.028,"bolussnooze":0,"activity":-2.0E-4,"lastBolusTime":1703081770532,"time":"2023-12-20T17:46:08.758Z","iobWithZeroTemp":{"iob":-0.998,"basaliob":-1.016,"bolussnooze":0,"activity":-0.0112,"lastBolusTime":1703081770532,"time":"2023-12-20T17:46:08.758Z"}},{"iob":-0.01,"basaliob":-0.025,"bolussnooze":0,"activity":-2.0E-4,"lastBolusTime":1703081770532,"time":"2023-12-20T17:51:08.758Z","iobWithZeroTemp":{"iob":-1.01,"basaliob":-1.025,"bolussnooze":0,"activity":-0.0114,"lastBolusTime":1703081770532,"time":"2023-12-20T17:51:08.758Z"}},{"iob":-0.009,"basaliob":-0.022,"bolussnooze":0,"activity":-1.0E-4,"lastBolusTime":1703081770532,"time":"2023-12-20T17:56:08.758Z","iobWithZeroTemp":{"iob":-1.019,"basaliob":-1.032,"bolussnooze":0,"activity":-0.0115,"lastBolusTime":1703081770532,"time":"2023-12-20T17:56:08.758Z"}},{"iob":-0.007,"basaliob":-0.019,"bolussnooze":0,"activity":-1.0E-4,"lastBolusTime":1703081770532,"time":"2023-12-20T18:01:08.758Z","iobWithZeroTemp":{"iob":-1.026,"basaliob":-1.038,"bolussnooze":0,"activity":-0.0116,"lastBolusTime":1703081770532,"time":"2023-12-20T18:01:08.758Z"}},{"iob":-0.007,"basaliob":-0.017,"bolussnooze":0,"activity":-1.0E-4,"lastBolusTime":1703081770532,"time":"2023-12-20T18:06:08.758Z","iobWithZeroTemp":{"iob":-1.035,"basaliob":-1.045,"bolussnooze":0,"activity":-0.0118,"lastBolusTime":1703081770532,"time":"2023-12-20T18:06:08.758Z"}},{"iob":-0.007,"basaliob":-0.015,"bolussnooze":0,"activity":-1.0E-4,"lastBolusTime":1703081770532,"time":"2023-12-20T18:11:08.758Z","iobWithZeroTemp":{"iob":-1.043,"basaliob":-1.051,"bolussnooze":0,"activity":-0.0119,"lastBolusTime":1703081770532,"time":"2023-12-20T18:11:08.758Z"}},{"iob":-0.006,"basaliob":-0.013,"bolussnooze":0,"activity":-2.0E-4,"lastBolusTime":1703081770532,"time":"2023-12-20T18:16:08.758Z","iobWithZeroTemp":{"iob":-1.049,"basaliob":-1.056,"bolussnooze":0,"activity":-0.0122,"lastBolusTime":1703081770532,"time":"2023-12-20T18:16:08.758Z"}},{"iob":-0.006,"basaliob":-0.012,"bolussnooze":0,"activity":-1.0E-4,"lastBolusTime":1703081770532,"time":"2023-12-20T18:21:08.758Z","iobWithZeroTemp":{"iob":-1.056,"basaliob":-1.062,"bolussnooze":0,"activity":-0.0122,"lastBolusTime":1703081770532,"time":"2023-12-20T18:21:08.758Z"}},{"iob":-0.005,"basaliob":-0.01,"bolussnooze":0,"activity":-1.0E-4,"lastBolusTime":1703081770532,"time":"2023-12-20T18:26:08.758Z","iobWithZeroTemp":{"iob":-1.06,"basaliob":-1.065,"bolussnooze":0,"activity":-0.0123,"lastBolusTime":1703081770532,"time":"2023-12-20T18:26:08.758Z"}},{"iob":-0.005,"basaliob":-0.009,"bolussnooze":0,"activity":-1.0E-4,"lastBolusTime":1703081770532,"time":"2023-12-20T18:31:08.758Z","iobWithZeroTemp":{"iob":-1.066,"basaliob":-1.07,"bolussnooze":0,"activity":-0.0124,"lastBolusTime":1703081770532,"time":"2023-12-20T18:31:08.758Z"}},{"iob":-0.004,"basaliob":-0.007,"bolussnooze":0,"activity":-1.0E-4,"lastBolusTime":1703081770532,"time":"2023-12-20T18:36:08.758Z","iobWithZeroTemp":{"iob":-1.07,"basaliob":-1.073,"bolussnooze":0,"activity":-0.0125,"lastBolusTime":1703081770532,"time":"2023-12-20T18:36:08.758Z"}},{"iob":-0.003,"basaliob":-0.006,"bolussnooze":0,"activity":-1.0E-4,"lastBolusTime":1703081770532,"time":"2023-12-20T18:41:08.758Z","iobWithZeroTemp":{"iob":-1.073,"basaliob":-1.076,"bolussnooze":0,"activity":-0.0126,"lastBolusTime":1703081770532,"time":"2023-12-20T18:41:08.758Z"}},{"iob":-0.004,"basaliob":-0.006,"bolussnooze":0,"activity":-1.0E-4,"lastBolusTime":1703081770532,"time":"2023-12-20T18:46:08.758Z","iobWithZeroTemp":{"iob":-1.078,"basaliob":-1.08,"bolussnooze":0,"activity":-0.0127,"lastBolusTime":1703081770532,"time":"2023-12-20T18:46:08.758Z"}},{"iob":-0.003,"basaliob":-0.005,"bolussnooze":0,"activity":-1.0E-4,"lastBolusTime":1703081770532,"time":"2023-12-20T18:51:08.758Z","iobWithZeroTemp":{"iob":-1.08,"basaliob":-1.082,"bolussnooze":0,"activity":-0.0128,"lastBolusTime":1703081770532,"time":"2023-12-20T18:51:08.758Z"}},{"iob":-0.003,"basaliob":-0.004,"bolussnooze":0,"activity":0,"lastBolusTime":1703081770532,"time":"2023-12-20T18:56:08.758Z","iobWithZeroTemp":{"iob":-1.083,"basaliob":-1.084,"bolussnooze":0,"activity":-0.0127,"lastBolusTime":1703081770532,"time":"2023-12-20T18:56:08.758Z"}},{"iob":-0.002,"basaliob":-0.003,"bolussnooze":0,"activity":0,"lastBolusTime":1703081770532,"time":"2023-12-20T19:01:08.758Z","iobWithZeroTemp":{"iob":-1.085,"basaliob":-1.086,"bolussnooze":0,"activity":-0.0128,"lastBolusTime":1703081770532,"time":"2023-12-20T19:01:08.758Z"}}],"profile":{"max_iob":7,"type":"current","max_daily_basal":0.8,"max_basal":5,"min_bg":80,"max_bg":90,"target_bg":85,"carb_ratio":16,"sens":57,"max_daily_safety_multiplier":9,"current_basal_safety_multiplier":8,"lgsThreshold":65,"high_temptarget_raises_sensitivity":false,"low_temptarget_lowers_sensitivity":false,"sensitivity_raises_target":false,"resistance_lowers_target":false,"adv_target_adjustments":false,"exercise_mode":false,"half_basal_exercise_target":160,"maxCOB":120,"skip_neutral_temps":false,"remainingCarbsCap":90,"enableUAM":true,"A52_risk_enable":false,"SMBInterval":3,"enableSMB_with_COB":true,"enableSMB_with_temptarget":true,"allowSMB_with_high_temptarget":true,"enableSMB_always":true,"enableSMB_after_carbs":true,"maxSMBBasalMinutes":120,"maxUAMSMBBasalMinutes":90,"bolus_increment":0.05,"carbsReqThreshold":5,"current_basal":0.7,"temptargetSet":false,"autosens_max":1.6,"autosens_min":0.6,"variable_sens":122.7,"insulinDivisor":75,"TDD":19.202910714285718},"autosens_data":{"ratio":1.0131890429489352},"meal_data":{"carbs":0,"mealCOB":0,"slopeFromMaxDeviation":-0.44500000000000006,"slopeFromMinDeviation":0.1754,"lastBolusTime":1703081770532,"lastCarbTime":0},"microBolusAllowed":true,"currentTime":1703084770603,"flatBGsDetected":false,"tdd1D":21.666666666666675,"tdd7D":21.121428571428574,"tddLast24H":21.400000000000013,"tddLast4H":2.679166666666667,"tddLast8to4H":1.9500000000000002},"output":{"temp":"absolute","bg":86,"tick":"+0","eventualBG":87,"targetBG":85,"insulinReq":-0.02,"deliverAt":"2023-12-20T15:06:10.603Z","sensitivityRatio":1.0131890429489352,"variable_sens":122.7,"predBGs":{"IOB":[86,85,84,84,83,83,83,83,83,83,83,82,82,82,82,82,82,82,82,83,83,83,83,83,83,83,83,84,84,84,84,84,84,84,84,85],"ZT":[86,84,82,81,80,79,79,80,81,82,84],"UAM":[86,85,83,82,81,80,79,78,78,77,77,77,77,77,77,77,77,77,77,77,77,77,77,77,77,78,78,78,78,78,78,78,79,79,79,79,79,79,79,79,79,79,79,79,80]},"reason":"COB: 0, Dev: 7, BGI: -2, ISF: 123, CR: 16, Target: 85, minPredBG 82, minGuardBG 77, IOBpredBG 85, UAMpredBG 80;  insulinReq -0.02; setting 30m low temp of 0.07U\/h. ","COB":0,"IOB":0.048,"rate":0.07,"duration":30,"timestamp":"2023-12-20T15:06:10.625Z"}}