{"algorithm":"OpenAPSSMBDynamicISFPlugin","input":{"glucoseStatus":{"glucose":64,"noise":0,"delta":-1,"short_avgdelta":-1.39,"long_avgdelta":-1.67,"date":1703207438000},"currenttemp":{"temp":"absolute","duration":20,"rate":0,"minutesrunning":10},"iob_data":[{"iob":-0.318,"basaliob":-0.37,"bolussnooze":1.0E-4,"activity":-0.0024,"lastBolusTime":1703198394900,"time":"2023-12-22T01:11:14.669Z","iobWithZeroTemp":{"iob":-0.318,"basaliob":-0.37,"bolussnooze":1.0E-4,"activity":-0.0024,"lastBolusTime":1703198394900,"time":"2023-12-22T01:11:14.669Z"}},{"iob":-0.305,"basaliob":-0.351,"bolussnooze":0,"activity":-0.0026,"lastBolusTime":1703198394900,"time":"2023-12-22T01:16:14.669Z","iobWithZeroTemp":{"iob":-0.352,"basaliob":-0.398,"bolussnooze":0,"activity":-0.0026,"lastBolusTime":1703198394900,"time":"2023-12-22T01:16:14.669Z"}},{"iob":-0.29,"basaliob":-0.331,"bolussnooze":0,"activity":-0.0028,"lastBolusTime":1703198394900,"time":"2023-12-22T01:21:14.669Z","iobWithZeroTemp":{"iob":-0.394,"basaliob":-0.435,"bolussnooze":0,"activity":-0.003,"lastBolusTime":1703198394900,"time":"2023-12-22T01:21:14.669Z"}},{"iob":-0.276,"basaliob":-0.312,"bolussnooze":0,"activity":-0.003,"lastBolusTime":1703198394900,"time":"2023-12-22T01:26:14.669Z","iobWithZeroTemp":{"iob":-0.437,"basaliob":-0.473,"bolussnooze":0,"activity":-0.0035,"lastBolusTime":1703198394900,"time":"2023-12-22T01:26:14.669Z"}},{"iob":-0.261,"basaliob":-0.292,"bolussnooze":0,"activity":-0.003,"lastBolusTime":1703198394900,"time":"2023-12-22T01:31:14.669Z","iobWithZeroTemp":{"iob":-0.477,"basaliob":-0.508,"bolussnooze":0,"activity":-0.0038,"lastBolusTime":1703198394900,"time":"2023-12-22T01:31:14.669Z"}},{"iob":-0.246,"basaliob":-0.273,"bolussnooze":0,"activity":-0.0031,"lastBolusTime":1703198394900,"time":"2023-12-22T01:36:14.669Z","iobWithZeroTemp":{"iob":-0.515,"basaliob":-0.542,"bolussnooze":0,"activity":-0.0043,"lastBolusTime":1703198394900,"time":"2023-12-22T01:36:14.669Z"}},{"iob":-0.231,"basaliob":-0.255,"bolussnooze":0,"activity":-0.003,"lastBolusTime":1703198394900,"time":"2023-12-22T01:41:14.669Z","iobWithZeroTemp":{"iob":-0.551,"basaliob":-0.575,"bolussnooze":0,"activity":-0.0047,"lastBolusTime":1703198394900,"time":"2023-12-22T01:41:14.669Z"}},{"iob":-0.216,"basaliob":-0.237,"bolussnooze":0,"activity":-0.0029,"lastBolusTime":1703198394900,"time":"2023-12-22T01:46:14.669Z","iobWithZeroTemp":{"iob":-0.585,"basaliob":-0.606,"bolussnooze":0,"activity":-0.0051,"lastBolusTime":1703198394900,"time":"2023-12-22T01:46:14.669Z"}},{"iob":-0.201,"basaliob":-0.219,"bolussnooze":0,"activity":-0.0029,"lastBolusTime":1703198394900,"time":"2023-12-22T01:51:14.669Z","iobWithZeroTemp":{"iob":-0.617,"basaliob":-0.635,"bolussnooze":0,"activity":-0.0056,"lastBolusTime":1703198394900,"time":"2023-12-22T01:51:14.669Z"}},{"iob":-0.188,"basaliob":-0.203,"bolussnooze":0,"activity":-0.0027,"lastBolusTime":1703198394900,"time":"2023-12-22T01:56:14.669Z","iobWithZeroTemp":{"iob":-0.647,"basaliob":-0.662,"bolussnooze":0,"activity":-0.0059,"lastBolusTime":1703198394900,"time":"2023-12-22T01:56:14.669Z"}},{"iob":-0.174,"basaliob":-0.187,"bolussnooze":0,"activity":-0.0027,"lastBolusTime":1703198394900,"time":"2023-12-22T02:01:14.669Z","iobWithZeroTemp":{"iob":-0.675,"basaliob":-0.688,"bolussnooze":0,"activity":-0.0064,"lastBolusTime":1703198394900,"time":"2023-12-22T02:01:14.669Z"}},{"iob":-0.16,"basaliob":-0.172,"bolussnooze":0,"activity":-0.0026,"lastBolusTime":1703198394900,"time":"2023-12-22T02:06:14.669Z","iobWithZeroTemp":{"iob":-0.7,"basaliob":-0.712,"bolussnooze":0,"activity":-0.0068,"lastBolusTime":1703198394900,"time":"2023-12-22T02:06:14.669Z"}},{"iob":-0.148,"basaliob":-0.158,"bolussnooze":0,"activity":-0.0024,"lastBolusTime":1703198394900,"time":"2023-12-22T02:11:14.669Z","iobWithZeroTemp":{"iob":-0.724,"basaliob":-0.734,"bolussnooze":0,"activity":-0.007,"lastBolusTime":1703198394900,"time":"2023-12-22T02:11:14.669Z"}},{"iob":-0.136,"basaliob":-0.145,"bolussnooze":0,"activity":-0.0023,"lastBolusTime":1703198394900,"time":"2023-12-22T02:16:14.669Z","iobWithZeroTemp":{"iob":-0.746,"basaliob":-0.755,"bolussnooze":0,"activity":-0.0074,"lastBolusTime":1703198394900,"time":"2023-12-22T02:16:14.669Z"}},{"iob":-0.126,"basaliob":-0.133,"bolussnooze":0,"activity":-0.0022,"lastBolusTime":1703198394900,"time":"2023-12-22T02:21:14.669Z","iobWithZeroTemp":{"iob":-0.767,"basaliob":-0.774,"bolussnooze":0,"activity":-0.0078,"lastBolusTime":1703198394900,"time":"2023-12-22T02:21:14.669Z"}},{"iob":-0.115,"basaliob":-0.121,"bolussnooze":0,"activity":-0.002,"lastBolusTime":1703198394900,"time":"2023-12-22T02:26:14.669Z","iobWithZeroTemp":{"iob":-0.786,"basaliob":-0.792,"bolussnooze":0,"activity":-0.008,"lastBolusTime":1703198394900,"time":"2023-12-22T02:26:14.669Z"}},{"iob":-0.105,"basaliob":-0.11,"bolussnooze":0,"activity":-0.0019,"lastBolusTime":1703198394900,"time":"2023-12-22T02:31:14.669Z","iobWithZeroTemp":{"iob":-0.803,"basaliob":-0.808,"bolussnooze":0,"activity":-0.0083,"lastBolusTime":1703198394900,"time":"2023-12-22T02:31:14.669Z"}},{"iob":-0.095,"basaliob":-0.1,"bolussnooze":0,"activity":-0.0017,"lastBolusTime":1703198394900,"time":"2023-12-22T02:36:14.669Z","iobWithZeroTemp":{"iob":-0.818,"basaliob":-0.823,"bolussnooze":0,"activity":-0.0085,"lastBolusTime":1703198394900,"time":"2023-12-22T02:36:14.669Z"}},{"iob":-0.087,"basaliob":-0.091,"bolussnooze":0,"activity":-0.0016,"lastBolusTime":1703198394900,"time":"2023-12-22T02:41:14.669Z","iobWithZeroTemp":{"iob":-0.833,"basaliob":-0.837,"bolussnooze":0,"activity":-0.0088,"lastBolusTime":1703198394900,"time":"2023-12-22T02:41:14.669Z"}},{"iob":-0.079,"basaliob":-0.082,"bolussnooze":0,"activity":-0.0015,"lastBolusTime":1703198394900,"time":"2023-12-22T02:46:14.669Z","iobWithZeroTemp":{"iob":-0.847,"basaliob":-0.85,"bolussnooze":0,"activity":-0.0091,"lastBolusTime":1703198394900,"time":"2023-12-22T02:46:14.669Z"}},{"iob":-0.072,"basaliob":-0.075,"bolussnooze":0,"activity":-0.0014,"lastBolusTime":1703198394900,"time":"2023-12-22T02:51:14.669Z","iobWithZeroTemp":{"iob":-0.859,"basaliob":-0.862,"bolussnooze":0,"activity":-0.0093,"lastBolusTime":1703198394900,"time":"2023-12-22T02:51:14.669Z"}},{"iob":-0.066,"basaliob":-0.068,"bolussnooze":0,"activity":-0.0013,"lastBolusTime":1703198394900,"time":"2023-12-22T02:56:14.669Z","iobWithZeroTemp":{"iob":-0.871,"basaliob":-0.873,"bolussnooze":0,"activity":-0.0095,"lastBolusTime":1703198394900,"time":"2023-12-22T02:56:14.669Z"}},{"iob":-0.059,"basaliob":-0.061,"bolussnooze":0,"activity":-0.0012,"lastBolusTime":1703198394900,"time":"2023-12-22T03:01:14.669Z","iobWithZeroTemp":{"iob":-0.88,"basaliob":-0.882,"bolussnooze":0,"activity":-0.0097,"lastBolusTime":1703198394900,"time":"2023-12-22T03:01:14.669Z"}},{"iob":-0.054,"basaliob":-0.055,"bolussnooze":0,"activity":-0.0011,"lastBolusTime":1703198394900,"time":"2023-12-22T03:06:14.669Z","iobWithZeroTemp":{"iob":-0.89,"basaliob":-0.891,"bolussnooze":0,"activity":-0.0099,"lastBolusTime":1703198394900,"time":"2023-12-22T03:06:14.669Z"}},{"iob":-0.048,"basaliob":-0.049,"bolussnooze":0,"activity":-0.001,"lastBolusTime":1703198394900,"time":"2023-12-22T03:11:14.669Z","iobWithZeroTemp":{"iob":-0.898,"basaliob":-0.899,"bolussnooze":0,"activity":-0.0101,"lastBolusTime":1703198394900,"time":"2023-12-22T03:11:14.669Z"}},{"iob":-0.043,"basaliob":-0.044,"bolussnooze":0,"activity":-0.001,"lastBolusTime":1703198394900,"time":"2023-12-22T03:16:14.669Z","iobWithZeroTemp":{"iob":-0.905,"basaliob":-0.906,"bolussnooze":0,"activity":-0.0103,"lastBolusTime":1703198394900,"time":"2023-12-22T03:16:14.669Z"}},{"iob":-0.039,"basaliob":-0.04,"bolussnooze":0,"activity":-9.0E-4,"lastBolusTime":1703198394900,"time":"2023-12-22T03:21:14.669Z","iobWithZeroTemp":{"iob":-0.913,"basaliob":-0.914,"bolussnooze":0,"activity":-0.0104,"lastBolusTime":1703198394900,"time":"2023-12-22T03:21:14.669Z"}},{"iob":-0.036,"basaliob":-0.036,"bolussnooze":0,"activity":-8.0E-4,"lastBolusTime":1703198394900,"time":"2023-12-22T03:26:14.669Z","iobWithZeroTemp":{"iob":-0.92,"basaliob":-0.92,"bolussnooze":0,"activity":-0.0105,"lastBolusTime":1703198394900,"time":"2023-12-22T03:26:14.669Z"}},{"iob":-0.032,"basaliob":-0.032,"bolussnooze":0,"activity":-7.0E-4,"lastBolusTime":1703198394900,"time":"2023-12-22T03:31:14.669Z","iobWithZeroTemp":{"iob":-0.925,"basaliob":-0.925,"bolussnooze":0,"activity":-0.0106,"lastBolusTime":1703198394900,"time":"2023-12-22T03:31:14.669Z"}},{"iob":-0.028,"basaliob":-0.028,"bolussnooze":0,"activity":-7.0E-4,"lastBolusTime":1703198394900,"time":"2023-12-22T03:36:14.669Z","iobWithZeroTemp":{"iob":-0.93,"basaliob":-0.93,"bolussnooze":0,"activity":-0.0108,"lastBolusTime":1703198394900,"time":"2023-12-22T03:36:14.669Z"}},{"iob":-0.025,"basaliob":-0.025,"bolussnooze":0,"activity":-6.0E-4,"lastBolusTime":1703198394900,"time":"2023-12-22T03:41:14.669Z","iobWithZeroTemp":{"iob":-0.934,"basaliob":-0.934,"bolussnooze":0,"activity":-0.0108,"lastBolusTime":1703198394900,"time":"2023-12-22T03:41:14.669Z"}},{"iob":-0.022,"basaliob":-0.022,"bolussnooze":0,"activity":-5.0E-4,"lastBolusTime":1703198394900,"time":"2023-12-22T03:46:14.669Z","iobWithZeroTemp":{"iob":-0.938,"basaliob":-0.938,"bolussnooze":0,"activity":-0.0109,"lastBolusTime":1703198394900,"time":"2023-12-22T03:46:14.669Z"}},{"iob":-0.02,"basaliob":-0.02,"bolussnooze":0,"activity":-5.0E-4,"lastBolusTime":1703198394900,"time":"2023-12-22T03:51:14.669Z","iobWithZeroTemp":{"iob":-0.942,"basaliob":-0.942,"bolussnooze":0,"activity":-0.011,"lastBolusTime":1703198394900,"time":"2023-12-22T03:51:14.669Z"}},{"iob":-0.017,"basaliob":-0.017,"bolussnooze":0,"activity":-4.0E-4,"lastBolusTime":1703198394900,"time":"2023-12-22T03:56:14.669Z","iobWithZeroTemp":{"iob":-0.944,"basaliob":-0.944,"bolussnooze":0,"activity":-0.011,"lastBolusTime":1703198394900,"time":"2023-12-22T03:56:14.669Z"}},{"iob":-0.015,"basaliob":-0.015,"bolussnooze":0,"activity":-4.0E-4,"lastBolusTime":1703198394900,"time":"2023-12-22T04:01:14.669Z","iobWithZeroTemp":{"iob":-0.947,"basaliob":-0.947,"bolussnooze":0,"activity":-0.0112,"lastBolusTime":1703198394900,"time":"2023-12-22T04:01:14.669Z"}},{"iob":-0.013,"basaliob":-0.013,"bolussnooze":0,"activity":-4.0E-4,"lastBolusTime":1703198394900,"time":"2023-12-22T04:06:14.669Z","iobWithZeroTemp":{"iob":-0.941,"basaliob":-0.941,"bolussnooze":0,"activity":-0.0112,"lastBolusTime":1703198394900,"time":"2023-12-22T04:06:14.669Z"}},{"iob":-0.012,"basaliob":-0.012,"bolussnooze":0,"activity":-3.0E-4,"lastBolusTime":0,"time":"2023-12-22T04:11:14.669Z","iobWithZeroTemp":{"iob":-0.936,"basaliob":-0.936,"bolussnooze":0,"activity":-0.0112,"lastBolusTime":0,"time":"2023-12-22T04:11:14.669Z"}},{"iob":-0.01,"basaliob":-0.01,"bolussnooze":0,"activity":-3.0E-4,"lastBolusTime":0,"time":"2023-12-22T04:16:14.669Z","iobWithZeroTemp":{"iob":-0.929,"basaliob":-0.929,"bolussnooze":0,"activity":-0.0113,"lastBolusTime":0,"time":"2023-12-22T04:16:14.669Z"}},{"iob":-0.009,"basaliob":-0.009,"bolussnooze":0,"activity":-2.0E-4,"lastBolusTime":0,"time":"2023-12-22T04:21:14.669Z","iobWithZeroTemp":{"iob":-0.923,"basaliob":-0.923,"bolussnooze":0,"activity":-0.0112,"lastBolusTime":0,"time":"2023-12-22T04:21:14.669Z"}},{"iob":-0.008,"basaliob":-0.008,"bolussnooze":0,"activity":-2.0E-4,"lastBolusTime":0,"time":"2023-12-22T04:26:14.669Z","iobWithZeroTemp":{"iob":-0.918,"basaliob":-0.918,"bolussnooze":0,"activity":-0.0112,"lastBolusTime":0,"time":"2023-12-22T04:26:14.669Z"}},{"iob":-0.007,"basaliob":-0.007,"bolussnooze":0,"activity":-2.0E-4,"lastBolusTime":0,"time":"2023-12-22T04:31:14.669Z","iobWithZeroTemp":{"iob":-0.912,"basaliob":-0.912,"bolussnooze":0,"activity":-0.0112,"lastBolusTime":0,"time":"2023-12-22T04:31:14.669Z"}},{"iob":-0.006,"basaliob":-0.006,"bolussnooze":0,"activity":-2.0E-4,"lastBolusTime":0,"time":"2023-12-22T04:36:14.669Z","iobWithZeroTemp":{"iob":-0.906,"basaliob":-0.906,"bolussnooze":0,"activity":-0.0112,"lastBolusTime":0,"time":"2023-12-22T04:36:14.669Z"}},{"iob":-0.005,"basaliob":-0.005,"bolussnooze":0,"activity":-2.0E-4,"lastBolusTime":0,"time":"2023-12-22T04:41:14.669Z","iobWithZeroTemp":{"iob":-0.9,"basaliob":-0.9,"bolussnooze":0,"activity":-0.0111,"lastBolusTime":0,"time":"2023-12-22T04:41:14.669Z"}},{"iob":-0.004,"basaliob":-0.004,"bolussnooze":0,"activity":-1.0E-4,"lastBolusTime":0,"time":"2023-12-22T04:46:14.669Z","iobWithZeroTemp":{"iob":-0.895,"basaliob":-0.895,"bolussnooze":0,"activity":-0.011,"lastBolusTime":0,"time":"2023-12-22T04:46:14.669Z"}},{"iob":-0.004,"basaliob":-0.004,"bolussnooze":0,"activity":-1.0E-4,"lastBolusTime":0,"time":"2023-12-22T04:51:14.669Z","iobWithZeroTemp":{"iob":-0.89,"basaliob":-0.89,"bolussnooze":0,"activity":-0.011,"lastBolusTime":0,"time":"2023-12-22T04:51:14.669Z"}},{"iob":-0.003,"basaliob":-0.003,"bolussnooze":0,"activity":-1.0E-4,"lastBolusTime":0,"time":"2023-12-22T04:56:14.669Z","iobWithZeroTemp":{"iob":-0.885,"basaliob":-0.885,"bolussnooze":0,"activity":-0.0109,"lastBolusTime":0,"time":"2023-12-22T04:56:14.669Z"}},{"iob":-0.003,"basaliob":-0.003,"bolussnooze":0,"activity":-1.0E-4,"lastBolusTime":0,"time":"2023-12-22T05:01:14.669Z","iobWithZeroTemp":{"iob":-0.881,"basaliob":-0.881,"bolussnooze":0,"activity":-0.0109,"lastBolusTime":0,"time":"2023-12-22T05:01:14.669Z"}},{"iob":-0.002,"basaliob":-0.002,"bolussnooze":0,"activity":-1.0E-4,"lastBolusTime":0,"time":"2023-12-22T05:06:14.669Z","iobWithZeroTemp":{"iob":-0.872,"basaliob":-0.872,"bolussnooze":0,"activity":-0.0109,"lastBolusTime":0,"time":"2023-12-22T05:06:14.669Z"}}],"profile":{"max_iob":7,"type":"current","max_daily_basal":0.8,"max_basal":5,"min_bg":80,"max_bg":90,"target_bg":85,"carb_ratio":14,"sens":57,"max_daily_safety_multiplier":9,"current_basal_safety_multiplier":8,"lgsThreshold":65,"high_temptarget_raises_sensitivity":false,"low_temptarget_lowers_sensitivity":false,"sensitivity_raises_target":false,"resistance_lowers_target":false,"adv_target_adjustments":false,"exercise_mode":false,"half_basal_exercise_target":160,"maxCOB":120,"skip_neutral_temps":false,"remainingCarbsCap":90,"enableUAM":true,"A52_risk_enable":false,"SMBInterval":3,"enableSMB_with_COB":true,"enableSMB_with_temptarget":true,"allowSMB_with_high_temptarget":true,"enableSMB_always":true,"enableSMB_after_carbs":true,"maxSMBBasalMinutes":120,"maxUAMSMBBasalMinutes":90,"bolus_increment":0.05,"carbsReqThreshold":5,"current_basal":0.7,"temptargetSet":false,"autosens_max":1.6,"autosens_min":0.6,"variable_sens":147.6,"insulinDivisor":75,"TDD":19.766845238095243},"autosens_data":{"ratio":0.9470839339172852},"meal_data":{"carbs":0,"mealCOB":0,"slopeFromMaxDeviation":0,"slopeFromMinDeviation":0.07060000000000004,"lastBolusTime":1703198394900,"lastCarbTime":0},"microBolusAllowed":true,"currentTime":1703207476413,"flatBGsDetected":false,"tdd1D":20.662500000000005,"tdd7D":21.47380952380953,"tddLast24H":20.33749999999999,"tddLast4H":1.945833333333334,"tddLast8to4H":4.966666666666667},"output":{"temp":"absolute","bg":64,"tick":-1,"eventualBG":90,"targetBG":85,"insulinReq":0,"deliverAt":"2023-12-22T01:11:16.413Z","sensitivityRatio":0.9470839339172852,"variable_sens":147.6,"predBGs":{"IOB":[64,63,62,62,62,62,63,64,65,66,68,69,71,73,74,76,77,78,79,80,81,82,83,84,85,85,86,86,87,87,88,88,88,88,89,89,89,89,90],"ZT":[64,66,68,70,72,75,78,81,84]},"reason":"COB: 0, Dev: -21, BGI: 2, ISF: 148, CR: 14, Target: 85, minPredBG 79, minGuardBG 62, IOBpredBG 90; minGuardBG 62<65","COB":0,"IOB":-0.318,"duration":30,"rate":0,"timestamp":"2023-12-22T01:11:16.423Z"}}