{"algorithm":"OpenAPSSMBDynamicISFPlugin","input":{"glucoseStatus":{"glucose":67,"noise":0,"delta":3,"short_avgdelta":1.72,"long_avgdelta":-0.5,"date":1703208038000},"currenttemp":{"temp":"absolute","duration":10,"rate":0,"minutesrunning":20},"iob_data":[{"iob":-0.406,"basaliob":-0.447,"bolussnooze":0,"activity":-0.0031,"lastBolusTime":1703198394900,"time":"2023-12-22T01:21:14.069Z","iobWithZeroTemp":{"iob":-0.406,"basaliob":-0.447,"bolussnooze":0,"activity":-0.0031,"lastBolusTime":1703198394900,"time":"2023-12-22T01:21:14.069Z"}},{"iob":-0.39,"basaliob":-0.426,"bolussnooze":0,"activity":-0.0035,"lastBolusTime":1703198394900,"time":"2023-12-22T01:26:14.069Z","iobWithZeroTemp":{"iob":-0.437,"basaliob":-0.473,"bolussnooze":0,"activity":-0.0035,"lastBolusTime":1703198394900,"time":"2023-12-22T01:26:14.069Z"}},{"iob":-0.373,"basaliob":-0.404,"bolussnooze":0,"activity":-0.0037,"lastBolusTime":1703198394900,"time":"2023-12-22T01:31:14.069Z","iobWithZeroTemp":{"iob":-0.477,"basaliob":-0.508,"bolussnooze":0,"activity":-0.0039,"lastBolusTime":1703198394900,"time":"2023-12-22T01:31:14.069Z"}},{"iob":-0.354,"basaliob":-0.381,"bolussnooze":0,"activity":-0.0038,"lastBolusTime":1703198394900,"time":"2023-12-22T01:36:14.069Z","iobWithZeroTemp":{"iob":-0.515,"basaliob":-0.542,"bolussnooze":0,"activity":-0.0043,"lastBolusTime":1703198394900,"time":"2023-12-22T01:36:14.069Z"}},{"iob":-0.334,"basaliob":-0.358,"bolussnooze":0,"activity":-0.0038,"lastBolusTime":1703198394900,"time":"2023-12-22T01:41:14.069Z","iobWithZeroTemp":{"iob":-0.55,"basaliob":-0.574,"bolussnooze":0,"activity":-0.0046,"lastBolusTime":1703198394900,"time":"2023-12-22T01:41:14.069Z"}},{"iob":-0.315,"basaliob":-0.336,"bolussnooze":0,"activity":-0.0039,"lastBolusTime":1703198394900,"time":"2023-12-22T01:46:14.069Z","iobWithZeroTemp":{"iob":-0.584,"basaliob":-0.605,"bolussnooze":0,"activity":-0.0051,"lastBolusTime":1703198394900,"time":"2023-12-22T01:46:14.069Z"}},{"iob":-0.296,"basaliob":-0.314,"bolussnooze":0,"activity":-0.0039,"lastBolusTime":1703198394900,"time":"2023-12-22T01:51:14.069Z","iobWithZeroTemp":{"iob":-0.616,"basaliob":-0.634,"bolussnooze":0,"activity":-0.0056,"lastBolusTime":1703198394900,"time":"2023-12-22T01:51:14.069Z"}},{"iob":-0.277,"basaliob":-0.292,"bolussnooze":0,"activity":-0.0037,"lastBolusTime":1703198394900,"time":"2023-12-22T01:56:14.069Z","iobWithZeroTemp":{"iob":-0.646,"basaliob":-0.661,"bolussnooze":0,"activity":-0.0059,"lastBolusTime":1703198394900,"time":"2023-12-22T01:56:14.069Z"}},{"iob":-0.258,"basaliob":-0.271,"bolussnooze":0,"activity":-0.0037,"lastBolusTime":1703198394900,"time":"2023-12-22T02:01:14.069Z","iobWithZeroTemp":{"iob":-0.674,"basaliob":-0.687,"bolussnooze":0,"activity":-0.0064,"lastBolusTime":1703198394900,"time":"2023-12-22T02:01:14.069Z"}},{"iob":-0.24,"basaliob":-0.252,"bolussnooze":0,"activity":-0.0036,"lastBolusTime":1703198394900,"time":"2023-12-22T02:06:14.069Z","iobWithZeroTemp":{"iob":-0.699,"basaliob":-0.711,"bolussnooze":0,"activity":-0.0068,"lastBolusTime":1703198394900,"time":"2023-12-22T02:06:14.069Z"}},{"iob":-0.223,"basaliob":-0.233,"bolussnooze":0,"activity":-0.0034,"lastBolusTime":1703198394900,"time":"2023-12-22T02:11:14.069Z","iobWithZeroTemp":{"iob":-0.724,"basaliob":-0.734,"bolussnooze":0,"activity":-0.0071,"lastBolusTime":1703198394900,"time":"2023-12-22T02:11:14.069Z"}},{"iob":-0.205,"basaliob":-0.214,"bolussnooze":0,"activity":-0.0032,"lastBolusTime":1703198394900,"time":"2023-12-22T02:16:14.069Z","iobWithZeroTemp":{"iob":-0.745,"basaliob":-0.754,"bolussnooze":0,"activity":-0.0074,"lastBolusTime":1703198394900,"time":"2023-12-22T02:16:14.069Z"}},{"iob":-0.19,"basaliob":-0.197,"bolussnooze":0,"activity":-0.0031,"lastBolusTime":1703198394900,"time":"2023-12-22T02:21:14.069Z","iobWithZeroTemp":{"iob":-0.766,"basaliob":-0.773,"bolussnooze":0,"activity":-0.0077,"lastBolusTime":1703198394900,"time":"2023-12-22T02:21:14.069Z"}},{"iob":-0.175,"basaliob":-0.181,"bolussnooze":0,"activity":-0.0029,"lastBolusTime":1703198394900,"time":"2023-12-22T02:26:14.069Z","iobWithZeroTemp":{"iob":-0.785,"basaliob":-0.791,"bolussnooze":0,"activity":-0.008,"lastBolusTime":1703198394900,"time":"2023-12-22T02:26:14.069Z"}},{"iob":-0.161,"basaliob":-0.166,"bolussnooze":0,"activity":-0.0027,"lastBolusTime":1703198394900,"time":"2023-12-22T02:31:14.069Z","iobWithZeroTemp":{"iob":-0.802,"basaliob":-0.807,"bolussnooze":0,"activity":-0.0083,"lastBolusTime":1703198394900,"time":"2023-12-22T02:31:14.069Z"}},{"iob":-0.146,"basaliob":-0.151,"bolussnooze":0,"activity":-0.0025,"lastBolusTime":1703198394900,"time":"2023-12-22T02:36:14.069Z","iobWithZeroTemp":{"iob":-0.817,"basaliob":-0.822,"bolussnooze":0,"activity":-0.0085,"lastBolusTime":1703198394900,"time":"2023-12-22T02:36:14.069Z"}},{"iob":-0.134,"basaliob":-0.138,"bolussnooze":0,"activity":-0.0024,"lastBolusTime":1703198394900,"time":"2023-12-22T02:41:14.069Z","iobWithZeroTemp":{"iob":-0.832,"basaliob":-0.836,"bolussnooze":0,"activity":-0.0088,"lastBolusTime":1703198394900,"time":"2023-12-22T02:41:14.069Z"}},{"iob":-0.123,"basaliob":-0.126,"bolussnooze":0,"activity":-0.0022,"lastBolusTime":1703198394900,"time":"2023-12-22T02:46:14.069Z","iobWithZeroTemp":{"iob":-0.846,"basaliob":-0.849,"bolussnooze":0,"activity":-0.009,"lastBolusTime":1703198394900,"time":"2023-12-22T02:46:14.069Z"}},{"iob":-0.112,"basaliob":-0.115,"bolussnooze":0,"activity":-0.0021,"lastBolusTime":1703198394900,"time":"2023-12-22T02:51:14.069Z","iobWithZeroTemp":{"iob":-0.858,"basaliob":-0.861,"bolussnooze":0,"activity":-0.0093,"lastBolusTime":1703198394900,"time":"2023-12-22T02:51:14.069Z"}},{"iob":-0.102,"basaliob":-0.104,"bolussnooze":0,"activity":-0.0019,"lastBolusTime":1703198394900,"time":"2023-12-22T02:56:14.069Z","iobWithZeroTemp":{"iob":-0.87,"basaliob":-0.872,"bolussnooze":0,"activity":-0.0095,"lastBolusTime":1703198394900,"time":"2023-12-22T02:56:14.069Z"}},{"iob":-0.093,"basaliob":-0.095,"bolussnooze":0,"activity":-0.0018,"lastBolusTime":1703198394900,"time":"2023-12-22T03:01:14.069Z","iobWithZeroTemp":{"iob":-0.88,"basaliob":-0.882,"bolussnooze":0,"activity":-0.0097,"lastBolusTime":1703198394900,"time":"2023-12-22T03:01:14.069Z"}},{"iob":-0.085,"basaliob":-0.086,"bolussnooze":0,"activity":-0.0016,"lastBolusTime":1703198394900,"time":"2023-12-22T03:06:14.069Z","iobWithZeroTemp":{"iob":-0.89,"basaliob":-0.891,"bolussnooze":0,"activity":-0.0098,"lastBolusTime":1703198394900,"time":"2023-12-22T03:06:14.069Z"}},{"iob":-0.076,"basaliob":-0.077,"bolussnooze":0,"activity":-0.0015,"lastBolusTime":1703198394900,"time":"2023-12-22T03:11:14.069Z","iobWithZeroTemp":{"iob":-0.897,"basaliob":-0.898,"bolussnooze":0,"activity":-0.01,"lastBolusTime":1703198394900,"time":"2023-12-22T03:11:14.069Z"}},{"iob":-0.069,"basaliob":-0.07,"bolussnooze":0,"activity":-0.0015,"lastBolusTime":1703198394900,"time":"2023-12-22T03:16:14.069Z","iobWithZeroTemp":{"iob":-0.905,"basaliob":-0.906,"bolussnooze":0,"activity":-0.0103,"lastBolusTime":1703198394900,"time":"2023-12-22T03:16:14.069Z"}},{"iob":-0.062,"basaliob":-0.063,"bolussnooze":0,"activity":-0.0013,"lastBolusTime":1703198394900,"time":"2023-12-22T03:21:14.069Z","iobWithZeroTemp":{"iob":-0.912,"basaliob":-0.913,"bolussnooze":0,"activity":-0.0104,"lastBolusTime":1703198394900,"time":"2023-12-22T03:21:14.069Z"}},{"iob":-0.057,"basaliob":-0.057,"bolussnooze":0,"activity":-0.0012,"lastBolusTime":1703198394900,"time":"2023-12-22T03:26:14.069Z","iobWithZeroTemp":{"iob":-0.919,"basaliob":-0.919,"bolussnooze":0,"activity":-0.0105,"lastBolusTime":1703198394900,"time":"2023-12-22T03:26:14.069Z"}},{"iob":-0.051,"basaliob":-0.051,"bolussnooze":0,"activity":-0.0011,"lastBolusTime":1703198394900,"time":"2023-12-22T03:31:14.069Z","iobWithZeroTemp":{"iob":-0.925,"basaliob":-0.925,"bolussnooze":0,"activity":-0.0106,"lastBolusTime":1703198394900,"time":"2023-12-22T03:31:14.069Z"}},{"iob":-0.045,"basaliob":-0.045,"bolussnooze":0,"activity":-0.001,"lastBolusTime":1703198394900,"time":"2023-12-22T03:36:14.069Z","iobWithZeroTemp":{"iob":-0.929,"basaliob":-0.929,"bolussnooze":0,"activity":-0.0107,"lastBolusTime":1703198394900,"time":"2023-12-22T03:36:14.069Z"}},{"iob":-0.041,"basaliob":-0.041,"bolussnooze":0,"activity":-9.0E-4,"lastBolusTime":1703198394900,"time":"2023-12-22T03:41:14.069Z","iobWithZeroTemp":{"iob":-0.934,"basaliob":-0.934,"bolussnooze":0,"activity":-0.0108,"lastBolusTime":1703198394900,"time":"2023-12-22T03:41:14.069Z"}},{"iob":-0.036,"basaliob":-0.036,"bolussnooze":0,"activity":-8.0E-4,"lastBolusTime":1703198394900,"time":"2023-12-22T03:46:14.069Z","iobWithZeroTemp":{"iob":-0.938,"basaliob":-0.938,"bolussnooze":0,"activity":-0.0109,"lastBolusTime":1703198394900,"time":"2023-12-22T03:46:14.069Z"}},{"iob":-0.032,"basaliob":-0.032,"bolussnooze":0,"activity":-8.0E-4,"lastBolusTime":1703198394900,"time":"2023-12-22T03:51:14.069Z","iobWithZeroTemp":{"iob":-0.941,"basaliob":-0.941,"bolussnooze":0,"activity":-0.011,"lastBolusTime":1703198394900,"time":"2023-12-22T03:51:14.069Z"}},{"iob":-0.029,"basaliob":-0.029,"bolussnooze":0,"activity":-7.0E-4,"lastBolusTime":1703198394900,"time":"2023-12-22T03:56:14.069Z","iobWithZeroTemp":{"iob":-0.945,"basaliob":-0.945,"bolussnooze":0,"activity":-0.0111,"lastBolusTime":1703198394900,"time":"2023-12-22T03:56:14.069Z"}},{"iob":-0.025,"basaliob":-0.025,"bolussnooze":0,"activity":-6.0E-4,"lastBolusTime":1703198394900,"time":"2023-12-22T04:01:14.069Z","iobWithZeroTemp":{"iob":-0.947,"basaliob":-0.947,"bolussnooze":0,"activity":-0.0111,"lastBolusTime":1703198394900,"time":"2023-12-22T04:01:14.069Z"}},{"iob":-0.022,"basaliob":-0.022,"bolussnooze":0,"activity":-6.0E-4,"lastBolusTime":1703198394900,"time":"2023-12-22T04:06:14.069Z","iobWithZeroTemp":{"iob":-0.941,"basaliob":-0.941,"bolussnooze":0,"activity":-0.0112,"lastBolusTime":1703198394900,"time":"2023-12-22T04:06:14.069Z"}},{"iob":-0.02,"basaliob":-0.02,"bolussnooze":0,"activity":-5.0E-4,"lastBolusTime":0,"time":"2023-12-22T04:11:14.069Z","iobWithZeroTemp":{"iob":-0.936,"basaliob":-0.936,"bolussnooze":0,"activity":-0.0112,"lastBolusTime":0,"time":"2023-12-22T04:11:14.069Z"}},{"iob":-0.017,"basaliob":-0.017,"bolussnooze":0,"activity":-4.0E-4,"lastBolusTime":0,"time":"2023-12-22T04:16:14.069Z","iobWithZeroTemp":{"iob":-0.929,"basaliob":-0.929,"bolussnooze":0,"activity":-0.0112,"lastBolusTime":0,"time":"2023-12-22T04:16:14.069Z"}},{"iob":-0.015,"basaliob":-0.015,"bolussnooze":0,"activity":-4.0E-4,"lastBolusTime":0,"time":"2023-12-22T04:21:14.069Z","iobWithZeroTemp":{"iob":-0.923,"basaliob":-0.923,"bolussnooze":0,"activity":-0.0112,"lastBolusTime":0,"time":"2023-12-22T04:21:14.069Z"}},{"iob":-0.013,"basaliob":-0.013,"bolussnooze":0,"activity":-4.0E-4,"lastBolusTime":0,"time":"2023-12-22T04:26:14.069Z","iobWithZeroTemp":{"iob":-0.917,"basaliob":-0.917,"bolussnooze":0,"activity":-0.0112,"lastBolusTime":0,"time":"2023-12-22T04:26:14.069Z"}},{"iob":-0.012,"basaliob":-0.012,"bolussnooze":0,"activity":-3.0E-4,"lastBolusTime":0,"time":"2023-12-22T04:31:14.069Z","iobWithZeroTemp":{"iob":-0.912,"basaliob":-0.912,"bolussnooze":0,"activity":-0.0112,"lastBolusTime":0,"time":"2023-12-22T04:31:14.069Z"}},{"iob":-0.01,"basaliob":-0.01,"bolussnooze":0,"activity":-3.0E-4,"lastBolusTime":0,"time":"2023-12-22T04:36:14.069Z","iobWithZeroTemp":{"iob":-0.906,"basaliob":-0.906,"bolussnooze":0,"activity":-0.0112,"lastBolusTime":0,"time":"2023-12-22T04:36:14.069Z"}},{"iob":-0.009,"basaliob":-0.009,"bolussnooze":0,"activity":-3.0E-4,"lastBolusTime":0,"time":"2023-12-22T04:41:14.069Z","iobWithZeroTemp":{"iob":-0.9,"basaliob":-0.9,"bolussnooze":0,"activity":-0.0111,"lastBolusTime":0,"time":"2023-12-22T04:41:14.069Z"}},{"iob":-0.008,"basaliob":-0.008,"bolussnooze":0,"activity":-2.0E-4,"lastBolusTime":0,"time":"2023-12-22T04:46:14.069Z","iobWithZeroTemp":{"iob":-0.895,"basaliob":-0.895,"bolussnooze":0,"activity":-0.011,"lastBolusTime":0,"time":"2023-12-22T04:46:14.069Z"}},{"iob":-0.007,"basaliob":-0.007,"bolussnooze":0,"activity":-2.0E-4,"lastBolusTime":0,"time":"2023-12-22T04:51:14.069Z","iobWithZeroTemp":{"iob":-0.89,"basaliob":-0.89,"bolussnooze":0,"activity":-0.011,"lastBolusTime":0,"time":"2023-12-22T04:51:14.069Z"}},{"iob":-0.006,"basaliob":-0.006,"bolussnooze":0,"activity":-2.0E-4,"lastBolusTime":0,"time":"2023-12-22T04:56:14.069Z","iobWithZeroTemp":{"iob":-0.885,"basaliob":-0.885,"bolussnooze":0,"activity":-0.011,"lastBolusTime":0,"time":"2023-12-22T04:56:14.069Z"}},{"iob":-0.005,"basaliob":-0.005,"bolussnooze":0,"activity":-2.0E-4,"lastBolusTime":0,"time":"2023-12-22T05:01:14.069Z","iobWithZeroTemp":{"iob":-0.881,"basaliob":-0.881,"bolussnooze":0,"activity":-0.0109,"lastBolusTime":0,"time":"2023-12-22T05:01:14.069Z"}},{"iob":-0.004,"basaliob":-0.004,"bolussnooze":0,"activity":-1.0E-4,"lastBolusTime":0,"time":"2023-12-22T05:06:14.069Z","iobWithZeroTemp":{"iob":-0.872,"basaliob":-0.872,"bolussnooze":0,"activity":-0.0108,"lastBolusTime":0,"time":"2023-12-22T05:06:14.069Z"}},{"iob":-0.003,"basaliob":-0.003,"bolussnooze":0,"activity":-1.0E-4,"lastBolusTime":0,"time":"2023-12-22T05:11:14.069Z","iobWithZeroTemp":{"iob":-0.863,"basaliob":-0.863,"bolussnooze":0,"activity":-0.0108,"lastBolusTime":0,"time":"2023-12-22T05:11:14.069Z"}},{"iob":-0.003,"basaliob":-0.003,"bolussnooze":0,"activity":-1.0E-4,"lastBolusTime":0,"time":"2023-12-22T05:16:14.069Z","iobWithZeroTemp":{"iob":-0.856,"basaliob":-0.856,"bolussnooze":0,"activity":-0.0107,"lastBolusTime":0,"time":"2023-12-22T05:16:14.069Z"}}],"profile":{"max_iob":7,"type":"current","max_daily_basal":0.8,"max_basal":5,"min_bg":80,"max_bg":90,"target_bg":85,"carb_ratio":14,"sens":57,"max_daily_safety_multiplier":9,"current_basal_safety_multiplier":8,"lgsThreshold":65,"high_temptarget_raises_sensitivity":false,"low_temptarget_lowers_sensitivity":false,"sensitivity_raises_target":false,"resistance_lowers_target":false,"adv_target_adjustments":false,"exercise_mode":false,"half_basal_exercise_target":160,"maxCOB":120,"skip_neutral_temps":false,"remainingCarbsCap":90,"enableUAM":true,"A52_risk_enable":false,"SMBInterval":3,"enableSMB_with_COB":true,"enableSMB_with_temptarget":true,"allowSMB_with_high_temptarget":true,"enableSMB_always":true,"enableSMB_after_carbs":true,"maxSMBBasalMinutes":120,"maxUAMSMBBasalMinutes":90,"bolus_increment":0.05,"carbsReqThreshold":5,"current_basal":0.7,"temptargetSet":false,"autosens_max":1.6,"autosens_min":0.6,"variable_sens":143.3,"insulinDivisor":75,"TDD":19.67774523809524},"autosens_data":{"ratio":0.9206951990242817},"meal_data":{"carbs":0,"mealCOB":0,"slopeFromMaxDeviation":0,"slopeFromMinDeviation":0.35942857142857143,"lastBolusTime":1703198394900,"lastCarbTime":0},"microBolusAllowed":true,"currentTime":1703208075578,"flatBGsDetected":false,"tdd1D":20.662500000000005,"tdd7D":21.47380952380953,"tddLast24H":19.77083333333333,"tddLast4H":1.945833333333334,"tddLast8to4H":4.816666666666666},"output":{"temp":"absolute","bg":67,"tick":"+3","eventualBG":109,"targetBG":85,"insulinReq":0.11,"deliverAt":"2023-12-22T01:21:15.578Z","sensitivityRatio":0.9206951990242817,"variable_sens":143.3,"predBGs":{"IOB":[67,69,71,73,75,77,80,82,84,86,88,90,92,94,95,97,98,100,101,102,103,104,105,106,106,107,108,108,109,109,110,110,110,111,111,111,111,112,112,112,112,112,112,112,113],"ZT":[67,69,72,74,77,80,83]},"reason":"COB: 0, Dev: -16, BGI: 2, ISF: 143, CR: 14, Target: 85, minPredBG 101, minGuardBG 69, IOBpredBG 113; Eventual BG 109 >= 90,  insulinReq 0.11. Microbolusing 0.05U. temp 0.00 < 0.86U\/hr. ","COB":0,"IOB":-0.406,"units":0.05,"duration":30,"rate":0.8644866393169971,"timestamp":"2023-12-22T01:21:15.585Z"}}