{"algorithm":"OpenAPSSMBDynamicISFPlugin","input":{"glucoseStatus":{"glucose":104,"noise":0,"delta":0,"short_avgdelta":-0.22,"long_avgdelta":-0.51,"date":1703184937000},"currenttemp":{"temp":"absolute","duration":40,"rate":0,"minutesrunning":20},"iob_data":[{"iob":0.311,"basaliob":-0.207,"bolussnooze":0.1714,"activity":0.0047,"lastBolusTime":1703183489807,"time":"2023-12-21T18:56:04.528Z","iobWithZeroTemp":{"iob":0.311,"basaliob":-0.207,"bolussnooze":0.1714,"activity":0.0047,"lastBolusTime":1703183489807,"time":"2023-12-21T18:56:04.528Z"}},{"iob":0.288,"basaliob":-0.203,"bolussnooze":0.1503,"activity":0.0044,"lastBolusTime":1703183489807,"time":"2023-12-21T19:01:04.528Z","iobWithZeroTemp":{"iob":0.235,"basaliob":-0.256,"bolussnooze":0.1503,"activity":0.0043,"lastBolusTime":1703183489807,"time":"2023-12-21T19:01:04.528Z"}},{"iob":0.266,"basaliob":-0.198,"bolussnooze":0.1302,"activity":0.0042,"lastBolusTime":1703183489807,"time":"2023-12-21T19:06:04.528Z","iobWithZeroTemp":{"iob":0.147,"basaliob":-0.317,"bolussnooze":0.1302,"activity":0.004,"lastBolusTime":1703183489807,"time":"2023-12-21T19:06:04.528Z"}},{"iob":0.245,"basaliob":-0.191,"bolussnooze":0.1117,"activity":0.004,"lastBolusTime":1703183489807,"time":"2023-12-21T19:11:04.528Z","iobWithZeroTemp":{"iob":0.061,"basaliob":-0.375,"bolussnooze":0.1117,"activity":0.0034,"lastBolusTime":1703183489807,"time":"2023-12-21T19:11:04.528Z"}},{"iob":0.226,"basaliob":-0.183,"bolussnooze":0.095,"activity":0.0038,"lastBolusTime":1703183489807,"time":"2023-12-21T19:16:04.528Z","iobWithZeroTemp":{"iob":-0.021,"basaliob":-0.43,"bolussnooze":0.095,"activity":0.0028,"lastBolusTime":1703183489807,"time":"2023-12-21T19:16:04.528Z"}},{"iob":0.207,"basaliob":-0.175,"bolussnooze":0.0801,"activity":0.0036,"lastBolusTime":1703183489807,"time":"2023-12-21T19:21:04.528Z","iobWithZeroTemp":{"iob":-0.101,"basaliob":-0.483,"bolussnooze":0.0801,"activity":0.0022,"lastBolusTime":1703183489807,"time":"2023-12-21T19:21:04.528Z"}},{"iob":0.19,"basaliob":-0.166,"bolussnooze":0.067,"activity":0.0033,"lastBolusTime":1703183489807,"time":"2023-12-21T19:26:04.528Z","iobWithZeroTemp":{"iob":-0.176,"basaliob":-0.532,"bolussnooze":0.067,"activity":0.0014,"lastBolusTime":1703183489807,"time":"2023-12-21T19:26:04.528Z"}},{"iob":0.174,"basaliob":-0.157,"bolussnooze":0.0556,"activity":0.0031,"lastBolusTime":1703183489807,"time":"2023-12-21T19:31:04.528Z","iobWithZeroTemp":{"iob":-0.248,"basaliob":-0.579,"bolussnooze":0.0556,"activity":6.0E-4,"lastBolusTime":1703183489807,"time":"2023-12-21T19:31:04.528Z"}},{"iob":0.159,"basaliob":-0.148,"bolussnooze":0.0458,"activity":0.0029,"lastBolusTime":1703183489807,"time":"2023-12-21T19:36:04.528Z","iobWithZeroTemp":{"iob":-0.316,"basaliob":-0.623,"bolussnooze":0.0458,"activity":-1.0E-4,"lastBolusTime":1703183489807,"time":"2023-12-21T19:36:04.528Z"}},{"iob":0.145,"basaliob":-0.139,"bolussnooze":0.0375,"activity":0.0027,"lastBolusTime":1703183489807,"time":"2023-12-21T19:41:04.528Z","iobWithZeroTemp":{"iob":-0.38,"basaliob":-0.664,"bolussnooze":0.0375,"activity":-9.0E-4,"lastBolusTime":1703183489807,"time":"2023-12-21T19:41:04.528Z"}},{"iob":0.132,"basaliob":-0.13,"bolussnooze":0.0304,"activity":0.0025,"lastBolusTime":1703183489807,"time":"2023-12-21T19:46:04.528Z","iobWithZeroTemp":{"iob":-0.44,"basaliob":-0.702,"bolussnooze":0.0304,"activity":-0.0017,"lastBolusTime":1703183489807,"time":"2023-12-21T19:46:04.528Z"}},{"iob":0.121,"basaliob":-0.121,"bolussnooze":0.0245,"activity":0.0023,"lastBolusTime":1703183489807,"time":"2023-12-21T19:51:04.528Z","iobWithZeroTemp":{"iob":-0.496,"basaliob":-0.738,"bolussnooze":0.0245,"activity":-0.0024,"lastBolusTime":1703183489807,"time":"2023-12-21T19:51:04.528Z"}},{"iob":0.109,"basaliob":-0.113,"bolussnooze":0.0196,"activity":0.0021,"lastBolusTime":1703183489807,"time":"2023-12-21T19:56:04.528Z","iobWithZeroTemp":{"iob":-0.549,"basaliob":-0.771,"bolussnooze":0.0196,"activity":-0.0032,"lastBolusTime":1703183489807,"time":"2023-12-21T19:56:04.528Z"}},{"iob":0.099,"basaliob":-0.105,"bolussnooze":0.0155,"activity":0.002,"lastBolusTime":1703183489807,"time":"2023-12-21T20:01:04.528Z","iobWithZeroTemp":{"iob":-0.598,"basaliob":-0.802,"bolussnooze":0.0155,"activity":-0.0039,"lastBolusTime":1703183489807,"time":"2023-12-21T20:01:04.528Z"}},{"iob":0.09,"basaliob":-0.097,"bolussnooze":0.0121,"activity":0.0018,"lastBolusTime":1703183489807,"time":"2023-12-21T20:06:04.528Z","iobWithZeroTemp":{"iob":-0.643,"basaliob":-0.83,"bolussnooze":0.0121,"activity":-0.0046,"lastBolusTime":1703183489807,"time":"2023-12-21T20:06:04.528Z"}},{"iob":0.081,"basaliob":-0.09,"bolussnooze":0.0094,"activity":0.0017,"lastBolusTime":1703183489807,"time":"2023-12-21T20:11:04.528Z","iobWithZeroTemp":{"iob":-0.686,"basaliob":-0.857,"bolussnooze":0.0094,"activity":-0.0052,"lastBolusTime":1703183489807,"time":"2023-12-21T20:11:04.528Z"}},{"iob":0.073,"basaliob":-0.083,"bolussnooze":0.0072,"activity":0.0015,"lastBolusTime":1703183489807,"time":"2023-12-21T20:16:04.528Z","iobWithZeroTemp":{"iob":-0.725,"basaliob":-0.881,"bolussnooze":0.0072,"activity":-0.0059,"lastBolusTime":1703183489807,"time":"2023-12-21T20:16:04.528Z"}},{"iob":0.066,"basaliob":-0.076,"bolussnooze":0.0054,"activity":0.0014,"lastBolusTime":1703183489807,"time":"2023-12-21T20:21:04.528Z","iobWithZeroTemp":{"iob":-0.76,"basaliob":-0.902,"bolussnooze":0.0054,"activity":-0.0064,"lastBolusTime":1703183489807,"time":"2023-12-21T20:21:04.528Z"}},{"iob":0.059,"basaliob":-0.07,"bolussnooze":0.004,"activity":0.0013,"lastBolusTime":1703183489807,"time":"2023-12-21T20:26:04.528Z","iobWithZeroTemp":{"iob":-0.794,"basaliob":-0.923,"bolussnooze":0.004,"activity":-0.007,"lastBolusTime":1703183489807,"time":"2023-12-21T20:26:04.528Z"}},{"iob":0.053,"basaliob":-0.064,"bolussnooze":0.0029,"activity":0.0012,"lastBolusTime":1703183489807,"time":"2023-12-21T20:31:04.528Z","iobWithZeroTemp":{"iob":-0.824,"basaliob":-0.941,"bolussnooze":0.0029,"activity":-0.0075,"lastBolusTime":1703183489807,"time":"2023-12-21T20:31:04.528Z"}},{"iob":0.047,"basaliob":-0.059,"bolussnooze":0.0021,"activity":0.001,"lastBolusTime":1703183489807,"time":"2023-12-21T20:36:04.528Z","iobWithZeroTemp":{"iob":-0.853,"basaliob":-0.959,"bolussnooze":0.0021,"activity":-0.0081,"lastBolusTime":1703183489807,"time":"2023-12-21T20:36:04.528Z"}},{"iob":0.042,"basaliob":-0.054,"bolussnooze":0.0014,"activity":0.001,"lastBolusTime":1703183489807,"time":"2023-12-21T20:41:04.528Z","iobWithZeroTemp":{"iob":-0.878,"basaliob":-0.974,"bolussnooze":0.0014,"activity":-0.0084,"lastBolusTime":1703183489807,"time":"2023-12-21T20:41:04.528Z"}},{"iob":0.037,"basaliob":-0.049,"bolussnooze":0.001,"activity":9.0E-4,"lastBolusTime":1703183489807,"time":"2023-12-21T20:46:04.528Z","iobWithZeroTemp":{"iob":-0.902,"basaliob":-0.988,"bolussnooze":0.001,"activity":-0.0089,"lastBolusTime":1703183489807,"time":"2023-12-21T20:46:04.528Z"}},{"iob":0.034,"basaliob":-0.044,"bolussnooze":6.0E-4,"activity":7.0E-4,"lastBolusTime":1703183489807,"time":"2023-12-21T20:51:04.528Z","iobWithZeroTemp":{"iob":-0.922,"basaliob":-1,"bolussnooze":6.0E-4,"activity":-0.0094,"lastBolusTime":1703183489807,"time":"2023-12-21T20:51:04.528Z"}},{"iob":0.03,"basaliob":-0.04,"bolussnooze":3.0E-4,"activity":7.0E-4,"lastBolusTime":1703183489807,"time":"2023-12-21T20:56:04.528Z","iobWithZeroTemp":{"iob":-0.942,"basaliob":-1.012,"bolussnooze":3.0E-4,"activity":-0.0097,"lastBolusTime":1703183489807,"time":"2023-12-21T20:56:04.528Z"}},{"iob":0.026,"basaliob":-0.037,"bolussnooze":2.0E-4,"activity":7.0E-4,"lastBolusTime":1703183489807,"time":"2023-12-21T21:01:04.528Z","iobWithZeroTemp":{"iob":-0.96,"basaliob":-1.023,"bolussnooze":2.0E-4,"activity":-0.0099,"lastBolusTime":1703183489807,"time":"2023-12-21T21:01:04.528Z"}},{"iob":0.023,"basaliob":-0.033,"bolussnooze":1.0E-4,"activity":6.0E-4,"lastBolusTime":1703183489807,"time":"2023-12-21T21:06:04.528Z","iobWithZeroTemp":{"iob":-0.976,"basaliob":-1.032,"bolussnooze":1.0E-4,"activity":-0.0103,"lastBolusTime":1703183489807,"time":"2023-12-21T21:06:04.528Z"}},{"iob":0.02,"basaliob":-0.03,"bolussnooze":0,"activity":5.0E-4,"lastBolusTime":1703183489807,"time":"2023-12-21T21:11:04.528Z","iobWithZeroTemp":{"iob":-0.99,"basaliob":-1.04,"bolussnooze":0,"activity":-0.0106,"lastBolusTime":1703183489807,"time":"2023-12-21T21:11:04.528Z"}},{"iob":0.017,"basaliob":-0.027,"bolussnooze":0,"activity":4.0E-4,"lastBolusTime":1703183489807,"time":"2023-12-21T21:16:04.528Z","iobWithZeroTemp":{"iob":-1.004,"basaliob":-1.048,"bolussnooze":0,"activity":-0.0109,"lastBolusTime":1703183489807,"time":"2023-12-21T21:16:04.528Z"}},{"iob":0.016,"basaliob":-0.024,"bolussnooze":0,"activity":4.0E-4,"lastBolusTime":1703183489807,"time":"2023-12-21T21:21:04.528Z","iobWithZeroTemp":{"iob":-1.014,"basaliob":-1.054,"bolussnooze":0,"activity":-0.0111,"lastBolusTime":1703183489807,"time":"2023-12-21T21:21:04.528Z"}},{"iob":0.013,"basaliob":-0.022,"bolussnooze":0,"activity":4.0E-4,"lastBolusTime":1703183489807,"time":"2023-12-21T21:26:04.528Z","iobWithZeroTemp":{"iob":-1.026,"basaliob":-1.061,"bolussnooze":0,"activity":-0.0113,"lastBolusTime":1703183489807,"time":"2023-12-21T21:26:04.528Z"}},{"iob":0.012,"basaliob":-0.019,"bolussnooze":0,"activity":4.0E-4,"lastBolusTime":1703183489807,"time":"2023-12-21T21:31:04.528Z","iobWithZeroTemp":{"iob":-1.035,"basaliob":-1.066,"bolussnooze":0,"activity":-0.0115,"lastBolusTime":1703183489807,"time":"2023-12-21T21:31:04.528Z"}},{"iob":0.01,"basaliob":-0.017,"bolussnooze":0,"activity":3.0E-4,"lastBolusTime":1703183489807,"time":"2023-12-21T21:36:04.528Z","iobWithZeroTemp":{"iob":-1.044,"basaliob":-1.071,"bolussnooze":0,"activity":-0.0117,"lastBolusTime":1703183489807,"time":"2023-12-21T21:36:04.528Z"}},{"iob":0.008,"basaliob":-0.016,"bolussnooze":0,"activity":2.0E-4,"lastBolusTime":1703183489807,"time":"2023-12-21T21:41:04.528Z","iobWithZeroTemp":{"iob":-1.052,"basaliob":-1.076,"bolussnooze":0,"activity":-0.012,"lastBolusTime":1703183489807,"time":"2023-12-21T21:41:04.528Z"}},{"iob":0.007,"basaliob":-0.014,"bolussnooze":0,"activity":3.0E-4,"lastBolusTime":1703183489807,"time":"2023-12-21T21:46:04.528Z","iobWithZeroTemp":{"iob":-1.058,"basaliob":-1.079,"bolussnooze":0,"activity":-0.012,"lastBolusTime":1703183489807,"time":"2023-12-21T21:46:04.528Z"}},{"iob":0.006,"basaliob":-0.012,"bolussnooze":0,"activity":2.0E-4,"lastBolusTime":1703183489807,"time":"2023-12-21T21:51:04.528Z","iobWithZeroTemp":{"iob":-1.064,"basaliob":-1.082,"bolussnooze":0,"activity":-0.0122,"lastBolusTime":1703183489807,"time":"2023-12-21T21:51:04.528Z"}},{"iob":0.005,"basaliob":-0.011,"bolussnooze":0,"activity":1.0E-4,"lastBolusTime":1703183489807,"time":"2023-12-21T21:56:04.528Z","iobWithZeroTemp":{"iob":-1.07,"basaliob":-1.086,"bolussnooze":0,"activity":-0.0124,"lastBolusTime":1703183489807,"time":"2023-12-21T21:56:04.528Z"}},{"iob":0.004,"basaliob":-0.01,"bolussnooze":0,"activity":2.0E-4,"lastBolusTime":1703183489807,"time":"2023-12-21T22:01:04.528Z","iobWithZeroTemp":{"iob":-1.075,"basaliob":-1.089,"bolussnooze":0,"activity":-0.0124,"lastBolusTime":1703183489807,"time":"2023-12-21T22:01:04.528Z"}},{"iob":0.003,"basaliob":-0.009,"bolussnooze":0,"activity":2.0E-4,"lastBolusTime":1703183489807,"time":"2023-12-21T22:06:04.528Z","iobWithZeroTemp":{"iob":-1.079,"basaliob":-1.091,"bolussnooze":0,"activity":-0.0125,"lastBolusTime":1703183489807,"time":"2023-12-21T22:06:04.528Z"}},{"iob":0.003,"basaliob":-0.007,"bolussnooze":0,"activity":1.0E-4,"lastBolusTime":1703183489807,"time":"2023-12-21T22:11:04.528Z","iobWithZeroTemp":{"iob":-1.082,"basaliob":-1.092,"bolussnooze":0,"activity":-0.0127,"lastBolusTime":1703183489807,"time":"2023-12-21T22:11:04.528Z"}},{"iob":0.002,"basaliob":-0.007,"bolussnooze":0,"activity":1.0E-4,"lastBolusTime":1703183489807,"time":"2023-12-21T22:16:04.528Z","iobWithZeroTemp":{"iob":-1.086,"basaliob":-1.095,"bolussnooze":0,"activity":-0.0127,"lastBolusTime":1703183489807,"time":"2023-12-21T22:16:04.528Z"}},{"iob":0.002,"basaliob":-0.006,"bolussnooze":0,"activity":0,"lastBolusTime":1703183489807,"time":"2023-12-21T22:21:04.528Z","iobWithZeroTemp":{"iob":-1.088,"basaliob":-1.096,"bolussnooze":0,"activity":-0.0129,"lastBolusTime":1703183489807,"time":"2023-12-21T22:21:04.528Z"}},{"iob":0.001,"basaliob":-0.005,"bolussnooze":0,"activity":1.0E-4,"lastBolusTime":1703183489807,"time":"2023-12-21T22:26:04.528Z","iobWithZeroTemp":{"iob":-1.091,"basaliob":-1.097,"bolussnooze":0,"activity":-0.0129,"lastBolusTime":1703183489807,"time":"2023-12-21T22:26:04.528Z"}},{"iob":0.001,"basaliob":-0.004,"bolussnooze":0,"activity":1.0E-4,"lastBolusTime":1703183489807,"time":"2023-12-21T22:31:04.528Z","iobWithZeroTemp":{"iob":-1.093,"basaliob":-1.098,"bolussnooze":0,"activity":-0.0129,"lastBolusTime":1703183489807,"time":"2023-12-21T22:31:04.528Z"}},{"iob":0.001,"basaliob":-0.004,"bolussnooze":0,"activity":1.0E-4,"lastBolusTime":1703183489807,"time":"2023-12-21T22:36:04.528Z","iobWithZeroTemp":{"iob":-1.095,"basaliob":-1.1,"bolussnooze":0,"activity":-0.0129,"lastBolusTime":1703183489807,"time":"2023-12-21T22:36:04.528Z"}},{"iob":0.001,"basaliob":-0.003,"bolussnooze":0,"activity":0,"lastBolusTime":1703183489807,"time":"2023-12-21T22:41:04.528Z","iobWithZeroTemp":{"iob":-1.096,"basaliob":-1.1,"bolussnooze":0,"activity":-0.0131,"lastBolusTime":1703183489807,"time":"2023-12-21T22:41:04.528Z"}},{"iob":0,"basaliob":-0.003,"bolussnooze":0,"activity":0,"lastBolusTime":1703183489807,"time":"2023-12-21T22:46:04.528Z","iobWithZeroTemp":{"iob":-1.098,"basaliob":-1.101,"bolussnooze":0,"activity":-0.0131,"lastBolusTime":1703183489807,"time":"2023-12-21T22:46:04.528Z"}},{"iob":0,"basaliob":-0.002,"bolussnooze":0,"activity":0,"lastBolusTime":1703183489807,"time":"2023-12-21T22:51:04.528Z","iobWithZeroTemp":{"iob":-1.099,"basaliob":-1.101,"bolussnooze":0,"activity":-0.0132,"lastBolusTime":1703183489807,"time":"2023-12-21T22:51:04.528Z"}}],"profile":{"max_iob":7,"type":"current","max_daily_basal":0.8,"max_basal":5,"min_bg":80,"max_bg":90,"target_bg":85,"carb_ratio":14,"sens":57,"max_daily_safety_multiplier":9,"current_basal_safety_multiplier":8,"lgsThreshold":65,"high_temptarget_raises_sensitivity":false,"low_temptarget_lowers_sensitivity":false,"sensitivity_raises_target":false,"resistance_lowers_target":false,"adv_target_adjustments":false,"exercise_mode":false,"half_basal_exercise_target":160,"maxCOB":120,"skip_neutral_temps":false,"remainingCarbsCap":90,"enableUAM":true,"A52_risk_enable":false,"SMBInterval":3,"enableSMB_with_COB":true,"enableSMB_with_temptarget":true,"allowSMB_with_high_temptarget":true,"enableSMB_always":true,"enableSMB_after_carbs":true,"maxSMBBasalMinutes":120,"maxUAMSMBBasalMinutes":90,"bolus_increment":0.05,"carbsReqThreshold":5,"current_basal":0.8,"temptargetSet":false,"autosens_max":1.6,"autosens_min":0.6,"variable_sens":102,"insulinDivisor":75,"TDD":20.27917023809524},"autosens_data":{"ratio":1.0320711830579885},"meal_data":{"carbs":0,"mealCOB":0,"slopeFromMaxDeviation":-0.5288333333333334,"slopeFromMinDeviation":0.49999999999999994,"lastBolusTime":1703183489807,"lastCarbTime":0},"microBolusAllowed":true,"currentTime":1703184966331,"flatBGsDetected":false,"tdd1D":20.662500000000005,"tdd7D":21.47380952380953,"tddLast24H":22.1625,"tddLast4H":3.4333333333333327,"tddLast8to4H":2.358333333333334},"output":{"temp":"absolute","bg":104,"tick":"+0","eventualBG":85,"targetBG":85,"insulinReq":-0.02,"deliverAt":"2023-12-21T18:56:06.331Z","sensitivityRatio":1.0320711830579885,"variable_sens":102,"predBGs":{"IOB":[104,104,103,103,102,101,101,100,99,98,97,96,95,93,92,91,90,89,89,88,87,87,86,86,85,85,84,84,84,83,83,83,83,83,82],"ZT":[104,102,99,97,95,94,93,92,92,92,92],"UAM":[104,103,102,101,99,97,95,93,91,90,88,87,85,84,83,82,81,80,79,78,77,77,76,76,75,75,74,74,74,73,73,73,72,72,72,72,72,72,72,71]},"reason":"COB: 0, Dev: 13, BGI: -2, ISF: 102, CR: 14, Target: 85, minPredBG 82, minGuardBG 71, IOBpredBG 82, UAMpredBG 71;  insulinReq -0.02; setting 30m low temp of 0.17U\/h. ","COB":0,"IOB":0.311,"rate":0.17,"duration":30,"timestamp":"2023-12-21T18:56:06.347Z"}}