{"algorithm":"OpenAPSSMBDynamicISFPlugin","input":{"glucoseStatus":{"glucose":94,"noise":0,"delta":-3,"short_avgdelta":-2.89,"long_avgdelta":-1.7,"date":1703199338000},"currenttemp":{"temp":"absolute","duration":15,"rate":0,"minutesrunning":15},"iob_data":[{"iob":0.165,"basaliob":-0.55,"bolussnooze":0.3179,"activity":0.0039,"lastBolusTime":1703198394900,"time":"2023-12-21T22:56:03.380Z","iobWithZeroTemp":{"iob":0.165,"basaliob":-0.55,"bolussnooze":0.3179,"activity":0.0039,"lastBolusTime":1703198394900,"time":"2023-12-21T22:56:03.380Z"}},{"iob":0.147,"basaliob":-0.522,"bolussnooze":0.279,"activity":0.0035,"lastBolusTime":1703198394900,"time":"2023-12-21T23:01:03.380Z","iobWithZeroTemp":{"iob":0.094,"basaliob":-0.575,"bolussnooze":0.279,"activity":0.0034,"lastBolusTime":1703198394900,"time":"2023-12-21T23:01:03.380Z"}},{"iob":0.13,"basaliob":-0.493,"bolussnooze":0.242,"activity":0.0032,"lastBolusTime":1703198394900,"time":"2023-12-21T23:06:03.380Z","iobWithZeroTemp":{"iob":0.018,"basaliob":-0.605,"bolussnooze":0.242,"activity":0.003,"lastBolusTime":1703198394900,"time":"2023-12-21T23:06:03.380Z"}},{"iob":0.115,"basaliob":-0.464,"bolussnooze":0.2078,"activity":0.0028,"lastBolusTime":1703198394900,"time":"2023-12-21T23:11:03.380Z","iobWithZeroTemp":{"iob":-0.054,"basaliob":-0.633,"bolussnooze":0.2078,"activity":0.0023,"lastBolusTime":1703198394900,"time":"2023-12-21T23:11:03.380Z"}},{"iob":0.101,"basaliob":-0.436,"bolussnooze":0.1768,"activity":0.0026,"lastBolusTime":1703198394900,"time":"2023-12-21T23:16:03.380Z","iobWithZeroTemp":{"iob":-0.123,"basaliob":-0.66,"bolussnooze":0.1768,"activity":0.0017,"lastBolusTime":1703198394900,"time":"2023-12-21T23:16:03.380Z"}},{"iob":0.089,"basaliob":-0.407,"bolussnooze":0.1492,"activity":0.0023,"lastBolusTime":1703198394900,"time":"2023-12-21T23:21:03.380Z","iobWithZeroTemp":{"iob":-0.188,"basaliob":-0.684,"bolussnooze":0.1492,"activity":0.001,"lastBolusTime":1703198394900,"time":"2023-12-21T23:21:03.380Z"}},{"iob":0.078,"basaliob":-0.38,"bolussnooze":0.1249,"activity":0.0021,"lastBolusTime":1703198394900,"time":"2023-12-21T23:26:03.380Z","iobWithZeroTemp":{"iob":-0.249,"basaliob":-0.707,"bolussnooze":0.1249,"activity":4.0E-4,"lastBolusTime":1703198394900,"time":"2023-12-21T23:26:03.380Z"}},{"iob":0.068,"basaliob":-0.353,"bolussnooze":0.1038,"activity":0.0019,"lastBolusTime":1703198394900,"time":"2023-12-21T23:31:03.380Z","iobWithZeroTemp":{"iob":-0.308,"basaliob":-0.729,"bolussnooze":0.1038,"activity":-3.0E-4,"lastBolusTime":1703198394900,"time":"2023-12-21T23:31:03.380Z"}},{"iob":0.059,"basaliob":-0.328,"bolussnooze":0.0857,"activity":0.0017,"lastBolusTime":1703198394900,"time":"2023-12-21T23:36:03.380Z","iobWithZeroTemp":{"iob":-0.363,"basaliob":-0.75,"bolussnooze":0.0857,"activity":-0.001,"lastBolusTime":1703198394900,"time":"2023-12-21T23:36:03.380Z"}},{"iob":0.052,"basaliob":-0.303,"bolussnooze":0.0703,"activity":0.0015,"lastBolusTime":1703198394900,"time":"2023-12-21T23:41:03.380Z","iobWithZeroTemp":{"iob":-0.414,"basaliob":-0.769,"bolussnooze":0.0703,"activity":-0.0017,"lastBolusTime":1703198394900,"time":"2023-12-21T23:41:03.380Z"}},{"iob":0.044,"basaliob":-0.28,"bolussnooze":0.0573,"activity":0.0014,"lastBolusTime":1703198394900,"time":"2023-12-21T23:46:03.380Z","iobWithZeroTemp":{"iob":-0.463,"basaliob":-0.787,"bolussnooze":0.0573,"activity":-0.0023,"lastBolusTime":1703198394900,"time":"2023-12-21T23:46:03.380Z"}},{"iob":0.038,"basaliob":-0.258,"bolussnooze":0.0463,"activity":0.0012,"lastBolusTime":1703198394900,"time":"2023-12-21T23:51:03.380Z","iobWithZeroTemp":{"iob":-0.507,"basaliob":-0.803,"bolussnooze":0.0463,"activity":-0.003,"lastBolusTime":1703198394900,"time":"2023-12-21T23:51:03.380Z"}},{"iob":0.033,"basaliob":-0.237,"bolussnooze":0.0371,"activity":0.0011,"lastBolusTime":1703198394900,"time":"2023-12-21T23:56:03.380Z","iobWithZeroTemp":{"iob":-0.548,"basaliob":-0.818,"bolussnooze":0.0371,"activity":-0.0036,"lastBolusTime":1703198394900,"time":"2023-12-21T23:56:03.380Z"}},{"iob":0.027,"basaliob":-0.218,"bolussnooze":0.0295,"activity":9.0E-4,"lastBolusTime":1703198394900,"time":"2023-12-22T00:01:03.380Z","iobWithZeroTemp":{"iob":-0.588,"basaliob":-0.833,"bolussnooze":0.0295,"activity":-0.0043,"lastBolusTime":1703198394900,"time":"2023-12-22T00:01:03.380Z"}},{"iob":0.024,"basaliob":-0.199,"bolussnooze":0.0232,"activity":9.0E-4,"lastBolusTime":1703198394900,"time":"2023-12-22T00:06:03.380Z","iobWithZeroTemp":{"iob":-0.622,"basaliob":-0.845,"bolussnooze":0.0232,"activity":-0.0047,"lastBolusTime":1703198394900,"time":"2023-12-22T00:06:03.380Z"}},{"iob":0.02,"basaliob":-0.182,"bolussnooze":0.0181,"activity":7.0E-4,"lastBolusTime":1703198394900,"time":"2023-12-22T00:11:03.380Z","iobWithZeroTemp":{"iob":-0.655,"basaliob":-0.857,"bolussnooze":0.0181,"activity":-0.0054,"lastBolusTime":1703198394900,"time":"2023-12-22T00:11:03.380Z"}},{"iob":0.016,"basaliob":-0.166,"bolussnooze":0.0139,"activity":6.0E-4,"lastBolusTime":1703198394900,"time":"2023-12-22T00:16:03.380Z","iobWithZeroTemp":{"iob":-0.686,"basaliob":-0.868,"bolussnooze":0.0139,"activity":-0.0059,"lastBolusTime":1703198394900,"time":"2023-12-22T00:16:03.380Z"}},{"iob":0.013,"basaliob":-0.151,"bolussnooze":0.0106,"activity":5.0E-4,"lastBolusTime":1703198394900,"time":"2023-12-22T00:21:03.380Z","iobWithZeroTemp":{"iob":-0.714,"basaliob":-0.878,"bolussnooze":0.0106,"activity":-0.0064,"lastBolusTime":1703198394900,"time":"2023-12-22T00:21:03.380Z"}},{"iob":0.01,"basaliob":-0.138,"bolussnooze":0.0079,"activity":5.0E-4,"lastBolusTime":1703198394900,"time":"2023-12-22T00:26:03.380Z","iobWithZeroTemp":{"iob":-0.74,"basaliob":-0.888,"bolussnooze":0.0079,"activity":-0.0068,"lastBolusTime":1703198394900,"time":"2023-12-22T00:26:03.380Z"}},{"iob":0.008,"basaliob":-0.125,"bolussnooze":0.0058,"activity":5.0E-4,"lastBolusTime":1703198394900,"time":"2023-12-22T00:31:03.380Z","iobWithZeroTemp":{"iob":-0.763,"basaliob":-0.896,"bolussnooze":0.0058,"activity":-0.0071,"lastBolusTime":1703198394900,"time":"2023-12-22T00:31:03.380Z"}},{"iob":0.006,"basaliob":-0.113,"bolussnooze":0.0042,"activity":3.0E-4,"lastBolusTime":1703198394900,"time":"2023-12-22T00:36:03.380Z","iobWithZeroTemp":{"iob":-0.784,"basaliob":-0.903,"bolussnooze":0.0042,"activity":-0.0077,"lastBolusTime":1703198394900,"time":"2023-12-22T00:36:03.380Z"}},{"iob":0.005,"basaliob":-0.102,"bolussnooze":0.0029,"activity":3.0E-4,"lastBolusTime":1703198394900,"time":"2023-12-22T00:41:03.380Z","iobWithZeroTemp":{"iob":-0.803,"basaliob":-0.91,"bolussnooze":0.0029,"activity":-0.008,"lastBolusTime":1703198394900,"time":"2023-12-22T00:41:03.380Z"}},{"iob":0.003,"basaliob":-0.092,"bolussnooze":0.002,"activity":3.0E-4,"lastBolusTime":1703198394900,"time":"2023-12-22T00:46:03.380Z","iobWithZeroTemp":{"iob":-0.821,"basaliob":-0.916,"bolussnooze":0.002,"activity":-0.0083,"lastBolusTime":1703198394900,"time":"2023-12-22T00:46:03.380Z"}},{"iob":0.002,"basaliob":-0.083,"bolussnooze":0.0013,"activity":3.0E-4,"lastBolusTime":1703198394900,"time":"2023-12-22T00:51:03.380Z","iobWithZeroTemp":{"iob":-0.837,"basaliob":-0.922,"bolussnooze":0.0013,"activity":-0.0086,"lastBolusTime":1703198394900,"time":"2023-12-22T00:51:03.380Z"}},{"iob":0.001,"basaliob":-0.075,"bolussnooze":8.0E-4,"activity":2.0E-4,"lastBolusTime":1703198394900,"time":"2023-12-22T00:56:03.380Z","iobWithZeroTemp":{"iob":-0.851,"basaliob":-0.927,"bolussnooze":8.0E-4,"activity":-0.0089,"lastBolusTime":1703198394900,"time":"2023-12-22T00:56:03.380Z"}},{"iob":0,"basaliob":-0.067,"bolussnooze":5.0E-4,"activity":1.0E-4,"lastBolusTime":1703198394900,"time":"2023-12-22T01:01:03.380Z","iobWithZeroTemp":{"iob":-0.864,"basaliob":-0.931,"bolussnooze":5.0E-4,"activity":-0.0092,"lastBolusTime":1703198394900,"time":"2023-12-22T01:01:03.380Z"}},{"iob":0,"basaliob":-0.06,"bolussnooze":2.0E-4,"activity":2.0E-4,"lastBolusTime":1703198394900,"time":"2023-12-22T01:06:03.380Z","iobWithZeroTemp":{"iob":-0.875,"basaliob":-0.935,"bolussnooze":2.0E-4,"activity":-0.0094,"lastBolusTime":1703198394900,"time":"2023-12-22T01:06:03.380Z"}},{"iob":-0.001,"basaliob":-0.054,"bolussnooze":1.0E-4,"activity":1.0E-4,"lastBolusTime":1703198394900,"time":"2023-12-22T01:11:03.380Z","iobWithZeroTemp":{"iob":-0.886,"basaliob":-0.939,"bolussnooze":1.0E-4,"activity":-0.0097,"lastBolusTime":1703198394900,"time":"2023-12-22T01:11:03.380Z"}},{"iob":-0.002,"basaliob":-0.048,"bolussnooze":0,"activity":1.0E-4,"lastBolusTime":1703198394900,"time":"2023-12-22T01:16:03.380Z","iobWithZeroTemp":{"iob":-0.897,"basaliob":-0.943,"bolussnooze":0,"activity":-0.0098,"lastBolusTime":1703198394900,"time":"2023-12-22T01:16:03.380Z"}},{"iob":-0.002,"basaliob":-0.043,"bolussnooze":0,"activity":1.0E-4,"lastBolusTime":1703198394900,"time":"2023-12-22T01:21:03.380Z","iobWithZeroTemp":{"iob":-0.905,"basaliob":-0.946,"bolussnooze":0,"activity":-0.01,"lastBolusTime":1703198394900,"time":"2023-12-22T01:21:03.380Z"}},{"iob":-0.002,"basaliob":-0.038,"bolussnooze":0,"activity":0,"lastBolusTime":1703198394900,"time":"2023-12-22T01:26:03.380Z","iobWithZeroTemp":{"iob":-0.912,"basaliob":-0.948,"bolussnooze":0,"activity":-0.0103,"lastBolusTime":1703198394900,"time":"2023-12-22T01:26:03.380Z"}},{"iob":-0.003,"basaliob":-0.034,"bolussnooze":0,"activity":0,"lastBolusTime":1703198394900,"time":"2023-12-22T01:31:03.380Z","iobWithZeroTemp":{"iob":-0.92,"basaliob":-0.951,"bolussnooze":0,"activity":-0.0104,"lastBolusTime":1703198394900,"time":"2023-12-22T01:31:03.380Z"}},{"iob":-0.003,"basaliob":-0.03,"bolussnooze":0,"activity":0,"lastBolusTime":1703198394900,"time":"2023-12-22T01:36:03.380Z","iobWithZeroTemp":{"iob":-0.926,"basaliob":-0.953,"bolussnooze":0,"activity":-0.0105,"lastBolusTime":1703198394900,"time":"2023-12-22T01:36:03.380Z"}},{"iob":-0.002,"basaliob":-0.026,"bolussnooze":0,"activity":0,"lastBolusTime":1703198394900,"time":"2023-12-22T01:41:03.380Z","iobWithZeroTemp":{"iob":-0.93,"basaliob":-0.954,"bolussnooze":0,"activity":-0.0107,"lastBolusTime":1703198394900,"time":"2023-12-22T01:41:03.380Z"}},{"iob":-0.002,"basaliob":-0.023,"bolussnooze":0,"activity":0,"lastBolusTime":1703198394900,"time":"2023-12-22T01:46:03.380Z","iobWithZeroTemp":{"iob":-0.935,"basaliob":-0.956,"bolussnooze":0,"activity":-0.0108,"lastBolusTime":1703198394900,"time":"2023-12-22T01:46:03.380Z"}},{"iob":-0.002,"basaliob":-0.02,"bolussnooze":0,"activity":0,"lastBolusTime":1703198394900,"time":"2023-12-22T01:51:03.380Z","iobWithZeroTemp":{"iob":-0.939,"basaliob":-0.957,"bolussnooze":0,"activity":-0.0109,"lastBolusTime":1703198394900,"time":"2023-12-22T01:51:03.380Z"}},{"iob":-0.002,"basaliob":-0.018,"bolussnooze":0,"activity":0,"lastBolusTime":1703198394900,"time":"2023-12-22T01:56:03.380Z","iobWithZeroTemp":{"iob":-0.943,"basaliob":-0.959,"bolussnooze":0,"activity":-0.011,"lastBolusTime":1703198394900,"time":"2023-12-22T01:56:03.380Z"}},{"iob":-0.002,"basaliob":-0.015,"bolussnooze":0,"activity":0,"lastBolusTime":1703198394900,"time":"2023-12-22T02:01:03.380Z","iobWithZeroTemp":{"iob":-0.946,"basaliob":-0.959,"bolussnooze":0,"activity":-0.011,"lastBolusTime":1703198394900,"time":"2023-12-22T02:01:03.380Z"}},{"iob":-0.001,"basaliob":-0.013,"bolussnooze":0,"activity":-1.0E-4,"lastBolusTime":1703198394900,"time":"2023-12-22T02:06:03.380Z","iobWithZeroTemp":{"iob":-0.948,"basaliob":-0.96,"bolussnooze":0,"activity":-0.0112,"lastBolusTime":1703198394900,"time":"2023-12-22T02:06:03.380Z"}},{"iob":-0.001,"basaliob":-0.011,"bolussnooze":0,"activity":-1.0E-4,"lastBolusTime":1703198394900,"time":"2023-12-22T02:11:03.380Z","iobWithZeroTemp":{"iob":-0.951,"basaliob":-0.961,"bolussnooze":0,"activity":-0.0113,"lastBolusTime":1703198394900,"time":"2023-12-22T02:11:03.380Z"}},{"iob":-0.001,"basaliob":-0.01,"bolussnooze":0,"activity":0,"lastBolusTime":1703198394900,"time":"2023-12-22T02:16:03.380Z","iobWithZeroTemp":{"iob":-0.953,"basaliob":-0.962,"bolussnooze":0,"activity":-0.0112,"lastBolusTime":1703198394900,"time":"2023-12-22T02:16:03.380Z"}},{"iob":-0.001,"basaliob":-0.008,"bolussnooze":0,"activity":-1.0E-4,"lastBolusTime":1703198394900,"time":"2023-12-22T02:21:03.380Z","iobWithZeroTemp":{"iob":-0.955,"basaliob":-0.962,"bolussnooze":0,"activity":-0.0114,"lastBolusTime":1703198394900,"time":"2023-12-22T02:21:03.380Z"}},{"iob":-0.001,"basaliob":-0.007,"bolussnooze":0,"activity":0,"lastBolusTime":1703198394900,"time":"2023-12-22T02:26:03.380Z","iobWithZeroTemp":{"iob":-0.957,"basaliob":-0.963,"bolussnooze":0,"activity":-0.0113,"lastBolusTime":1703198394900,"time":"2023-12-22T02:26:03.380Z"}},{"iob":-0.001,"basaliob":-0.006,"bolussnooze":0,"activity":0,"lastBolusTime":1703198394900,"time":"2023-12-22T02:31:03.380Z","iobWithZeroTemp":{"iob":-0.958,"basaliob":-0.963,"bolussnooze":0,"activity":-0.0114,"lastBolusTime":1703198394900,"time":"2023-12-22T02:31:03.380Z"}},{"iob":0.001,"basaliob":-0.004,"bolussnooze":0,"activity":1.0E-4,"lastBolusTime":1703198394900,"time":"2023-12-22T02:36:03.380Z","iobWithZeroTemp":{"iob":-0.958,"basaliob":-0.963,"bolussnooze":0,"activity":-0.0113,"lastBolusTime":1703198394900,"time":"2023-12-22T02:36:03.380Z"}},{"iob":0,"basaliob":-0.004,"bolussnooze":0,"activity":0,"lastBolusTime":1703198394900,"time":"2023-12-22T02:41:03.380Z","iobWithZeroTemp":{"iob":-0.96,"basaliob":-0.964,"bolussnooze":0,"activity":-0.0115,"lastBolusTime":1703198394900,"time":"2023-12-22T02:41:03.380Z"}},{"iob":0,"basaliob":-0.003,"bolussnooze":0,"activity":0,"lastBolusTime":1703198394900,"time":"2023-12-22T02:46:03.380Z","iobWithZeroTemp":{"iob":-0.961,"basaliob":-0.964,"bolussnooze":0,"activity":-0.0115,"lastBolusTime":1703198394900,"time":"2023-12-22T02:46:03.380Z"}},{"iob":0,"basaliob":-0.003,"bolussnooze":0,"activity":0,"lastBolusTime":1703198394900,"time":"2023-12-22T02:51:03.380Z","iobWithZeroTemp":{"iob":-0.962,"basaliob":-0.965,"bolussnooze":0,"activity":-0.0115,"lastBolusTime":1703198394900,"time":"2023-12-22T02:51:03.380Z"}}],"profile":{"max_iob":7,"type":"current","max_daily_basal":0.8,"max_basal":5,"min_bg":80,"max_bg":90,"target_bg":85,"carb_ratio":14,"sens":57,"max_daily_safety_multiplier":9,"current_basal_safety_multiplier":8,"lgsThreshold":65,"high_temptarget_raises_sensitivity":false,"low_temptarget_lowers_sensitivity":false,"sensitivity_raises_target":false,"resistance_lowers_target":false,"adv_target_adjustments":false,"exercise_mode":false,"half_basal_exercise_target":160,"maxCOB":120,"skip_neutral_temps":false,"remainingCarbsCap":90,"enableUAM":true,"A52_risk_enable":false,"SMBInterval":3,"enableSMB_with_COB":true,"enableSMB_with_temptarget":true,"allowSMB_with_high_temptarget":true,"enableSMB_always":true,"enableSMB_after_carbs":true,"maxSMBBasalMinutes":120,"maxUAMSMBBasalMinutes":90,"bolus_increment":0.05,"carbsReqThreshold":5,"current_basal":0.8,"temptargetSet":false,"autosens_max":1.6,"autosens_min":0.6,"variable_sens":101.7,"insulinDivisor":75,"TDD":21.77984523809524},"autosens_data":{"ratio":1.0058764829803746},"meal_data":{"carbs":0,"mealCOB":0,"slopeFromMaxDeviation":-0.6332499999999999,"slopeFromMinDeviation":0.027777777777777776,"lastBolusTime":1703198394900,"lastCarbTime":0},"microBolusAllowed":true,"currentTime":1703199365053,"flatBGsDetected":false,"tdd1D":20.662500000000005,"tdd7D":21.47380952380953,"tddLast24H":21.6,"tddLast4H":4.1625,"tddLast8to4H":3.1833333333333327},"output":{"temp":"absolute","bg":94,"tick":-3,"eventualBG":79,"targetBG":85,"insulinReq":0,"deliverAt":"2023-12-21T22:56:05.053Z","sensitivityRatio":1.0058764829803746,"variable_sens":101.7,"predBGs":{"IOB":[94,91,88,86,84,82,80,78,77,76,75,74,73,72,72,71,71,70,70,70,70,69,69,69,69,69,69,68],"ZT":[94,92,90,89,87,87,86,86,86,87,87]},"reason":"COB: 0, Dev: 2, BGI: -2, ISF: 102, CR: 14, Target: 85, minPredBG 77, minGuardBG 68, IOBpredBG 68; Eventual BG 79 < 80, temp 0 ~< req 0.62U\/hr. ","COB":0,"IOB":0.165,"timestamp":"2023-12-21T22:56:05.059Z"}}