{"algorithm":"OpenAPSSMBDynamicISFPlugin","input":{"glucoseStatus":{"glucose":139,"noise":0,"delta":-8,"short_avgdelta":-7.06,"long_avgdelta":2.04,"date":1703052037000},"currenttemp":{"temp":"absolute","duration":105,"rate":0,"minutesrunning":15},"iob_data":[{"iob":1.795,"basaliob":-0.628,"bolussnooze":0.6859,"activity":0.02,"lastBolusTime":1703050565758,"time":"2023-12-20T06:00:58.058Z","iobWithZeroTemp":{"iob":1.795,"basaliob":-0.628,"bolussnooze":0.6859,"activity":0.02,"lastBolusTime":1703050565758,"time":"2023-12-20T06:00:58.058Z"}},{"iob":1.694,"basaliob":-0.591,"bolussnooze":0.5849,"activity":0.0202,"lastBolusTime":1703050565758,"time":"2023-12-20T06:05:58.058Z","iobWithZeroTemp":{"iob":1.657,"basaliob":-0.628,"bolussnooze":0.5849,"activity":0.0202,"lastBolusTime":1703050565758,"time":"2023-12-20T06:05:58.058Z"}},{"iob":1.594,"basaliob":-0.554,"bolussnooze":0.4945,"activity":0.0201,"lastBolusTime":1703050565758,"time":"2023-12-20T06:10:58.058Z","iobWithZeroTemp":{"iob":1.512,"basaliob":-0.636,"bolussnooze":0.4945,"activity":0.0199,"lastBolusTime":1703050565758,"time":"2023-12-20T06:10:58.058Z"}},{"iob":1.494,"basaliob":-0.518,"bolussnooze":0.4148,"activity":0.0197,"lastBolusTime":1703050565758,"time":"2023-12-20T06:15:58.058Z","iobWithZeroTemp":{"iob":1.367,"basaliob":-0.645,"bolussnooze":0.4148,"activity":0.0193,"lastBolusTime":1703050565758,"time":"2023-12-20T06:15:58.058Z"}},{"iob":1.396,"basaliob":-0.483,"bolussnooze":0.3452,"activity":0.0193,"lastBolusTime":1703050565758,"time":"2023-12-20T06:20:58.058Z","iobWithZeroTemp":{"iob":1.226,"basaliob":-0.653,"bolussnooze":0.3452,"activity":0.0186,"lastBolusTime":1703050565758,"time":"2023-12-20T06:20:58.058Z"}},{"iob":1.301,"basaliob":-0.449,"bolussnooze":0.2852,"activity":0.0187,"lastBolusTime":1703050565758,"time":"2023-12-20T06:25:58.058Z","iobWithZeroTemp":{"iob":1.089,"basaliob":-0.661,"bolussnooze":0.2852,"activity":0.0177,"lastBolusTime":1703050565758,"time":"2023-12-20T06:25:58.058Z"}},{"iob":1.209,"basaliob":-0.416,"bolussnooze":0.2338,"activity":0.018,"lastBolusTime":1703050565758,"time":"2023-12-20T06:30:58.058Z","iobWithZeroTemp":{"iob":0.957,"basaliob":-0.668,"bolussnooze":0.2338,"activity":0.0167,"lastBolusTime":1703050565758,"time":"2023-12-20T06:30:58.058Z"}},{"iob":1.121,"basaliob":-0.385,"bolussnooze":0.1903,"activity":0.0173,"lastBolusTime":1703050565758,"time":"2023-12-20T06:35:58.058Z","iobWithZeroTemp":{"iob":0.831,"basaliob":-0.675,"bolussnooze":0.1903,"activity":0.0156,"lastBolusTime":1703050565758,"time":"2023-12-20T06:35:58.058Z"}},{"iob":1.037,"basaliob":-0.355,"bolussnooze":0.1536,"activity":0.0164,"lastBolusTime":1703050565758,"time":"2023-12-20T06:40:58.058Z","iobWithZeroTemp":{"iob":0.711,"basaliob":-0.681,"bolussnooze":0.1536,"activity":0.0143,"lastBolusTime":1703050565758,"time":"2023-12-20T06:40:58.058Z"}},{"iob":0.957,"basaliob":-0.327,"bolussnooze":0.123,"activity":0.0156,"lastBolusTime":1703050565758,"time":"2023-12-20T06:45:58.058Z","iobWithZeroTemp":{"iob":0.596,"basaliob":-0.688,"bolussnooze":0.123,"activity":0.0131,"lastBolusTime":1703050565758,"time":"2023-12-20T06:45:58.058Z"}},{"iob":0.881,"basaliob":-0.3,"bolussnooze":0.0977,"activity":0.0147,"lastBolusTime":1703050565758,"time":"2023-12-20T06:50:58.058Z","iobWithZeroTemp":{"iob":0.488,"basaliob":-0.693,"bolussnooze":0.0977,"activity":0.0118,"lastBolusTime":1703050565758,"time":"2023-12-20T06:50:58.058Z"}},{"iob":0.81,"basaliob":-0.275,"bolussnooze":0.0768,"activity":0.0139,"lastBolusTime":1703050565758,"time":"2023-12-20T06:55:58.058Z","iobWithZeroTemp":{"iob":0.386,"basaliob":-0.699,"bolussnooze":0.0768,"activity":0.0106,"lastBolusTime":1703050565758,"time":"2023-12-20T06:55:58.058Z"}},{"iob":0.742,"basaliob":-0.252,"bolussnooze":0.0598,"activity":0.013,"lastBolusTime":1703050565758,"time":"2023-12-20T07:00:58.058Z","iobWithZeroTemp":{"iob":0.29,"basaliob":-0.704,"bolussnooze":0.0598,"activity":0.0093,"lastBolusTime":1703050565758,"time":"2023-12-20T07:00:58.058Z"}},{"iob":0.679,"basaliob":-0.23,"bolussnooze":0.046,"activity":0.0122,"lastBolusTime":1703050565758,"time":"2023-12-20T07:05:58.058Z","iobWithZeroTemp":{"iob":0.2,"basaliob":-0.709,"bolussnooze":0.046,"activity":0.0082,"lastBolusTime":1703050565758,"time":"2023-12-20T07:05:58.058Z"}},{"iob":0.62,"basaliob":-0.21,"bolussnooze":0.0349,"activity":0.0114,"lastBolusTime":1703050565758,"time":"2023-12-20T07:10:58.058Z","iobWithZeroTemp":{"iob":0.116,"basaliob":-0.714,"bolussnooze":0.0349,"activity":0.007,"lastBolusTime":1703050565758,"time":"2023-12-20T07:10:58.058Z"}},{"iob":0.566,"basaliob":-0.191,"bolussnooze":0.0261,"activity":0.0106,"lastBolusTime":1703050565758,"time":"2023-12-20T07:15:58.058Z","iobWithZeroTemp":{"iob":0.039,"basaliob":-0.718,"bolussnooze":0.0261,"activity":0.0059,"lastBolusTime":1703050565758,"time":"2023-12-20T07:15:58.058Z"}},{"iob":0.515,"basaliob":-0.173,"bolussnooze":0.0192,"activity":0.0098,"lastBolusTime":1703050565758,"time":"2023-12-20T07:20:58.058Z","iobWithZeroTemp":{"iob":-0.033,"basaliob":-0.721,"bolussnooze":0.0192,"activity":0.0047,"lastBolusTime":1703050565758,"time":"2023-12-20T07:20:58.058Z"}},{"iob":0.468,"basaliob":-0.157,"bolussnooze":0.0139,"activity":0.0091,"lastBolusTime":1703050565758,"time":"2023-12-20T07:25:58.058Z","iobWithZeroTemp":{"iob":-0.1,"basaliob":-0.725,"bolussnooze":0.0139,"activity":0.0037,"lastBolusTime":1703050565758,"time":"2023-12-20T07:25:58.058Z"}},{"iob":0.424,"basaliob":-0.142,"bolussnooze":0.0097,"activity":0.0083,"lastBolusTime":1703050565758,"time":"2023-12-20T07:30:58.058Z","iobWithZeroTemp":{"iob":-0.162,"basaliob":-0.728,"bolussnooze":0.0097,"activity":0.0026,"lastBolusTime":1703050565758,"time":"2023-12-20T07:30:58.058Z"}},{"iob":0.384,"basaliob":-0.128,"bolussnooze":0.0067,"activity":0.0078,"lastBolusTime":1703050565758,"time":"2023-12-20T07:35:58.058Z","iobWithZeroTemp":{"iob":-0.219,"basaliob":-0.731,"bolussnooze":0.0067,"activity":0.0018,"lastBolusTime":1703050565758,"time":"2023-12-20T07:35:58.058Z"}},{"iob":0.347,"basaliob":-0.116,"bolussnooze":0.0044,"activity":0.0071,"lastBolusTime":1703050565758,"time":"2023-12-20T07:40:58.058Z","iobWithZeroTemp":{"iob":-0.271,"basaliob":-0.734,"bolussnooze":0.0044,"activity":9.0E-4,"lastBolusTime":1703050565758,"time":"2023-12-20T07:40:58.058Z"}},{"iob":0.313,"basaliob":-0.104,"bolussnooze":0.0028,"activity":0.0065,"lastBolusTime":1703050565758,"time":"2023-12-20T07:45:58.058Z","iobWithZeroTemp":{"iob":-0.32,"basaliob":-0.737,"bolussnooze":0.0028,"activity":0,"lastBolusTime":1703050565758,"time":"2023-12-20T07:45:58.058Z"}},{"iob":0.282,"basaliob":-0.093,"bolussnooze":0.0017,"activity":0.006,"lastBolusTime":1703050565758,"time":"2023-12-20T07:50:58.058Z","iobWithZeroTemp":{"iob":-0.363,"basaliob":-0.738,"bolussnooze":0.0017,"activity":-7.0E-4,"lastBolusTime":1703050565758,"time":"2023-12-20T07:50:58.058Z"}},{"iob":0.253,"basaliob":-0.084,"bolussnooze":9.0E-4,"activity":0.0055,"lastBolusTime":1703050565758,"time":"2023-12-20T07:55:58.058Z","iobWithZeroTemp":{"iob":-0.404,"basaliob":-0.741,"bolussnooze":9.0E-4,"activity":-0.0014,"lastBolusTime":1703050565758,"time":"2023-12-20T07:55:58.058Z"}},{"iob":0.227,"basaliob":-0.075,"bolussnooze":5.0E-4,"activity":0.005,"lastBolusTime":1703050565758,"time":"2023-12-20T08:00:58.058Z","iobWithZeroTemp":{"iob":-0.441,"basaliob":-0.743,"bolussnooze":5.0E-4,"activity":-0.0021,"lastBolusTime":1703050565758,"time":"2023-12-20T08:00:58.058Z"}},{"iob":0.203,"basaliob":-0.067,"bolussnooze":2.0E-4,"activity":0.0046,"lastBolusTime":1703050565758,"time":"2023-12-20T08:05:58.058Z","iobWithZeroTemp":{"iob":-0.475,"basaliob":-0.745,"bolussnooze":2.0E-4,"activity":-0.0027,"lastBolusTime":1703050565758,"time":"2023-12-20T08:05:58.058Z"}},{"iob":0.182,"basaliob":-0.059,"bolussnooze":1.0E-4,"activity":0.0041,"lastBolusTime":1703050565758,"time":"2023-12-20T08:10:58.058Z","iobWithZeroTemp":{"iob":-0.505,"basaliob":-0.746,"bolussnooze":1.0E-4,"activity":-0.0034,"lastBolusTime":1703050565758,"time":"2023-12-20T08:10:58.058Z"}},{"iob":0.161,"basaliob":-0.053,"bolussnooze":0,"activity":0.0037,"lastBolusTime":1703050565758,"time":"2023-12-20T08:15:58.058Z","iobWithZeroTemp":{"iob":-0.534,"basaliob":-0.748,"bolussnooze":0,"activity":-0.0039,"lastBolusTime":1703050565758,"time":"2023-12-20T08:15:58.058Z"}},{"iob":0.144,"basaliob":-0.047,"bolussnooze":0,"activity":0.0034,"lastBolusTime":1703050565758,"time":"2023-12-20T08:20:58.058Z","iobWithZeroTemp":{"iob":-0.558,"basaliob":-0.749,"bolussnooze":0,"activity":-0.0044,"lastBolusTime":1703050565758,"time":"2023-12-20T08:20:58.058Z"}},{"iob":0.128,"basaliob":-0.041,"bolussnooze":0,"activity":0.0031,"lastBolusTime":1703050565758,"time":"2023-12-20T08:25:58.058Z","iobWithZeroTemp":{"iob":-0.58,"basaliob":-0.749,"bolussnooze":0,"activity":-0.0048,"lastBolusTime":1703050565758,"time":"2023-12-20T08:25:58.058Z"}},{"iob":0.112,"basaliob":-0.037,"bolussnooze":0,"activity":0.0028,"lastBolusTime":1703050565758,"time":"2023-12-20T08:30:58.058Z","iobWithZeroTemp":{"iob":-0.602,"basaliob":-0.751,"bolussnooze":0,"activity":-0.0053,"lastBolusTime":1703050565758,"time":"2023-12-20T08:30:58.058Z"}},{"iob":0.1,"basaliob":-0.032,"bolussnooze":0,"activity":0.0025,"lastBolusTime":1703050565758,"time":"2023-12-20T08:35:58.058Z","iobWithZeroTemp":{"iob":-0.62,"basaliob":-0.752,"bolussnooze":0,"activity":-0.0057,"lastBolusTime":1703050565758,"time":"2023-12-20T08:35:58.058Z"}},{"iob":0.088,"basaliob":-0.028,"bolussnooze":0,"activity":0.0023,"lastBolusTime":1703050565758,"time":"2023-12-20T08:40:58.058Z","iobWithZeroTemp":{"iob":-0.636,"basaliob":-0.752,"bolussnooze":0,"activity":-0.006,"lastBolusTime":1703050565758,"time":"2023-12-20T08:40:58.058Z"}},{"iob":0.077,"basaliob":-0.025,"bolussnooze":0,"activity":0.002,"lastBolusTime":1703050565758,"time":"2023-12-20T08:45:58.058Z","iobWithZeroTemp":{"iob":-0.652,"basaliob":-0.754,"bolussnooze":0,"activity":-0.0064,"lastBolusTime":1703050565758,"time":"2023-12-20T08:45:58.058Z"}},{"iob":0.067,"basaliob":-0.022,"bolussnooze":0,"activity":0.0018,"lastBolusTime":1703050565758,"time":"2023-12-20T08:50:58.058Z","iobWithZeroTemp":{"iob":-0.665,"basaliob":-0.754,"bolussnooze":0,"activity":-0.0067,"lastBolusTime":1703050565758,"time":"2023-12-20T08:50:58.058Z"}},{"iob":0.059,"basaliob":-0.019,"bolussnooze":0,"activity":0.0016,"lastBolusTime":1703050565758,"time":"2023-12-20T08:55:58.058Z","iobWithZeroTemp":{"iob":-0.677,"basaliob":-0.755,"bolussnooze":0,"activity":-0.0069,"lastBolusTime":1703050565758,"time":"2023-12-20T08:55:58.058Z"}},{"iob":0.052,"basaliob":-0.016,"bolussnooze":0,"activity":0.0014,"lastBolusTime":1703050565758,"time":"2023-12-20T09:00:58.058Z","iobWithZeroTemp":{"iob":-0.687,"basaliob":-0.755,"bolussnooze":0,"activity":-0.0072,"lastBolusTime":1703050565758,"time":"2023-12-20T09:00:58.058Z"}},{"iob":0.045,"basaliob":-0.014,"bolussnooze":0,"activity":0.0013,"lastBolusTime":1703050565758,"time":"2023-12-20T09:05:58.058Z","iobWithZeroTemp":{"iob":-0.696,"basaliob":-0.755,"bolussnooze":0,"activity":-0.0074,"lastBolusTime":1703050565758,"time":"2023-12-20T09:05:58.058Z"}},{"iob":0.039,"basaliob":-0.012,"bolussnooze":0,"activity":0.0011,"lastBolusTime":1703050565758,"time":"2023-12-20T09:10:58.058Z","iobWithZeroTemp":{"iob":-0.705,"basaliob":-0.756,"bolussnooze":0,"activity":-0.0076,"lastBolusTime":1703050565758,"time":"2023-12-20T09:10:58.058Z"}},{"iob":0.033,"basaliob":-0.01,"bolussnooze":0,"activity":0.001,"lastBolusTime":1703050565758,"time":"2023-12-20T09:15:58.058Z","iobWithZeroTemp":{"iob":-0.713,"basaliob":-0.756,"bolussnooze":0,"activity":-0.0078,"lastBolusTime":1703050565758,"time":"2023-12-20T09:15:58.058Z"}},{"iob":0.028,"basaliob":-0.009,"bolussnooze":0,"activity":9.0E-4,"lastBolusTime":1703050565758,"time":"2023-12-20T09:20:58.058Z","iobWithZeroTemp":{"iob":-0.72,"basaliob":-0.757,"bolussnooze":0,"activity":-0.0079,"lastBolusTime":1703050565758,"time":"2023-12-20T09:20:58.058Z"}},{"iob":0.024,"basaliob":-0.008,"bolussnooze":0,"activity":8.0E-4,"lastBolusTime":1703050565758,"time":"2023-12-20T09:25:58.058Z","iobWithZeroTemp":{"iob":-0.725,"basaliob":-0.757,"bolussnooze":0,"activity":-0.0081,"lastBolusTime":1703050565758,"time":"2023-12-20T09:25:58.058Z"}},{"iob":0.021,"basaliob":-0.006,"bolussnooze":0,"activity":7.0E-4,"lastBolusTime":1703050565758,"time":"2023-12-20T09:30:58.058Z","iobWithZeroTemp":{"iob":-0.73,"basaliob":-0.757,"bolussnooze":0,"activity":-0.0082,"lastBolusTime":1703050565758,"time":"2023-12-20T09:30:58.058Z"}},{"iob":0.017,"basaliob":-0.005,"bolussnooze":0,"activity":6.0E-4,"lastBolusTime":1703050565758,"time":"2023-12-20T09:35:58.058Z","iobWithZeroTemp":{"iob":-0.735,"basaliob":-0.757,"bolussnooze":0,"activity":-0.0083,"lastBolusTime":1703050565758,"time":"2023-12-20T09:35:58.058Z"}},{"iob":0.014,"basaliob":-0.005,"bolussnooze":0,"activity":5.0E-4,"lastBolusTime":1703050565758,"time":"2023-12-20T09:40:58.058Z","iobWithZeroTemp":{"iob":-0.739,"basaliob":-0.758,"bolussnooze":0,"activity":-0.0085,"lastBolusTime":1703050565758,"time":"2023-12-20T09:40:58.058Z"}},{"iob":0.011,"basaliob":-0.004,"bolussnooze":0,"activity":5.0E-4,"lastBolusTime":1703050565758,"time":"2023-12-20T09:45:58.058Z","iobWithZeroTemp":{"iob":-0.743,"basaliob":-0.758,"bolussnooze":0,"activity":-0.0085,"lastBolusTime":1703050565758,"time":"2023-12-20T09:45:58.058Z"}},{"iob":0.01,"basaliob":-0.003,"bolussnooze":0,"activity":4.0E-4,"lastBolusTime":1703050565758,"time":"2023-12-20T09:50:58.058Z","iobWithZeroTemp":{"iob":-0.745,"basaliob":-0.758,"bolussnooze":0,"activity":-0.0086,"lastBolusTime":1703050565758,"time":"2023-12-20T09:50:58.058Z"}},{"iob":0.007,"basaliob":-0.003,"bolussnooze":0,"activity":3.0E-4,"lastBolusTime":1703050565758,"time":"2023-12-20T09:55:58.058Z","iobWithZeroTemp":{"iob":-0.749,"basaliob":-0.759,"bolussnooze":0,"activity":-0.0087,"lastBolusTime":1703050565758,"time":"2023-12-20T09:55:58.058Z"}}],"profile":{"max_iob":7,"type":"current","max_daily_basal":0.8,"max_basal":4.4,"min_bg":90,"max_bg":90,"target_bg":90,"carb_ratio":16,"sens":57,"max_daily_safety_multiplier":9,"current_basal_safety_multiplier":8,"lgsThreshold":65,"high_temptarget_raises_sensitivity":false,"low_temptarget_lowers_sensitivity":false,"sensitivity_raises_target":false,"resistance_lowers_target":false,"adv_target_adjustments":false,"exercise_mode":false,"half_basal_exercise_target":160,"maxCOB":120,"skip_neutral_temps":false,"remainingCarbsCap":90,"enableUAM":true,"A52_risk_enable":false,"SMBInterval":3,"enableSMB_with_COB":true,"enableSMB_with_temptarget":true,"allowSMB_with_high_temptarget":true,"enableSMB_always":true,"enableSMB_after_carbs":true,"maxSMBBasalMinutes":120,"maxUAMSMBBasalMinutes":90,"bolus_increment":0.05,"carbsReqThreshold":5,"current_basal":0.55,"temptargetSet":false,"autosens_max":1.6,"autosens_min":0.6,"variable_sens":68.5,"insulinDivisor":75,"TDD":25.06701071428572},"autosens_data":{"ratio":1.0258144515838128},"meal_data":{"carbs":0,"mealCOB":0,"slopeFromMaxDeviation":-3.94225,"slopeFromMinDeviation":0.33890000000000003,"lastBolusTime":1703050565758,"lastCarbTime":0},"microBolusAllowed":true,"currentTime":1703052060981,"flatBGsDetected":false,"tdd1D":21.666666666666675,"tdd7D":21.121428571428574,"tddLast24H":21.666666666666675,"tddLast4H":5.883333333333334,"tddLast8to4H":4.345833333333333},"output":{"temp":"absolute","bg":139,"tick":-8,"eventualBG":69,"targetBG":90,"insulinReq":0,"deliverAt":"2023-12-20T06:01:00.981Z","sensitivityRatio":1.0258144515838128,"variable_sens":68.5,"predBGs":{"IOB":[139,131,123,115,106,98,89,80,71,62,53,43,39],"ZT":[139,132,125,118,110,103,96,88,81,74,67,61,54,48,42,39,39,39,39,39,39,39,39,39,39,39,39,39,39,39,40,44,49,53,57,62,66,70,74,78,82,86,89]},"reason":"COB: 0, Dev: 53, BGI: -7, ISF: 69, CR: 16, Target: 90, minPredBG 20, minGuardBG -100, IOBpredBG 39; 32 add'l carbs req w\/in 45m; minGuardBG -100<65","COB":0,"IOB":1.795,"carbsReq":32,"carbsReqWithin":45,"duration":120,"rate":0,"timestamp":"2023-12-20T06:01:01.005Z"}}