{"algorithm":"OpenAPSSMBDynamicISFPlugin","input":{"glucoseStatus":{"glucose":82,"noise":0,"delta":3,"short_avgdelta":2.67,"long_avgdelta":-0.17,"date":1703068237000},"currenttemp":{"temp":"absolute","duration":25,"rate":0.75,"minutesrunning":5},"iob_data":[{"iob":-0.173,"basaliob":-0.273,"bolussnooze":0,"activity":-0.0014,"lastBolusTime":1703067976781,"time":"2023-12-20T10:31:01.201Z","iobWithZeroTemp":{"iob":-0.173,"basaliob":-0.273,"bolussnooze":0,"activity":-0.0014,"lastBolusTime":1703067976781,"time":"2023-12-20T10:31:01.201Z"}},{"iob":-0.166,"basaliob":-0.26,"bolussnooze":0,"activity":-0.0016,"lastBolusTime":1703067976781,"time":"2023-12-20T10:36:01.201Z","iobWithZeroTemp":{"iob":-0.203,"basaliob":-0.297,"bolussnooze":0,"activity":-0.0016,"lastBolusTime":1703067976781,"time":"2023-12-20T10:36:01.201Z"}},{"iob":-0.158,"basaliob":-0.247,"bolussnooze":0,"activity":-0.0016,"lastBolusTime":1703067976781,"time":"2023-12-20T10:41:01.201Z","iobWithZeroTemp":{"iob":-0.24,"basaliob":-0.329,"bolussnooze":0,"activity":-0.0018,"lastBolusTime":1703067976781,"time":"2023-12-20T10:41:01.201Z"}},{"iob":-0.15,"basaliob":-0.233,"bolussnooze":0,"activity":-0.0017,"lastBolusTime":1703067976781,"time":"2023-12-20T10:46:01.201Z","iobWithZeroTemp":{"iob":-0.277,"basaliob":-0.36,"bolussnooze":0,"activity":-0.0021,"lastBolusTime":1703067976781,"time":"2023-12-20T10:46:01.201Z"}},{"iob":-0.141,"basaliob":-0.219,"bolussnooze":0,"activity":-0.0018,"lastBolusTime":1703067976781,"time":"2023-12-20T10:51:01.201Z","iobWithZeroTemp":{"iob":-0.311,"basaliob":-0.389,"bolussnooze":0,"activity":-0.0025,"lastBolusTime":1703067976781,"time":"2023-12-20T10:51:01.201Z"}},{"iob":-0.133,"basaliob":-0.206,"bolussnooze":0,"activity":-0.0017,"lastBolusTime":1703067976781,"time":"2023-12-20T10:56:01.201Z","iobWithZeroTemp":{"iob":-0.345,"basaliob":-0.418,"bolussnooze":0,"activity":-0.0027,"lastBolusTime":1703067976781,"time":"2023-12-20T10:56:01.201Z"}},{"iob":-0.124,"basaliob":-0.192,"bolussnooze":0,"activity":-0.0016,"lastBolusTime":1703067976781,"time":"2023-12-20T11:01:01.201Z","iobWithZeroTemp":{"iob":-0.376,"basaliob":-0.444,"bolussnooze":0,"activity":-0.0029,"lastBolusTime":1703067976781,"time":"2023-12-20T11:01:01.201Z"}},{"iob":-0.116,"basaliob":-0.179,"bolussnooze":0,"activity":-0.0017,"lastBolusTime":1703067976781,"time":"2023-12-20T11:06:01.201Z","iobWithZeroTemp":{"iob":-0.406,"basaliob":-0.469,"bolussnooze":0,"activity":-0.0034,"lastBolusTime":1703067976781,"time":"2023-12-20T11:06:01.201Z"}},{"iob":-0.107,"basaliob":-0.166,"bolussnooze":0,"activity":-0.0016,"lastBolusTime":1703067976781,"time":"2023-12-20T11:11:01.201Z","iobWithZeroTemp":{"iob":-0.433,"basaliob":-0.492,"bolussnooze":0,"activity":-0.0037,"lastBolusTime":1703067976781,"time":"2023-12-20T11:11:01.201Z"}},{"iob":-0.1,"basaliob":-0.154,"bolussnooze":0,"activity":-0.0015,"lastBolusTime":1703067976781,"time":"2023-12-20T11:16:01.201Z","iobWithZeroTemp":{"iob":-0.461,"basaliob":-0.515,"bolussnooze":0,"activity":-0.004,"lastBolusTime":1703067976781,"time":"2023-12-20T11:16:01.201Z"}},{"iob":-0.093,"basaliob":-0.143,"bolussnooze":0,"activity":-0.0015,"lastBolusTime":1703067976781,"time":"2023-12-20T11:21:01.201Z","iobWithZeroTemp":{"iob":-0.486,"basaliob":-0.536,"bolussnooze":0,"activity":-0.0044,"lastBolusTime":1703067976781,"time":"2023-12-20T11:21:01.201Z"}},{"iob":-0.086,"basaliob":-0.132,"bolussnooze":0,"activity":-0.0013,"lastBolusTime":1703067976781,"time":"2023-12-20T11:26:01.201Z","iobWithZeroTemp":{"iob":-0.51,"basaliob":-0.556,"bolussnooze":0,"activity":-0.0046,"lastBolusTime":1703067976781,"time":"2023-12-20T11:26:01.201Z"}},{"iob":-0.079,"basaliob":-0.121,"bolussnooze":0,"activity":-0.0013,"lastBolusTime":1703067976781,"time":"2023-12-20T11:31:01.201Z","iobWithZeroTemp":{"iob":-0.531,"basaliob":-0.573,"bolussnooze":0,"activity":-0.005,"lastBolusTime":1703067976781,"time":"2023-12-20T11:31:01.201Z"}},{"iob":-0.073,"basaliob":-0.112,"bolussnooze":0,"activity":-0.0012,"lastBolusTime":1703067976781,"time":"2023-12-20T11:36:01.201Z","iobWithZeroTemp":{"iob":-0.552,"basaliob":-0.591,"bolussnooze":0,"activity":-0.0052,"lastBolusTime":1703067976781,"time":"2023-12-20T11:36:01.201Z"}},{"iob":-0.067,"basaliob":-0.102,"bolussnooze":0,"activity":-0.0012,"lastBolusTime":1703067976781,"time":"2023-12-20T11:41:01.201Z","iobWithZeroTemp":{"iob":-0.571,"basaliob":-0.606,"bolussnooze":0,"activity":-0.0056,"lastBolusTime":1703067976781,"time":"2023-12-20T11:41:01.201Z"}},{"iob":-0.062,"basaliob":-0.094,"bolussnooze":0,"activity":-0.0011,"lastBolusTime":1703067976781,"time":"2023-12-20T11:46:01.201Z","iobWithZeroTemp":{"iob":-0.589,"basaliob":-0.621,"bolussnooze":0,"activity":-0.0058,"lastBolusTime":1703067976781,"time":"2023-12-20T11:46:01.201Z"}},{"iob":-0.057,"basaliob":-0.086,"bolussnooze":0,"activity":-9.0E-4,"lastBolusTime":1703067976781,"time":"2023-12-20T11:51:01.201Z","iobWithZeroTemp":{"iob":-0.605,"basaliob":-0.634,"bolussnooze":0,"activity":-0.006,"lastBolusTime":1703067976781,"time":"2023-12-20T11:51:01.201Z"}},{"iob":-0.051,"basaliob":-0.078,"bolussnooze":0,"activity":-9.0E-4,"lastBolusTime":1703067976781,"time":"2023-12-20T11:56:01.201Z","iobWithZeroTemp":{"iob":-0.619,"basaliob":-0.646,"bolussnooze":0,"activity":-0.0063,"lastBolusTime":1703067976781,"time":"2023-12-20T11:56:01.201Z"}},{"iob":-0.047,"basaliob":-0.071,"bolussnooze":0,"activity":-8.0E-4,"lastBolusTime":1703067976781,"time":"2023-12-20T12:01:01.201Z","iobWithZeroTemp":{"iob":-0.633,"basaliob":-0.657,"bolussnooze":0,"activity":-0.0065,"lastBolusTime":1703067976781,"time":"2023-12-20T12:01:01.201Z"}},{"iob":-0.043,"basaliob":-0.065,"bolussnooze":0,"activity":-8.0E-4,"lastBolusTime":1703067976781,"time":"2023-12-20T12:06:01.201Z","iobWithZeroTemp":{"iob":-0.65,"basaliob":-0.672,"bolussnooze":0,"activity":-0.0068,"lastBolusTime":1703067976781,"time":"2023-12-20T12:06:01.201Z"}},{"iob":-0.039,"basaliob":-0.059,"bolussnooze":0,"activity":-7.0E-4,"lastBolusTime":1703067976781,"time":"2023-12-20T12:11:01.201Z","iobWithZeroTemp":{"iob":-0.666,"basaliob":-0.686,"bolussnooze":0,"activity":-0.0069,"lastBolusTime":1703067976781,"time":"2023-12-20T12:11:01.201Z"}},{"iob":-0.035,"basaliob":-0.053,"bolussnooze":0,"activity":-7.0E-4,"lastBolusTime":1703067976781,"time":"2023-12-20T12:16:01.201Z","iobWithZeroTemp":{"iob":-0.68,"basaliob":-0.698,"bolussnooze":0,"activity":-0.0072,"lastBolusTime":1703067976781,"time":"2023-12-20T12:16:01.201Z"}},{"iob":-0.032,"basaliob":-0.048,"bolussnooze":0,"activity":-7.0E-4,"lastBolusTime":1703067976781,"time":"2023-12-20T12:21:01.201Z","iobWithZeroTemp":{"iob":-0.693,"basaliob":-0.709,"bolussnooze":0,"activity":-0.0075,"lastBolusTime":1703067976781,"time":"2023-12-20T12:21:01.201Z"}},{"iob":-0.028,"basaliob":-0.043,"bolussnooze":0,"activity":-6.0E-4,"lastBolusTime":1703067976781,"time":"2023-12-20T12:26:01.201Z","iobWithZeroTemp":{"iob":-0.705,"basaliob":-0.72,"bolussnooze":0,"activity":-0.0076,"lastBolusTime":1703067976781,"time":"2023-12-20T12:26:01.201Z"}},{"iob":-0.026,"basaliob":-0.039,"bolussnooze":0,"activity":-5.0E-4,"lastBolusTime":1703067976781,"time":"2023-12-20T12:31:01.201Z","iobWithZeroTemp":{"iob":-0.717,"basaliob":-0.73,"bolussnooze":0,"activity":-0.0078,"lastBolusTime":1703067976781,"time":"2023-12-20T12:31:01.201Z"}},{"iob":-0.023,"basaliob":-0.035,"bolussnooze":0,"activity":-5.0E-4,"lastBolusTime":1703067976781,"time":"2023-12-20T12:36:01.201Z","iobWithZeroTemp":{"iob":-0.728,"basaliob":-0.74,"bolussnooze":0,"activity":-0.008,"lastBolusTime":1703067976781,"time":"2023-12-20T12:36:01.201Z"}},{"iob":-0.021,"basaliob":-0.032,"bolussnooze":0,"activity":-5.0E-4,"lastBolusTime":1703067976781,"time":"2023-12-20T12:41:01.201Z","iobWithZeroTemp":{"iob":-0.738,"basaliob":-0.749,"bolussnooze":0,"activity":-0.0082,"lastBolusTime":1703067976781,"time":"2023-12-20T12:41:01.201Z"}},{"iob":-0.019,"basaliob":-0.028,"bolussnooze":0,"activity":-4.0E-4,"lastBolusTime":1703067976781,"time":"2023-12-20T12:46:01.201Z","iobWithZeroTemp":{"iob":-0.747,"basaliob":-0.756,"bolussnooze":0,"activity":-0.0083,"lastBolusTime":1703067976781,"time":"2023-12-20T12:46:01.201Z"}},{"iob":-0.017,"basaliob":-0.025,"bolussnooze":0,"activity":-4.0E-4,"lastBolusTime":1703067976781,"time":"2023-12-20T12:51:01.201Z","iobWithZeroTemp":{"iob":-0.755,"basaliob":-0.763,"bolussnooze":0,"activity":-0.0085,"lastBolusTime":1703067976781,"time":"2023-12-20T12:51:01.201Z"}},{"iob":-0.016,"basaliob":-0.023,"bolussnooze":0,"activity":-3.0E-4,"lastBolusTime":1703067976781,"time":"2023-12-20T12:56:01.201Z","iobWithZeroTemp":{"iob":-0.763,"basaliob":-0.77,"bolussnooze":0,"activity":-0.0085,"lastBolusTime":1703067976781,"time":"2023-12-20T12:56:01.201Z"}},{"iob":-0.013,"basaliob":-0.02,"bolussnooze":0,"activity":-3.0E-4,"lastBolusTime":1703067976781,"time":"2023-12-20T13:01:01.201Z","iobWithZeroTemp":{"iob":-0.769,"basaliob":-0.776,"bolussnooze":0,"activity":-0.0087,"lastBolusTime":1703067976781,"time":"2023-12-20T13:01:01.201Z"}},{"iob":-0.012,"basaliob":-0.018,"bolussnooze":0,"activity":-3.0E-4,"lastBolusTime":1703067976781,"time":"2023-12-20T13:06:01.201Z","iobWithZeroTemp":{"iob":-0.775,"basaliob":-0.781,"bolussnooze":0,"activity":-0.0088,"lastBolusTime":1703067976781,"time":"2023-12-20T13:06:01.201Z"}},{"iob":-0.011,"basaliob":-0.016,"bolussnooze":0,"activity":-3.0E-4,"lastBolusTime":1703067976781,"time":"2023-12-20T13:11:01.201Z","iobWithZeroTemp":{"iob":-0.781,"basaliob":-0.786,"bolussnooze":0,"activity":-0.009,"lastBolusTime":1703067976781,"time":"2023-12-20T13:11:01.201Z"}},{"iob":-0.009,"basaliob":-0.014,"bolussnooze":0,"activity":-2.0E-4,"lastBolusTime":1703067976781,"time":"2023-12-20T13:16:01.201Z","iobWithZeroTemp":{"iob":-0.786,"basaliob":-0.791,"bolussnooze":0,"activity":-0.009,"lastBolusTime":1703067976781,"time":"2023-12-20T13:16:01.201Z"}},{"iob":-0.008,"basaliob":-0.012,"bolussnooze":0,"activity":-2.0E-4,"lastBolusTime":1703067976781,"time":"2023-12-20T13:21:01.201Z","iobWithZeroTemp":{"iob":-0.79,"basaliob":-0.794,"bolussnooze":0,"activity":-0.0091,"lastBolusTime":1703067976781,"time":"2023-12-20T13:21:01.201Z"}},{"iob":-0.007,"basaliob":-0.011,"bolussnooze":0,"activity":-2.0E-4,"lastBolusTime":1703067976781,"time":"2023-12-20T13:26:01.201Z","iobWithZeroTemp":{"iob":-0.795,"basaliob":-0.799,"bolussnooze":0,"activity":-0.0092,"lastBolusTime":1703067976781,"time":"2023-12-20T13:26:01.201Z"}},{"iob":-0.007,"basaliob":-0.01,"bolussnooze":0,"activity":-2.0E-4,"lastBolusTime":1703067976781,"time":"2023-12-20T13:31:01.201Z","iobWithZeroTemp":{"iob":-0.799,"basaliob":-0.802,"bolussnooze":0,"activity":-0.0093,"lastBolusTime":1703067976781,"time":"2023-12-20T13:31:01.201Z"}},{"iob":-0.005,"basaliob":-0.008,"bolussnooze":0,"activity":-1.0E-4,"lastBolusTime":1703067976781,"time":"2023-12-20T13:36:01.201Z","iobWithZeroTemp":{"iob":-0.801,"basaliob":-0.804,"bolussnooze":0,"activity":-0.0093,"lastBolusTime":1703067976781,"time":"2023-12-20T13:36:01.201Z"}},{"iob":-0.005,"basaliob":-0.007,"bolussnooze":0,"activity":-1.0E-4,"lastBolusTime":1703067976781,"time":"2023-12-20T13:41:01.201Z","iobWithZeroTemp":{"iob":-0.805,"basaliob":-0.807,"bolussnooze":0,"activity":-0.0094,"lastBolusTime":1703067976781,"time":"2023-12-20T13:41:01.201Z"}},{"iob":-0.004,"basaliob":-0.006,"bolussnooze":0,"activity":-1.0E-4,"lastBolusTime":1703067976781,"time":"2023-12-20T13:46:01.201Z","iobWithZeroTemp":{"iob":-0.808,"basaliob":-0.81,"bolussnooze":0,"activity":-0.0095,"lastBolusTime":1703067976781,"time":"2023-12-20T13:46:01.201Z"}},{"iob":-0.003,"basaliob":-0.005,"bolussnooze":0,"activity":-1.0E-4,"lastBolusTime":1703067976781,"time":"2023-12-20T13:51:01.201Z","iobWithZeroTemp":{"iob":-0.81,"basaliob":-0.812,"bolussnooze":0,"activity":-0.0095,"lastBolusTime":1703067976781,"time":"2023-12-20T13:51:01.201Z"}},{"iob":-0.003,"basaliob":-0.005,"bolussnooze":0,"activity":-1.0E-4,"lastBolusTime":1703067976781,"time":"2023-12-20T13:56:01.201Z","iobWithZeroTemp":{"iob":-0.812,"basaliob":-0.814,"bolussnooze":0,"activity":-0.0096,"lastBolusTime":1703067976781,"time":"2023-12-20T13:56:01.201Z"}},{"iob":-0.003,"basaliob":-0.004,"bolussnooze":0,"activity":-1.0E-4,"lastBolusTime":1703067976781,"time":"2023-12-20T14:01:01.201Z","iobWithZeroTemp":{"iob":-0.815,"basaliob":-0.816,"bolussnooze":0,"activity":-0.0097,"lastBolusTime":1703067976781,"time":"2023-12-20T14:01:01.201Z"}},{"iob":-0.002,"basaliob":-0.003,"bolussnooze":0,"activity":-1.0E-4,"lastBolusTime":1703067976781,"time":"2023-12-20T14:06:01.201Z","iobWithZeroTemp":{"iob":-0.824,"basaliob":-0.825,"bolussnooze":0,"activity":-0.0097,"lastBolusTime":1703067976781,"time":"2023-12-20T14:06:01.201Z"}},{"iob":-0.002,"basaliob":-0.003,"bolussnooze":0,"activity":-1.0E-4,"lastBolusTime":1703067976781,"time":"2023-12-20T14:11:01.201Z","iobWithZeroTemp":{"iob":-0.834,"basaliob":-0.835,"bolussnooze":0,"activity":-0.0098,"lastBolusTime":1703067976781,"time":"2023-12-20T14:11:01.201Z"}},{"iob":-0.001,"basaliob":-0.002,"bolussnooze":0,"activity":-1.0E-4,"lastBolusTime":1703067976781,"time":"2023-12-20T14:16:01.201Z","iobWithZeroTemp":{"iob":-0.843,"basaliob":-0.844,"bolussnooze":0,"activity":-0.0099,"lastBolusTime":1703067976781,"time":"2023-12-20T14:16:01.201Z"}},{"iob":-0.001,"basaliob":-0.002,"bolussnooze":0,"activity":-1.0E-4,"lastBolusTime":1703067976781,"time":"2023-12-20T14:21:01.201Z","iobWithZeroTemp":{"iob":-0.852,"basaliob":-0.853,"bolussnooze":0,"activity":-0.01,"lastBolusTime":1703067976781,"time":"2023-12-20T14:21:01.201Z"}},{"iob":-0.001,"basaliob":-0.002,"bolussnooze":0,"activity":-1.0E-4,"lastBolusTime":1703067976781,"time":"2023-12-20T14:26:01.201Z","iobWithZeroTemp":{"iob":-0.861,"basaliob":-0.862,"bolussnooze":0,"activity":-0.0101,"lastBolusTime":1703067976781,"time":"2023-12-20T14:26:01.201Z"}}],"profile":{"max_iob":7,"type":"current","max_daily_basal":0.8,"max_basal":4.4,"min_bg":90,"max_bg":90,"target_bg":90,"carb_ratio":16,"sens":57,"max_daily_safety_multiplier":9,"current_basal_safety_multiplier":8,"lgsThreshold":65,"high_temptarget_raises_sensitivity":false,"low_temptarget_lowers_sensitivity":false,"sensitivity_raises_target":false,"resistance_lowers_target":false,"adv_target_adjustments":false,"exercise_mode":false,"half_basal_exercise_target":160,"maxCOB":120,"skip_neutral_temps":false,"remainingCarbsCap":90,"enableUAM":true,"A52_risk_enable":false,"SMBInterval":3,"enableSMB_with_COB":true,"enableSMB_with_temptarget":true,"allowSMB_with_high_temptarget":true,"enableSMB_always":true,"enableSMB_after_carbs":true,"maxSMBBasalMinutes":120,"maxUAMSMBBasalMinutes":90,"bolus_increment":0.05,"carbsReqThreshold":5,"current_basal":0.55,"temptargetSet":false,"autosens_max":1.6,"autosens_min":0.6,"variable_sens":122.7,"insulinDivisor":75,"TDD":19.84971071428572},"autosens_data":{"ratio":0.990108217788299},"meal_data":{"carbs":0,"mealCOB":0,"slopeFromMaxDeviation":0,"slopeFromMinDeviation":1.2477500000000001,"lastBolusTime":1703067976781,"lastCarbTime":0},"microBolusAllowed":true,"currentTime":1703068263474,"flatBGsDetected":false,"tdd1D":21.666666666666675,"tdd7D":21.121428571428574,"tddLast24H":20.912500000000005,"tddLast4H":1.7458333333333336,"tddLast8to4H":5.216666666666667},"output":{"temp":"absolute","bg":82,"tick":"+3","eventualBG":114,"targetBG":90,"insulinReq":0.13,"deliverAt":"2023-12-20T10:31:03.474Z","sensitivityRatio":0.990108217788299,"variable_sens":122.7,"predBGs":{"IOB":[82,85,87,89,91,94,95,97,99,100,101,102,103,103,104,105,105,106,106,106,107,107,108,108,108,108,109,109,109,109,110,110,110,110,110,110,110,110,110,110,111],"ZT":[82,83,84,85,86,88,89],"UAM":[82,84,86,88,89,90,91,92,93,94,94,95,96,97,97,98,99,99,100,100,100,101,101,102,102,102,102,103,103,103,103,103,104,104,104,104,104,104,104,104,104,104,104,104,104,105]},"reason":"COB: 0, Dev: 11, BGI: 1, ISF: 123, CR: 16, Target: 90, minPredBG 106, minGuardBG 84, IOBpredBG 111, UAMpredBG 105; Eventual BG 114 >= 90,  insulinReq 0.13. Microbolusing 0.05U. temp 0.75 < 0.8U\/hr.  25m left and 0.75 ~ req 0.8045595197835645U\/hr: no temp required","COB":0,"IOB":-0.173,"units":0.05,"timestamp":"2023-12-20T10:31:03.482Z"}}