{"algorithm":"OpenAPSSMBDynamicISFPlugin","input":{"glucoseStatus":{"glucose":91,"noise":0,"delta":4,"short_avgdelta":3.78,"long_avgdelta":2.13,"date":1703138137000},"currenttemp":{"temp":"absolute","duration":20,"rate":0.75,"minutesrunning":10},"iob_data":[{"iob":0.099,"basaliob":-0.448,"bolussnooze":0.0063,"activity":0.0028,"lastBolusTime":1703137893546,"time":"2023-12-21T05:56:02.604Z","iobWithZeroTemp":{"iob":0.099,"basaliob":-0.448,"bolussnooze":0.0063,"activity":0.0028,"lastBolusTime":1703137893546,"time":"2023-12-21T05:56:02.604Z"}},{"iob":0.086,"basaliob":-0.414,"bolussnooze":0.0043,"activity":0.0024,"lastBolusTime":1703137893546,"time":"2023-12-21T06:01:02.604Z","iobWithZeroTemp":{"iob":0.049,"basaliob":-0.451,"bolussnooze":0.0043,"activity":0.0024,"lastBolusTime":1703137893546,"time":"2023-12-21T06:01:02.604Z"}},{"iob":0.075,"basaliob":-0.381,"bolussnooze":0.0028,"activity":0.0022,"lastBolusTime":1703137893546,"time":"2023-12-21T06:06:02.604Z","iobWithZeroTemp":{"iob":-0.007,"basaliob":-0.463,"bolussnooze":0.0028,"activity":0.002,"lastBolusTime":1703137893546,"time":"2023-12-21T06:06:02.604Z"}},{"iob":0.065,"basaliob":-0.35,"bolussnooze":0.0019,"activity":0.0019,"lastBolusTime":1703137893546,"time":"2023-12-21T06:11:02.604Z","iobWithZeroTemp":{"iob":-0.062,"basaliob":-0.477,"bolussnooze":0.0019,"activity":0.0015,"lastBolusTime":1703137893546,"time":"2023-12-21T06:11:02.604Z"}},{"iob":0.056,"basaliob":-0.321,"bolussnooze":0.0012,"activity":0.0017,"lastBolusTime":1703137893546,"time":"2023-12-21T06:16:02.604Z","iobWithZeroTemp":{"iob":-0.114,"basaliob":-0.491,"bolussnooze":0.0012,"activity":0.001,"lastBolusTime":1703137893546,"time":"2023-12-21T06:16:02.604Z"}},{"iob":0.047,"basaliob":-0.294,"bolussnooze":7.0E-4,"activity":0.0016,"lastBolusTime":1703137893546,"time":"2023-12-21T06:21:02.604Z","iobWithZeroTemp":{"iob":-0.165,"basaliob":-0.506,"bolussnooze":7.0E-4,"activity":6.0E-4,"lastBolusTime":1703137893546,"time":"2023-12-21T06:21:02.604Z"}},{"iob":0.04,"basaliob":-0.269,"bolussnooze":4.0E-4,"activity":0.0014,"lastBolusTime":1703137893546,"time":"2023-12-21T06:26:02.604Z","iobWithZeroTemp":{"iob":-0.212,"basaliob":-0.521,"bolussnooze":4.0E-4,"activity":1.0E-4,"lastBolusTime":1703137893546,"time":"2023-12-21T06:26:02.604Z"}},{"iob":0.034,"basaliob":-0.245,"bolussnooze":2.0E-4,"activity":0.0012,"lastBolusTime":1703137893546,"time":"2023-12-21T06:31:02.604Z","iobWithZeroTemp":{"iob":-0.256,"basaliob":-0.535,"bolussnooze":2.0E-4,"activity":-5.0E-4,"lastBolusTime":1703137893546,"time":"2023-12-21T06:31:02.604Z"}},{"iob":0.028,"basaliob":-0.223,"bolussnooze":1.0E-4,"activity":0.0011,"lastBolusTime":1703137893546,"time":"2023-12-21T06:36:02.604Z","iobWithZeroTemp":{"iob":-0.298,"basaliob":-0.549,"bolussnooze":1.0E-4,"activity":-0.001,"lastBolusTime":1703137893546,"time":"2023-12-21T06:36:02.604Z"}},{"iob":0.023,"basaliob":-0.203,"bolussnooze":0,"activity":9.0E-4,"lastBolusTime":1703137893546,"time":"2023-12-21T06:41:02.604Z","iobWithZeroTemp":{"iob":-0.338,"basaliob":-0.564,"bolussnooze":0,"activity":-0.0016,"lastBolusTime":1703137893546,"time":"2023-12-21T06:41:02.604Z"}},{"iob":0.019,"basaliob":-0.184,"bolussnooze":0,"activity":8.0E-4,"lastBolusTime":1703137893546,"time":"2023-12-21T06:46:02.604Z","iobWithZeroTemp":{"iob":-0.374,"basaliob":-0.577,"bolussnooze":0,"activity":-0.0021,"lastBolusTime":1703137893546,"time":"2023-12-21T06:46:02.604Z"}},{"iob":0.015,"basaliob":-0.167,"bolussnooze":0,"activity":7.0E-4,"lastBolusTime":1703137893546,"time":"2023-12-21T06:51:02.604Z","iobWithZeroTemp":{"iob":-0.409,"basaliob":-0.591,"bolussnooze":0,"activity":-0.0026,"lastBolusTime":1703137893546,"time":"2023-12-21T06:51:02.604Z"}},{"iob":0.012,"basaliob":-0.151,"bolussnooze":0,"activity":6.0E-4,"lastBolusTime":1703137893546,"time":"2023-12-21T06:56:02.604Z","iobWithZeroTemp":{"iob":-0.44,"basaliob":-0.603,"bolussnooze":0,"activity":-0.0031,"lastBolusTime":1703137893546,"time":"2023-12-21T06:56:02.604Z"}},{"iob":0.009,"basaliob":-0.136,"bolussnooze":0,"activity":5.0E-4,"lastBolusTime":1703137893546,"time":"2023-12-21T07:01:02.604Z","iobWithZeroTemp":{"iob":-0.47,"basaliob":-0.615,"bolussnooze":0,"activity":-0.0035,"lastBolusTime":1703137893546,"time":"2023-12-21T07:01:02.604Z"}},{"iob":0.007,"basaliob":-0.122,"bolussnooze":0,"activity":4.0E-4,"lastBolusTime":1703137893546,"time":"2023-12-21T07:06:02.604Z","iobWithZeroTemp":{"iob":-0.497,"basaliob":-0.626,"bolussnooze":0,"activity":-0.004,"lastBolusTime":1703137893546,"time":"2023-12-21T07:06:02.604Z"}},{"iob":0.005,"basaliob":-0.11,"bolussnooze":0,"activity":3.0E-4,"lastBolusTime":1703137893546,"time":"2023-12-21T07:11:02.604Z","iobWithZeroTemp":{"iob":-0.522,"basaliob":-0.637,"bolussnooze":0,"activity":-0.0044,"lastBolusTime":1703137893546,"time":"2023-12-21T07:11:02.604Z"}},{"iob":0.003,"basaliob":-0.099,"bolussnooze":0,"activity":3.0E-4,"lastBolusTime":1703137893546,"time":"2023-12-21T07:16:02.604Z","iobWithZeroTemp":{"iob":-0.545,"basaliob":-0.647,"bolussnooze":0,"activity":-0.0048,"lastBolusTime":1703137893546,"time":"2023-12-21T07:16:02.604Z"}},{"iob":0.003,"basaliob":-0.087,"bolussnooze":0,"activity":3.0E-4,"lastBolusTime":1703137893546,"time":"2023-12-21T07:21:02.604Z","iobWithZeroTemp":{"iob":-0.565,"basaliob":-0.655,"bolussnooze":0,"activity":-0.0051,"lastBolusTime":1703137893546,"time":"2023-12-21T07:21:02.604Z"}},{"iob":0.001,"basaliob":-0.078,"bolussnooze":0,"activity":3.0E-4,"lastBolusTime":1703137893546,"time":"2023-12-21T07:26:02.604Z","iobWithZeroTemp":{"iob":-0.585,"basaliob":-0.664,"bolussnooze":0,"activity":-0.0054,"lastBolusTime":1703137893546,"time":"2023-12-21T07:26:02.604Z"}},{"iob":0,"basaliob":-0.07,"bolussnooze":0,"activity":2.0E-4,"lastBolusTime":1703137893546,"time":"2023-12-21T07:31:02.604Z","iobWithZeroTemp":{"iob":-0.603,"basaliob":-0.673,"bolussnooze":0,"activity":-0.0058,"lastBolusTime":1703137893546,"time":"2023-12-21T07:31:02.604Z"}},{"iob":-0.001,"basaliob":-0.062,"bolussnooze":0,"activity":2.0E-4,"lastBolusTime":1703137893546,"time":"2023-12-21T07:36:02.604Z","iobWithZeroTemp":{"iob":-0.619,"basaliob":-0.68,"bolussnooze":0,"activity":-0.006,"lastBolusTime":1703137893546,"time":"2023-12-21T07:36:02.604Z"}},{"iob":-0.001,"basaliob":-0.055,"bolussnooze":0,"activity":1.0E-4,"lastBolusTime":1703137893546,"time":"2023-12-21T07:41:02.604Z","iobWithZeroTemp":{"iob":-0.634,"basaliob":-0.688,"bolussnooze":0,"activity":-0.0064,"lastBolusTime":1703137893546,"time":"2023-12-21T07:41:02.604Z"}},{"iob":-0.002,"basaliob":-0.049,"bolussnooze":0,"activity":1.0E-4,"lastBolusTime":1703137893546,"time":"2023-12-21T07:46:02.604Z","iobWithZeroTemp":{"iob":-0.647,"basaliob":-0.694,"bolussnooze":0,"activity":-0.0066,"lastBolusTime":1703137893546,"time":"2023-12-21T07:46:02.604Z"}},{"iob":-0.002,"basaliob":-0.043,"bolussnooze":0,"activity":0,"lastBolusTime":1703137893546,"time":"2023-12-21T07:51:02.604Z","iobWithZeroTemp":{"iob":-0.659,"basaliob":-0.7,"bolussnooze":0,"activity":-0.0069,"lastBolusTime":1703137893546,"time":"2023-12-21T07:51:02.604Z"}},{"iob":-0.003,"basaliob":-0.038,"bolussnooze":0,"activity":0,"lastBolusTime":1703137893546,"time":"2023-12-21T07:56:02.604Z","iobWithZeroTemp":{"iob":-0.671,"basaliob":-0.706,"bolussnooze":0,"activity":-0.0071,"lastBolusTime":1703137893546,"time":"2023-12-21T07:56:02.604Z"}},{"iob":-0.004,"basaliob":-0.034,"bolussnooze":0,"activity":0,"lastBolusTime":1703137893546,"time":"2023-12-21T08:01:02.604Z","iobWithZeroTemp":{"iob":-0.682,"basaliob":-0.712,"bolussnooze":0,"activity":-0.0073,"lastBolusTime":1703137893546,"time":"2023-12-21T08:01:02.604Z"}},{"iob":-0.004,"basaliob":-0.03,"bolussnooze":0,"activity":0,"lastBolusTime":1703137893546,"time":"2023-12-21T08:06:02.604Z","iobWithZeroTemp":{"iob":-0.691,"basaliob":-0.717,"bolussnooze":0,"activity":-0.0075,"lastBolusTime":1703137893546,"time":"2023-12-21T08:06:02.604Z"}},{"iob":-0.003,"basaliob":-0.026,"bolussnooze":0,"activity":0,"lastBolusTime":1703137893546,"time":"2023-12-21T08:11:02.604Z","iobWithZeroTemp":{"iob":-0.698,"basaliob":-0.721,"bolussnooze":0,"activity":-0.0076,"lastBolusTime":1703137893546,"time":"2023-12-21T08:11:02.604Z"}},{"iob":-0.004,"basaliob":-0.023,"bolussnooze":0,"activity":0,"lastBolusTime":1703137893546,"time":"2023-12-21T08:16:02.604Z","iobWithZeroTemp":{"iob":-0.706,"basaliob":-0.725,"bolussnooze":0,"activity":-0.0078,"lastBolusTime":1703137893546,"time":"2023-12-21T08:16:02.604Z"}},{"iob":-0.003,"basaliob":-0.02,"bolussnooze":0,"activity":-1.0E-4,"lastBolusTime":1703137893546,"time":"2023-12-21T08:21:02.604Z","iobWithZeroTemp":{"iob":-0.711,"basaliob":-0.728,"bolussnooze":0,"activity":-0.008,"lastBolusTime":1703137893546,"time":"2023-12-21T08:21:02.604Z"}},{"iob":-0.003,"basaliob":-0.017,"bolussnooze":0,"activity":0,"lastBolusTime":1703137893546,"time":"2023-12-21T08:26:02.604Z","iobWithZeroTemp":{"iob":-0.717,"basaliob":-0.731,"bolussnooze":0,"activity":-0.0081,"lastBolusTime":1703137893546,"time":"2023-12-21T08:26:02.604Z"}},{"iob":-0.003,"basaliob":-0.015,"bolussnooze":0,"activity":0,"lastBolusTime":1703137893546,"time":"2023-12-21T08:31:02.604Z","iobWithZeroTemp":{"iob":-0.723,"basaliob":-0.735,"bolussnooze":0,"activity":-0.0082,"lastBolusTime":1703137893546,"time":"2023-12-21T08:31:02.604Z"}},{"iob":-0.003,"basaliob":-0.013,"bolussnooze":0,"activity":-1.0E-4,"lastBolusTime":1703137893546,"time":"2023-12-21T08:36:02.604Z","iobWithZeroTemp":{"iob":-0.727,"basaliob":-0.737,"bolussnooze":0,"activity":-0.0084,"lastBolusTime":1703137893546,"time":"2023-12-21T08:36:02.604Z"}},{"iob":-0.002,"basaliob":-0.011,"bolussnooze":0,"activity":0,"lastBolusTime":1703137893546,"time":"2023-12-21T08:41:02.604Z","iobWithZeroTemp":{"iob":-0.731,"basaliob":-0.74,"bolussnooze":0,"activity":-0.0084,"lastBolusTime":1703137893546,"time":"2023-12-21T08:41:02.604Z"}},{"iob":-0.002,"basaliob":-0.009,"bolussnooze":0,"activity":-1.0E-4,"lastBolusTime":1703137893546,"time":"2023-12-21T08:46:02.604Z","iobWithZeroTemp":{"iob":-0.734,"basaliob":-0.741,"bolussnooze":0,"activity":-0.0086,"lastBolusTime":1703137893546,"time":"2023-12-21T08:46:02.604Z"}},{"iob":-0.002,"basaliob":-0.008,"bolussnooze":0,"activity":-1.0E-4,"lastBolusTime":1703137893546,"time":"2023-12-21T08:51:02.604Z","iobWithZeroTemp":{"iob":-0.738,"basaliob":-0.744,"bolussnooze":0,"activity":-0.0086,"lastBolusTime":1703137893546,"time":"2023-12-21T08:51:02.604Z"}},{"iob":-0.002,"basaliob":-0.007,"bolussnooze":0,"activity":0,"lastBolusTime":1703137893546,"time":"2023-12-21T08:56:02.604Z","iobWithZeroTemp":{"iob":-0.741,"basaliob":-0.746,"bolussnooze":0,"activity":-0.0086,"lastBolusTime":1703137893546,"time":"2023-12-21T08:56:02.604Z"}},{"iob":-0.001,"basaliob":-0.006,"bolussnooze":0,"activity":-1.0E-4,"lastBolusTime":1703137893546,"time":"2023-12-21T09:01:02.604Z","iobWithZeroTemp":{"iob":-0.742,"basaliob":-0.747,"bolussnooze":0,"activity":-0.0088,"lastBolusTime":1703137893546,"time":"2023-12-21T09:01:02.604Z"}},{"iob":-0.001,"basaliob":-0.005,"bolussnooze":0,"activity":-1.0E-4,"lastBolusTime":1703137893546,"time":"2023-12-21T09:06:02.604Z","iobWithZeroTemp":{"iob":-0.745,"basaliob":-0.749,"bolussnooze":0,"activity":-0.0088,"lastBolusTime":1703137893546,"time":"2023-12-21T09:06:02.604Z"}},{"iob":0,"basaliob":-0.004,"bolussnooze":0,"activity":0,"lastBolusTime":1703137893546,"time":"2023-12-21T09:11:02.604Z","iobWithZeroTemp":{"iob":-0.746,"basaliob":-0.75,"bolussnooze":0,"activity":-0.0088,"lastBolusTime":1703137893546,"time":"2023-12-21T09:11:02.604Z"}},{"iob":0,"basaliob":-0.003,"bolussnooze":0,"activity":0,"lastBolusTime":1703137893546,"time":"2023-12-21T09:16:02.604Z","iobWithZeroTemp":{"iob":-0.748,"basaliob":-0.751,"bolussnooze":0,"activity":-0.0088,"lastBolusTime":1703137893546,"time":"2023-12-21T09:16:02.604Z"}},{"iob":0,"basaliob":-0.003,"bolussnooze":0,"activity":0,"lastBolusTime":1703137893546,"time":"2023-12-21T09:21:02.604Z","iobWithZeroTemp":{"iob":-0.749,"basaliob":-0.752,"bolussnooze":0,"activity":-0.0089,"lastBolusTime":1703137893546,"time":"2023-12-21T09:21:02.604Z"}},{"iob":0,"basaliob":-0.002,"bolussnooze":0,"activity":0,"lastBolusTime":1703137893546,"time":"2023-12-21T09:26:02.604Z","iobWithZeroTemp":{"iob":-0.751,"basaliob":-0.753,"bolussnooze":0,"activity":-0.0089,"lastBolusTime":1703137893546,"time":"2023-12-21T09:26:02.604Z"}},{"iob":0,"basaliob":-0.002,"bolussnooze":0,"activity":0,"lastBolusTime":1703137893546,"time":"2023-12-21T09:31:02.604Z","iobWithZeroTemp":{"iob":-0.752,"basaliob":-0.754,"bolussnooze":0,"activity":-0.0089,"lastBolusTime":1703137893546,"time":"2023-12-21T09:31:02.604Z"}},{"iob":0.001,"basaliob":-0.001,"bolussnooze":0,"activity":0,"lastBolusTime":1703137893546,"time":"2023-12-21T09:36:02.604Z","iobWithZeroTemp":{"iob":-0.752,"basaliob":-0.754,"bolussnooze":0,"activity":-0.009,"lastBolusTime":1703137893546,"time":"2023-12-21T09:36:02.604Z"}},{"iob":0,"basaliob":-0.001,"bolussnooze":0,"activity":-1.0E-4,"lastBolusTime":1703137893546,"time":"2023-12-21T09:41:02.604Z","iobWithZeroTemp":{"iob":-0.754,"basaliob":-0.755,"bolussnooze":0,"activity":-0.0091,"lastBolusTime":1703137893546,"time":"2023-12-21T09:41:02.604Z"}},{"iob":0,"basaliob":-0.001,"bolussnooze":0,"activity":0,"lastBolusTime":1703137893546,"time":"2023-12-21T09:46:02.604Z","iobWithZeroTemp":{"iob":-0.755,"basaliob":-0.756,"bolussnooze":0,"activity":-0.009,"lastBolusTime":1703137893546,"time":"2023-12-21T09:46:02.604Z"}},{"iob":0,"basaliob":-0.001,"bolussnooze":0,"activity":0,"lastBolusTime":1703137893546,"time":"2023-12-21T09:51:02.604Z","iobWithZeroTemp":{"iob":-0.756,"basaliob":-0.757,"bolussnooze":0,"activity":-0.009,"lastBolusTime":1703137893546,"time":"2023-12-21T09:51:02.604Z"}}],"profile":{"max_iob":7,"type":"current","max_daily_basal":0.8,"max_basal":4.4,"min_bg":80,"max_bg":90,"target_bg":85,"carb_ratio":14,"sens":57,"max_daily_safety_multiplier":9,"current_basal_safety_multiplier":8,"lgsThreshold":65,"high_temptarget_raises_sensitivity":false,"low_temptarget_lowers_sensitivity":false,"sensitivity_raises_target":false,"resistance_lowers_target":false,"adv_target_adjustments":false,"exercise_mode":false,"half_basal_exercise_target":160,"maxCOB":120,"skip_neutral_temps":false,"remainingCarbsCap":90,"enableUAM":true,"A52_risk_enable":false,"SMBInterval":3,"enableSMB_with_COB":true,"enableSMB_with_temptarget":true,"allowSMB_with_high_temptarget":true,"enableSMB_always":true,"enableSMB_after_carbs":true,"maxSMBBasalMinutes":120,"maxUAMSMBBasalMinutes":90,"bolus_increment":0.05,"carbsReqThreshold":5,"current_basal":0.55,"temptargetSet":false,"autosens_max":1.6,"autosens_min":0.6,"variable_sens":97.5,"insulinDivisor":75,"TDD":23.231385714285718},"autosens_data":{"ratio":0.968211024687183},"meal_data":{"carbs":0,"mealCOB":0,"slopeFromMaxDeviation":-0.21375,"slopeFromMinDeviation":0.8480000000000003,"lastBolusTime":1703137893546,"lastCarbTime":0},"microBolusAllowed":true,"currentTime":1703138164952,"flatBGsDetected":false,"tdd1D":21.666666666666675,"tdd7D":21.121428571428574,"tddLast24H":20.450000000000003,"tddLast4H":4.125,"tddLast8to4H":5.3583333333333325},"output":{"temp":"absolute","bg":91,"tick":"+4","eventualBG":127,"targetBG":85,"insulinReq":0.34,"deliverAt":"2023-12-21T05:56:04.952Z","sensitivityRatio":0.968211024687183,"variable_sens":97.5,"predBGs":{"IOB":[91,94,98,100,103,105,107,109,110,111,111,111,111,111,111,110],"ZT":[91,90,88,87,87,86,86,86,86,87,87],"UAM":[91,95,98,101,105,108,110,113,115,118,120,121,123,124,125,126,127,127,127,127,127,127,126,126,126,126,126,126,126,126,126,126,126,127]},"reason":"COB: 0, Dev: 31, BGI: -1, ISF: 98, CR: 14, Target: 85, minPredBG 118, minGuardBG 95, IOBpredBG 110, UAMpredBG 127; Eventual BG 127 >= 90,  insulinReq 0.34. Microbolusing 0.15U. temp 0.75 < 1.21U\/hr. ","COB":0,"IOB":0.099,"units":0.15,"duration":30,"rate":1.2125160635779508,"timestamp":"2023-12-21T05:56:04.981Z"}}