{"algorithm":"OpenAPSSMBDynamicISFPlugin","input":{"glucoseStatus":{"glucose":70,"noise":0,"delta":-1,"short_avgdelta":-0.44,"long_avgdelta":-5.38,"date":1703133936000},"currenttemp":{"temp":"absolute","duration":100,"rate":0,"minutesrunning":20},"iob_data":[{"iob":0.885,"basaliob":-0.749,"bolussnooze":0.2634,"activity":0.017,"lastBolusTime":1703131207590,"time":"2023-12-21T04:45:54.883Z","iobWithZeroTemp":{"iob":0.885,"basaliob":-0.749,"bolussnooze":0.2634,"activity":0.017,"lastBolusTime":1703131207590,"time":"2023-12-21T04:45:54.883Z"}},{"iob":0.803,"basaliob":-0.707,"bolussnooze":0.2159,"activity":0.0157,"lastBolusTime":1703131207590,"time":"2023-12-21T04:50:54.883Z","iobWithZeroTemp":{"iob":0.763,"basaliob":-0.747,"bolussnooze":0.2159,"activity":0.0157,"lastBolusTime":1703131207590,"time":"2023-12-21T04:50:54.883Z"}},{"iob":0.727,"basaliob":-0.664,"bolussnooze":0.1756,"activity":0.0145,"lastBolusTime":1703131207590,"time":"2023-12-21T04:55:54.883Z","iobWithZeroTemp":{"iob":0.638,"basaliob":-0.753,"bolussnooze":0.1756,"activity":0.0143,"lastBolusTime":1703131207590,"time":"2023-12-21T04:55:54.883Z"}},{"iob":0.659,"basaliob":-0.621,"bolussnooze":0.1417,"activity":0.0133,"lastBolusTime":1703131207590,"time":"2023-12-21T05:00:54.883Z","iobWithZeroTemp":{"iob":0.521,"basaliob":-0.759,"bolussnooze":0.1417,"activity":0.0129,"lastBolusTime":1703131207590,"time":"2023-12-21T05:00:54.883Z"}},{"iob":0.595,"basaliob":-0.58,"bolussnooze":0.1134,"activity":0.0122,"lastBolusTime":1703131207590,"time":"2023-12-21T05:05:54.883Z","iobWithZeroTemp":{"iob":0.414,"basaliob":-0.761,"bolussnooze":0.1134,"activity":0.0115,"lastBolusTime":1703131207590,"time":"2023-12-21T05:05:54.883Z"}},{"iob":0.536,"basaliob":-0.54,"bolussnooze":0.09,"activity":0.0112,"lastBolusTime":1703131207590,"time":"2023-12-21T05:10:54.883Z","iobWithZeroTemp":{"iob":0.313,"basaliob":-0.763,"bolussnooze":0.09,"activity":0.0102,"lastBolusTime":1703131207590,"time":"2023-12-21T05:10:54.883Z"}},{"iob":0.483,"basaliob":-0.501,"bolussnooze":0.0708,"activity":0.0102,"lastBolusTime":1703131207590,"time":"2023-12-21T05:15:54.883Z","iobWithZeroTemp":{"iob":0.22,"basaliob":-0.764,"bolussnooze":0.0708,"activity":0.0088,"lastBolusTime":1703131207590,"time":"2023-12-21T05:15:54.883Z"}},{"iob":0.434,"basaliob":-0.464,"bolussnooze":0.0551,"activity":0.0094,"lastBolusTime":1703131207590,"time":"2023-12-21T05:20:54.883Z","iobWithZeroTemp":{"iob":0.133,"basaliob":-0.765,"bolussnooze":0.0551,"activity":0.0076,"lastBolusTime":1703131207590,"time":"2023-12-21T05:20:54.883Z"}},{"iob":0.389,"basaliob":-0.429,"bolussnooze":0.0424,"activity":0.0085,"lastBolusTime":1703131207590,"time":"2023-12-21T05:25:54.883Z","iobWithZeroTemp":{"iob":0.052,"basaliob":-0.766,"bolussnooze":0.0424,"activity":0.0063,"lastBolusTime":1703131207590,"time":"2023-12-21T05:25:54.883Z"}},{"iob":0.349,"basaliob":-0.395,"bolussnooze":0.0323,"activity":0.0078,"lastBolusTime":1703131207590,"time":"2023-12-21T05:30:54.883Z","iobWithZeroTemp":{"iob":-0.022,"basaliob":-0.766,"bolussnooze":0.0323,"activity":0.0052,"lastBolusTime":1703131207590,"time":"2023-12-21T05:30:54.883Z"}},{"iob":0.311,"basaliob":-0.364,"bolussnooze":0.0242,"activity":0.007,"lastBolusTime":1703131207590,"time":"2023-12-21T05:35:54.883Z","iobWithZeroTemp":{"iob":-0.092,"basaliob":-0.767,"bolussnooze":0.0242,"activity":0.004,"lastBolusTime":1703131207590,"time":"2023-12-21T05:35:54.883Z"}},{"iob":0.278,"basaliob":-0.334,"bolussnooze":0.0179,"activity":0.0064,"lastBolusTime":1703131207590,"time":"2023-12-21T05:40:54.883Z","iobWithZeroTemp":{"iob":-0.155,"basaliob":-0.767,"bolussnooze":0.0179,"activity":0.003,"lastBolusTime":1703131207590,"time":"2023-12-21T05:40:54.883Z"}},{"iob":0.247,"basaliob":-0.306,"bolussnooze":0.0129,"activity":0.0058,"lastBolusTime":1703131207590,"time":"2023-12-21T05:45:54.883Z","iobWithZeroTemp":{"iob":-0.214,"basaliob":-0.767,"bolussnooze":0.0129,"activity":0.002,"lastBolusTime":1703131207590,"time":"2023-12-21T05:45:54.883Z"}},{"iob":0.22,"basaliob":-0.279,"bolussnooze":0.0092,"activity":0.0052,"lastBolusTime":1703131207590,"time":"2023-12-21T05:50:54.883Z","iobWithZeroTemp":{"iob":-0.267,"basaliob":-0.766,"bolussnooze":0.0092,"activity":0.0011,"lastBolusTime":1703131207590,"time":"2023-12-21T05:50:54.883Z"}},{"iob":0.195,"basaliob":-0.255,"bolussnooze":0.0064,"activity":0.0048,"lastBolusTime":1703131207590,"time":"2023-12-21T05:55:54.883Z","iobWithZeroTemp":{"iob":-0.316,"basaliob":-0.766,"bolussnooze":0.0064,"activity":3.0E-4,"lastBolusTime":1703131207590,"time":"2023-12-21T05:55:54.883Z"}},{"iob":0.172,"basaliob":-0.232,"bolussnooze":0.0043,"activity":0.0043,"lastBolusTime":1703131207590,"time":"2023-12-21T06:00:54.883Z","iobWithZeroTemp":{"iob":-0.362,"basaliob":-0.766,"bolussnooze":0.0043,"activity":-5.0E-4,"lastBolusTime":1703131207590,"time":"2023-12-21T06:00:54.883Z"}},{"iob":0.152,"basaliob":-0.211,"bolussnooze":0.0029,"activity":0.0038,"lastBolusTime":1703131207590,"time":"2023-12-21T06:05:54.883Z","iobWithZeroTemp":{"iob":-0.403,"basaliob":-0.766,"bolussnooze":0.0029,"activity":-0.0014,"lastBolusTime":1703131207590,"time":"2023-12-21T06:05:54.883Z"}},{"iob":0.133,"basaliob":-0.192,"bolussnooze":0.0019,"activity":0.0035,"lastBolusTime":1703131207590,"time":"2023-12-21T06:10:54.883Z","iobWithZeroTemp":{"iob":-0.441,"basaliob":-0.766,"bolussnooze":0.0019,"activity":-0.002,"lastBolusTime":1703131207590,"time":"2023-12-21T06:10:54.883Z"}},{"iob":0.117,"basaliob":-0.174,"bolussnooze":0.0012,"activity":0.0031,"lastBolusTime":1703131207590,"time":"2023-12-21T06:15:54.883Z","iobWithZeroTemp":{"iob":-0.475,"basaliob":-0.766,"bolussnooze":0.0012,"activity":-0.0027,"lastBolusTime":1703131207590,"time":"2023-12-21T06:15:54.883Z"}},{"iob":0.102,"basaliob":-0.157,"bolussnooze":7.0E-4,"activity":0.0028,"lastBolusTime":1703131207590,"time":"2023-12-21T06:20:54.883Z","iobWithZeroTemp":{"iob":-0.506,"basaliob":-0.765,"bolussnooze":7.0E-4,"activity":-0.0032,"lastBolusTime":1703131207590,"time":"2023-12-21T06:20:54.883Z"}},{"iob":0.089,"basaliob":-0.142,"bolussnooze":4.0E-4,"activity":0.0025,"lastBolusTime":1703131207590,"time":"2023-12-21T06:25:54.883Z","iobWithZeroTemp":{"iob":-0.534,"basaliob":-0.765,"bolussnooze":4.0E-4,"activity":-0.0038,"lastBolusTime":1703131207590,"time":"2023-12-21T06:25:54.883Z"}},{"iob":0.077,"basaliob":-0.128,"bolussnooze":2.0E-4,"activity":0.0022,"lastBolusTime":1703131207590,"time":"2023-12-21T06:30:54.883Z","iobWithZeroTemp":{"iob":-0.56,"basaliob":-0.765,"bolussnooze":2.0E-4,"activity":-0.0043,"lastBolusTime":1703131207590,"time":"2023-12-21T06:30:54.883Z"}},{"iob":0.067,"basaliob":-0.115,"bolussnooze":1.0E-4,"activity":0.0019,"lastBolusTime":1703131207590,"time":"2023-12-21T06:35:54.883Z","iobWithZeroTemp":{"iob":-0.582,"basaliob":-0.764,"bolussnooze":1.0E-4,"activity":-0.0049,"lastBolusTime":1703131207590,"time":"2023-12-21T06:35:54.883Z"}},{"iob":0.057,"basaliob":-0.103,"bolussnooze":0,"activity":0.0018,"lastBolusTime":1703131207590,"time":"2023-12-21T06:40:54.883Z","iobWithZeroTemp":{"iob":-0.604,"basaliob":-0.764,"bolussnooze":0,"activity":-0.0052,"lastBolusTime":1703131207590,"time":"2023-12-21T06:40:54.883Z"}},{"iob":0.05,"basaliob":-0.092,"bolussnooze":0,"activity":0.0015,"lastBolusTime":1703131207590,"time":"2023-12-21T06:45:54.883Z","iobWithZeroTemp":{"iob":-0.621,"basaliob":-0.763,"bolussnooze":0,"activity":-0.0057,"lastBolusTime":1703131207590,"time":"2023-12-21T06:45:54.883Z"}},{"iob":0.043,"basaliob":-0.082,"bolussnooze":0,"activity":0.0013,"lastBolusTime":1703131207590,"time":"2023-12-21T06:50:54.883Z","iobWithZeroTemp":{"iob":-0.638,"basaliob":-0.763,"bolussnooze":0,"activity":-0.0061,"lastBolusTime":1703131207590,"time":"2023-12-21T06:50:54.883Z"}},{"iob":0.035,"basaliob":-0.074,"bolussnooze":0,"activity":0.0012,"lastBolusTime":1703131207590,"time":"2023-12-21T06:55:54.883Z","iobWithZeroTemp":{"iob":-0.654,"basaliob":-0.763,"bolussnooze":0,"activity":-0.0063,"lastBolusTime":1703131207590,"time":"2023-12-21T06:55:54.883Z"}},{"iob":0.031,"basaliob":-0.065,"bolussnooze":0,"activity":0.0011,"lastBolusTime":1703131207590,"time":"2023-12-21T07:00:54.883Z","iobWithZeroTemp":{"iob":-0.666,"basaliob":-0.762,"bolussnooze":0,"activity":-0.0066,"lastBolusTime":1703131207590,"time":"2023-12-21T07:00:54.883Z"}},{"iob":0.025,"basaliob":-0.058,"bolussnooze":0,"activity":9.0E-4,"lastBolusTime":1703131207590,"time":"2023-12-21T07:05:54.883Z","iobWithZeroTemp":{"iob":-0.679,"basaliob":-0.762,"bolussnooze":0,"activity":-0.0069,"lastBolusTime":1703131207590,"time":"2023-12-21T07:05:54.883Z"}},{"iob":0.02,"basaliob":-0.052,"bolussnooze":0,"activity":8.0E-4,"lastBolusTime":1703131207590,"time":"2023-12-21T07:10:54.883Z","iobWithZeroTemp":{"iob":-0.69,"basaliob":-0.762,"bolussnooze":0,"activity":-0.0072,"lastBolusTime":1703131207590,"time":"2023-12-21T07:10:54.883Z"}},{"iob":0.017,"basaliob":-0.046,"bolussnooze":0,"activity":7.0E-4,"lastBolusTime":1703131207590,"time":"2023-12-21T07:15:54.883Z","iobWithZeroTemp":{"iob":-0.699,"basaliob":-0.762,"bolussnooze":0,"activity":-0.0074,"lastBolusTime":1703131207590,"time":"2023-12-21T07:15:54.883Z"}},{"iob":0.015,"basaliob":-0.039,"bolussnooze":0,"activity":6.0E-4,"lastBolusTime":1703131207590,"time":"2023-12-21T07:20:54.883Z","iobWithZeroTemp":{"iob":-0.706,"basaliob":-0.76,"bolussnooze":0,"activity":-0.0076,"lastBolusTime":1703131207590,"time":"2023-12-21T07:20:54.883Z"}},{"iob":0.011,"basaliob":-0.035,"bolussnooze":0,"activity":5.0E-4,"lastBolusTime":1703131207590,"time":"2023-12-21T07:25:54.883Z","iobWithZeroTemp":{"iob":-0.715,"basaliob":-0.761,"bolussnooze":0,"activity":-0.0078,"lastBolusTime":1703131207590,"time":"2023-12-21T07:25:54.883Z"}},{"iob":0.008,"basaliob":-0.031,"bolussnooze":0,"activity":5.0E-4,"lastBolusTime":1703131207590,"time":"2023-12-21T07:30:54.883Z","iobWithZeroTemp":{"iob":-0.722,"basaliob":-0.761,"bolussnooze":0,"activity":-0.0079,"lastBolusTime":1703131207590,"time":"2023-12-21T07:30:54.883Z"}},{"iob":0.006,"basaliob":-0.027,"bolussnooze":0,"activity":4.0E-4,"lastBolusTime":1703131207590,"time":"2023-12-21T07:35:54.883Z","iobWithZeroTemp":{"iob":-0.728,"basaliob":-0.761,"bolussnooze":0,"activity":-0.0081,"lastBolusTime":1703131207590,"time":"2023-12-21T07:35:54.883Z"}},{"iob":0.004,"basaliob":-0.024,"bolussnooze":0,"activity":4.0E-4,"lastBolusTime":1703131207590,"time":"2023-12-21T07:40:54.883Z","iobWithZeroTemp":{"iob":-0.733,"basaliob":-0.761,"bolussnooze":0,"activity":-0.0082,"lastBolusTime":1703131207590,"time":"2023-12-21T07:40:54.883Z"}},{"iob":0.003,"basaliob":-0.021,"bolussnooze":0,"activity":3.0E-4,"lastBolusTime":1703131207590,"time":"2023-12-21T07:45:54.883Z","iobWithZeroTemp":{"iob":-0.737,"basaliob":-0.761,"bolussnooze":0,"activity":-0.0083,"lastBolusTime":1703131207590,"time":"2023-12-21T07:45:54.883Z"}},{"iob":0.002,"basaliob":-0.018,"bolussnooze":0,"activity":2.0E-4,"lastBolusTime":1703131207590,"time":"2023-12-21T07:50:54.883Z","iobWithZeroTemp":{"iob":-0.74,"basaliob":-0.76,"bolussnooze":0,"activity":-0.0085,"lastBolusTime":1703131207590,"time":"2023-12-21T07:50:54.883Z"}},{"iob":0,"basaliob":-0.016,"bolussnooze":0,"activity":2.0E-4,"lastBolusTime":1703131207590,"time":"2023-12-21T07:55:54.883Z","iobWithZeroTemp":{"iob":-0.745,"basaliob":-0.761,"bolussnooze":0,"activity":-0.0085,"lastBolusTime":1703131207590,"time":"2023-12-21T07:55:54.883Z"}},{"iob":0,"basaliob":-0.013,"bolussnooze":0,"activity":2.0E-4,"lastBolusTime":1703131207590,"time":"2023-12-21T08:00:54.883Z","iobWithZeroTemp":{"iob":-0.747,"basaliob":-0.76,"bolussnooze":0,"activity":-0.0086,"lastBolusTime":1703131207590,"time":"2023-12-21T08:00:54.883Z"}},{"iob":-0.001,"basaliob":-0.012,"bolussnooze":0,"activity":1.0E-4,"lastBolusTime":1703131207590,"time":"2023-12-21T08:05:54.883Z","iobWithZeroTemp":{"iob":-0.749,"basaliob":-0.76,"bolussnooze":0,"activity":-0.0087,"lastBolusTime":1703131207590,"time":"2023-12-21T08:05:54.883Z"}},{"iob":-0.001,"basaliob":-0.01,"bolussnooze":0,"activity":1.0E-4,"lastBolusTime":1703131207590,"time":"2023-12-21T08:10:54.883Z","iobWithZeroTemp":{"iob":-0.751,"basaliob":-0.76,"bolussnooze":0,"activity":-0.0088,"lastBolusTime":1703131207590,"time":"2023-12-21T08:10:54.883Z"}},{"iob":-0.001,"basaliob":-0.008,"bolussnooze":0,"activity":0,"lastBolusTime":1703131207590,"time":"2023-12-21T08:15:54.883Z","iobWithZeroTemp":{"iob":-0.752,"basaliob":-0.759,"bolussnooze":0,"activity":-0.0089,"lastBolusTime":1703131207590,"time":"2023-12-21T08:15:54.883Z"}},{"iob":-0.002,"basaliob":-0.007,"bolussnooze":0,"activity":1.0E-4,"lastBolusTime":1703131207590,"time":"2023-12-21T08:20:54.883Z","iobWithZeroTemp":{"iob":-0.754,"basaliob":-0.759,"bolussnooze":0,"activity":-0.0089,"lastBolusTime":1703131207590,"time":"2023-12-21T08:20:54.883Z"}},{"iob":-0.002,"basaliob":-0.006,"bolussnooze":0,"activity":0,"lastBolusTime":1703131207590,"time":"2023-12-21T08:25:54.883Z","iobWithZeroTemp":{"iob":-0.756,"basaliob":-0.76,"bolussnooze":0,"activity":-0.009,"lastBolusTime":1703131207590,"time":"2023-12-21T08:25:54.883Z"}},{"iob":-0.002,"basaliob":-0.005,"bolussnooze":0,"activity":0,"lastBolusTime":1703131207590,"time":"2023-12-21T08:30:54.883Z","iobWithZeroTemp":{"iob":-0.756,"basaliob":-0.759,"bolussnooze":0,"activity":-0.009,"lastBolusTime":1703131207590,"time":"2023-12-21T08:30:54.883Z"}},{"iob":-0.002,"basaliob":-0.004,"bolussnooze":0,"activity":-1.0E-4,"lastBolusTime":1703131207590,"time":"2023-12-21T08:35:54.883Z","iobWithZeroTemp":{"iob":-0.757,"basaliob":-0.759,"bolussnooze":0,"activity":-0.0091,"lastBolusTime":1703131207590,"time":"2023-12-21T08:35:54.883Z"}},{"iob":-0.002,"basaliob":-0.003,"bolussnooze":0,"activity":0,"lastBolusTime":1703131207590,"time":"2023-12-21T08:40:54.883Z","iobWithZeroTemp":{"iob":-0.758,"basaliob":-0.759,"bolussnooze":0,"activity":-0.0091,"lastBolusTime":1703131207590,"time":"2023-12-21T08:40:54.883Z"}}],"profile":{"max_iob":7,"type":"current","max_daily_basal":0.8,"max_basal":4.8,"min_bg":80,"max_bg":90,"target_bg":85,"carb_ratio":14,"sens":57,"max_daily_safety_multiplier":9,"current_basal_safety_multiplier":8,"lgsThreshold":65,"high_temptarget_raises_sensitivity":false,"low_temptarget_lowers_sensitivity":false,"sensitivity_raises_target":false,"resistance_lowers_target":false,"adv_target_adjustments":false,"exercise_mode":false,"half_basal_exercise_target":160,"maxCOB":120,"skip_neutral_temps":false,"remainingCarbsCap":90,"enableUAM":true,"A52_risk_enable":false,"SMBInterval":3,"enableSMB_with_COB":true,"enableSMB_with_temptarget":true,"allowSMB_with_high_temptarget":true,"enableSMB_always":true,"enableSMB_after_carbs":true,"maxSMBBasalMinutes":120,"maxUAMSMBBasalMinutes":90,"bolus_increment":0.05,"carbsReqThreshold":5,"current_basal":0.6,"temptargetSet":false,"autosens_max":1.6,"autosens_min":0.6,"variable_sens":110.3,"insulinDivisor":75,"TDD":24.756810714285717},"autosens_data":{"ratio":1.0917033028970802},"meal_data":{"carbs":0,"mealCOB":0,"slopeFromMaxDeviation":-1.1481818181818182,"slopeFromMinDeviation":3.2982500000000003,"lastBolusTime":1703131207590,"lastCarbTime":0},"microBolusAllowed":true,"currentTime":1703133956905,"flatBGsDetected":false,"tdd1D":21.666666666666675,"tdd7D":21.121428571428574,"tddLast24H":23.058333333333334,"tddLast4H":5.879166666666667,"tddLast8to4H":3.8333333333333326},"output":{"temp":"absolute","bg":70,"tick":-1,"eventualBG":39,"targetBG":85,"insulinReq":0,"deliverAt":"2023-12-21T04:45:56.905Z","sensitivityRatio":1.0917033028970802,"variable_sens":110.3,"predBGs":{"IOB":[70,68,67,65,62,60,57,54,51,47,42,39,39],"ZT":[70,61,51,41,39,39,39,39,39,39,39,39,39,39,39,39,39,39,39,39,39,39,39,39,39,39,39,39,39,39,39,43,49,54,60,65,69,74,79,83],"UAM":[70,68,65,62,57,52,46,39,39,39,39,39,39]},"reason":"COB: 0, Dev: 50, BGI: -9, ISF: 110, CR: 14, Target: 85, minPredBG -22, minGuardBG -41, IOBpredBG 39, UAMpredBG 39; 11 add'l carbs req w\/in 20m; minGuardBG -41<65","COB":0,"IOB":0.885,"carbsReq":11,"carbsReqWithin":20,"duration":120,"rate":0,"timestamp":"2023-12-21T04:45:56.911Z"}}