{"algorithm":"OpenAPSSMBDynamicISFPlugin","input":{"glucoseStatus":{"glucose":89,"noise":0,"delta":0,"short_avgdelta":-0.17,"long_avgdelta":0.49,"date":1703088338000},"currenttemp":{"temp":"absolute","duration":25,"rate":0.05,"minutesrunning":5},"iob_data":[{"iob":-0.021,"basaliob":-0.275,"bolussnooze":0.0086,"activity":4.0E-4,"lastBolusTime":1703087192890,"time":"2023-12-20T16:06:00.593Z","iobWithZeroTemp":{"iob":-0.021,"basaliob":-0.275,"bolussnooze":0.0086,"activity":4.0E-4,"lastBolusTime":1703087192890,"time":"2023-12-20T16:06:00.593Z"}},{"iob":-0.022,"basaliob":-0.257,"bolussnooze":0.0064,"activity":2.0E-4,"lastBolusTime":1703087192890,"time":"2023-12-20T16:11:00.593Z","iobWithZeroTemp":{"iob":-0.069,"basaliob":-0.304,"bolussnooze":0.0064,"activity":2.0E-4,"lastBolusTime":1703087192890,"time":"2023-12-20T16:11:00.593Z"}},{"iob":-0.023,"basaliob":-0.239,"bolussnooze":0.0046,"activity":2.0E-4,"lastBolusTime":1703087192890,"time":"2023-12-20T16:16:00.593Z","iobWithZeroTemp":{"iob":-0.127,"basaliob":-0.343,"bolussnooze":0.0046,"activity":0,"lastBolusTime":1703087192890,"time":"2023-12-20T16:16:00.593Z"}},{"iob":-0.024,"basaliob":-0.223,"bolussnooze":0.0033,"activity":1.0E-4,"lastBolusTime":1703087192890,"time":"2023-12-20T16:21:00.593Z","iobWithZeroTemp":{"iob":-0.185,"basaliob":-0.384,"bolussnooze":0.0033,"activity":-4.0E-4,"lastBolusTime":1703087192890,"time":"2023-12-20T16:21:00.593Z"}},{"iob":-0.023,"basaliob":-0.206,"bolussnooze":0.0023,"activity":0,"lastBolusTime":1703087192890,"time":"2023-12-20T16:26:00.593Z","iobWithZeroTemp":{"iob":-0.239,"basaliob":-0.422,"bolussnooze":0.0023,"activity":-8.0E-4,"lastBolusTime":1703087192890,"time":"2023-12-20T16:26:00.593Z"}},{"iob":-0.024,"basaliob":-0.191,"bolussnooze":0.0015,"activity":0,"lastBolusTime":1703087192890,"time":"2023-12-20T16:31:00.593Z","iobWithZeroTemp":{"iob":-0.293,"basaliob":-0.46,"bolussnooze":0.0015,"activity":-0.0012,"lastBolusTime":1703087192890,"time":"2023-12-20T16:31:00.593Z"}},{"iob":-0.023,"basaliob":-0.176,"bolussnooze":9.0E-4,"activity":-1.0E-4,"lastBolusTime":1703087192890,"time":"2023-12-20T16:36:00.593Z","iobWithZeroTemp":{"iob":-0.343,"basaliob":-0.496,"bolussnooze":9.0E-4,"activity":-0.0018,"lastBolusTime":1703087192890,"time":"2023-12-20T16:36:00.593Z"}},{"iob":-0.023,"basaliob":-0.162,"bolussnooze":5.0E-4,"activity":-1.0E-4,"lastBolusTime":1703087192890,"time":"2023-12-20T16:41:00.593Z","iobWithZeroTemp":{"iob":-0.392,"basaliob":-0.531,"bolussnooze":5.0E-4,"activity":-0.0023,"lastBolusTime":1703087192890,"time":"2023-12-20T16:41:00.593Z"}},{"iob":-0.022,"basaliob":-0.149,"bolussnooze":3.0E-4,"activity":-2.0E-4,"lastBolusTime":1703087192890,"time":"2023-12-20T16:46:00.593Z","iobWithZeroTemp":{"iob":-0.438,"basaliob":-0.565,"bolussnooze":3.0E-4,"activity":-0.0029,"lastBolusTime":1703087192890,"time":"2023-12-20T16:46:00.593Z"}},{"iob":-0.021,"basaliob":-0.136,"bolussnooze":1.0E-4,"activity":-2.0E-4,"lastBolusTime":1703087192890,"time":"2023-12-20T16:51:00.593Z","iobWithZeroTemp":{"iob":-0.48,"basaliob":-0.595,"bolussnooze":1.0E-4,"activity":-0.0034,"lastBolusTime":1703087192890,"time":"2023-12-20T16:51:00.593Z"}},{"iob":-0.021,"basaliob":-0.125,"bolussnooze":0,"activity":-1.0E-4,"lastBolusTime":1703087192890,"time":"2023-12-20T16:56:00.593Z","iobWithZeroTemp":{"iob":-0.522,"basaliob":-0.626,"bolussnooze":0,"activity":-0.0038,"lastBolusTime":1703087192890,"time":"2023-12-20T16:56:00.593Z"}},{"iob":-0.02,"basaliob":-0.114,"bolussnooze":0,"activity":-2.0E-4,"lastBolusTime":1703087192890,"time":"2023-12-20T17:01:00.593Z","iobWithZeroTemp":{"iob":-0.56,"basaliob":-0.654,"bolussnooze":0,"activity":-0.0044,"lastBolusTime":1703087192890,"time":"2023-12-20T17:01:00.593Z"}},{"iob":-0.019,"basaliob":-0.104,"bolussnooze":0,"activity":-1.0E-4,"lastBolusTime":1703087192890,"time":"2023-12-20T17:06:00.593Z","iobWithZeroTemp":{"iob":-0.603,"basaliob":-0.688,"bolussnooze":0,"activity":-0.0048,"lastBolusTime":1703087192890,"time":"2023-12-20T17:06:00.593Z"}},{"iob":-0.017,"basaliob":-0.094,"bolussnooze":0,"activity":-2.0E-4,"lastBolusTime":1703087192890,"time":"2023-12-20T17:11:00.593Z","iobWithZeroTemp":{"iob":-0.643,"basaliob":-0.72,"bolussnooze":0,"activity":-0.0054,"lastBolusTime":1703087192890,"time":"2023-12-20T17:11:00.593Z"}},{"iob":-0.017,"basaliob":-0.086,"bolussnooze":0,"activity":-2.0E-4,"lastBolusTime":1703087192890,"time":"2023-12-20T17:16:00.593Z","iobWithZeroTemp":{"iob":-0.683,"basaliob":-0.752,"bolussnooze":0,"activity":-0.0059,"lastBolusTime":1703087192890,"time":"2023-12-20T17:16:00.593Z"}},{"iob":-0.016,"basaliob":-0.078,"bolussnooze":0,"activity":-1.0E-4,"lastBolusTime":1703087192890,"time":"2023-12-20T17:21:00.593Z","iobWithZeroTemp":{"iob":-0.719,"basaliob":-0.781,"bolussnooze":0,"activity":-0.0063,"lastBolusTime":1703087192890,"time":"2023-12-20T17:21:00.593Z"}},{"iob":-0.014,"basaliob":-0.07,"bolussnooze":0,"activity":-2.0E-4,"lastBolusTime":1703087192890,"time":"2023-12-20T17:26:00.593Z","iobWithZeroTemp":{"iob":-0.751,"basaliob":-0.807,"bolussnooze":0,"activity":-0.0068,"lastBolusTime":1703087192890,"time":"2023-12-20T17:26:00.593Z"}},{"iob":-0.013,"basaliob":-0.063,"bolussnooze":0,"activity":-2.0E-4,"lastBolusTime":1703087192890,"time":"2023-12-20T17:31:00.593Z","iobWithZeroTemp":{"iob":-0.783,"basaliob":-0.833,"bolussnooze":0,"activity":-0.0073,"lastBolusTime":1703087192890,"time":"2023-12-20T17:31:00.593Z"}},{"iob":-0.013,"basaliob":-0.057,"bolussnooze":0,"activity":-2.0E-4,"lastBolusTime":1703087192890,"time":"2023-12-20T17:36:00.593Z","iobWithZeroTemp":{"iob":-0.813,"basaliob":-0.857,"bolussnooze":0,"activity":-0.0077,"lastBolusTime":1703087192890,"time":"2023-12-20T17:36:00.593Z"}},{"iob":-0.012,"basaliob":-0.051,"bolussnooze":0,"activity":-2.0E-4,"lastBolusTime":1703087192890,"time":"2023-12-20T17:41:00.593Z","iobWithZeroTemp":{"iob":-0.84,"basaliob":-0.879,"bolussnooze":0,"activity":-0.0082,"lastBolusTime":1703087192890,"time":"2023-12-20T17:41:00.593Z"}},{"iob":-0.011,"basaliob":-0.046,"bolussnooze":0,"activity":-2.0E-4,"lastBolusTime":1703087192890,"time":"2023-12-20T17:46:00.593Z","iobWithZeroTemp":{"iob":-0.864,"basaliob":-0.899,"bolussnooze":0,"activity":-0.0086,"lastBolusTime":1703087192890,"time":"2023-12-20T17:46:00.593Z"}},{"iob":-0.01,"basaliob":-0.041,"bolussnooze":0,"activity":-1.0E-4,"lastBolusTime":1703087192890,"time":"2023-12-20T17:51:00.593Z","iobWithZeroTemp":{"iob":-0.887,"basaliob":-0.918,"bolussnooze":0,"activity":-0.0089,"lastBolusTime":1703087192890,"time":"2023-12-20T17:51:00.593Z"}},{"iob":-0.01,"basaliob":-0.037,"bolussnooze":0,"activity":-1.0E-4,"lastBolusTime":1703087192890,"time":"2023-12-20T17:56:00.593Z","iobWithZeroTemp":{"iob":-0.909,"basaliob":-0.936,"bolussnooze":0,"activity":-0.0092,"lastBolusTime":1703087192890,"time":"2023-12-20T17:56:00.593Z"}},{"iob":-0.009,"basaliob":-0.033,"bolussnooze":0,"activity":-2.0E-4,"lastBolusTime":1703087192890,"time":"2023-12-20T18:01:00.593Z","iobWithZeroTemp":{"iob":-0.928,"basaliob":-0.952,"bolussnooze":0,"activity":-0.0097,"lastBolusTime":1703087192890,"time":"2023-12-20T18:01:00.593Z"}},{"iob":-0.008,"basaliob":-0.029,"bolussnooze":0,"activity":-1.0E-4,"lastBolusTime":1703087192890,"time":"2023-12-20T18:06:00.593Z","iobWithZeroTemp":{"iob":-0.946,"basaliob":-0.967,"bolussnooze":0,"activity":-0.0099,"lastBolusTime":1703087192890,"time":"2023-12-20T18:06:00.593Z"}},{"iob":-0.007,"basaliob":-0.026,"bolussnooze":0,"activity":-1.0E-4,"lastBolusTime":1703087192890,"time":"2023-12-20T18:11:00.593Z","iobWithZeroTemp":{"iob":-0.962,"basaliob":-0.981,"bolussnooze":0,"activity":-0.0102,"lastBolusTime":1703087192890,"time":"2023-12-20T18:11:00.593Z"}},{"iob":-0.007,"basaliob":-0.023,"bolussnooze":0,"activity":-2.0E-4,"lastBolusTime":1703087192890,"time":"2023-12-20T18:16:00.593Z","iobWithZeroTemp":{"iob":-0.977,"basaliob":-0.993,"bolussnooze":0,"activity":-0.0106,"lastBolusTime":1703087192890,"time":"2023-12-20T18:16:00.593Z"}},{"iob":-0.006,"basaliob":-0.02,"bolussnooze":0,"activity":-1.0E-4,"lastBolusTime":1703087192890,"time":"2023-12-20T18:21:00.593Z","iobWithZeroTemp":{"iob":-0.99,"basaliob":-1.004,"bolussnooze":0,"activity":-0.0108,"lastBolusTime":1703087192890,"time":"2023-12-20T18:21:00.593Z"}},{"iob":-0.006,"basaliob":-0.018,"bolussnooze":0,"activity":-1.0E-4,"lastBolusTime":1703087192890,"time":"2023-12-20T18:26:00.593Z","iobWithZeroTemp":{"iob":-1.003,"basaliob":-1.015,"bolussnooze":0,"activity":-0.011,"lastBolusTime":1703087192890,"time":"2023-12-20T18:26:00.593Z"}},{"iob":-0.005,"basaliob":-0.016,"bolussnooze":0,"activity":-1.0E-4,"lastBolusTime":1703087192890,"time":"2023-12-20T18:31:00.593Z","iobWithZeroTemp":{"iob":-1.013,"basaliob":-1.024,"bolussnooze":0,"activity":-0.0112,"lastBolusTime":1703087192890,"time":"2023-12-20T18:31:00.593Z"}},{"iob":-0.005,"basaliob":-0.014,"bolussnooze":0,"activity":-1.0E-4,"lastBolusTime":1703087192890,"time":"2023-12-20T18:36:00.593Z","iobWithZeroTemp":{"iob":-1.024,"basaliob":-1.033,"bolussnooze":0,"activity":-0.0114,"lastBolusTime":1703087192890,"time":"2023-12-20T18:36:00.593Z"}},{"iob":-0.004,"basaliob":-0.012,"bolussnooze":0,"activity":-1.0E-4,"lastBolusTime":1703087192890,"time":"2023-12-20T18:41:00.593Z","iobWithZeroTemp":{"iob":-1.032,"basaliob":-1.04,"bolussnooze":0,"activity":-0.0116,"lastBolusTime":1703087192890,"time":"2023-12-20T18:41:00.593Z"}},{"iob":-0.004,"basaliob":-0.011,"bolussnooze":0,"activity":-1.0E-4,"lastBolusTime":1703087192890,"time":"2023-12-20T18:46:00.593Z","iobWithZeroTemp":{"iob":-1.041,"basaliob":-1.048,"bolussnooze":0,"activity":-0.0118,"lastBolusTime":1703087192890,"time":"2023-12-20T18:46:00.593Z"}},{"iob":-0.003,"basaliob":-0.009,"bolussnooze":0,"activity":-1.0E-4,"lastBolusTime":1703087192890,"time":"2023-12-20T18:51:00.593Z","iobWithZeroTemp":{"iob":-1.048,"basaliob":-1.054,"bolussnooze":0,"activity":-0.012,"lastBolusTime":1703087192890,"time":"2023-12-20T18:51:00.593Z"}},{"iob":-0.003,"basaliob":-0.008,"bolussnooze":0,"activity":0,"lastBolusTime":1703087192890,"time":"2023-12-20T18:56:00.593Z","iobWithZeroTemp":{"iob":-1.055,"basaliob":-1.06,"bolussnooze":0,"activity":-0.012,"lastBolusTime":1703087192890,"time":"2023-12-20T18:56:00.593Z"}},{"iob":-0.003,"basaliob":-0.007,"bolussnooze":0,"activity":-1.0E-4,"lastBolusTime":1703087192890,"time":"2023-12-20T19:01:00.593Z","iobWithZeroTemp":{"iob":-1.061,"basaliob":-1.065,"bolussnooze":0,"activity":-0.0123,"lastBolusTime":1703087192890,"time":"2023-12-20T19:01:00.593Z"}},{"iob":-0.003,"basaliob":-0.006,"bolussnooze":0,"activity":-1.0E-4,"lastBolusTime":1703087192890,"time":"2023-12-20T19:06:00.593Z","iobWithZeroTemp":{"iob":-1.067,"basaliob":-1.07,"bolussnooze":0,"activity":-0.0124,"lastBolusTime":1703087192890,"time":"2023-12-20T19:06:00.593Z"}},{"iob":-0.002,"basaliob":-0.005,"bolussnooze":0,"activity":-1.0E-4,"lastBolusTime":1703087192890,"time":"2023-12-20T19:11:00.593Z","iobWithZeroTemp":{"iob":-1.071,"basaliob":-1.074,"bolussnooze":0,"activity":-0.0125,"lastBolusTime":1703087192890,"time":"2023-12-20T19:11:00.593Z"}},{"iob":-0.002,"basaliob":-0.004,"bolussnooze":0,"activity":0,"lastBolusTime":1703087192890,"time":"2023-12-20T19:16:00.593Z","iobWithZeroTemp":{"iob":-1.075,"basaliob":-1.077,"bolussnooze":0,"activity":-0.0125,"lastBolusTime":1703087192890,"time":"2023-12-20T19:16:00.593Z"}},{"iob":-0.002,"basaliob":-0.004,"bolussnooze":0,"activity":0,"lastBolusTime":1703087192890,"time":"2023-12-20T19:21:00.593Z","iobWithZeroTemp":{"iob":-1.079,"basaliob":-1.081,"bolussnooze":0,"activity":-0.0126,"lastBolusTime":1703087192890,"time":"2023-12-20T19:21:00.593Z"}},{"iob":-0.001,"basaliob":-0.003,"bolussnooze":0,"activity":0,"lastBolusTime":1703087192890,"time":"2023-12-20T19:26:00.593Z","iobWithZeroTemp":{"iob":-1.082,"basaliob":-1.084,"bolussnooze":0,"activity":-0.0127,"lastBolusTime":1703087192890,"time":"2023-12-20T19:26:00.593Z"}},{"iob":-0.001,"basaliob":-0.002,"bolussnooze":0,"activity":0,"lastBolusTime":1703087192890,"time":"2023-12-20T19:31:00.593Z","iobWithZeroTemp":{"iob":-1.085,"basaliob":-1.086,"bolussnooze":0,"activity":-0.0128,"lastBolusTime":1703087192890,"time":"2023-12-20T19:31:00.593Z"}},{"iob":-0.001,"basaliob":-0.002,"bolussnooze":0,"activity":-1.0E-4,"lastBolusTime":1703087192890,"time":"2023-12-20T19:36:00.593Z","iobWithZeroTemp":{"iob":-1.088,"basaliob":-1.089,"bolussnooze":0,"activity":-0.0129,"lastBolusTime":1703087192890,"time":"2023-12-20T19:36:00.593Z"}},{"iob":-0.001,"basaliob":-0.002,"bolussnooze":0,"activity":-1.0E-4,"lastBolusTime":1703087192890,"time":"2023-12-20T19:41:00.593Z","iobWithZeroTemp":{"iob":-1.09,"basaliob":-1.091,"bolussnooze":0,"activity":-0.013,"lastBolusTime":1703087192890,"time":"2023-12-20T19:41:00.593Z"}},{"iob":0,"basaliob":-0.001,"bolussnooze":0,"activity":-1.0E-4,"lastBolusTime":1703087192890,"time":"2023-12-20T19:46:00.593Z","iobWithZeroTemp":{"iob":-1.091,"basaliob":-1.092,"bolussnooze":0,"activity":-0.013,"lastBolusTime":1703087192890,"time":"2023-12-20T19:46:00.593Z"}},{"iob":0,"basaliob":-0.001,"bolussnooze":0,"activity":0,"lastBolusTime":1703087192890,"time":"2023-12-20T19:51:00.593Z","iobWithZeroTemp":{"iob":-1.093,"basaliob":-1.094,"bolussnooze":0,"activity":-0.013,"lastBolusTime":1703087192890,"time":"2023-12-20T19:51:00.593Z"}},{"iob":0,"basaliob":-0.001,"bolussnooze":0,"activity":0,"lastBolusTime":1703087192890,"time":"2023-12-20T19:56:00.593Z","iobWithZeroTemp":{"iob":-1.095,"basaliob":-1.096,"bolussnooze":0,"activity":-0.013,"lastBolusTime":1703087192890,"time":"2023-12-20T19:56:00.593Z"}},{"iob":-0.001,"basaliob":-0.001,"bolussnooze":0,"activity":0,"lastBolusTime":1703087192890,"time":"2023-12-20T20:01:00.593Z","iobWithZeroTemp":{"iob":-1.097,"basaliob":-1.097,"bolussnooze":0,"activity":-0.0131,"lastBolusTime":1703087192890,"time":"2023-12-20T20:01:00.593Z"}}],"profile":{"max_iob":7,"type":"current","max_daily_basal":0.8,"max_basal":5,"min_bg":80,"max_bg":90,"target_bg":85,"carb_ratio":14,"sens":57,"max_daily_safety_multiplier":9,"current_basal_safety_multiplier":8,"lgsThreshold":65,"high_temptarget_raises_sensitivity":false,"low_temptarget_lowers_sensitivity":false,"sensitivity_raises_target":false,"resistance_lowers_target":false,"adv_target_adjustments":false,"exercise_mode":false,"half_basal_exercise_target":160,"maxCOB":120,"skip_neutral_temps":false,"remainingCarbsCap":90,"enableUAM":true,"A52_risk_enable":false,"SMBInterval":3,"enableSMB_with_COB":true,"enableSMB_with_temptarget":true,"allowSMB_with_high_temptarget":true,"enableSMB_always":true,"enableSMB_after_carbs":true,"maxSMBBasalMinutes":120,"maxUAMSMBBasalMinutes":90,"bolus_increment":0.05,"carbsReqThreshold":5,"current_basal":0.7,"temptargetSet":false,"autosens_max":1.6,"autosens_min":0.6,"variable_sens":118.7,"insulinDivisor":75,"TDD":19.37451071428572},"autosens_data":{"ratio":1.0157535790778944},"meal_data":{"carbs":0,"mealCOB":0,"slopeFromMaxDeviation":-0.4443333333333333,"slopeFromMinDeviation":0.1428333333333333,"lastBolusTime":1703087192890,"lastCarbTime":0},"microBolusAllowed":true,"currentTime":1703088362473,"flatBGsDetected":false,"tdd1D":21.666666666666675,"tdd7D":21.121428571428574,"tddLast24H":21.454166666666673,"tddLast4H":2.8333333333333335,"tddLast8to4H":1.8791666666666673},"output":{"temp":"absolute","bg":89,"tick":"+0","eventualBG":91,"targetBG":85,"insulinReq":0.04,"deliverAt":"2023-12-20T16:06:02.473Z","sensitivityRatio":1.0157535790778944,"variable_sens":118.7,"predBGs":{"IOB":[89,89,89,89,89,89,89,89,89,89,89,89,90,90,90,90,90,90,90,90,90,91,91,91,91,91,91,91,91,91,91,91,91,91,91,91,91,92],"ZT":[89,89,89,89,89,89,90],"UAM":[89,89,89,89,88,88,88,89,89,89,89,89,89,89,89,89,89,89,90,90,90,90,90,90,90,90,90,90,91]},"reason":"COB: 0, Dev: 0, BGI: 0, ISF: 119, CR: 14, Target: 85, minPredBG 90, minGuardBG 88, IOBpredBG 92, UAMpredBG 91; Eventual BG 91 >= 90,  insulinReq 0.04. temp 0.05 < 0.79U\/hr. ","COB":0,"IOB":-0.021,"duration":30,"rate":0.791027505354526,"timestamp":"2023-12-20T16:06:02.482Z"}}