{"algorithm":"OpenAPSSMBDynamicISFPlugin","input":{"glucoseStatus":{"glucose":109,"noise":0,"delta":-4,"short_avgdelta":-4,"long_avgdelta":-4,"date":1703196637000},"currenttemp":{"temp":"absolute","duration":0,"rate":0},"iob_data":[{"iob":0.254,"basaliob":-0.457,"bolussnooze":0.0854,"activity":0.0077,"lastBolusTime":1703192198211,"time":"2023-12-21T22:11:08.647Z","iobWithZeroTemp":{"iob":0.254,"basaliob":-0.457,"bolussnooze":0.0854,"activity":0.0077,"lastBolusTime":1703192198211,"time":"2023-12-21T22:11:08.647Z"}},{"iob":0.217,"basaliob":-0.438,"bolussnooze":0.0688,"activity":0.0068,"lastBolusTime":1703192198211,"time":"2023-12-21T22:16:08.647Z","iobWithZeroTemp":{"iob":0.164,"basaliob":-0.491,"bolussnooze":0.0688,"activity":0.0067,"lastBolusTime":1703192198211,"time":"2023-12-21T22:16:08.647Z"}},{"iob":0.185,"basaliob":-0.417,"bolussnooze":0.055,"activity":0.006,"lastBolusTime":1703192198211,"time":"2023-12-21T22:21:08.647Z","iobWithZeroTemp":{"iob":0.066,"basaliob":-0.536,"bolussnooze":0.055,"activity":0.0058,"lastBolusTime":1703192198211,"time":"2023-12-21T22:21:08.647Z"}},{"iob":0.157,"basaliob":-0.395,"bolussnooze":0.0435,"activity":0.0052,"lastBolusTime":1703192198211,"time":"2023-12-21T22:26:08.647Z","iobWithZeroTemp":{"iob":-0.027,"basaliob":-0.579,"bolussnooze":0.0435,"activity":0.0046,"lastBolusTime":1703192198211,"time":"2023-12-21T22:26:08.647Z"}},{"iob":0.132,"basaliob":-0.373,"bolussnooze":0.0341,"activity":0.0046,"lastBolusTime":1703192198211,"time":"2023-12-21T22:31:08.647Z","iobWithZeroTemp":{"iob":-0.115,"basaliob":-0.62,"bolussnooze":0.0341,"activity":0.0036,"lastBolusTime":1703192198211,"time":"2023-12-21T22:31:08.647Z"}},{"iob":0.111,"basaliob":-0.351,"bolussnooze":0.0264,"activity":0.004,"lastBolusTime":1703192198211,"time":"2023-12-21T22:36:08.647Z","iobWithZeroTemp":{"iob":-0.197,"basaliob":-0.659,"bolussnooze":0.0264,"activity":0.0026,"lastBolusTime":1703192198211,"time":"2023-12-21T22:36:08.647Z"}},{"iob":0.092,"basaliob":-0.329,"bolussnooze":0.0202,"activity":0.0034,"lastBolusTime":1703192198211,"time":"2023-12-21T22:41:08.647Z","iobWithZeroTemp":{"iob":-0.274,"basaliob":-0.695,"bolussnooze":0.0202,"activity":0.0015,"lastBolusTime":1703192198211,"time":"2023-12-21T22:41:08.647Z"}},{"iob":0.076,"basaliob":-0.307,"bolussnooze":0.0153,"activity":0.003,"lastBolusTime":1703192198211,"time":"2023-12-21T22:46:08.647Z","iobWithZeroTemp":{"iob":-0.346,"basaliob":-0.729,"bolussnooze":0.0153,"activity":5.0E-4,"lastBolusTime":1703192198211,"time":"2023-12-21T22:46:08.647Z"}},{"iob":0.062,"basaliob":-0.286,"bolussnooze":0.0113,"activity":0.0026,"lastBolusTime":1703192198211,"time":"2023-12-21T22:51:08.647Z","iobWithZeroTemp":{"iob":-0.413,"basaliob":-0.761,"bolussnooze":0.0113,"activity":-4.0E-4,"lastBolusTime":1703192198211,"time":"2023-12-21T22:51:08.647Z"}},{"iob":0.05,"basaliob":-0.266,"bolussnooze":0.0083,"activity":0.0022,"lastBolusTime":1703192198211,"time":"2023-12-21T22:56:08.647Z","iobWithZeroTemp":{"iob":-0.475,"basaliob":-0.791,"bolussnooze":0.0083,"activity":-0.0014,"lastBolusTime":1703192198211,"time":"2023-12-21T22:56:08.647Z"}},{"iob":0.039,"basaliob":-0.247,"bolussnooze":0.0059,"activity":0.0019,"lastBolusTime":1703192198211,"time":"2023-12-21T23:01:08.647Z","iobWithZeroTemp":{"iob":-0.533,"basaliob":-0.819,"bolussnooze":0.0059,"activity":-0.0023,"lastBolusTime":1703192198211,"time":"2023-12-21T23:01:08.647Z"}},{"iob":0.03,"basaliob":-0.228,"bolussnooze":0.004,"activity":0.0017,"lastBolusTime":1703192198211,"time":"2023-12-21T23:06:08.647Z","iobWithZeroTemp":{"iob":-0.578,"basaliob":-0.836,"bolussnooze":0.004,"activity":-0.003,"lastBolusTime":1703192198211,"time":"2023-12-21T23:06:08.647Z"}},{"iob":0.023,"basaliob":-0.21,"bolussnooze":0.0027,"activity":0.0015,"lastBolusTime":1703192198211,"time":"2023-12-21T23:11:08.647Z","iobWithZeroTemp":{"iob":-0.619,"basaliob":-0.852,"bolussnooze":0.0027,"activity":-0.0038,"lastBolusTime":1703192198211,"time":"2023-12-21T23:11:08.647Z"}},{"iob":0.016,"basaliob":-0.194,"bolussnooze":0.0017,"activity":0.0013,"lastBolusTime":1703192198211,"time":"2023-12-21T23:16:08.647Z","iobWithZeroTemp":{"iob":-0.657,"basaliob":-0.867,"bolussnooze":0.0017,"activity":-0.0045,"lastBolusTime":1703192198211,"time":"2023-12-21T23:16:08.647Z"}},{"iob":0.011,"basaliob":-0.178,"bolussnooze":0.001,"activity":0.0011,"lastBolusTime":1703192198211,"time":"2023-12-21T23:21:08.647Z","iobWithZeroTemp":{"iob":-0.69,"basaliob":-0.879,"bolussnooze":0.001,"activity":-0.0052,"lastBolusTime":1703192198211,"time":"2023-12-21T23:21:08.647Z"}},{"iob":0.006,"basaliob":-0.163,"bolussnooze":5.0E-4,"activity":8.0E-4,"lastBolusTime":1703192198211,"time":"2023-12-21T23:26:08.647Z","iobWithZeroTemp":{"iob":-0.721,"basaliob":-0.89,"bolussnooze":5.0E-4,"activity":-0.0059,"lastBolusTime":1703192198211,"time":"2023-12-21T23:26:08.647Z"}},{"iob":0.002,"basaliob":-0.149,"bolussnooze":2.0E-4,"activity":7.0E-4,"lastBolusTime":1703192198211,"time":"2023-12-21T23:31:08.647Z","iobWithZeroTemp":{"iob":-0.749,"basaliob":-0.9,"bolussnooze":2.0E-4,"activity":-0.0064,"lastBolusTime":1703192198211,"time":"2023-12-21T23:31:08.647Z"}},{"iob":-0.001,"basaliob":-0.136,"bolussnooze":1.0E-4,"activity":6.0E-4,"lastBolusTime":1703192198211,"time":"2023-12-21T23:36:08.647Z","iobWithZeroTemp":{"iob":-0.774,"basaliob":-0.909,"bolussnooze":1.0E-4,"activity":-0.0069,"lastBolusTime":1703192198211,"time":"2023-12-21T23:36:08.647Z"}},{"iob":-0.004,"basaliob":-0.124,"bolussnooze":0,"activity":5.0E-4,"lastBolusTime":1703192198211,"time":"2023-12-21T23:41:08.647Z","iobWithZeroTemp":{"iob":-0.797,"basaliob":-0.917,"bolussnooze":0,"activity":-0.0074,"lastBolusTime":1703192198211,"time":"2023-12-21T23:41:08.647Z"}},{"iob":-0.006,"basaliob":-0.113,"bolussnooze":0,"activity":3.0E-4,"lastBolusTime":1703192198211,"time":"2023-12-21T23:46:08.647Z","iobWithZeroTemp":{"iob":-0.817,"basaliob":-0.924,"bolussnooze":0,"activity":-0.0079,"lastBolusTime":1703192198211,"time":"2023-12-21T23:46:08.647Z"}},{"iob":-0.008,"basaliob":-0.103,"bolussnooze":0,"activity":3.0E-4,"lastBolusTime":1703192198211,"time":"2023-12-21T23:51:08.647Z","iobWithZeroTemp":{"iob":-0.835,"basaliob":-0.93,"bolussnooze":0,"activity":-0.0082,"lastBolusTime":1703192198211,"time":"2023-12-21T23:51:08.647Z"}},{"iob":-0.009,"basaliob":-0.093,"bolussnooze":0,"activity":3.0E-4,"lastBolusTime":1703192198211,"time":"2023-12-21T23:56:08.647Z","iobWithZeroTemp":{"iob":-0.851,"basaliob":-0.935,"bolussnooze":0,"activity":-0.0085,"lastBolusTime":1703192198211,"time":"2023-12-21T23:56:08.647Z"}},{"iob":-0.011,"basaliob":-0.085,"bolussnooze":0,"activity":2.0E-4,"lastBolusTime":1703192198211,"time":"2023-12-22T00:01:08.647Z","iobWithZeroTemp":{"iob":-0.867,"basaliob":-0.941,"bolussnooze":0,"activity":-0.0089,"lastBolusTime":1703192198211,"time":"2023-12-22T00:01:08.647Z"}},{"iob":-0.011,"basaliob":-0.076,"bolussnooze":0,"activity":1.0E-4,"lastBolusTime":1703192198211,"time":"2023-12-22T00:06:08.647Z","iobWithZeroTemp":{"iob":-0.879,"basaliob":-0.944,"bolussnooze":0,"activity":-0.0092,"lastBolusTime":1703192198211,"time":"2023-12-22T00:06:08.647Z"}},{"iob":-0.012,"basaliob":-0.069,"bolussnooze":0,"activity":1.0E-4,"lastBolusTime":1703192198211,"time":"2023-12-22T00:11:08.647Z","iobWithZeroTemp":{"iob":-0.892,"basaliob":-0.949,"bolussnooze":0,"activity":-0.0095,"lastBolusTime":1703192198211,"time":"2023-12-22T00:11:08.647Z"}},{"iob":-0.012,"basaliob":-0.062,"bolussnooze":0,"activity":1.0E-4,"lastBolusTime":1703192198211,"time":"2023-12-22T00:16:08.647Z","iobWithZeroTemp":{"iob":-0.902,"basaliob":-0.952,"bolussnooze":0,"activity":-0.0097,"lastBolusTime":1703192198211,"time":"2023-12-22T00:16:08.647Z"}},{"iob":-0.012,"basaliob":-0.056,"bolussnooze":0,"activity":0,"lastBolusTime":1703192198211,"time":"2023-12-22T00:21:08.647Z","iobWithZeroTemp":{"iob":-0.911,"basaliob":-0.955,"bolussnooze":0,"activity":-0.01,"lastBolusTime":1703192198211,"time":"2023-12-22T00:21:08.647Z"}},{"iob":-0.012,"basaliob":-0.05,"bolussnooze":0,"activity":0,"lastBolusTime":1703192198211,"time":"2023-12-22T00:26:08.647Z","iobWithZeroTemp":{"iob":-0.919,"basaliob":-0.957,"bolussnooze":0,"activity":-0.0101,"lastBolusTime":1703192198211,"time":"2023-12-22T00:26:08.647Z"}},{"iob":-0.012,"basaliob":-0.045,"bolussnooze":0,"activity":0,"lastBolusTime":1703192198211,"time":"2023-12-22T00:31:08.647Z","iobWithZeroTemp":{"iob":-0.926,"basaliob":-0.959,"bolussnooze":0,"activity":-0.0103,"lastBolusTime":1703192198211,"time":"2023-12-22T00:31:08.647Z"}},{"iob":-0.012,"basaliob":-0.04,"bolussnooze":0,"activity":0,"lastBolusTime":1703192198211,"time":"2023-12-22T00:36:08.647Z","iobWithZeroTemp":{"iob":-0.932,"basaliob":-0.96,"bolussnooze":0,"activity":-0.0104,"lastBolusTime":1703192198211,"time":"2023-12-22T00:36:08.647Z"}},{"iob":-0.012,"basaliob":-0.036,"bolussnooze":0,"activity":0,"lastBolusTime":1703192198211,"time":"2023-12-22T00:41:08.647Z","iobWithZeroTemp":{"iob":-0.938,"basaliob":-0.962,"bolussnooze":0,"activity":-0.0106,"lastBolusTime":1703192198211,"time":"2023-12-22T00:41:08.647Z"}},{"iob":-0.011,"basaliob":-0.032,"bolussnooze":0,"activity":0,"lastBolusTime":1703192198211,"time":"2023-12-22T00:46:08.647Z","iobWithZeroTemp":{"iob":-0.942,"basaliob":-0.963,"bolussnooze":0,"activity":-0.0107,"lastBolusTime":1703192198211,"time":"2023-12-22T00:46:08.647Z"}},{"iob":-0.012,"basaliob":-0.029,"bolussnooze":0,"activity":-1.0E-4,"lastBolusTime":1703192198211,"time":"2023-12-22T00:51:08.647Z","iobWithZeroTemp":{"iob":-0.948,"basaliob":-0.965,"bolussnooze":0,"activity":-0.0109,"lastBolusTime":1703192198211,"time":"2023-12-22T00:51:08.647Z"}},{"iob":-0.01,"basaliob":-0.025,"bolussnooze":0,"activity":-1.0E-4,"lastBolusTime":1703192198211,"time":"2023-12-22T00:56:08.647Z","iobWithZeroTemp":{"iob":-0.95,"basaliob":-0.965,"bolussnooze":0,"activity":-0.011,"lastBolusTime":1703192198211,"time":"2023-12-22T00:56:08.647Z"}},{"iob":-0.01,"basaliob":-0.022,"bolussnooze":0,"activity":-1.0E-4,"lastBolusTime":1703192198211,"time":"2023-12-22T01:01:08.647Z","iobWithZeroTemp":{"iob":-0.954,"basaliob":-0.966,"bolussnooze":0,"activity":-0.0111,"lastBolusTime":1703192198211,"time":"2023-12-22T01:01:08.647Z"}},{"iob":-0.01,"basaliob":-0.02,"bolussnooze":0,"activity":-1.0E-4,"lastBolusTime":1703192198211,"time":"2023-12-22T01:06:08.647Z","iobWithZeroTemp":{"iob":-0.957,"basaliob":-0.967,"bolussnooze":0,"activity":-0.0112,"lastBolusTime":1703192198211,"time":"2023-12-22T01:06:08.647Z"}},{"iob":-0.009,"basaliob":-0.017,"bolussnooze":0,"activity":-1.0E-4,"lastBolusTime":1703192198211,"time":"2023-12-22T01:11:08.647Z","iobWithZeroTemp":{"iob":-0.959,"basaliob":-0.967,"bolussnooze":0,"activity":-0.0112,"lastBolusTime":1703192198211,"time":"2023-12-22T01:11:08.647Z"}},{"iob":-0.008,"basaliob":-0.015,"bolussnooze":0,"activity":-1.0E-4,"lastBolusTime":1703192198211,"time":"2023-12-22T01:16:08.647Z","iobWithZeroTemp":{"iob":-0.96,"basaliob":-0.967,"bolussnooze":0,"activity":-0.0113,"lastBolusTime":1703192198211,"time":"2023-12-22T01:16:08.647Z"}},{"iob":-0.008,"basaliob":-0.013,"bolussnooze":0,"activity":-2.0E-4,"lastBolusTime":1703192198211,"time":"2023-12-22T01:21:08.647Z","iobWithZeroTemp":{"iob":-0.962,"basaliob":-0.967,"bolussnooze":0,"activity":-0.0115,"lastBolusTime":1703192198211,"time":"2023-12-22T01:21:08.647Z"}},{"iob":-0.008,"basaliob":-0.012,"bolussnooze":0,"activity":-1.0E-4,"lastBolusTime":1703192198211,"time":"2023-12-22T01:26:08.647Z","iobWithZeroTemp":{"iob":-0.964,"basaliob":-0.968,"bolussnooze":0,"activity":-0.0114,"lastBolusTime":1703192198211,"time":"2023-12-22T01:26:08.647Z"}},{"iob":-0.007,"basaliob":-0.01,"bolussnooze":0,"activity":-1.0E-4,"lastBolusTime":1703192198211,"time":"2023-12-22T01:31:08.647Z","iobWithZeroTemp":{"iob":-0.965,"basaliob":-0.968,"bolussnooze":0,"activity":-0.0115,"lastBolusTime":1703192198211,"time":"2023-12-22T01:31:08.647Z"}},{"iob":-0.006,"basaliob":-0.009,"bolussnooze":0,"activity":-2.0E-4,"lastBolusTime":1703192198211,"time":"2023-12-22T01:36:08.647Z","iobWithZeroTemp":{"iob":-0.965,"basaliob":-0.968,"bolussnooze":0,"activity":-0.0116,"lastBolusTime":1703192198211,"time":"2023-12-22T01:36:08.647Z"}},{"iob":-0.006,"basaliob":-0.008,"bolussnooze":0,"activity":-1.0E-4,"lastBolusTime":1703192198211,"time":"2023-12-22T01:41:08.647Z","iobWithZeroTemp":{"iob":-0.966,"basaliob":-0.968,"bolussnooze":0,"activity":-0.0116,"lastBolusTime":1703192198211,"time":"2023-12-22T01:41:08.647Z"}},{"iob":-0.006,"basaliob":-0.007,"bolussnooze":0,"activity":-1.0E-4,"lastBolusTime":1703192198211,"time":"2023-12-22T01:46:08.647Z","iobWithZeroTemp":{"iob":-0.967,"basaliob":-0.968,"bolussnooze":0,"activity":-0.0116,"lastBolusTime":1703192198211,"time":"2023-12-22T01:46:08.647Z"}},{"iob":-0.005,"basaliob":-0.006,"bolussnooze":0,"activity":-1.0E-4,"lastBolusTime":1703192198211,"time":"2023-12-22T01:51:08.647Z","iobWithZeroTemp":{"iob":-0.967,"basaliob":-0.968,"bolussnooze":0,"activity":-0.0116,"lastBolusTime":1703192198211,"time":"2023-12-22T01:51:08.647Z"}},{"iob":-0.004,"basaliob":-0.005,"bolussnooze":0,"activity":-1.0E-4,"lastBolusTime":1703192198211,"time":"2023-12-22T01:56:08.647Z","iobWithZeroTemp":{"iob":-0.967,"basaliob":-0.968,"bolussnooze":0,"activity":-0.0116,"lastBolusTime":1703192198211,"time":"2023-12-22T01:56:08.647Z"}},{"iob":-0.004,"basaliob":-0.004,"bolussnooze":0,"activity":-1.0E-4,"lastBolusTime":1703192198211,"time":"2023-12-22T02:01:08.647Z","iobWithZeroTemp":{"iob":-0.968,"basaliob":-0.968,"bolussnooze":0,"activity":-0.0117,"lastBolusTime":1703192198211,"time":"2023-12-22T02:01:08.647Z"}},{"iob":-0.003,"basaliob":-0.003,"bolussnooze":0,"activity":-1.0E-4,"lastBolusTime":1703192198211,"time":"2023-12-22T02:06:08.647Z","iobWithZeroTemp":{"iob":-0.967,"basaliob":-0.967,"bolussnooze":0,"activity":-0.0117,"lastBolusTime":1703192198211,"time":"2023-12-22T02:06:08.647Z"}}],"profile":{"max_iob":7,"type":"current","max_daily_basal":0.8,"max_basal":5,"min_bg":80,"max_bg":90,"target_bg":85,"carb_ratio":14,"sens":57,"max_daily_safety_multiplier":9,"current_basal_safety_multiplier":8,"lgsThreshold":65,"high_temptarget_raises_sensitivity":false,"low_temptarget_lowers_sensitivity":false,"sensitivity_raises_target":false,"resistance_lowers_target":false,"adv_target_adjustments":false,"exercise_mode":false,"half_basal_exercise_target":160,"maxCOB":120,"skip_neutral_temps":false,"remainingCarbsCap":90,"enableUAM":true,"A52_risk_enable":false,"SMBInterval":3,"enableSMB_with_COB":true,"enableSMB_with_temptarget":true,"allowSMB_with_high_temptarget":true,"enableSMB_always":true,"enableSMB_after_carbs":true,"maxSMBBasalMinutes":120,"maxUAMSMBBasalMinutes":90,"bolus_increment":0.05,"carbsReqThreshold":5,"current_basal":0.8,"temptargetSet":false,"autosens_max":1.6,"autosens_min":0.6,"variable_sens":92.3,"insulinDivisor":75,"TDD":21.734470238095245},"autosens_data":{"ratio":0.9963687770262779},"meal_data":{"carbs":0,"mealCOB":0,"slopeFromMaxDeviation":-0.36724999999999997,"slopeFromMinDeviation":0.04190909090909092,"lastBolusTime":1703192198211,"lastCarbTime":0},"microBolusAllowed":true,"currentTime":1703196670430,"flatBGsDetected":false,"tdd1D":20.662500000000005,"tdd7D":21.47380952380953,"tddLast24H":21.39583333333334,"tddLast4H":4.070833333333334,"tddLast8to4H":3.320833333333334},"output":{"temp":"absolute","bg":109,"tick":-4,"eventualBG":83,"targetBG":85,"insulinReq":-0.02,"deliverAt":"2023-12-21T22:11:10.430Z","sensitivityRatio":0.9963687770262779,"variable_sens":92.3,"predBGs":{"IOB":[109,105,101,98,95,93,90,88,86,85,84,83,82,81,80,79,79,79,78,78,78,78,77,77,77,77,77,77,77,77,77,77,77,77,77,77,77,77,77,78],"ZT":[109,105,102,100,97,95,94,93,93,93]},"reason":"COB: 0, Dev: -3, BGI: -4, ISF: 92, CR: 14, Target: 85, minPredBG 85, minGuardBG 77, IOBpredBG 78;  insulinReq -0.02; setting 30m low temp of 0.08U\/h. ","COB":0,"IOB":0.254,"rate":0.08,"duration":30,"timestamp":"2023-12-21T22:11:10.497Z"}}