{"algorithm":"OpenAPSSMBDynamicISFPlugin","input":{"glucoseStatus":{"glucose":69,"noise":0,"delta":-3,"short_avgdelta":-3.83,"long_avgdelta":-1.88,"date":1703069737000},"currenttemp":{"temp":"absolute","duration":25,"rate":0,"minutesrunning":5},"iob_data":[{"iob":-0.2,"basaliob":-0.317,"bolussnooze":0,"activity":-0.0016,"lastBolusTime":1703068266114,"time":"2023-12-20T10:56:00.724Z","iobWithZeroTemp":{"iob":-0.2,"basaliob":-0.317,"bolussnooze":0,"activity":-0.0016,"lastBolusTime":1703068266114,"time":"2023-12-20T10:56:00.724Z"}},{"iob":-0.192,"basaliob":-0.302,"bolussnooze":0,"activity":-0.0017,"lastBolusTime":1703068266114,"time":"2023-12-20T11:01:00.724Z","iobWithZeroTemp":{"iob":-0.229,"basaliob":-0.339,"bolussnooze":0,"activity":-0.0017,"lastBolusTime":1703068266114,"time":"2023-12-20T11:01:00.724Z"}},{"iob":-0.182,"basaliob":-0.286,"bolussnooze":0,"activity":-0.0018,"lastBolusTime":1703068266114,"time":"2023-12-20T11:06:00.724Z","iobWithZeroTemp":{"iob":-0.264,"basaliob":-0.368,"bolussnooze":0,"activity":-0.002,"lastBolusTime":1703068266114,"time":"2023-12-20T11:06:00.724Z"}},{"iob":-0.173,"basaliob":-0.27,"bolussnooze":0,"activity":-0.0019,"lastBolusTime":1703068266114,"time":"2023-12-20T11:11:00.724Z","iobWithZeroTemp":{"iob":-0.3,"basaliob":-0.397,"bolussnooze":0,"activity":-0.0023,"lastBolusTime":1703068266114,"time":"2023-12-20T11:11:00.724Z"}},{"iob":-0.164,"basaliob":-0.254,"bolussnooze":0,"activity":-0.0019,"lastBolusTime":1703068266114,"time":"2023-12-20T11:16:00.724Z","iobWithZeroTemp":{"iob":-0.334,"basaliob":-0.424,"bolussnooze":0,"activity":-0.0026,"lastBolusTime":1703068266114,"time":"2023-12-20T11:16:00.724Z"}},{"iob":-0.154,"basaliob":-0.238,"bolussnooze":0,"activity":-0.002,"lastBolusTime":1703068266114,"time":"2023-12-20T11:21:00.724Z","iobWithZeroTemp":{"iob":-0.366,"basaliob":-0.45,"bolussnooze":0,"activity":-0.003,"lastBolusTime":1703068266114,"time":"2023-12-20T11:21:00.724Z"}},{"iob":-0.144,"basaliob":-0.222,"bolussnooze":0,"activity":-0.0019,"lastBolusTime":1703068266114,"time":"2023-12-20T11:26:00.724Z","iobWithZeroTemp":{"iob":-0.396,"basaliob":-0.474,"bolussnooze":0,"activity":-0.0032,"lastBolusTime":1703068266114,"time":"2023-12-20T11:26:00.724Z"}},{"iob":-0.135,"basaliob":-0.207,"bolussnooze":0,"activity":-0.0019,"lastBolusTime":1703068266114,"time":"2023-12-20T11:31:00.724Z","iobWithZeroTemp":{"iob":-0.425,"basaliob":-0.497,"bolussnooze":0,"activity":-0.0036,"lastBolusTime":1703068266114,"time":"2023-12-20T11:31:00.724Z"}},{"iob":-0.126,"basaliob":-0.192,"bolussnooze":0,"activity":-0.0018,"lastBolusTime":1703068266114,"time":"2023-12-20T11:36:00.724Z","iobWithZeroTemp":{"iob":-0.452,"basaliob":-0.518,"bolussnooze":0,"activity":-0.0039,"lastBolusTime":1703068266114,"time":"2023-12-20T11:36:00.724Z"}},{"iob":-0.117,"basaliob":-0.178,"bolussnooze":0,"activity":-0.0018,"lastBolusTime":1703068266114,"time":"2023-12-20T11:41:00.724Z","iobWithZeroTemp":{"iob":-0.478,"basaliob":-0.539,"bolussnooze":0,"activity":-0.0043,"lastBolusTime":1703068266114,"time":"2023-12-20T11:41:00.724Z"}},{"iob":-0.109,"basaliob":-0.165,"bolussnooze":0,"activity":-0.0016,"lastBolusTime":1703068266114,"time":"2023-12-20T11:46:00.724Z","iobWithZeroTemp":{"iob":-0.502,"basaliob":-0.558,"bolussnooze":0,"activity":-0.0045,"lastBolusTime":1703068266114,"time":"2023-12-20T11:46:00.724Z"}},{"iob":-0.1,"basaliob":-0.152,"bolussnooze":0,"activity":-0.0016,"lastBolusTime":1703068266114,"time":"2023-12-20T11:51:00.724Z","iobWithZeroTemp":{"iob":-0.524,"basaliob":-0.576,"bolussnooze":0,"activity":-0.0049,"lastBolusTime":1703068266114,"time":"2023-12-20T11:51:00.724Z"}},{"iob":-0.093,"basaliob":-0.14,"bolussnooze":0,"activity":-0.0015,"lastBolusTime":1703068266114,"time":"2023-12-20T11:56:00.724Z","iobWithZeroTemp":{"iob":-0.545,"basaliob":-0.592,"bolussnooze":0,"activity":-0.0052,"lastBolusTime":1703068266114,"time":"2023-12-20T11:56:00.724Z"}},{"iob":-0.086,"basaliob":-0.129,"bolussnooze":0,"activity":-0.0014,"lastBolusTime":1703068266114,"time":"2023-12-20T12:01:00.724Z","iobWithZeroTemp":{"iob":-0.565,"basaliob":-0.608,"bolussnooze":0,"activity":-0.0054,"lastBolusTime":1703068266114,"time":"2023-12-20T12:01:00.724Z"}},{"iob":-0.079,"basaliob":-0.118,"bolussnooze":0,"activity":-0.0014,"lastBolusTime":1703068266114,"time":"2023-12-20T12:06:00.724Z","iobWithZeroTemp":{"iob":-0.587,"basaliob":-0.626,"bolussnooze":0,"activity":-0.0058,"lastBolusTime":1703068266114,"time":"2023-12-20T12:06:00.724Z"}},{"iob":-0.072,"basaliob":-0.108,"bolussnooze":0,"activity":-0.0012,"lastBolusTime":1703068266114,"time":"2023-12-20T12:11:00.724Z","iobWithZeroTemp":{"iob":-0.607,"basaliob":-0.643,"bolussnooze":0,"activity":-0.006,"lastBolusTime":1703068266114,"time":"2023-12-20T12:11:00.724Z"}},{"iob":-0.067,"basaliob":-0.099,"bolussnooze":0,"activity":-0.0012,"lastBolusTime":1703068266114,"time":"2023-12-20T12:16:00.724Z","iobWithZeroTemp":{"iob":-0.628,"basaliob":-0.66,"bolussnooze":0,"activity":-0.0063,"lastBolusTime":1703068266114,"time":"2023-12-20T12:16:00.724Z"}},{"iob":-0.061,"basaliob":-0.09,"bolussnooze":0,"activity":-0.0011,"lastBolusTime":1703068266114,"time":"2023-12-20T12:21:00.724Z","iobWithZeroTemp":{"iob":-0.645,"basaliob":-0.674,"bolussnooze":0,"activity":-0.0065,"lastBolusTime":1703068266114,"time":"2023-12-20T12:21:00.724Z"}},{"iob":-0.055,"basaliob":-0.082,"bolussnooze":0,"activity":-0.0011,"lastBolusTime":1703068266114,"time":"2023-12-20T12:26:00.724Z","iobWithZeroTemp":{"iob":-0.661,"basaliob":-0.688,"bolussnooze":0,"activity":-0.0069,"lastBolusTime":1703068266114,"time":"2023-12-20T12:26:00.724Z"}},{"iob":-0.05,"basaliob":-0.074,"bolussnooze":0,"activity":-9.0E-4,"lastBolusTime":1703068266114,"time":"2023-12-20T12:31:00.724Z","iobWithZeroTemp":{"iob":-0.676,"basaliob":-0.7,"bolussnooze":0,"activity":-0.007,"lastBolusTime":1703068266114,"time":"2023-12-20T12:31:00.724Z"}},{"iob":-0.045,"basaliob":-0.067,"bolussnooze":0,"activity":-8.0E-4,"lastBolusTime":1703068266114,"time":"2023-12-20T12:36:00.724Z","iobWithZeroTemp":{"iob":-0.69,"basaliob":-0.712,"bolussnooze":0,"activity":-0.0072,"lastBolusTime":1703068266114,"time":"2023-12-20T12:36:00.724Z"}},{"iob":-0.041,"basaliob":-0.061,"bolussnooze":0,"activity":-8.0E-4,"lastBolusTime":1703068266114,"time":"2023-12-20T12:41:00.724Z","iobWithZeroTemp":{"iob":-0.704,"basaliob":-0.724,"bolussnooze":0,"activity":-0.0075,"lastBolusTime":1703068266114,"time":"2023-12-20T12:41:00.724Z"}},{"iob":-0.037,"basaliob":-0.055,"bolussnooze":0,"activity":-7.0E-4,"lastBolusTime":1703068266114,"time":"2023-12-20T12:46:00.724Z","iobWithZeroTemp":{"iob":-0.716,"basaliob":-0.734,"bolussnooze":0,"activity":-0.0076,"lastBolusTime":1703068266114,"time":"2023-12-20T12:46:00.724Z"}},{"iob":-0.034,"basaliob":-0.05,"bolussnooze":0,"activity":-7.0E-4,"lastBolusTime":1703068266114,"time":"2023-12-20T12:51:00.724Z","iobWithZeroTemp":{"iob":-0.727,"basaliob":-0.743,"bolussnooze":0,"activity":-0.0079,"lastBolusTime":1703068266114,"time":"2023-12-20T12:51:00.724Z"}},{"iob":-0.031,"basaliob":-0.045,"bolussnooze":0,"activity":-7.0E-4,"lastBolusTime":1703068266114,"time":"2023-12-20T12:56:00.724Z","iobWithZeroTemp":{"iob":-0.738,"basaliob":-0.752,"bolussnooze":0,"activity":-0.0081,"lastBolusTime":1703068266114,"time":"2023-12-20T12:56:00.724Z"}},{"iob":-0.027,"basaliob":-0.04,"bolussnooze":0,"activity":-6.0E-4,"lastBolusTime":1703068266114,"time":"2023-12-20T13:01:00.724Z","iobWithZeroTemp":{"iob":-0.746,"basaliob":-0.759,"bolussnooze":0,"activity":-0.0082,"lastBolusTime":1703068266114,"time":"2023-12-20T13:01:00.724Z"}},{"iob":-0.025,"basaliob":-0.036,"bolussnooze":0,"activity":-5.0E-4,"lastBolusTime":1703068266114,"time":"2023-12-20T13:06:00.724Z","iobWithZeroTemp":{"iob":-0.755,"basaliob":-0.766,"bolussnooze":0,"activity":-0.0084,"lastBolusTime":1703068266114,"time":"2023-12-20T13:06:00.724Z"}},{"iob":-0.022,"basaliob":-0.032,"bolussnooze":0,"activity":-5.0E-4,"lastBolusTime":1703068266114,"time":"2023-12-20T13:11:00.724Z","iobWithZeroTemp":{"iob":-0.763,"basaliob":-0.773,"bolussnooze":0,"activity":-0.0085,"lastBolusTime":1703068266114,"time":"2023-12-20T13:11:00.724Z"}},{"iob":-0.02,"basaliob":-0.029,"bolussnooze":0,"activity":-5.0E-4,"lastBolusTime":1703068266114,"time":"2023-12-20T13:16:00.724Z","iobWithZeroTemp":{"iob":-0.77,"basaliob":-0.779,"bolussnooze":0,"activity":-0.0087,"lastBolusTime":1703068266114,"time":"2023-12-20T13:16:00.724Z"}},{"iob":-0.018,"basaliob":-0.026,"bolussnooze":0,"activity":-4.0E-4,"lastBolusTime":1703068266114,"time":"2023-12-20T13:21:00.724Z","iobWithZeroTemp":{"iob":-0.776,"basaliob":-0.784,"bolussnooze":0,"activity":-0.0088,"lastBolusTime":1703068266114,"time":"2023-12-20T13:21:00.724Z"}},{"iob":-0.016,"basaliob":-0.023,"bolussnooze":0,"activity":-3.0E-4,"lastBolusTime":1703068266114,"time":"2023-12-20T13:26:00.724Z","iobWithZeroTemp":{"iob":-0.782,"basaliob":-0.789,"bolussnooze":0,"activity":-0.0088,"lastBolusTime":1703068266114,"time":"2023-12-20T13:26:00.724Z"}},{"iob":-0.014,"basaliob":-0.02,"bolussnooze":0,"activity":-3.0E-4,"lastBolusTime":1703068266114,"time":"2023-12-20T13:31:00.724Z","iobWithZeroTemp":{"iob":-0.787,"basaliob":-0.793,"bolussnooze":0,"activity":-0.009,"lastBolusTime":1703068266114,"time":"2023-12-20T13:31:00.724Z"}},{"iob":-0.013,"basaliob":-0.018,"bolussnooze":0,"activity":-3.0E-4,"lastBolusTime":1703068266114,"time":"2023-12-20T13:36:00.724Z","iobWithZeroTemp":{"iob":-0.792,"basaliob":-0.797,"bolussnooze":0,"activity":-0.0091,"lastBolusTime":1703068266114,"time":"2023-12-20T13:36:00.724Z"}},{"iob":-0.011,"basaliob":-0.016,"bolussnooze":0,"activity":-3.0E-4,"lastBolusTime":1703068266114,"time":"2023-12-20T13:41:00.724Z","iobWithZeroTemp":{"iob":-0.796,"basaliob":-0.801,"bolussnooze":0,"activity":-0.0092,"lastBolusTime":1703068266114,"time":"2023-12-20T13:41:00.724Z"}},{"iob":-0.01,"basaliob":-0.014,"bolussnooze":0,"activity":-3.0E-4,"lastBolusTime":1703068266114,"time":"2023-12-20T13:46:00.724Z","iobWithZeroTemp":{"iob":-0.8,"basaliob":-0.804,"bolussnooze":0,"activity":-0.0093,"lastBolusTime":1703068266114,"time":"2023-12-20T13:46:00.724Z"}},{"iob":-0.008,"basaliob":-0.012,"bolussnooze":0,"activity":-2.0E-4,"lastBolusTime":1703068266114,"time":"2023-12-20T13:51:00.724Z","iobWithZeroTemp":{"iob":-0.803,"basaliob":-0.807,"bolussnooze":0,"activity":-0.0093,"lastBolusTime":1703068266114,"time":"2023-12-20T13:51:00.724Z"}},{"iob":-0.008,"basaliob":-0.011,"bolussnooze":0,"activity":-2.0E-4,"lastBolusTime":1703068266114,"time":"2023-12-20T13:56:00.724Z","iobWithZeroTemp":{"iob":-0.807,"basaliob":-0.81,"bolussnooze":0,"activity":-0.0094,"lastBolusTime":1703068266114,"time":"2023-12-20T13:56:00.724Z"}},{"iob":-0.006,"basaliob":-0.009,"bolussnooze":0,"activity":-2.0E-4,"lastBolusTime":1703068266114,"time":"2023-12-20T14:01:00.724Z","iobWithZeroTemp":{"iob":-0.808,"basaliob":-0.811,"bolussnooze":0,"activity":-0.0095,"lastBolusTime":1703068266114,"time":"2023-12-20T14:01:00.724Z"}},{"iob":-0.006,"basaliob":-0.008,"bolussnooze":0,"activity":-1.0E-4,"lastBolusTime":1703068266114,"time":"2023-12-20T14:06:00.724Z","iobWithZeroTemp":{"iob":-0.82,"basaliob":-0.822,"bolussnooze":0,"activity":-0.0095,"lastBolusTime":1703068266114,"time":"2023-12-20T14:06:00.724Z"}},{"iob":-0.005,"basaliob":-0.007,"bolussnooze":0,"activity":-1.0E-4,"lastBolusTime":1703068266114,"time":"2023-12-20T14:11:00.724Z","iobWithZeroTemp":{"iob":-0.83,"basaliob":-0.832,"bolussnooze":0,"activity":-0.0096,"lastBolusTime":1703068266114,"time":"2023-12-20T14:11:00.724Z"}},{"iob":-0.004,"basaliob":-0.006,"bolussnooze":0,"activity":-1.0E-4,"lastBolusTime":1703068266114,"time":"2023-12-20T14:16:00.724Z","iobWithZeroTemp":{"iob":-0.839,"basaliob":-0.841,"bolussnooze":0,"activity":-0.0097,"lastBolusTime":1703068266114,"time":"2023-12-20T14:16:00.724Z"}},{"iob":-0.004,"basaliob":-0.005,"bolussnooze":0,"activity":-2.0E-4,"lastBolusTime":1703068266114,"time":"2023-12-20T14:21:00.724Z","iobWithZeroTemp":{"iob":-0.85,"basaliob":-0.851,"bolussnooze":0,"activity":-0.0099,"lastBolusTime":1703068266114,"time":"2023-12-20T14:21:00.724Z"}},{"iob":-0.003,"basaliob":-0.004,"bolussnooze":0,"activity":-1.0E-4,"lastBolusTime":1703068266114,"time":"2023-12-20T14:26:00.724Z","iobWithZeroTemp":{"iob":-0.858,"basaliob":-0.859,"bolussnooze":0,"activity":-0.0099,"lastBolusTime":1703068266114,"time":"2023-12-20T14:26:00.724Z"}},{"iob":-0.003,"basaliob":-0.004,"bolussnooze":0,"activity":-1.0E-4,"lastBolusTime":1703068266114,"time":"2023-12-20T14:31:00.724Z","iobWithZeroTemp":{"iob":-0.867,"basaliob":-0.868,"bolussnooze":0,"activity":-0.01,"lastBolusTime":1703068266114,"time":"2023-12-20T14:31:00.724Z"}},{"iob":-0.002,"basaliob":-0.003,"bolussnooze":0,"activity":-1.0E-4,"lastBolusTime":1703068266114,"time":"2023-12-20T14:36:00.724Z","iobWithZeroTemp":{"iob":-0.874,"basaliob":-0.875,"bolussnooze":0,"activity":-0.0101,"lastBolusTime":1703068266114,"time":"2023-12-20T14:36:00.724Z"}},{"iob":-0.002,"basaliob":-0.003,"bolussnooze":0,"activity":-1.0E-4,"lastBolusTime":1703068266114,"time":"2023-12-20T14:41:00.724Z","iobWithZeroTemp":{"iob":-0.882,"basaliob":-0.883,"bolussnooze":0,"activity":-0.0102,"lastBolusTime":1703068266114,"time":"2023-12-20T14:41:00.724Z"}},{"iob":-0.001,"basaliob":-0.002,"bolussnooze":0,"activity":-1.0E-4,"lastBolusTime":1703068266114,"time":"2023-12-20T14:46:00.724Z","iobWithZeroTemp":{"iob":-0.889,"basaliob":-0.89,"bolussnooze":0,"activity":-0.0103,"lastBolusTime":1703068266114,"time":"2023-12-20T14:46:00.724Z"}},{"iob":-0.001,"basaliob":-0.002,"bolussnooze":0,"activity":-1.0E-4,"lastBolusTime":1703068266114,"time":"2023-12-20T14:51:00.724Z","iobWithZeroTemp":{"iob":-0.896,"basaliob":-0.897,"bolussnooze":0,"activity":-0.0104,"lastBolusTime":1703068266114,"time":"2023-12-20T14:51:00.724Z"}}],"profile":{"max_iob":7,"type":"current","max_daily_basal":0.8,"max_basal":4.4,"min_bg":90,"max_bg":90,"target_bg":90,"carb_ratio":16,"sens":57,"max_daily_safety_multiplier":9,"current_basal_safety_multiplier":8,"lgsThreshold":65,"high_temptarget_raises_sensitivity":false,"low_temptarget_lowers_sensitivity":false,"sensitivity_raises_target":false,"resistance_lowers_target":false,"adv_target_adjustments":false,"exercise_mode":false,"half_basal_exercise_target":160,"maxCOB":120,"skip_neutral_temps":false,"remainingCarbsCap":90,"enableUAM":true,"A52_risk_enable":false,"SMBInterval":3,"enableSMB_with_COB":true,"enableSMB_with_temptarget":true,"allowSMB_with_high_temptarget":true,"enableSMB_always":true,"enableSMB_after_carbs":true,"maxSMBBasalMinutes":120,"maxUAMSMBBasalMinutes":90,"bolus_increment":0.05,"carbsReqThreshold":5,"current_basal":0.55,"temptargetSet":false,"autosens_max":1.6,"autosens_min":0.6,"variable_sens":138.1,"insulinDivisor":75,"TDD":19.98418571428572},"autosens_data":{"ratio":0.9936591139668584},"meal_data":{"carbs":0,"mealCOB":0,"slopeFromMaxDeviation":-1.2114,"slopeFromMinDeviation":0,"lastBolusTime":1703068266114,"lastCarbTime":0},"microBolusAllowed":true,"currentTime":1703069762727,"flatBGsDetected":false,"tdd1D":21.666666666666675,"tdd7D":21.121428571428574,"tddLast24H":20.987500000000004,"tddLast4H":1.975,"tddLast8to4H":4.908333333333333},"output":{"temp":"absolute","bg":69,"tick":-3,"eventualBG":79,"targetBG":90,"insulinReq":0,"deliverAt":"2023-12-20T10:56:02.727Z","sensitivityRatio":0.9936591139668584,"variable_sens":138.1,"predBGs":{"IOB":[69,66,63,60,59,57,56,56,56,56,57,57,59,60,61,62,63,64,65,65,66,67,67,68,68,69,69,69,70,70,70,71,71,71,71,71,72],"ZT":[69,70,71,73,74,76,78,80,82,84,87,90]},"reason":"COB: 0, Dev: -18, BGI: 1, ISF: 138, CR: 16, Target: 90, minPredBG 65, minGuardBG 56, IOBpredBG 72; minGuardBG 56<65 25m left and 0 ~ req 0U\/hr: no temp required","COB":0,"IOB":-0.2,"timestamp":"2023-12-20T10:56:02.734Z"}}