{"algorithm":"OpenAPSSMBDynamicISFPlugin","input":{"glucoseStatus":{"glucose":75,"noise":0,"delta":0,"short_avgdelta":0.28,"long_avgdelta":0.3,"date":1703071237000},"currenttemp":{"temp":"absolute","duration":25,"rate":0.65,"minutesrunning":5},"iob_data":[{"iob":-0.275,"basaliob":-0.359,"bolussnooze":0,"activity":-0.0028,"lastBolusTime":1703068266114,"time":"2023-12-20T11:20:56.815Z","iobWithZeroTemp":{"iob":-0.275,"basaliob":-0.359,"bolussnooze":0,"activity":-0.0028,"lastBolusTime":1703068266114,"time":"2023-12-20T11:20:56.815Z"}},{"iob":-0.261,"basaliob":-0.339,"bolussnooze":0,"activity":-0.0028,"lastBolusTime":1703068266114,"time":"2023-12-20T11:25:56.815Z","iobWithZeroTemp":{"iob":-0.298,"basaliob":-0.376,"bolussnooze":0,"activity":-0.0028,"lastBolusTime":1703068266114,"time":"2023-12-20T11:25:56.815Z"}},{"iob":-0.246,"basaliob":-0.318,"bolussnooze":0,"activity":-0.0029,"lastBolusTime":1703068266114,"time":"2023-12-20T11:30:56.815Z","iobWithZeroTemp":{"iob":-0.328,"basaliob":-0.4,"bolussnooze":0,"activity":-0.0031,"lastBolusTime":1703068266114,"time":"2023-12-20T11:30:56.815Z"}},{"iob":-0.232,"basaliob":-0.299,"bolussnooze":0,"activity":-0.0028,"lastBolusTime":1703068266114,"time":"2023-12-20T11:35:56.815Z","iobWithZeroTemp":{"iob":-0.359,"basaliob":-0.426,"bolussnooze":0,"activity":-0.0032,"lastBolusTime":1703068266114,"time":"2023-12-20T11:35:56.815Z"}},{"iob":-0.218,"basaliob":-0.279,"bolussnooze":0,"activity":-0.0029,"lastBolusTime":1703068266114,"time":"2023-12-20T11:40:56.815Z","iobWithZeroTemp":{"iob":-0.388,"basaliob":-0.449,"bolussnooze":0,"activity":-0.0036,"lastBolusTime":1703068266114,"time":"2023-12-20T11:40:56.815Z"}},{"iob":-0.204,"basaliob":-0.26,"bolussnooze":0,"activity":-0.0027,"lastBolusTime":1703068266114,"time":"2023-12-20T11:45:56.815Z","iobWithZeroTemp":{"iob":-0.416,"basaliob":-0.472,"bolussnooze":0,"activity":-0.0037,"lastBolusTime":1703068266114,"time":"2023-12-20T11:45:56.815Z"}},{"iob":-0.19,"basaliob":-0.242,"bolussnooze":0,"activity":-0.0027,"lastBolusTime":1703068266114,"time":"2023-12-20T11:50:56.815Z","iobWithZeroTemp":{"iob":-0.442,"basaliob":-0.494,"bolussnooze":0,"activity":-0.004,"lastBolusTime":1703068266114,"time":"2023-12-20T11:50:56.815Z"}},{"iob":-0.177,"basaliob":-0.224,"bolussnooze":0,"activity":-0.0026,"lastBolusTime":1703068266114,"time":"2023-12-20T11:55:56.815Z","iobWithZeroTemp":{"iob":-0.467,"basaliob":-0.514,"bolussnooze":0,"activity":-0.0043,"lastBolusTime":1703068266114,"time":"2023-12-20T11:55:56.815Z"}},{"iob":-0.164,"basaliob":-0.207,"bolussnooze":0,"activity":-0.0025,"lastBolusTime":1703068266114,"time":"2023-12-20T12:00:56.815Z","iobWithZeroTemp":{"iob":-0.49,"basaliob":-0.533,"bolussnooze":0,"activity":-0.0046,"lastBolusTime":1703068266114,"time":"2023-12-20T12:00:56.815Z"}},{"iob":-0.152,"basaliob":-0.191,"bolussnooze":0,"activity":-0.0024,"lastBolusTime":1703068266114,"time":"2023-12-20T12:05:56.815Z","iobWithZeroTemp":{"iob":-0.517,"basaliob":-0.556,"bolussnooze":0,"activity":-0.0049,"lastBolusTime":1703068266114,"time":"2023-12-20T12:05:56.815Z"}},{"iob":-0.14,"basaliob":-0.176,"bolussnooze":0,"activity":-0.0022,"lastBolusTime":1703068266114,"time":"2023-12-20T12:10:56.815Z","iobWithZeroTemp":{"iob":-0.542,"basaliob":-0.578,"bolussnooze":0,"activity":-0.0051,"lastBolusTime":1703068266114,"time":"2023-12-20T12:10:56.815Z"}},{"iob":-0.129,"basaliob":-0.162,"bolussnooze":0,"activity":-0.0022,"lastBolusTime":1703068266114,"time":"2023-12-20T12:15:56.815Z","iobWithZeroTemp":{"iob":-0.565,"basaliob":-0.598,"bolussnooze":0,"activity":-0.0055,"lastBolusTime":1703068266114,"time":"2023-12-20T12:15:56.815Z"}},{"iob":-0.12,"basaliob":-0.149,"bolussnooze":0,"activity":-0.002,"lastBolusTime":1703068266114,"time":"2023-12-20T12:20:56.815Z","iobWithZeroTemp":{"iob":-0.588,"basaliob":-0.617,"bolussnooze":0,"activity":-0.0057,"lastBolusTime":1703068266114,"time":"2023-12-20T12:20:56.815Z"}},{"iob":-0.109,"basaliob":-0.136,"bolussnooze":0,"activity":-0.0019,"lastBolusTime":1703068266114,"time":"2023-12-20T12:25:56.815Z","iobWithZeroTemp":{"iob":-0.608,"basaliob":-0.635,"bolussnooze":0,"activity":-0.006,"lastBolusTime":1703068266114,"time":"2023-12-20T12:25:56.815Z"}},{"iob":-0.1,"basaliob":-0.124,"bolussnooze":0,"activity":-0.0018,"lastBolusTime":1703068266114,"time":"2023-12-20T12:30:56.815Z","iobWithZeroTemp":{"iob":-0.627,"basaliob":-0.651,"bolussnooze":0,"activity":-0.0063,"lastBolusTime":1703068266114,"time":"2023-12-20T12:30:56.815Z"}},{"iob":-0.091,"basaliob":-0.113,"bolussnooze":0,"activity":-0.0016,"lastBolusTime":1703068266114,"time":"2023-12-20T12:35:56.815Z","iobWithZeroTemp":{"iob":-0.645,"basaliob":-0.667,"bolussnooze":0,"activity":-0.0065,"lastBolusTime":1703068266114,"time":"2023-12-20T12:35:56.815Z"}},{"iob":-0.083,"basaliob":-0.103,"bolussnooze":0,"activity":-0.0016,"lastBolusTime":1703068266114,"time":"2023-12-20T12:40:56.815Z","iobWithZeroTemp":{"iob":-0.661,"basaliob":-0.681,"bolussnooze":0,"activity":-0.0069,"lastBolusTime":1703068266114,"time":"2023-12-20T12:40:56.815Z"}},{"iob":-0.076,"basaliob":-0.094,"bolussnooze":0,"activity":-0.0014,"lastBolusTime":1703068266114,"time":"2023-12-20T12:45:56.815Z","iobWithZeroTemp":{"iob":-0.677,"basaliob":-0.695,"bolussnooze":0,"activity":-0.007,"lastBolusTime":1703068266114,"time":"2023-12-20T12:45:56.815Z"}},{"iob":-0.069,"basaliob":-0.085,"bolussnooze":0,"activity":-0.0014,"lastBolusTime":1703068266114,"time":"2023-12-20T12:50:56.815Z","iobWithZeroTemp":{"iob":-0.691,"basaliob":-0.707,"bolussnooze":0,"activity":-0.0073,"lastBolusTime":1703068266114,"time":"2023-12-20T12:50:56.815Z"}},{"iob":-0.063,"basaliob":-0.077,"bolussnooze":0,"activity":-0.0012,"lastBolusTime":1703068266114,"time":"2023-12-20T12:55:56.815Z","iobWithZeroTemp":{"iob":-0.705,"basaliob":-0.719,"bolussnooze":0,"activity":-0.0075,"lastBolusTime":1703068266114,"time":"2023-12-20T12:55:56.815Z"}},{"iob":-0.056,"basaliob":-0.069,"bolussnooze":0,"activity":-0.0011,"lastBolusTime":1703068266114,"time":"2023-12-20T13:00:56.815Z","iobWithZeroTemp":{"iob":-0.716,"basaliob":-0.729,"bolussnooze":0,"activity":-0.0077,"lastBolusTime":1703068266114,"time":"2023-12-20T13:00:56.815Z"}},{"iob":-0.052,"basaliob":-0.063,"bolussnooze":0,"activity":-0.001,"lastBolusTime":1703068266114,"time":"2023-12-20T13:05:56.815Z","iobWithZeroTemp":{"iob":-0.728,"basaliob":-0.739,"bolussnooze":0,"activity":-0.0078,"lastBolusTime":1703068266114,"time":"2023-12-20T13:05:56.815Z"}},{"iob":-0.046,"basaliob":-0.056,"bolussnooze":0,"activity":-0.001,"lastBolusTime":1703068266114,"time":"2023-12-20T13:10:56.815Z","iobWithZeroTemp":{"iob":-0.737,"basaliob":-0.747,"bolussnooze":0,"activity":-0.0081,"lastBolusTime":1703068266114,"time":"2023-12-20T13:10:56.815Z"}},{"iob":-0.042,"basaliob":-0.051,"bolussnooze":0,"activity":-9.0E-4,"lastBolusTime":1703068266114,"time":"2023-12-20T13:15:56.815Z","iobWithZeroTemp":{"iob":-0.747,"basaliob":-0.756,"bolussnooze":0,"activity":-0.0083,"lastBolusTime":1703068266114,"time":"2023-12-20T13:15:56.815Z"}},{"iob":-0.037,"basaliob":-0.045,"bolussnooze":0,"activity":-8.0E-4,"lastBolusTime":1703068266114,"time":"2023-12-20T13:20:56.815Z","iobWithZeroTemp":{"iob":-0.755,"basaliob":-0.763,"bolussnooze":0,"activity":-0.0084,"lastBolusTime":1703068266114,"time":"2023-12-20T13:20:56.815Z"}},{"iob":-0.034,"basaliob":-0.041,"bolussnooze":0,"activity":-7.0E-4,"lastBolusTime":1703068266114,"time":"2023-12-20T13:25:56.815Z","iobWithZeroTemp":{"iob":-0.763,"basaliob":-0.77,"bolussnooze":0,"activity":-0.0085,"lastBolusTime":1703068266114,"time":"2023-12-20T13:25:56.815Z"}},{"iob":-0.03,"basaliob":-0.036,"bolussnooze":0,"activity":-6.0E-4,"lastBolusTime":1703068266114,"time":"2023-12-20T13:30:56.815Z","iobWithZeroTemp":{"iob":-0.77,"basaliob":-0.776,"bolussnooze":0,"activity":-0.0086,"lastBolusTime":1703068266114,"time":"2023-12-20T13:30:56.815Z"}},{"iob":-0.027,"basaliob":-0.032,"bolussnooze":0,"activity":-7.0E-4,"lastBolusTime":1703068266114,"time":"2023-12-20T13:35:56.815Z","iobWithZeroTemp":{"iob":-0.776,"basaliob":-0.781,"bolussnooze":0,"activity":-0.0089,"lastBolusTime":1703068266114,"time":"2023-12-20T13:35:56.815Z"}},{"iob":-0.024,"basaliob":-0.029,"bolussnooze":0,"activity":-6.0E-4,"lastBolusTime":1703068266114,"time":"2023-12-20T13:40:56.815Z","iobWithZeroTemp":{"iob":-0.782,"basaliob":-0.787,"bolussnooze":0,"activity":-0.009,"lastBolusTime":1703068266114,"time":"2023-12-20T13:40:56.815Z"}},{"iob":-0.021,"basaliob":-0.025,"bolussnooze":0,"activity":-5.0E-4,"lastBolusTime":1703068266114,"time":"2023-12-20T13:45:56.815Z","iobWithZeroTemp":{"iob":-0.787,"basaliob":-0.791,"bolussnooze":0,"activity":-0.009,"lastBolusTime":1703068266114,"time":"2023-12-20T13:45:56.815Z"}},{"iob":-0.018,"basaliob":-0.022,"bolussnooze":0,"activity":-5.0E-4,"lastBolusTime":1703068266114,"time":"2023-12-20T13:50:56.815Z","iobWithZeroTemp":{"iob":-0.791,"basaliob":-0.795,"bolussnooze":0,"activity":-0.0092,"lastBolusTime":1703068266114,"time":"2023-12-20T13:50:56.815Z"}},{"iob":-0.017,"basaliob":-0.02,"bolussnooze":0,"activity":-4.0E-4,"lastBolusTime":1703068266114,"time":"2023-12-20T13:55:56.815Z","iobWithZeroTemp":{"iob":-0.796,"basaliob":-0.799,"bolussnooze":0,"activity":-0.0092,"lastBolusTime":1703068266114,"time":"2023-12-20T13:55:56.815Z"}},{"iob":-0.014,"basaliob":-0.017,"bolussnooze":0,"activity":-4.0E-4,"lastBolusTime":1703068266114,"time":"2023-12-20T14:00:56.815Z","iobWithZeroTemp":{"iob":-0.799,"basaliob":-0.802,"bolussnooze":0,"activity":-0.0093,"lastBolusTime":1703068266114,"time":"2023-12-20T14:00:56.815Z"}},{"iob":-0.013,"basaliob":-0.015,"bolussnooze":0,"activity":-3.0E-4,"lastBolusTime":1703068266114,"time":"2023-12-20T14:05:56.815Z","iobWithZeroTemp":{"iob":-0.812,"basaliob":-0.814,"bolussnooze":0,"activity":-0.0093,"lastBolusTime":1703068266114,"time":"2023-12-20T14:05:56.815Z"}},{"iob":-0.011,"basaliob":-0.013,"bolussnooze":0,"activity":-3.0E-4,"lastBolusTime":1703068266114,"time":"2023-12-20T14:10:56.815Z","iobWithZeroTemp":{"iob":-0.822,"basaliob":-0.824,"bolussnooze":0,"activity":-0.0095,"lastBolusTime":1703068266114,"time":"2023-12-20T14:10:56.815Z"}},{"iob":-0.01,"basaliob":-0.012,"bolussnooze":0,"activity":-2.0E-4,"lastBolusTime":1703068266114,"time":"2023-12-20T14:15:56.815Z","iobWithZeroTemp":{"iob":-0.833,"basaliob":-0.835,"bolussnooze":0,"activity":-0.0095,"lastBolusTime":1703068266114,"time":"2023-12-20T14:15:56.815Z"}},{"iob":-0.009,"basaliob":-0.01,"bolussnooze":0,"activity":-3.0E-4,"lastBolusTime":1703068266114,"time":"2023-12-20T14:20:56.815Z","iobWithZeroTemp":{"iob":-0.844,"basaliob":-0.845,"bolussnooze":0,"activity":-0.0097,"lastBolusTime":1703068266114,"time":"2023-12-20T14:20:56.815Z"}},{"iob":-0.008,"basaliob":-0.009,"bolussnooze":0,"activity":-3.0E-4,"lastBolusTime":1703068266114,"time":"2023-12-20T14:25:56.815Z","iobWithZeroTemp":{"iob":-0.854,"basaliob":-0.855,"bolussnooze":0,"activity":-0.0099,"lastBolusTime":1703068266114,"time":"2023-12-20T14:25:56.815Z"}},{"iob":-0.007,"basaliob":-0.008,"bolussnooze":0,"activity":-2.0E-4,"lastBolusTime":1703068266114,"time":"2023-12-20T14:30:56.815Z","iobWithZeroTemp":{"iob":-0.863,"basaliob":-0.864,"bolussnooze":0,"activity":-0.0099,"lastBolusTime":1703068266114,"time":"2023-12-20T14:30:56.815Z"}},{"iob":-0.005,"basaliob":-0.006,"bolussnooze":0,"activity":-2.0E-4,"lastBolusTime":1703068266114,"time":"2023-12-20T14:35:56.815Z","iobWithZeroTemp":{"iob":-0.87,"basaliob":-0.871,"bolussnooze":0,"activity":-0.01,"lastBolusTime":1703068266114,"time":"2023-12-20T14:35:56.815Z"}},{"iob":-0.005,"basaliob":-0.006,"bolussnooze":0,"activity":-2.0E-4,"lastBolusTime":1703068266114,"time":"2023-12-20T14:40:56.815Z","iobWithZeroTemp":{"iob":-0.879,"basaliob":-0.88,"bolussnooze":0,"activity":-0.0102,"lastBolusTime":1703068266114,"time":"2023-12-20T14:40:56.815Z"}},{"iob":-0.004,"basaliob":-0.005,"bolussnooze":0,"activity":-2.0E-4,"lastBolusTime":1703068266114,"time":"2023-12-20T14:45:56.815Z","iobWithZeroTemp":{"iob":-0.886,"basaliob":-0.887,"bolussnooze":0,"activity":-0.0103,"lastBolusTime":1703068266114,"time":"2023-12-20T14:45:56.815Z"}},{"iob":-0.003,"basaliob":-0.004,"bolussnooze":0,"activity":-1.0E-4,"lastBolusTime":1703068266114,"time":"2023-12-20T14:50:56.815Z","iobWithZeroTemp":{"iob":-0.893,"basaliob":-0.894,"bolussnooze":0,"activity":-0.0103,"lastBolusTime":1703068266114,"time":"2023-12-20T14:50:56.815Z"}},{"iob":-0.003,"basaliob":-0.003,"bolussnooze":0,"activity":-1.0E-4,"lastBolusTime":1703068266114,"time":"2023-12-20T14:55:56.815Z","iobWithZeroTemp":{"iob":-0.9,"basaliob":-0.9,"bolussnooze":0,"activity":-0.0104,"lastBolusTime":1703068266114,"time":"2023-12-20T14:55:56.815Z"}},{"iob":-0.003,"basaliob":-0.003,"bolussnooze":0,"activity":-1.0E-4,"lastBolusTime":1703068266114,"time":"2023-12-20T15:00:56.815Z","iobWithZeroTemp":{"iob":-0.906,"basaliob":-0.906,"bolussnooze":0,"activity":-0.0105,"lastBolusTime":1703068266114,"time":"2023-12-20T15:00:56.815Z"}},{"iob":-0.002,"basaliob":-0.002,"bolussnooze":0,"activity":-1.0E-4,"lastBolusTime":1703068266114,"time":"2023-12-20T15:05:56.815Z","iobWithZeroTemp":{"iob":-0.911,"basaliob":-0.911,"bolussnooze":0,"activity":-0.0106,"lastBolusTime":1703068266114,"time":"2023-12-20T15:05:56.815Z"}},{"iob":-0.002,"basaliob":-0.002,"bolussnooze":0,"activity":-1.0E-4,"lastBolusTime":1703068266114,"time":"2023-12-20T15:10:56.815Z","iobWithZeroTemp":{"iob":-0.917,"basaliob":-0.917,"bolussnooze":0,"activity":-0.0107,"lastBolusTime":1703068266114,"time":"2023-12-20T15:10:56.815Z"}},{"iob":-0.002,"basaliob":-0.002,"bolussnooze":0,"activity":-1.0E-4,"lastBolusTime":1703068266114,"time":"2023-12-20T15:15:56.815Z","iobWithZeroTemp":{"iob":-0.922,"basaliob":-0.922,"bolussnooze":0,"activity":-0.0108,"lastBolusTime":1703068266114,"time":"2023-12-20T15:15:56.815Z"}}],"profile":{"max_iob":7,"type":"current","max_daily_basal":0.8,"max_basal":4.4,"min_bg":90,"max_bg":90,"target_bg":90,"carb_ratio":16,"sens":57,"max_daily_safety_multiplier":9,"current_basal_safety_multiplier":8,"lgsThreshold":65,"high_temptarget_raises_sensitivity":false,"low_temptarget_lowers_sensitivity":false,"sensitivity_raises_target":false,"resistance_lowers_target":false,"adv_target_adjustments":false,"exercise_mode":false,"half_basal_exercise_target":160,"maxCOB":120,"skip_neutral_temps":false,"remainingCarbsCap":90,"enableUAM":true,"A52_risk_enable":false,"SMBInterval":3,"enableSMB_with_COB":true,"enableSMB_with_temptarget":true,"allowSMB_with_high_temptarget":true,"enableSMB_always":true,"enableSMB_after_carbs":true,"maxSMBBasalMinutes":120,"maxUAMSMBBasalMinutes":90,"bolus_increment":0.05,"carbsReqThreshold":5,"current_basal":0.55,"temptargetSet":false,"autosens_max":1.6,"autosens_min":0.6,"variable_sens":129.9,"insulinDivisor":75,"TDD":19.98831071428572},"autosens_data":{"ratio":0.9826118814113404},"meal_data":{"carbs":0,"mealCOB":0,"slopeFromMaxDeviation":-0.11211111111111109,"slopeFromMinDeviation":1.262,"lastBolusTime":1703068266114,"lastCarbTime":0},"microBolusAllowed":true,"currentTime":1703071259387,"flatBGsDetected":false,"tdd1D":21.666666666666675,"tdd7D":21.121428571428574,"tddLast24H":20.75416666666667,"tddLast4H":1.9458333333333337,"tddLast8to4H":4.983333333333333},"output":{"temp":"absolute","bg":75,"tick":"+0","eventualBG":102,"targetBG":90,"insulinReq":0.01,"deliverAt":"2023-12-20T11:20:59.387Z","sensitivityRatio":0.9826118814113404,"variable_sens":129.9,"predBGs":{"IOB":[75,75,75,76,77,77,78,79,80,81,82,84,85,86,87,88,89,90,91,92,92,93,94,94,95,95,96,96,96,97,97,97,97,98,98,98,98,98,98,98,99],"ZT":[75,77,79,81,83,85,87,89]},"reason":"COB: 0, Dev: -9, BGI: 2, ISF: 130, CR: 16, Target: 90, minPredBG 91, minGuardBG 75, IOBpredBG 99; Eventual BG 102 >= 90,  insulinReq 0.01. 25m@0.65 > 2 * insulinReq. Setting temp basal of 0.56U\/hr.  25m left and 0.65 ~ req 0.5604365347762372U\/hr: no temp required","COB":0,"IOB":-0.275,"timestamp":"2023-12-20T11:20:59.407Z"}}