{"algorithm":"OpenAPSSMBDynamicISFPlugin","input":{"glucoseStatus":{"glucose":100,"noise":0,"delta":0,"short_avgdelta":0.5,"long_avgdelta":0.5,"date":1703057437000},"currenttemp":{"temp":"absolute","duration":25,"rate":0.7,"minutesrunning":5},"iob_data":[{"iob":0.191,"basaliob":-0.474,"bolussnooze":0.0098,"activity":0.0043,"lastBolusTime":1703056884831,"time":"2023-12-20T07:30:54.494Z","iobWithZeroTemp":{"iob":0.191,"basaliob":-0.474,"bolussnooze":0.0098,"activity":0.0043,"lastBolusTime":1703056884831,"time":"2023-12-20T07:30:54.494Z"}},{"iob":0.17,"basaliob":-0.438,"bolussnooze":0.0067,"activity":0.0038,"lastBolusTime":1703056884831,"time":"2023-12-20T07:35:54.494Z","iobWithZeroTemp":{"iob":0.133,"basaliob":-0.475,"bolussnooze":0.0067,"activity":0.0038,"lastBolusTime":1703056884831,"time":"2023-12-20T07:35:54.494Z"}},{"iob":0.152,"basaliob":-0.404,"bolussnooze":0.0044,"activity":0.0035,"lastBolusTime":1703056884831,"time":"2023-12-20T07:40:54.494Z","iobWithZeroTemp":{"iob":0.07,"basaliob":-0.486,"bolussnooze":0.0044,"activity":0.0033,"lastBolusTime":1703056884831,"time":"2023-12-20T07:40:54.494Z"}},{"iob":0.135,"basaliob":-0.371,"bolussnooze":0.0028,"activity":0.0032,"lastBolusTime":1703056884831,"time":"2023-12-20T07:45:54.494Z","iobWithZeroTemp":{"iob":0.008,"basaliob":-0.498,"bolussnooze":0.0028,"activity":0.0028,"lastBolusTime":1703056884831,"time":"2023-12-20T07:45:54.494Z"}},{"iob":0.121,"basaliob":-0.34,"bolussnooze":0.0017,"activity":0.0029,"lastBolusTime":1703056884831,"time":"2023-12-20T07:50:54.494Z","iobWithZeroTemp":{"iob":-0.049,"basaliob":-0.51,"bolussnooze":0.0017,"activity":0.0022,"lastBolusTime":1703056884831,"time":"2023-12-20T07:50:54.494Z"}},{"iob":0.106,"basaliob":-0.312,"bolussnooze":9.0E-4,"activity":0.0027,"lastBolusTime":1703056884831,"time":"2023-12-20T07:55:54.494Z","iobWithZeroTemp":{"iob":-0.106,"basaliob":-0.524,"bolussnooze":9.0E-4,"activity":0.0017,"lastBolusTime":1703056884831,"time":"2023-12-20T07:55:54.494Z"}},{"iob":0.094,"basaliob":-0.285,"bolussnooze":5.0E-4,"activity":0.0023,"lastBolusTime":1703056884831,"time":"2023-12-20T08:00:54.494Z","iobWithZeroTemp":{"iob":-0.158,"basaliob":-0.537,"bolussnooze":5.0E-4,"activity":0.001,"lastBolusTime":1703056884831,"time":"2023-12-20T08:00:54.494Z"}},{"iob":0.083,"basaliob":-0.26,"bolussnooze":2.0E-4,"activity":0.0022,"lastBolusTime":1703056884831,"time":"2023-12-20T08:05:54.494Z","iobWithZeroTemp":{"iob":-0.207,"basaliob":-0.55,"bolussnooze":2.0E-4,"activity":5.0E-4,"lastBolusTime":1703056884831,"time":"2023-12-20T08:05:54.494Z"}},{"iob":0.072,"basaliob":-0.237,"bolussnooze":1.0E-4,"activity":0.0019,"lastBolusTime":1703056884831,"time":"2023-12-20T08:10:54.494Z","iobWithZeroTemp":{"iob":-0.254,"basaliob":-0.563,"bolussnooze":1.0E-4,"activity":-2.0E-4,"lastBolusTime":1703056884831,"time":"2023-12-20T08:10:54.494Z"}},{"iob":0.064,"basaliob":-0.215,"bolussnooze":0,"activity":0.0017,"lastBolusTime":1703056884831,"time":"2023-12-20T08:15:54.494Z","iobWithZeroTemp":{"iob":-0.297,"basaliob":-0.576,"bolussnooze":0,"activity":-8.0E-4,"lastBolusTime":1703056884831,"time":"2023-12-20T08:15:54.494Z"}},{"iob":0.056,"basaliob":-0.195,"bolussnooze":0,"activity":0.0016,"lastBolusTime":1703056884831,"time":"2023-12-20T08:20:54.494Z","iobWithZeroTemp":{"iob":-0.337,"basaliob":-0.588,"bolussnooze":0,"activity":-0.0013,"lastBolusTime":1703056884831,"time":"2023-12-20T08:20:54.494Z"}},{"iob":0.048,"basaliob":-0.177,"bolussnooze":0,"activity":0.0014,"lastBolusTime":1703056884831,"time":"2023-12-20T08:25:54.494Z","iobWithZeroTemp":{"iob":-0.376,"basaliob":-0.601,"bolussnooze":0,"activity":-0.0019,"lastBolusTime":1703056884831,"time":"2023-12-20T08:25:54.494Z"}},{"iob":0.041,"basaliob":-0.16,"bolussnooze":0,"activity":0.0012,"lastBolusTime":1703056884831,"time":"2023-12-20T08:30:54.494Z","iobWithZeroTemp":{"iob":-0.411,"basaliob":-0.612,"bolussnooze":0,"activity":-0.0025,"lastBolusTime":1703056884831,"time":"2023-12-20T08:30:54.494Z"}},{"iob":0.036,"basaliob":-0.144,"bolussnooze":0,"activity":0.0011,"lastBolusTime":1703056884831,"time":"2023-12-20T08:35:54.494Z","iobWithZeroTemp":{"iob":-0.443,"basaliob":-0.623,"bolussnooze":0,"activity":-0.0029,"lastBolusTime":1703056884831,"time":"2023-12-20T08:35:54.494Z"}},{"iob":0.031,"basaliob":-0.13,"bolussnooze":0,"activity":0.001,"lastBolusTime":1703056884831,"time":"2023-12-20T08:40:54.494Z","iobWithZeroTemp":{"iob":-0.473,"basaliob":-0.634,"bolussnooze":0,"activity":-0.0034,"lastBolusTime":1703056884831,"time":"2023-12-20T08:40:54.494Z"}},{"iob":0.026,"basaliob":-0.117,"bolussnooze":0,"activity":9.0E-4,"lastBolusTime":1703056884831,"time":"2023-12-20T08:45:54.494Z","iobWithZeroTemp":{"iob":-0.501,"basaliob":-0.644,"bolussnooze":0,"activity":-0.0038,"lastBolusTime":1703056884831,"time":"2023-12-20T08:45:54.494Z"}},{"iob":0.022,"basaliob":-0.105,"bolussnooze":0,"activity":7.0E-4,"lastBolusTime":1703056884831,"time":"2023-12-20T08:50:54.494Z","iobWithZeroTemp":{"iob":-0.526,"basaliob":-0.653,"bolussnooze":0,"activity":-0.0044,"lastBolusTime":1703056884831,"time":"2023-12-20T08:50:54.494Z"}},{"iob":0.019,"basaliob":-0.094,"bolussnooze":0,"activity":6.0E-4,"lastBolusTime":1703056884831,"time":"2023-12-20T08:55:54.494Z","iobWithZeroTemp":{"iob":-0.549,"basaliob":-0.662,"bolussnooze":0,"activity":-0.0048,"lastBolusTime":1703056884831,"time":"2023-12-20T08:55:54.494Z"}},{"iob":0.016,"basaliob":-0.084,"bolussnooze":0,"activity":6.0E-4,"lastBolusTime":1703056884831,"time":"2023-12-20T09:00:54.494Z","iobWithZeroTemp":{"iob":-0.57,"basaliob":-0.67,"bolussnooze":0,"activity":-0.0051,"lastBolusTime":1703056884831,"time":"2023-12-20T09:00:54.494Z"}},{"iob":0.013,"basaliob":-0.075,"bolussnooze":0,"activity":5.0E-4,"lastBolusTime":1703056884831,"time":"2023-12-20T09:05:54.494Z","iobWithZeroTemp":{"iob":-0.59,"basaliob":-0.678,"bolussnooze":0,"activity":-0.0055,"lastBolusTime":1703056884831,"time":"2023-12-20T09:05:54.494Z"}},{"iob":0.011,"basaliob":-0.066,"bolussnooze":0,"activity":4.0E-4,"lastBolusTime":1703056884831,"time":"2023-12-20T09:10:54.494Z","iobWithZeroTemp":{"iob":-0.607,"basaliob":-0.684,"bolussnooze":0,"activity":-0.0058,"lastBolusTime":1703056884831,"time":"2023-12-20T09:10:54.494Z"}},{"iob":0.009,"basaliob":-0.059,"bolussnooze":0,"activity":4.0E-4,"lastBolusTime":1703056884831,"time":"2023-12-20T09:15:54.494Z","iobWithZeroTemp":{"iob":-0.624,"basaliob":-0.692,"bolussnooze":0,"activity":-0.0061,"lastBolusTime":1703056884831,"time":"2023-12-20T09:15:54.494Z"}},{"iob":0.007,"basaliob":-0.052,"bolussnooze":0,"activity":3.0E-4,"lastBolusTime":1703056884831,"time":"2023-12-20T09:20:54.494Z","iobWithZeroTemp":{"iob":-0.638,"basaliob":-0.697,"bolussnooze":0,"activity":-0.0064,"lastBolusTime":1703056884831,"time":"2023-12-20T09:20:54.494Z"}},{"iob":0.006,"basaliob":-0.046,"bolussnooze":0,"activity":3.0E-4,"lastBolusTime":1703056884831,"time":"2023-12-20T09:25:54.494Z","iobWithZeroTemp":{"iob":-0.651,"basaliob":-0.703,"bolussnooze":0,"activity":-0.0066,"lastBolusTime":1703056884831,"time":"2023-12-20T09:25:54.494Z"}},{"iob":0.004,"basaliob":-0.041,"bolussnooze":0,"activity":3.0E-4,"lastBolusTime":1703056884831,"time":"2023-12-20T09:30:54.494Z","iobWithZeroTemp":{"iob":-0.664,"basaliob":-0.709,"bolussnooze":0,"activity":-0.0068,"lastBolusTime":1703056884831,"time":"2023-12-20T09:30:54.494Z"}},{"iob":0.003,"basaliob":-0.036,"bolussnooze":0,"activity":2.0E-4,"lastBolusTime":1703056884831,"time":"2023-12-20T09:35:54.494Z","iobWithZeroTemp":{"iob":-0.675,"basaliob":-0.714,"bolussnooze":0,"activity":-0.0071,"lastBolusTime":1703056884831,"time":"2023-12-20T09:35:54.494Z"}},{"iob":0.003,"basaliob":-0.031,"bolussnooze":0,"activity":2.0E-4,"lastBolusTime":1703056884831,"time":"2023-12-20T09:40:54.494Z","iobWithZeroTemp":{"iob":-0.684,"basaliob":-0.718,"bolussnooze":0,"activity":-0.0073,"lastBolusTime":1703056884831,"time":"2023-12-20T09:40:54.494Z"}},{"iob":0.001,"basaliob":-0.028,"bolussnooze":0,"activity":2.0E-4,"lastBolusTime":1703056884831,"time":"2023-12-20T09:45:54.494Z","iobWithZeroTemp":{"iob":-0.694,"basaliob":-0.723,"bolussnooze":0,"activity":-0.0074,"lastBolusTime":1703056884831,"time":"2023-12-20T09:45:54.494Z"}},{"iob":0.001,"basaliob":-0.024,"bolussnooze":0,"activity":1.0E-4,"lastBolusTime":1703056884831,"time":"2023-12-20T09:50:54.494Z","iobWithZeroTemp":{"iob":-0.701,"basaliob":-0.726,"bolussnooze":0,"activity":-0.0077,"lastBolusTime":1703056884831,"time":"2023-12-20T09:50:54.494Z"}},{"iob":0,"basaliob":-0.021,"bolussnooze":0,"activity":1.0E-4,"lastBolusTime":1703056884831,"time":"2023-12-20T09:55:54.494Z","iobWithZeroTemp":{"iob":-0.708,"basaliob":-0.729,"bolussnooze":0,"activity":-0.0078,"lastBolusTime":1703056884831,"time":"2023-12-20T09:55:54.494Z"}},{"iob":0,"basaliob":-0.018,"bolussnooze":0,"activity":1.0E-4,"lastBolusTime":1703056884831,"time":"2023-12-20T10:00:54.494Z","iobWithZeroTemp":{"iob":-0.714,"basaliob":-0.732,"bolussnooze":0,"activity":-0.008,"lastBolusTime":1703056884831,"time":"2023-12-20T10:00:54.494Z"}},{"iob":-0.001,"basaliob":-0.016,"bolussnooze":0,"activity":0,"lastBolusTime":1703056884831,"time":"2023-12-20T10:05:54.494Z","iobWithZeroTemp":{"iob":-0.721,"basaliob":-0.736,"bolussnooze":0,"activity":-0.0082,"lastBolusTime":1703056884831,"time":"2023-12-20T10:05:54.494Z"}},{"iob":0,"basaliob":-0.013,"bolussnooze":0,"activity":0,"lastBolusTime":1703056884831,"time":"2023-12-20T10:10:54.494Z","iobWithZeroTemp":{"iob":-0.724,"basaliob":-0.737,"bolussnooze":0,"activity":-0.0083,"lastBolusTime":1703056884831,"time":"2023-12-20T10:10:54.494Z"}},{"iob":-0.001,"basaliob":-0.012,"bolussnooze":0,"activity":0,"lastBolusTime":1703056884831,"time":"2023-12-20T10:15:54.494Z","iobWithZeroTemp":{"iob":-0.73,"basaliob":-0.741,"bolussnooze":0,"activity":-0.0084,"lastBolusTime":1703056884831,"time":"2023-12-20T10:15:54.494Z"}},{"iob":-0.001,"basaliob":-0.01,"bolussnooze":0,"activity":0,"lastBolusTime":1703056884831,"time":"2023-12-20T10:20:54.494Z","iobWithZeroTemp":{"iob":-0.733,"basaliob":-0.742,"bolussnooze":0,"activity":-0.0085,"lastBolusTime":1703056884831,"time":"2023-12-20T10:20:54.494Z"}},{"iob":-0.001,"basaliob":-0.008,"bolussnooze":0,"activity":0,"lastBolusTime":1703056884831,"time":"2023-12-20T10:25:54.494Z","iobWithZeroTemp":{"iob":-0.737,"basaliob":-0.744,"bolussnooze":0,"activity":-0.0085,"lastBolusTime":1703056884831,"time":"2023-12-20T10:25:54.494Z"}},{"iob":-0.001,"basaliob":-0.007,"bolussnooze":0,"activity":0,"lastBolusTime":1703056884831,"time":"2023-12-20T10:30:54.494Z","iobWithZeroTemp":{"iob":-0.74,"basaliob":-0.746,"bolussnooze":0,"activity":-0.0086,"lastBolusTime":1703056884831,"time":"2023-12-20T10:30:54.494Z"}},{"iob":-0.001,"basaliob":-0.006,"bolussnooze":0,"activity":0,"lastBolusTime":1703056884831,"time":"2023-12-20T10:35:54.494Z","iobWithZeroTemp":{"iob":-0.742,"basaliob":-0.747,"bolussnooze":0,"activity":-0.0087,"lastBolusTime":1703056884831,"time":"2023-12-20T10:35:54.494Z"}},{"iob":-0.001,"basaliob":-0.005,"bolussnooze":0,"activity":0,"lastBolusTime":1703056884831,"time":"2023-12-20T10:40:54.494Z","iobWithZeroTemp":{"iob":-0.745,"basaliob":-0.749,"bolussnooze":0,"activity":-0.0087,"lastBolusTime":1703056884831,"time":"2023-12-20T10:40:54.494Z"}},{"iob":0,"basaliob":-0.004,"bolussnooze":0,"activity":-1.0E-4,"lastBolusTime":1703056884831,"time":"2023-12-20T10:45:54.494Z","iobWithZeroTemp":{"iob":-0.746,"basaliob":-0.75,"bolussnooze":0,"activity":-0.0089,"lastBolusTime":1703056884831,"time":"2023-12-20T10:45:54.494Z"}},{"iob":0,"basaliob":-0.003,"bolussnooze":0,"activity":0,"lastBolusTime":1703056884831,"time":"2023-12-20T10:50:54.494Z","iobWithZeroTemp":{"iob":-0.748,"basaliob":-0.751,"bolussnooze":0,"activity":-0.0088,"lastBolusTime":1703056884831,"time":"2023-12-20T10:50:54.494Z"}},{"iob":0,"basaliob":-0.003,"bolussnooze":0,"activity":0,"lastBolusTime":1703056884831,"time":"2023-12-20T10:55:54.494Z","iobWithZeroTemp":{"iob":-0.749,"basaliob":-0.752,"bolussnooze":0,"activity":-0.0089,"lastBolusTime":1703056884831,"time":"2023-12-20T10:55:54.494Z"}},{"iob":0,"basaliob":-0.002,"bolussnooze":0,"activity":0,"lastBolusTime":1703056884831,"time":"2023-12-20T11:00:54.494Z","iobWithZeroTemp":{"iob":-0.751,"basaliob":-0.753,"bolussnooze":0,"activity":-0.0089,"lastBolusTime":1703056884831,"time":"2023-12-20T11:00:54.494Z"}},{"iob":0,"basaliob":-0.002,"bolussnooze":0,"activity":0,"lastBolusTime":1703056884831,"time":"2023-12-20T11:05:54.494Z","iobWithZeroTemp":{"iob":-0.752,"basaliob":-0.754,"bolussnooze":0,"activity":-0.0089,"lastBolusTime":1703056884831,"time":"2023-12-20T11:05:54.494Z"}},{"iob":0.001,"basaliob":-0.001,"bolussnooze":0,"activity":-1.0E-4,"lastBolusTime":1703056884831,"time":"2023-12-20T11:10:54.494Z","iobWithZeroTemp":{"iob":-0.752,"basaliob":-0.754,"bolussnooze":0,"activity":-0.0091,"lastBolusTime":1703056884831,"time":"2023-12-20T11:10:54.494Z"}},{"iob":0,"basaliob":-0.001,"bolussnooze":0,"activity":-1.0E-4,"lastBolusTime":1703056884831,"time":"2023-12-20T11:15:54.494Z","iobWithZeroTemp":{"iob":-0.754,"basaliob":-0.755,"bolussnooze":0,"activity":-0.0091,"lastBolusTime":1703056884831,"time":"2023-12-20T11:15:54.494Z"}},{"iob":0,"basaliob":-0.001,"bolussnooze":0,"activity":0,"lastBolusTime":1703056884831,"time":"2023-12-20T11:20:54.494Z","iobWithZeroTemp":{"iob":-0.755,"basaliob":-0.756,"bolussnooze":0,"activity":-0.009,"lastBolusTime":1703056884831,"time":"2023-12-20T11:20:54.494Z"}},{"iob":0,"basaliob":-0.001,"bolussnooze":0,"activity":0,"lastBolusTime":1703056884831,"time":"2023-12-20T11:25:54.494Z","iobWithZeroTemp":{"iob":-0.756,"basaliob":-0.757,"bolussnooze":0,"activity":-0.009,"lastBolusTime":1703056884831,"time":"2023-12-20T11:25:54.494Z"}}],"profile":{"max_iob":7,"type":"current","max_daily_basal":0.8,"max_basal":4.4,"min_bg":90,"max_bg":90,"target_bg":90,"carb_ratio":16,"sens":57,"max_daily_safety_multiplier":9,"current_basal_safety_multiplier":8,"lgsThreshold":65,"high_temptarget_raises_sensitivity":false,"low_temptarget_lowers_sensitivity":false,"sensitivity_raises_target":false,"resistance_lowers_target":false,"adv_target_adjustments":false,"exercise_mode":false,"half_basal_exercise_target":160,"maxCOB":120,"skip_neutral_temps":false,"remainingCarbsCap":90,"enableUAM":true,"A52_risk_enable":false,"SMBInterval":3,"enableSMB_with_COB":true,"enableSMB_with_temptarget":true,"allowSMB_with_high_temptarget":true,"enableSMB_always":true,"enableSMB_after_carbs":true,"maxSMBBasalMinutes":120,"maxUAMSMBBasalMinutes":90,"bolus_increment":0.05,"carbsReqThreshold":5,"current_basal":0.55,"temptargetSet":false,"autosens_max":1.6,"autosens_min":0.6,"variable_sens":92.9,"insulinDivisor":75,"TDD":22.866735714285717},"autosens_data":{"ratio":0.997407282155338},"meal_data":{"carbs":0,"mealCOB":0,"slopeFromMaxDeviation":-0.29314285714285715,"slopeFromMinDeviation":0.5072727272727273,"lastBolusTime":1703056884831,"lastCarbTime":0},"microBolusAllowed":true,"currentTime":1703057456761,"flatBGsDetected":false,"tdd1D":21.666666666666675,"tdd7D":21.121428571428574,"tddLast24H":21.066666666666677,"tddLast4H":4.095833333333333,"tddLast8to4H":4.8125},"output":{"temp":"absolute","bg":100,"tick":"+0","eventualBG":94,"targetBG":90,"insulinReq":0.01,"deliverAt":"2023-12-20T07:30:56.761Z","sensitivityRatio":0.997407282155338,"variable_sens":92.9,"predBGs":{"IOB":[100,100,100,100,99,99,99,99,98,98,98,97,96,96,95,95,94,94,94,93,93,93,93,93,92],"ZT":[100,98,96,95,93,92,91,91,91,91,91],"UAM":[100,100,99,99,98,97,96,95,94,93,92,92,91,90,90,89,89,89,88,88,88,88,87,87,87,87,87,87,87,87,86,86,86,86,86,86,86,86,86,86,86,86,86,86,86,87]},"reason":"COB: 0, Dev: 12, BGI: -2, ISF: 93, CR: 16, Target: 90, minPredBG 91, minGuardBG 86, IOBpredBG 92, UAMpredBG 87; Eventual BG 94 >= 90,  insulinReq 0.01. 25m@0.70 > 2 * insulinReq. Setting temp basal of 0.57U\/hr.  25m left and 0.7 ~ req 0.568574005185436U\/hr: no temp required","COB":0,"IOB":0.191,"timestamp":"2023-12-20T07:30:56.769Z"}}