{"algorithm":"OpenAPSSMBDynamicISFPlugin","input":{"glucoseStatus":{"glucose":106,"noise":0,"delta":-3,"short_avgdelta":-3.39,"long_avgdelta":-3.82,"date":1703196937000},"currenttemp":{"temp":"absolute","duration":25,"rate":0.1,"minutesrunning":5},"iob_data":[{"iob":0.159,"basaliob":-0.497,"bolussnooze":0.0694,"activity":0.0068,"lastBolusTime":1703192198211,"time":"2023-12-21T22:15:57.819Z","iobWithZeroTemp":{"iob":0.159,"basaliob":-0.497,"bolussnooze":0.0694,"activity":0.0068,"lastBolusTime":1703192198211,"time":"2023-12-21T22:15:57.819Z"}},{"iob":0.128,"basaliob":-0.475,"bolussnooze":0.0554,"activity":0.0058,"lastBolusTime":1703192198211,"time":"2023-12-21T22:20:57.819Z","iobWithZeroTemp":{"iob":0.075,"basaliob":-0.528,"bolussnooze":0.0554,"activity":0.0057,"lastBolusTime":1703192198211,"time":"2023-12-21T22:20:57.819Z"}},{"iob":0.102,"basaliob":-0.452,"bolussnooze":0.0439,"activity":0.005,"lastBolusTime":1703192198211,"time":"2023-12-21T22:25:57.819Z","iobWithZeroTemp":{"iob":-0.017,"basaliob":-0.571,"bolussnooze":0.0439,"activity":0.0048,"lastBolusTime":1703192198211,"time":"2023-12-21T22:25:57.819Z"}},{"iob":0.079,"basaliob":-0.428,"bolussnooze":0.0344,"activity":0.0042,"lastBolusTime":1703192198211,"time":"2023-12-21T22:30:57.819Z","iobWithZeroTemp":{"iob":-0.105,"basaliob":-0.612,"bolussnooze":0.0344,"activity":0.0036,"lastBolusTime":1703192198211,"time":"2023-12-21T22:30:57.819Z"}},{"iob":0.059,"basaliob":-0.404,"bolussnooze":0.0267,"activity":0.0036,"lastBolusTime":1703192198211,"time":"2023-12-21T22:35:57.819Z","iobWithZeroTemp":{"iob":-0.188,"basaliob":-0.651,"bolussnooze":0.0267,"activity":0.0026,"lastBolusTime":1703192198211,"time":"2023-12-21T22:35:57.819Z"}},{"iob":0.043,"basaliob":-0.38,"bolussnooze":0.0204,"activity":0.0031,"lastBolusTime":1703192198211,"time":"2023-12-21T22:40:57.819Z","iobWithZeroTemp":{"iob":-0.265,"basaliob":-0.688,"bolussnooze":0.0204,"activity":0.0017,"lastBolusTime":1703192198211,"time":"2023-12-21T22:40:57.819Z"}},{"iob":0.029,"basaliob":-0.356,"bolussnooze":0.0154,"activity":0.0026,"lastBolusTime":1703192198211,"time":"2023-12-21T22:45:57.819Z","iobWithZeroTemp":{"iob":-0.337,"basaliob":-0.722,"bolussnooze":0.0154,"activity":7.0E-4,"lastBolusTime":1703192198211,"time":"2023-12-21T22:45:57.819Z"}},{"iob":0.017,"basaliob":-0.333,"bolussnooze":0.0115,"activity":0.0022,"lastBolusTime":1703192198211,"time":"2023-12-21T22:50:57.819Z","iobWithZeroTemp":{"iob":-0.405,"basaliob":-0.755,"bolussnooze":0.0115,"activity":-3.0E-4,"lastBolusTime":1703192198211,"time":"2023-12-21T22:50:57.819Z"}},{"iob":0.007,"basaliob":-0.31,"bolussnooze":0.0084,"activity":0.0017,"lastBolusTime":1703192198211,"time":"2023-12-21T22:55:57.819Z","iobWithZeroTemp":{"iob":-0.468,"basaliob":-0.785,"bolussnooze":0.0084,"activity":-0.0013,"lastBolusTime":1703192198211,"time":"2023-12-21T22:55:57.819Z"}},{"iob":-0.001,"basaliob":-0.288,"bolussnooze":0.0059,"activity":0.0015,"lastBolusTime":1703192198211,"time":"2023-12-21T23:00:57.819Z","iobWithZeroTemp":{"iob":-0.526,"basaliob":-0.813,"bolussnooze":0.0059,"activity":-0.0021,"lastBolusTime":1703192198211,"time":"2023-12-21T23:00:57.819Z"}},{"iob":-0.008,"basaliob":-0.267,"bolussnooze":0.0041,"activity":0.0012,"lastBolusTime":1703192198211,"time":"2023-12-21T23:05:57.819Z","iobWithZeroTemp":{"iob":-0.572,"basaliob":-0.831,"bolussnooze":0.0041,"activity":-0.003,"lastBolusTime":1703192198211,"time":"2023-12-21T23:05:57.819Z"}},{"iob":-0.013,"basaliob":-0.247,"bolussnooze":0.0027,"activity":0.001,"lastBolusTime":1703192198211,"time":"2023-12-21T23:10:57.819Z","iobWithZeroTemp":{"iob":-0.613,"basaliob":-0.847,"bolussnooze":0.0027,"activity":-0.0037,"lastBolusTime":1703192198211,"time":"2023-12-21T23:10:57.819Z"}},{"iob":-0.017,"basaliob":-0.228,"bolussnooze":0.0017,"activity":8.0E-4,"lastBolusTime":1703192198211,"time":"2023-12-21T23:15:57.819Z","iobWithZeroTemp":{"iob":-0.651,"basaliob":-0.862,"bolussnooze":0.0017,"activity":-0.0044,"lastBolusTime":1703192198211,"time":"2023-12-21T23:15:57.819Z"}},{"iob":-0.021,"basaliob":-0.21,"bolussnooze":0.001,"activity":6.0E-4,"lastBolusTime":1703192198211,"time":"2023-12-21T23:20:57.819Z","iobWithZeroTemp":{"iob":-0.686,"basaliob":-0.875,"bolussnooze":0.001,"activity":-0.0051,"lastBolusTime":1703192198211,"time":"2023-12-21T23:20:57.819Z"}},{"iob":-0.023,"basaliob":-0.193,"bolussnooze":5.0E-4,"activity":4.0E-4,"lastBolusTime":1703192198211,"time":"2023-12-21T23:25:57.819Z","iobWithZeroTemp":{"iob":-0.717,"basaliob":-0.887,"bolussnooze":5.0E-4,"activity":-0.0058,"lastBolusTime":1703192198211,"time":"2023-12-21T23:25:57.819Z"}},{"iob":-0.025,"basaliob":-0.177,"bolussnooze":2.0E-4,"activity":3.0E-4,"lastBolusTime":1703192198211,"time":"2023-12-21T23:30:57.819Z","iobWithZeroTemp":{"iob":-0.745,"basaliob":-0.897,"bolussnooze":2.0E-4,"activity":-0.0063,"lastBolusTime":1703192198211,"time":"2023-12-21T23:30:57.819Z"}},{"iob":-0.026,"basaliob":-0.162,"bolussnooze":1.0E-4,"activity":2.0E-4,"lastBolusTime":1703192198211,"time":"2023-12-21T23:35:57.819Z","iobWithZeroTemp":{"iob":-0.77,"basaliob":-0.906,"bolussnooze":1.0E-4,"activity":-0.0069,"lastBolusTime":1703192198211,"time":"2023-12-21T23:35:57.819Z"}},{"iob":-0.027,"basaliob":-0.148,"bolussnooze":0,"activity":1.0E-4,"lastBolusTime":1703192198211,"time":"2023-12-21T23:40:57.819Z","iobWithZeroTemp":{"iob":-0.793,"basaliob":-0.914,"bolussnooze":0,"activity":-0.0073,"lastBolusTime":1703192198211,"time":"2023-12-21T23:40:57.819Z"}},{"iob":-0.027,"basaliob":-0.135,"bolussnooze":0,"activity":1.0E-4,"lastBolusTime":1703192198211,"time":"2023-12-21T23:45:57.819Z","iobWithZeroTemp":{"iob":-0.814,"basaliob":-0.922,"bolussnooze":0,"activity":-0.0077,"lastBolusTime":1703192198211,"time":"2023-12-21T23:45:57.819Z"}},{"iob":-0.028,"basaliob":-0.123,"bolussnooze":0,"activity":0,"lastBolusTime":1703192198211,"time":"2023-12-21T23:50:57.819Z","iobWithZeroTemp":{"iob":-0.833,"basaliob":-0.928,"bolussnooze":0,"activity":-0.0081,"lastBolusTime":1703192198211,"time":"2023-12-21T23:50:57.819Z"}},{"iob":-0.027,"basaliob":-0.111,"bolussnooze":0,"activity":-1.0E-4,"lastBolusTime":1703192198211,"time":"2023-12-21T23:55:57.819Z","iobWithZeroTemp":{"iob":-0.849,"basaliob":-0.933,"bolussnooze":0,"activity":-0.0086,"lastBolusTime":1703192198211,"time":"2023-12-21T23:55:57.819Z"}},{"iob":-0.027,"basaliob":-0.101,"bolussnooze":0,"activity":-1.0E-4,"lastBolusTime":1703192198211,"time":"2023-12-22T00:00:57.819Z","iobWithZeroTemp":{"iob":-0.864,"basaliob":-0.938,"bolussnooze":0,"activity":-0.0089,"lastBolusTime":1703192198211,"time":"2023-12-22T00:00:57.819Z"}},{"iob":-0.025,"basaliob":-0.091,"bolussnooze":0,"activity":-1.0E-4,"lastBolusTime":1703192198211,"time":"2023-12-22T00:05:57.819Z","iobWithZeroTemp":{"iob":-0.876,"basaliob":-0.942,"bolussnooze":0,"activity":-0.0091,"lastBolusTime":1703192198211,"time":"2023-12-22T00:05:57.819Z"}},{"iob":-0.026,"basaliob":-0.083,"bolussnooze":0,"activity":-2.0E-4,"lastBolusTime":1703192198211,"time":"2023-12-22T00:10:57.819Z","iobWithZeroTemp":{"iob":-0.89,"basaliob":-0.947,"bolussnooze":0,"activity":-0.0095,"lastBolusTime":1703192198211,"time":"2023-12-22T00:10:57.819Z"}},{"iob":-0.025,"basaliob":-0.075,"bolussnooze":0,"activity":-1.0E-4,"lastBolusTime":1703192198211,"time":"2023-12-22T00:15:57.819Z","iobWithZeroTemp":{"iob":-0.9,"basaliob":-0.95,"bolussnooze":0,"activity":-0.0096,"lastBolusTime":1703192198211,"time":"2023-12-22T00:15:57.819Z"}},{"iob":-0.023,"basaliob":-0.067,"bolussnooze":0,"activity":-2.0E-4,"lastBolusTime":1703192198211,"time":"2023-12-22T00:20:57.819Z","iobWithZeroTemp":{"iob":-0.909,"basaliob":-0.953,"bolussnooze":0,"activity":-0.0099,"lastBolusTime":1703192198211,"time":"2023-12-22T00:20:57.819Z"}},{"iob":-0.022,"basaliob":-0.06,"bolussnooze":0,"activity":-2.0E-4,"lastBolusTime":1703192198211,"time":"2023-12-22T00:25:57.819Z","iobWithZeroTemp":{"iob":-0.917,"basaliob":-0.955,"bolussnooze":0,"activity":-0.0101,"lastBolusTime":1703192198211,"time":"2023-12-22T00:25:57.819Z"}},{"iob":-0.021,"basaliob":-0.054,"bolussnooze":0,"activity":-2.0E-4,"lastBolusTime":1703192198211,"time":"2023-12-22T00:30:57.819Z","iobWithZeroTemp":{"iob":-0.924,"basaliob":-0.957,"bolussnooze":0,"activity":-0.0103,"lastBolusTime":1703192198211,"time":"2023-12-22T00:30:57.819Z"}},{"iob":-0.021,"basaliob":-0.049,"bolussnooze":0,"activity":-2.0E-4,"lastBolusTime":1703192198211,"time":"2023-12-22T00:35:57.819Z","iobWithZeroTemp":{"iob":-0.932,"basaliob":-0.96,"bolussnooze":0,"activity":-0.0104,"lastBolusTime":1703192198211,"time":"2023-12-22T00:35:57.819Z"}},{"iob":-0.02,"basaliob":-0.044,"bolussnooze":0,"activity":-2.0E-4,"lastBolusTime":1703192198211,"time":"2023-12-22T00:40:57.819Z","iobWithZeroTemp":{"iob":-0.938,"basaliob":-0.962,"bolussnooze":0,"activity":-0.0106,"lastBolusTime":1703192198211,"time":"2023-12-22T00:40:57.819Z"}},{"iob":-0.018,"basaliob":-0.039,"bolussnooze":0,"activity":-2.0E-4,"lastBolusTime":1703192198211,"time":"2023-12-22T00:45:57.819Z","iobWithZeroTemp":{"iob":-0.942,"basaliob":-0.963,"bolussnooze":0,"activity":-0.0107,"lastBolusTime":1703192198211,"time":"2023-12-22T00:45:57.819Z"}},{"iob":-0.017,"basaliob":-0.035,"bolussnooze":0,"activity":-2.0E-4,"lastBolusTime":1703192198211,"time":"2023-12-22T00:50:57.819Z","iobWithZeroTemp":{"iob":-0.946,"basaliob":-0.964,"bolussnooze":0,"activity":-0.0109,"lastBolusTime":1703192198211,"time":"2023-12-22T00:50:57.819Z"}},{"iob":-0.016,"basaliob":-0.031,"bolussnooze":0,"activity":-2.0E-4,"lastBolusTime":1703192198211,"time":"2023-12-22T00:55:57.819Z","iobWithZeroTemp":{"iob":-0.95,"basaliob":-0.965,"bolussnooze":0,"activity":-0.011,"lastBolusTime":1703192198211,"time":"2023-12-22T00:55:57.819Z"}},{"iob":-0.015,"basaliob":-0.027,"bolussnooze":0,"activity":-2.0E-4,"lastBolusTime":1703192198211,"time":"2023-12-22T01:00:57.819Z","iobWithZeroTemp":{"iob":-0.953,"basaliob":-0.965,"bolussnooze":0,"activity":-0.0111,"lastBolusTime":1703192198211,"time":"2023-12-22T01:00:57.819Z"}},{"iob":-0.014,"basaliob":-0.024,"bolussnooze":0,"activity":-2.0E-4,"lastBolusTime":1703192198211,"time":"2023-12-22T01:05:57.819Z","iobWithZeroTemp":{"iob":-0.956,"basaliob":-0.966,"bolussnooze":0,"activity":-0.0112,"lastBolusTime":1703192198211,"time":"2023-12-22T01:05:57.819Z"}},{"iob":-0.013,"basaliob":-0.021,"bolussnooze":0,"activity":-2.0E-4,"lastBolusTime":1703192198211,"time":"2023-12-22T01:10:57.819Z","iobWithZeroTemp":{"iob":-0.958,"basaliob":-0.966,"bolussnooze":0,"activity":-0.0112,"lastBolusTime":1703192198211,"time":"2023-12-22T01:10:57.819Z"}},{"iob":-0.012,"basaliob":-0.019,"bolussnooze":0,"activity":-2.0E-4,"lastBolusTime":1703192198211,"time":"2023-12-22T01:15:57.819Z","iobWithZeroTemp":{"iob":-0.96,"basaliob":-0.967,"bolussnooze":0,"activity":-0.0113,"lastBolusTime":1703192198211,"time":"2023-12-22T01:15:57.819Z"}},{"iob":-0.011,"basaliob":-0.016,"bolussnooze":0,"activity":-2.0E-4,"lastBolusTime":1703192198211,"time":"2023-12-22T01:20:57.819Z","iobWithZeroTemp":{"iob":-0.962,"basaliob":-0.967,"bolussnooze":0,"activity":-0.0114,"lastBolusTime":1703192198211,"time":"2023-12-22T01:20:57.819Z"}},{"iob":-0.01,"basaliob":-0.014,"bolussnooze":0,"activity":-2.0E-4,"lastBolusTime":1703192198211,"time":"2023-12-22T01:25:57.819Z","iobWithZeroTemp":{"iob":-0.963,"basaliob":-0.967,"bolussnooze":0,"activity":-0.0114,"lastBolusTime":1703192198211,"time":"2023-12-22T01:25:57.819Z"}},{"iob":-0.01,"basaliob":-0.013,"bolussnooze":0,"activity":-1.0E-4,"lastBolusTime":1703192198211,"time":"2023-12-22T01:30:57.819Z","iobWithZeroTemp":{"iob":-0.965,"basaliob":-0.968,"bolussnooze":0,"activity":-0.0114,"lastBolusTime":1703192198211,"time":"2023-12-22T01:30:57.819Z"}},{"iob":-0.008,"basaliob":-0.011,"bolussnooze":0,"activity":-2.0E-4,"lastBolusTime":1703192198211,"time":"2023-12-22T01:35:57.819Z","iobWithZeroTemp":{"iob":-0.965,"basaliob":-0.968,"bolussnooze":0,"activity":-0.0116,"lastBolusTime":1703192198211,"time":"2023-12-22T01:35:57.819Z"}},{"iob":-0.007,"basaliob":-0.009,"bolussnooze":0,"activity":-2.0E-4,"lastBolusTime":1703192198211,"time":"2023-12-22T01:40:57.819Z","iobWithZeroTemp":{"iob":-0.965,"basaliob":-0.967,"bolussnooze":0,"activity":-0.0116,"lastBolusTime":1703192198211,"time":"2023-12-22T01:40:57.819Z"}},{"iob":-0.007,"basaliob":-0.008,"bolussnooze":0,"activity":-1.0E-4,"lastBolusTime":1703192198211,"time":"2023-12-22T01:45:57.819Z","iobWithZeroTemp":{"iob":-0.967,"basaliob":-0.968,"bolussnooze":0,"activity":-0.0115,"lastBolusTime":1703192198211,"time":"2023-12-22T01:45:57.819Z"}},{"iob":-0.006,"basaliob":-0.007,"bolussnooze":0,"activity":-1.0E-4,"lastBolusTime":1703192198211,"time":"2023-12-22T01:50:57.819Z","iobWithZeroTemp":{"iob":-0.967,"basaliob":-0.968,"bolussnooze":0,"activity":-0.0116,"lastBolusTime":1703192198211,"time":"2023-12-22T01:50:57.819Z"}},{"iob":-0.005,"basaliob":-0.006,"bolussnooze":0,"activity":-1.0E-4,"lastBolusTime":1703192198211,"time":"2023-12-22T01:55:57.819Z","iobWithZeroTemp":{"iob":-0.967,"basaliob":-0.968,"bolussnooze":0,"activity":-0.0116,"lastBolusTime":1703192198211,"time":"2023-12-22T01:55:57.819Z"}},{"iob":-0.005,"basaliob":-0.005,"bolussnooze":0,"activity":-2.0E-4,"lastBolusTime":1703192198211,"time":"2023-12-22T02:00:57.819Z","iobWithZeroTemp":{"iob":-0.968,"basaliob":-0.968,"bolussnooze":0,"activity":-0.0117,"lastBolusTime":1703192198211,"time":"2023-12-22T02:00:57.819Z"}},{"iob":-0.004,"basaliob":-0.004,"bolussnooze":0,"activity":-2.0E-4,"lastBolusTime":1703192198211,"time":"2023-12-22T02:05:57.819Z","iobWithZeroTemp":{"iob":-0.967,"basaliob":-0.967,"bolussnooze":0,"activity":-0.0117,"lastBolusTime":1703192198211,"time":"2023-12-22T02:05:57.819Z"}},{"iob":-0.003,"basaliob":-0.003,"bolussnooze":0,"activity":-1.0E-4,"lastBolusTime":1703192198211,"time":"2023-12-22T02:10:57.819Z","iobWithZeroTemp":{"iob":-0.967,"basaliob":-0.967,"bolussnooze":0,"activity":-0.0117,"lastBolusTime":1703192198211,"time":"2023-12-22T02:10:57.819Z"}}],"profile":{"max_iob":7,"type":"current","max_daily_basal":0.8,"max_basal":5,"min_bg":80,"max_bg":90,"target_bg":85,"carb_ratio":14,"sens":57,"max_daily_safety_multiplier":9,"current_basal_safety_multiplier":8,"lgsThreshold":65,"high_temptarget_raises_sensitivity":false,"low_temptarget_lowers_sensitivity":false,"sensitivity_raises_target":false,"resistance_lowers_target":false,"adv_target_adjustments":false,"exercise_mode":false,"half_basal_exercise_target":160,"maxCOB":120,"skip_neutral_temps":false,"remainingCarbsCap":90,"enableUAM":true,"A52_risk_enable":false,"SMBInterval":3,"enableSMB_with_COB":true,"enableSMB_with_temptarget":true,"allowSMB_with_high_temptarget":true,"enableSMB_always":true,"enableSMB_after_carbs":true,"maxSMBBasalMinutes":120,"maxUAMSMBBasalMinutes":90,"bolus_increment":0.05,"carbsReqThreshold":5,"current_basal":0.8,"temptargetSet":false,"autosens_max":1.6,"autosens_min":0.6,"variable_sens":94.2,"insulinDivisor":75,"TDD":21.684970238095243},"autosens_data":{"ratio":0.9959807073954985},"meal_data":{"carbs":0,"mealCOB":0,"slopeFromMaxDeviation":-0.36724999999999997,"slopeFromMinDeviation":0.04190909090909092,"lastBolusTime":1703192198211,"lastCarbTime":0},"microBolusAllowed":true,"currentTime":1703196959310,"flatBGsDetected":false,"tdd1D":20.662500000000005,"tdd7D":21.47380952380953,"tddLast24H":21.387500000000006,"tddLast4H":4.045833333333334,"tddLast8to4H":3.295833333333334},"output":{"temp":"absolute","bg":106,"tick":-3,"eventualBG":87,"targetBG":85,"insulinReq":0.02,"deliverAt":"2023-12-21T22:15:59.310Z","sensitivityRatio":0.9959807073954985,"variable_sens":94.2,"predBGs":{"IOB":[106,103,100,97,95,93,91,90,89,88,87,86,86,85,85,85,84,84,84,84,84,84,84,84,84,84,85,85,85,85,85,85,85,85,85,86,86,86,86,86,86,86,86,86,86,86,87],"ZT":[106,103,100,98,96,95,94,93,94,94]},"reason":"COB: 0, Dev: -4, BGI: -3, ISF: 94, CR: 14, Target: 85, minPredBG 89, minGuardBG 84, IOBpredBG 87;  insulinReq 0.02. temp 0.10 < 0.84U\/hr. ","COB":0,"IOB":0.159,"duration":30,"rate":0.8367845659163988,"timestamp":"2023-12-21T22:15:59.327Z"}}