{"algorithm":"OpenAPSSMBDynamicISFPlugin","input":{"glucoseStatus":{"glucose":85,"noise":0,"delta":-2,"short_avgdelta":-2.33,"long_avgdelta":-2.48,"date":1703059837000},"currenttemp":{"temp":"absolute","duration":20,"rate":0,"minutesrunning":10},"iob_data":[{"iob":-0.024,"basaliob":-0.333,"bolussnooze":1.0E-4,"activity":0.0017,"lastBolusTime":1703056884831,"time":"2023-12-20T08:10:59.021Z","iobWithZeroTemp":{"iob":-0.024,"basaliob":-0.333,"bolussnooze":1.0E-4,"activity":0.0017,"lastBolusTime":1703056884831,"time":"2023-12-20T08:10:59.021Z"}},{"iob":-0.032,"basaliob":-0.31,"bolussnooze":0,"activity":0.0014,"lastBolusTime":1703056884831,"time":"2023-12-20T08:15:59.021Z","iobWithZeroTemp":{"iob":-0.069,"basaliob":-0.347,"bolussnooze":0,"activity":0.0014,"lastBolusTime":1703056884831,"time":"2023-12-20T08:15:59.021Z"}},{"iob":-0.037,"basaliob":-0.287,"bolussnooze":0,"activity":0.001,"lastBolusTime":1703056884831,"time":"2023-12-20T08:20:59.021Z","iobWithZeroTemp":{"iob":-0.119,"basaliob":-0.369,"bolussnooze":0,"activity":8.0E-4,"lastBolusTime":1703056884831,"time":"2023-12-20T08:20:59.021Z"}},{"iob":-0.041,"basaliob":-0.266,"bolussnooze":0,"activity":7.0E-4,"lastBolusTime":1703056884831,"time":"2023-12-20T08:25:59.021Z","iobWithZeroTemp":{"iob":-0.168,"basaliob":-0.393,"bolussnooze":0,"activity":3.0E-4,"lastBolusTime":1703056884831,"time":"2023-12-20T08:25:59.021Z"}},{"iob":-0.045,"basaliob":-0.246,"bolussnooze":0,"activity":5.0E-4,"lastBolusTime":1703056884831,"time":"2023-12-20T08:30:59.021Z","iobWithZeroTemp":{"iob":-0.215,"basaliob":-0.416,"bolussnooze":0,"activity":-2.0E-4,"lastBolusTime":1703056884831,"time":"2023-12-20T08:30:59.021Z"}},{"iob":-0.046,"basaliob":-0.226,"bolussnooze":0,"activity":3.0E-4,"lastBolusTime":1703056884831,"time":"2023-12-20T08:35:59.021Z","iobWithZeroTemp":{"iob":-0.258,"basaliob":-0.438,"bolussnooze":0,"activity":-7.0E-4,"lastBolusTime":1703056884831,"time":"2023-12-20T08:35:59.021Z"}},{"iob":-0.048,"basaliob":-0.208,"bolussnooze":0,"activity":2.0E-4,"lastBolusTime":1703056884831,"time":"2023-12-20T08:40:59.021Z","iobWithZeroTemp":{"iob":-0.3,"basaliob":-0.46,"bolussnooze":0,"activity":-0.0011,"lastBolusTime":1703056884831,"time":"2023-12-20T08:40:59.021Z"}},{"iob":-0.048,"basaliob":-0.191,"bolussnooze":0,"activity":1.0E-4,"lastBolusTime":1703056884831,"time":"2023-12-20T08:45:59.021Z","iobWithZeroTemp":{"iob":-0.338,"basaliob":-0.481,"bolussnooze":0,"activity":-0.0016,"lastBolusTime":1703056884831,"time":"2023-12-20T08:45:59.021Z"}},{"iob":-0.048,"basaliob":-0.175,"bolussnooze":0,"activity":-1.0E-4,"lastBolusTime":1703056884831,"time":"2023-12-20T08:50:59.021Z","iobWithZeroTemp":{"iob":-0.374,"basaliob":-0.501,"bolussnooze":0,"activity":-0.0022,"lastBolusTime":1703056884831,"time":"2023-12-20T08:50:59.021Z"}},{"iob":-0.048,"basaliob":-0.16,"bolussnooze":0,"activity":-2.0E-4,"lastBolusTime":1703056884831,"time":"2023-12-20T08:55:59.021Z","iobWithZeroTemp":{"iob":-0.409,"basaliob":-0.521,"bolussnooze":0,"activity":-0.0027,"lastBolusTime":1703056884831,"time":"2023-12-20T08:55:59.021Z"}},{"iob":-0.046,"basaliob":-0.145,"bolussnooze":0,"activity":-2.0E-4,"lastBolusTime":1703056884831,"time":"2023-12-20T09:00:59.021Z","iobWithZeroTemp":{"iob":-0.439,"basaliob":-0.538,"bolussnooze":0,"activity":-0.0031,"lastBolusTime":1703056884831,"time":"2023-12-20T09:00:59.021Z"}},{"iob":-0.044,"basaliob":-0.132,"bolussnooze":0,"activity":-3.0E-4,"lastBolusTime":1703056884831,"time":"2023-12-20T09:05:59.021Z","iobWithZeroTemp":{"iob":-0.468,"basaliob":-0.556,"bolussnooze":0,"activity":-0.0036,"lastBolusTime":1703056884831,"time":"2023-12-20T09:05:59.021Z"}},{"iob":-0.043,"basaliob":-0.12,"bolussnooze":0,"activity":-3.0E-4,"lastBolusTime":1703056884831,"time":"2023-12-20T09:10:59.021Z","iobWithZeroTemp":{"iob":-0.495,"basaliob":-0.572,"bolussnooze":0,"activity":-0.004,"lastBolusTime":1703056884831,"time":"2023-12-20T09:10:59.021Z"}},{"iob":-0.041,"basaliob":-0.109,"bolussnooze":0,"activity":-4.0E-4,"lastBolusTime":1703056884831,"time":"2023-12-20T09:15:59.021Z","iobWithZeroTemp":{"iob":-0.52,"basaliob":-0.588,"bolussnooze":0,"activity":-0.0044,"lastBolusTime":1703056884831,"time":"2023-12-20T09:15:59.021Z"}},{"iob":-0.04,"basaliob":-0.099,"bolussnooze":0,"activity":-4.0E-4,"lastBolusTime":1703056884831,"time":"2023-12-20T09:20:59.021Z","iobWithZeroTemp":{"iob":-0.544,"basaliob":-0.603,"bolussnooze":0,"activity":-0.0048,"lastBolusTime":1703056884831,"time":"2023-12-20T09:20:59.021Z"}},{"iob":-0.037,"basaliob":-0.089,"bolussnooze":0,"activity":-4.0E-4,"lastBolusTime":1703056884831,"time":"2023-12-20T09:25:59.021Z","iobWithZeroTemp":{"iob":-0.564,"basaliob":-0.616,"bolussnooze":0,"activity":-0.0051,"lastBolusTime":1703056884831,"time":"2023-12-20T09:25:59.021Z"}},{"iob":-0.035,"basaliob":-0.08,"bolussnooze":0,"activity":-4.0E-4,"lastBolusTime":1703056884831,"time":"2023-12-20T09:30:59.021Z","iobWithZeroTemp":{"iob":-0.583,"basaliob":-0.628,"bolussnooze":0,"activity":-0.0055,"lastBolusTime":1703056884831,"time":"2023-12-20T09:30:59.021Z"}},{"iob":-0.033,"basaliob":-0.072,"bolussnooze":0,"activity":-4.0E-4,"lastBolusTime":1703056884831,"time":"2023-12-20T09:35:59.021Z","iobWithZeroTemp":{"iob":-0.601,"basaliob":-0.64,"bolussnooze":0,"activity":-0.0058,"lastBolusTime":1703056884831,"time":"2023-12-20T09:35:59.021Z"}},{"iob":-0.031,"basaliob":-0.065,"bolussnooze":0,"activity":-4.0E-4,"lastBolusTime":1703056884831,"time":"2023-12-20T09:40:59.021Z","iobWithZeroTemp":{"iob":-0.617,"basaliob":-0.651,"bolussnooze":0,"activity":-0.0061,"lastBolusTime":1703056884831,"time":"2023-12-20T09:40:59.021Z"}},{"iob":-0.029,"basaliob":-0.058,"bolussnooze":0,"activity":-4.0E-4,"lastBolusTime":1703056884831,"time":"2023-12-20T09:45:59.021Z","iobWithZeroTemp":{"iob":-0.632,"basaliob":-0.661,"bolussnooze":0,"activity":-0.0064,"lastBolusTime":1703056884831,"time":"2023-12-20T09:45:59.021Z"}},{"iob":-0.027,"basaliob":-0.052,"bolussnooze":0,"activity":-4.0E-4,"lastBolusTime":1703056884831,"time":"2023-12-20T09:50:59.021Z","iobWithZeroTemp":{"iob":-0.645,"basaliob":-0.67,"bolussnooze":0,"activity":-0.0066,"lastBolusTime":1703056884831,"time":"2023-12-20T09:50:59.021Z"}},{"iob":-0.026,"basaliob":-0.047,"bolussnooze":0,"activity":-4.0E-4,"lastBolusTime":1703056884831,"time":"2023-12-20T09:55:59.021Z","iobWithZeroTemp":{"iob":-0.659,"basaliob":-0.68,"bolussnooze":0,"activity":-0.0069,"lastBolusTime":1703056884831,"time":"2023-12-20T09:55:59.021Z"}},{"iob":-0.024,"basaliob":-0.042,"bolussnooze":0,"activity":-4.0E-4,"lastBolusTime":1703056884831,"time":"2023-12-20T10:00:59.021Z","iobWithZeroTemp":{"iob":-0.669,"basaliob":-0.687,"bolussnooze":0,"activity":-0.0071,"lastBolusTime":1703056884831,"time":"2023-12-20T10:00:59.021Z"}},{"iob":-0.022,"basaliob":-0.037,"bolussnooze":0,"activity":-4.0E-4,"lastBolusTime":1703056884831,"time":"2023-12-20T10:05:59.021Z","iobWithZeroTemp":{"iob":-0.679,"basaliob":-0.694,"bolussnooze":0,"activity":-0.0073,"lastBolusTime":1703056884831,"time":"2023-12-20T10:05:59.021Z"}},{"iob":-0.02,"basaliob":-0.033,"bolussnooze":0,"activity":-4.0E-4,"lastBolusTime":1703056884831,"time":"2023-12-20T10:10:59.021Z","iobWithZeroTemp":{"iob":-0.688,"basaliob":-0.701,"bolussnooze":0,"activity":-0.0075,"lastBolusTime":1703056884831,"time":"2023-12-20T10:10:59.021Z"}},{"iob":-0.018,"basaliob":-0.029,"bolussnooze":0,"activity":-3.0E-4,"lastBolusTime":1703056884831,"time":"2023-12-20T10:15:59.021Z","iobWithZeroTemp":{"iob":-0.696,"basaliob":-0.707,"bolussnooze":0,"activity":-0.0076,"lastBolusTime":1703056884831,"time":"2023-12-20T10:15:59.021Z"}},{"iob":-0.017,"basaliob":-0.026,"bolussnooze":0,"activity":-3.0E-4,"lastBolusTime":1703056884831,"time":"2023-12-20T10:20:59.021Z","iobWithZeroTemp":{"iob":-0.704,"basaliob":-0.713,"bolussnooze":0,"activity":-0.0078,"lastBolusTime":1703056884831,"time":"2023-12-20T10:20:59.021Z"}},{"iob":-0.016,"basaliob":-0.023,"bolussnooze":0,"activity":-3.0E-4,"lastBolusTime":1703056884831,"time":"2023-12-20T10:25:59.021Z","iobWithZeroTemp":{"iob":-0.711,"basaliob":-0.718,"bolussnooze":0,"activity":-0.0079,"lastBolusTime":1703056884831,"time":"2023-12-20T10:25:59.021Z"}},{"iob":-0.014,"basaliob":-0.02,"bolussnooze":0,"activity":-3.0E-4,"lastBolusTime":1703056884831,"time":"2023-12-20T10:30:59.021Z","iobWithZeroTemp":{"iob":-0.716,"basaliob":-0.722,"bolussnooze":0,"activity":-0.0081,"lastBolusTime":1703056884831,"time":"2023-12-20T10:30:59.021Z"}},{"iob":-0.013,"basaliob":-0.018,"bolussnooze":0,"activity":-3.0E-4,"lastBolusTime":1703056884831,"time":"2023-12-20T10:35:59.021Z","iobWithZeroTemp":{"iob":-0.721,"basaliob":-0.726,"bolussnooze":0,"activity":-0.0082,"lastBolusTime":1703056884831,"time":"2023-12-20T10:35:59.021Z"}},{"iob":-0.011,"basaliob":-0.015,"bolussnooze":0,"activity":-2.0E-4,"lastBolusTime":1703056884831,"time":"2023-12-20T10:40:59.021Z","iobWithZeroTemp":{"iob":-0.725,"basaliob":-0.729,"bolussnooze":0,"activity":-0.0083,"lastBolusTime":1703056884831,"time":"2023-12-20T10:40:59.021Z"}},{"iob":-0.009,"basaliob":-0.013,"bolussnooze":0,"activity":-3.0E-4,"lastBolusTime":1703056884831,"time":"2023-12-20T10:45:59.021Z","iobWithZeroTemp":{"iob":-0.729,"basaliob":-0.733,"bolussnooze":0,"activity":-0.0085,"lastBolusTime":1703056884831,"time":"2023-12-20T10:45:59.021Z"}},{"iob":-0.009,"basaliob":-0.012,"bolussnooze":0,"activity":-2.0E-4,"lastBolusTime":1703056884831,"time":"2023-12-20T10:50:59.021Z","iobWithZeroTemp":{"iob":-0.733,"basaliob":-0.736,"bolussnooze":0,"activity":-0.0085,"lastBolusTime":1703056884831,"time":"2023-12-20T10:50:59.021Z"}},{"iob":-0.007,"basaliob":-0.01,"bolussnooze":0,"activity":-2.0E-4,"lastBolusTime":1703056884831,"time":"2023-12-20T10:55:59.021Z","iobWithZeroTemp":{"iob":-0.736,"basaliob":-0.739,"bolussnooze":0,"activity":-0.0086,"lastBolusTime":1703056884831,"time":"2023-12-20T10:55:59.021Z"}},{"iob":-0.007,"basaliob":-0.009,"bolussnooze":0,"activity":-2.0E-4,"lastBolusTime":1703056884831,"time":"2023-12-20T11:00:59.021Z","iobWithZeroTemp":{"iob":-0.739,"basaliob":-0.741,"bolussnooze":0,"activity":-0.0087,"lastBolusTime":1703056884831,"time":"2023-12-20T11:00:59.021Z"}},{"iob":-0.006,"basaliob":-0.008,"bolussnooze":0,"activity":-1.0E-4,"lastBolusTime":1703056884831,"time":"2023-12-20T11:05:59.021Z","iobWithZeroTemp":{"iob":-0.742,"basaliob":-0.744,"bolussnooze":0,"activity":-0.0086,"lastBolusTime":1703056884831,"time":"2023-12-20T11:05:59.021Z"}},{"iob":-0.005,"basaliob":-0.007,"bolussnooze":0,"activity":-2.0E-4,"lastBolusTime":1703056884831,"time":"2023-12-20T11:10:59.021Z","iobWithZeroTemp":{"iob":-0.744,"basaliob":-0.746,"bolussnooze":0,"activity":-0.0088,"lastBolusTime":1703056884831,"time":"2023-12-20T11:10:59.021Z"}},{"iob":-0.005,"basaliob":-0.006,"bolussnooze":0,"activity":-2.0E-4,"lastBolusTime":1703056884831,"time":"2023-12-20T11:15:59.021Z","iobWithZeroTemp":{"iob":-0.746,"basaliob":-0.747,"bolussnooze":0,"activity":-0.0089,"lastBolusTime":1703056884831,"time":"2023-12-20T11:15:59.021Z"}},{"iob":-0.004,"basaliob":-0.005,"bolussnooze":0,"activity":-1.0E-4,"lastBolusTime":1703056884831,"time":"2023-12-20T11:20:59.021Z","iobWithZeroTemp":{"iob":-0.748,"basaliob":-0.749,"bolussnooze":0,"activity":-0.0088,"lastBolusTime":1703056884831,"time":"2023-12-20T11:20:59.021Z"}},{"iob":-0.003,"basaliob":-0.004,"bolussnooze":0,"activity":-1.0E-4,"lastBolusTime":1703056884831,"time":"2023-12-20T11:25:59.021Z","iobWithZeroTemp":{"iob":-0.749,"basaliob":-0.75,"bolussnooze":0,"activity":-0.0089,"lastBolusTime":1703056884831,"time":"2023-12-20T11:25:59.021Z"}},{"iob":-0.003,"basaliob":-0.004,"bolussnooze":0,"activity":-1.0E-4,"lastBolusTime":1703056884831,"time":"2023-12-20T11:30:59.021Z","iobWithZeroTemp":{"iob":-0.751,"basaliob":-0.752,"bolussnooze":0,"activity":-0.0089,"lastBolusTime":1703056884831,"time":"2023-12-20T11:30:59.021Z"}},{"iob":-0.002,"basaliob":-0.003,"bolussnooze":0,"activity":-1.0E-4,"lastBolusTime":1703056884831,"time":"2023-12-20T11:35:59.021Z","iobWithZeroTemp":{"iob":-0.751,"basaliob":-0.752,"bolussnooze":0,"activity":-0.009,"lastBolusTime":1703056884831,"time":"2023-12-20T11:35:59.021Z"}},{"iob":-0.002,"basaliob":-0.003,"bolussnooze":0,"activity":-1.0E-4,"lastBolusTime":1703056884831,"time":"2023-12-20T11:40:59.021Z","iobWithZeroTemp":{"iob":-0.753,"basaliob":-0.754,"bolussnooze":0,"activity":-0.009,"lastBolusTime":1703056884831,"time":"2023-12-20T11:40:59.021Z"}},{"iob":-0.002,"basaliob":-0.002,"bolussnooze":0,"activity":-1.0E-4,"lastBolusTime":1703056884831,"time":"2023-12-20T11:45:59.021Z","iobWithZeroTemp":{"iob":-0.754,"basaliob":-0.754,"bolussnooze":0,"activity":-0.009,"lastBolusTime":1703056884831,"time":"2023-12-20T11:45:59.021Z"}},{"iob":-0.002,"basaliob":-0.002,"bolussnooze":0,"activity":-1.0E-4,"lastBolusTime":1703056884831,"time":"2023-12-20T11:50:59.021Z","iobWithZeroTemp":{"iob":-0.755,"basaliob":-0.755,"bolussnooze":0,"activity":-0.0091,"lastBolusTime":1703056884831,"time":"2023-12-20T11:50:59.021Z"}},{"iob":-0.001,"basaliob":-0.001,"bolussnooze":0,"activity":0,"lastBolusTime":1703056884831,"time":"2023-12-20T11:55:59.021Z","iobWithZeroTemp":{"iob":-0.755,"basaliob":-0.755,"bolussnooze":0,"activity":-0.009,"lastBolusTime":1703056884831,"time":"2023-12-20T11:55:59.021Z"}},{"iob":-0.001,"basaliob":-0.001,"bolussnooze":0,"activity":0,"lastBolusTime":1703056884831,"time":"2023-12-20T12:00:59.021Z","iobWithZeroTemp":{"iob":-0.756,"basaliob":-0.756,"bolussnooze":0,"activity":-0.009,"lastBolusTime":1703056884831,"time":"2023-12-20T12:00:59.021Z"}},{"iob":-0.001,"basaliob":-0.001,"bolussnooze":0,"activity":0,"lastBolusTime":1703056884831,"time":"2023-12-20T12:05:59.021Z","iobWithZeroTemp":{"iob":-0.761,"basaliob":-0.761,"bolussnooze":0,"activity":-0.009,"lastBolusTime":1703056884831,"time":"2023-12-20T12:05:59.021Z"}}],"profile":{"max_iob":7,"type":"current","max_daily_basal":0.8,"max_basal":4.4,"min_bg":90,"max_bg":90,"target_bg":90,"carb_ratio":16,"sens":57,"max_daily_safety_multiplier":9,"current_basal_safety_multiplier":8,"lgsThreshold":65,"high_temptarget_raises_sensitivity":false,"low_temptarget_lowers_sensitivity":false,"sensitivity_raises_target":false,"resistance_lowers_target":false,"adv_target_adjustments":false,"exercise_mode":false,"half_basal_exercise_target":160,"maxCOB":120,"skip_neutral_temps":false,"remainingCarbsCap":90,"enableUAM":true,"A52_risk_enable":false,"SMBInterval":3,"enableSMB_with_COB":true,"enableSMB_with_temptarget":true,"allowSMB_with_high_temptarget":true,"enableSMB_always":true,"enableSMB_after_carbs":true,"maxSMBBasalMinutes":120,"maxUAMSMBBasalMinutes":90,"bolus_increment":0.05,"carbsReqThreshold":5,"current_basal":0.55,"temptargetSet":false,"autosens_max":1.6,"autosens_min":0.6,"variable_sens":109.5,"insulinDivisor":75,"TDD":21.70018571428572},"autosens_data":{"ratio":0.9936591139668584},"meal_data":{"carbs":0,"mealCOB":0,"slopeFromMaxDeviation":-0.759375,"slopeFromMinDeviation":0,"lastBolusTime":1703056884831,"lastCarbTime":0},"microBolusAllowed":true,"currentTime":1703059861456,"flatBGsDetected":false,"tdd1D":21.666666666666675,"tdd7D":21.121428571428574,"tddLast24H":20.987500000000004,"tddLast4H":3.654166666666667,"tddLast8to4H":3.8791666666666664},"output":{"temp":"absolute","bg":85,"tick":-2,"eventualBG":79,"targetBG":90,"insulinReq":0,"deliverAt":"2023-12-20T08:11:01.456Z","sensitivityRatio":0.9936591139668584,"variable_sens":109.5,"predBGs":{"IOB":[85,83,81,79,78,77,76,75,75,74,74,74,74,75,75,75,75,76,76,76,76,77,77,77,77,77,78,78,78,78,78,78,79,79,79,79,79,79,79,79,79,79,80],"ZT":[85,84,83,83,83,83,83,84,85,86,87,89]},"reason":"COB: 0, Dev: -9, BGI: -1, ISF: 110, CR: 16, Target: 90, minPredBG 76, minGuardBG 74, IOBpredBG 80; Eventual BG 79 < 90, temp 0 ~< req 0.17U\/hr. ","COB":0,"IOB":-0.024,"timestamp":"2023-12-20T08:11:01.476Z"}}