{"algorithm":"OpenAPSSMBDynamicISFPlugin","input":{"glucoseStatus":{"glucose":81,"noise":0,"delta":-1,"short_avgdelta":-1,"long_avgdelta":0.08,"date":1703170837000},"currenttemp":{"temp":"absolute","duration":15,"rate":0,"minutesrunning":15},"iob_data":[{"iob":0.05,"basaliob":-0.32,"bolussnooze":0.2139,"activity":9.0E-4,"lastBolusTime":1703169133442,"time":"2023-12-21T15:01:11.715Z","iobWithZeroTemp":{"iob":0.05,"basaliob":-0.32,"bolussnooze":0.2139,"activity":9.0E-4,"lastBolusTime":1703169133442,"time":"2023-12-21T15:01:11.715Z"}},{"iob":0.045,"basaliob":-0.306,"bolussnooze":0.1856,"activity":0.001,"lastBolusTime":1703169133442,"time":"2023-12-21T15:06:11.715Z","iobWithZeroTemp":{"iob":-0.002,"basaliob":-0.353,"bolussnooze":0.1856,"activity":0.001,"lastBolusTime":1703169133442,"time":"2023-12-21T15:06:11.715Z"}},{"iob":0.04,"basaliob":-0.291,"bolussnooze":0.1594,"activity":8.0E-4,"lastBolusTime":1703169133442,"time":"2023-12-21T15:11:11.715Z","iobWithZeroTemp":{"iob":-0.064,"basaliob":-0.395,"bolussnooze":0.1594,"activity":6.0E-4,"lastBolusTime":1703169133442,"time":"2023-12-21T15:11:11.715Z"}},{"iob":0.037,"basaliob":-0.275,"bolussnooze":0.1357,"activity":8.0E-4,"lastBolusTime":1703169133442,"time":"2023-12-21T15:16:11.715Z","iobWithZeroTemp":{"iob":-0.124,"basaliob":-0.436,"bolussnooze":0.1357,"activity":3.0E-4,"lastBolusTime":1703169133442,"time":"2023-12-21T15:16:11.715Z"}},{"iob":0.034,"basaliob":-0.259,"bolussnooze":0.1145,"activity":6.0E-4,"lastBolusTime":1703169133442,"time":"2023-12-21T15:21:11.715Z","iobWithZeroTemp":{"iob":-0.182,"basaliob":-0.475,"bolussnooze":0.1145,"activity":-2.0E-4,"lastBolusTime":1703169133442,"time":"2023-12-21T15:21:11.715Z"}},{"iob":0.03,"basaliob":-0.244,"bolussnooze":0.0959,"activity":7.0E-4,"lastBolusTime":1703169133442,"time":"2023-12-21T15:26:11.715Z","iobWithZeroTemp":{"iob":-0.239,"basaliob":-0.513,"bolussnooze":0.0959,"activity":-5.0E-4,"lastBolusTime":1703169133442,"time":"2023-12-21T15:26:11.715Z"}},{"iob":0.027,"basaliob":-0.228,"bolussnooze":0.0797,"activity":5.0E-4,"lastBolusTime":1703169133442,"time":"2023-12-21T15:31:11.715Z","iobWithZeroTemp":{"iob":-0.293,"basaliob":-0.548,"bolussnooze":0.0797,"activity":-0.0012,"lastBolusTime":1703169133442,"time":"2023-12-21T15:31:11.715Z"}},{"iob":0.024,"basaliob":-0.213,"bolussnooze":0.0657,"activity":5.0E-4,"lastBolusTime":1703169133442,"time":"2023-12-21T15:36:11.715Z","iobWithZeroTemp":{"iob":-0.345,"basaliob":-0.582,"bolussnooze":0.0657,"activity":-0.0017,"lastBolusTime":1703169133442,"time":"2023-12-21T15:36:11.715Z"}},{"iob":0.022,"basaliob":-0.198,"bolussnooze":0.0538,"activity":5.0E-4,"lastBolusTime":1703169133442,"time":"2023-12-21T15:41:11.715Z","iobWithZeroTemp":{"iob":-0.394,"basaliob":-0.614,"bolussnooze":0.0538,"activity":-0.0022,"lastBolusTime":1703169133442,"time":"2023-12-21T15:41:11.715Z"}},{"iob":0.02,"basaliob":-0.184,"bolussnooze":0.0437,"activity":4.0E-4,"lastBolusTime":1703169133442,"time":"2023-12-21T15:46:11.715Z","iobWithZeroTemp":{"iob":-0.439,"basaliob":-0.643,"bolussnooze":0.0437,"activity":-0.0028,"lastBolusTime":1703169133442,"time":"2023-12-21T15:46:11.715Z"}},{"iob":0.018,"basaliob":-0.17,"bolussnooze":0.0352,"activity":3.0E-4,"lastBolusTime":1703169133442,"time":"2023-12-21T15:51:11.715Z","iobWithZeroTemp":{"iob":-0.483,"basaliob":-0.671,"bolussnooze":0.0352,"activity":-0.0034,"lastBolusTime":1703169133442,"time":"2023-12-21T15:51:11.715Z"}},{"iob":0.016,"basaliob":-0.157,"bolussnooze":0.0282,"activity":4.0E-4,"lastBolusTime":1703169133442,"time":"2023-12-21T15:56:11.715Z","iobWithZeroTemp":{"iob":-0.524,"basaliob":-0.697,"bolussnooze":0.0282,"activity":-0.0038,"lastBolusTime":1703169133442,"time":"2023-12-21T15:56:11.715Z"}},{"iob":0.014,"basaliob":-0.145,"bolussnooze":0.0223,"activity":3.0E-4,"lastBolusTime":1703169133442,"time":"2023-12-21T16:01:11.715Z","iobWithZeroTemp":{"iob":-0.562,"basaliob":-0.721,"bolussnooze":0.0223,"activity":-0.0043,"lastBolusTime":1703169133442,"time":"2023-12-21T16:01:11.715Z"}},{"iob":0.013,"basaliob":-0.133,"bolussnooze":0.0175,"activity":2.0E-4,"lastBolusTime":1703169133442,"time":"2023-12-21T16:06:11.715Z","iobWithZeroTemp":{"iob":-0.597,"basaliob":-0.743,"bolussnooze":0.0175,"activity":-0.0049,"lastBolusTime":1703169133442,"time":"2023-12-21T16:06:11.715Z"}},{"iob":0.012,"basaliob":-0.122,"bolussnooze":0.0136,"activity":3.0E-4,"lastBolusTime":1703169133442,"time":"2023-12-21T16:11:11.715Z","iobWithZeroTemp":{"iob":-0.629,"basaliob":-0.763,"bolussnooze":0.0136,"activity":-0.0053,"lastBolusTime":1703169133442,"time":"2023-12-21T16:11:11.715Z"}},{"iob":0.01,"basaliob":-0.112,"bolussnooze":0.0104,"activity":2.0E-4,"lastBolusTime":1703169133442,"time":"2023-12-21T16:16:11.715Z","iobWithZeroTemp":{"iob":-0.661,"basaliob":-0.783,"bolussnooze":0.0104,"activity":-0.0058,"lastBolusTime":1703169133442,"time":"2023-12-21T16:16:11.715Z"}},{"iob":0.009,"basaliob":-0.103,"bolussnooze":0.0079,"activity":2.0E-4,"lastBolusTime":1703169133442,"time":"2023-12-21T16:21:11.715Z","iobWithZeroTemp":{"iob":-0.689,"basaliob":-0.801,"bolussnooze":0.0079,"activity":-0.0062,"lastBolusTime":1703169133442,"time":"2023-12-21T16:21:11.715Z"}},{"iob":0.008,"basaliob":-0.094,"bolussnooze":0.0059,"activity":2.0E-4,"lastBolusTime":1703169133442,"time":"2023-12-21T16:26:11.715Z","iobWithZeroTemp":{"iob":-0.715,"basaliob":-0.817,"bolussnooze":0.0059,"activity":-0.0066,"lastBolusTime":1703169133442,"time":"2023-12-21T16:26:11.715Z"}},{"iob":0.007,"basaliob":-0.085,"bolussnooze":0.0043,"activity":2.0E-4,"lastBolusTime":1703169133442,"time":"2023-12-21T16:31:11.715Z","iobWithZeroTemp":{"iob":-0.739,"basaliob":-0.831,"bolussnooze":0.0043,"activity":-0.007,"lastBolusTime":1703169133442,"time":"2023-12-21T16:31:11.715Z"}},{"iob":0.007,"basaliob":-0.077,"bolussnooze":0.003,"activity":1.0E-4,"lastBolusTime":1703169133442,"time":"2023-12-21T16:36:11.715Z","iobWithZeroTemp":{"iob":-0.761,"basaliob":-0.845,"bolussnooze":0.003,"activity":-0.0075,"lastBolusTime":1703169133442,"time":"2023-12-21T16:36:11.715Z"}},{"iob":0.006,"basaliob":-0.07,"bolussnooze":0.0021,"activity":1.0E-4,"lastBolusTime":1703169133442,"time":"2023-12-21T16:41:11.715Z","iobWithZeroTemp":{"iob":-0.781,"basaliob":-0.857,"bolussnooze":0.0021,"activity":-0.0078,"lastBolusTime":1703169133442,"time":"2023-12-21T16:41:11.715Z"}},{"iob":0.005,"basaliob":-0.064,"bolussnooze":0.0014,"activity":1.0E-4,"lastBolusTime":1703169133442,"time":"2023-12-21T16:46:11.715Z","iobWithZeroTemp":{"iob":-0.8,"basaliob":-0.869,"bolussnooze":0.0014,"activity":-0.0081,"lastBolusTime":1703169133442,"time":"2023-12-21T16:46:11.715Z"}},{"iob":0.004,"basaliob":-0.058,"bolussnooze":9.0E-4,"activity":1.0E-4,"lastBolusTime":1703169133442,"time":"2023-12-21T16:51:11.715Z","iobWithZeroTemp":{"iob":-0.817,"basaliob":-0.879,"bolussnooze":9.0E-4,"activity":-0.0084,"lastBolusTime":1703169133442,"time":"2023-12-21T16:51:11.715Z"}},{"iob":0.004,"basaliob":-0.052,"bolussnooze":5.0E-4,"activity":1.0E-4,"lastBolusTime":1703169133442,"time":"2023-12-21T16:56:11.715Z","iobWithZeroTemp":{"iob":-0.832,"basaliob":-0.888,"bolussnooze":5.0E-4,"activity":-0.0087,"lastBolusTime":1703169133442,"time":"2023-12-21T16:56:11.715Z"}},{"iob":0.003,"basaliob":-0.047,"bolussnooze":3.0E-4,"activity":1.0E-4,"lastBolusTime":1703169133442,"time":"2023-12-21T17:01:11.715Z","iobWithZeroTemp":{"iob":-0.847,"basaliob":-0.897,"bolussnooze":3.0E-4,"activity":-0.009,"lastBolusTime":1703169133442,"time":"2023-12-21T17:01:11.715Z"}},{"iob":0.003,"basaliob":-0.042,"bolussnooze":1.0E-4,"activity":1.0E-4,"lastBolusTime":1703169133442,"time":"2023-12-21T17:06:11.715Z","iobWithZeroTemp":{"iob":-0.868,"basaliob":-0.913,"bolussnooze":1.0E-4,"activity":-0.0092,"lastBolusTime":1703169133442,"time":"2023-12-21T17:06:11.715Z"}},{"iob":0.002,"basaliob":-0.038,"bolussnooze":0,"activity":1.0E-4,"lastBolusTime":1703169133442,"time":"2023-12-21T17:11:11.715Z","iobWithZeroTemp":{"iob":-0.888,"basaliob":-0.928,"bolussnooze":0,"activity":-0.0095,"lastBolusTime":1703169133442,"time":"2023-12-21T17:11:11.715Z"}},{"iob":0.002,"basaliob":-0.034,"bolussnooze":0,"activity":0,"lastBolusTime":1703169133442,"time":"2023-12-21T17:16:11.715Z","iobWithZeroTemp":{"iob":-0.906,"basaliob":-0.942,"bolussnooze":0,"activity":-0.0098,"lastBolusTime":1703169133442,"time":"2023-12-21T17:16:11.715Z"}},{"iob":0.002,"basaliob":-0.03,"bolussnooze":0,"activity":0,"lastBolusTime":1703169133442,"time":"2023-12-21T17:21:11.715Z","iobWithZeroTemp":{"iob":-0.923,"basaliob":-0.955,"bolussnooze":0,"activity":-0.01,"lastBolusTime":1703169133442,"time":"2023-12-21T17:21:11.715Z"}},{"iob":0.001,"basaliob":-0.027,"bolussnooze":0,"activity":1.0E-4,"lastBolusTime":1703169133442,"time":"2023-12-21T17:26:11.715Z","iobWithZeroTemp":{"iob":-0.94,"basaliob":-0.968,"bolussnooze":0,"activity":-0.0102,"lastBolusTime":1703169133442,"time":"2023-12-21T17:26:11.715Z"}},{"iob":0.001,"basaliob":-0.024,"bolussnooze":0,"activity":0,"lastBolusTime":1703169133442,"time":"2023-12-21T17:31:11.715Z","iobWithZeroTemp":{"iob":-0.955,"basaliob":-0.98,"bolussnooze":0,"activity":-0.0105,"lastBolusTime":1703169133442,"time":"2023-12-21T17:31:11.715Z"}},{"iob":0.001,"basaliob":-0.021,"bolussnooze":0,"activity":1.0E-4,"lastBolusTime":1703169133442,"time":"2023-12-21T17:36:11.715Z","iobWithZeroTemp":{"iob":-0.969,"basaliob":-0.991,"bolussnooze":0,"activity":-0.0106,"lastBolusTime":1703169133442,"time":"2023-12-21T17:36:11.715Z"}},{"iob":0.001,"basaliob":-0.019,"bolussnooze":0,"activity":0,"lastBolusTime":1703169133442,"time":"2023-12-21T17:41:11.715Z","iobWithZeroTemp":{"iob":-0.981,"basaliob":-1.001,"bolussnooze":0,"activity":-0.0109,"lastBolusTime":1703169133442,"time":"2023-12-21T17:41:11.715Z"}},{"iob":0,"basaliob":-0.017,"bolussnooze":0,"activity":0,"lastBolusTime":1703169133442,"time":"2023-12-21T17:46:11.715Z","iobWithZeroTemp":{"iob":-0.994,"basaliob":-1.011,"bolussnooze":0,"activity":-0.0111,"lastBolusTime":1703169133442,"time":"2023-12-21T17:46:11.715Z"}},{"iob":0,"basaliob":-0.015,"bolussnooze":0,"activity":0,"lastBolusTime":1703169133442,"time":"2023-12-21T17:51:11.715Z","iobWithZeroTemp":{"iob":-1.004,"basaliob":-1.019,"bolussnooze":0,"activity":-0.0113,"lastBolusTime":1703169133442,"time":"2023-12-21T17:51:11.715Z"}},{"iob":0,"basaliob":-0.013,"bolussnooze":0,"activity":1.0E-4,"lastBolusTime":1703169133442,"time":"2023-12-21T17:56:11.715Z","iobWithZeroTemp":{"iob":-1.014,"basaliob":-1.027,"bolussnooze":0,"activity":-0.0114,"lastBolusTime":1703169133442,"time":"2023-12-21T17:56:11.715Z"}},{"iob":0.001,"basaliob":-0.011,"bolussnooze":0,"activity":0,"lastBolusTime":1703169133442,"time":"2023-12-21T18:01:11.715Z","iobWithZeroTemp":{"iob":-1.022,"basaliob":-1.034,"bolussnooze":0,"activity":-0.0116,"lastBolusTime":1703169133442,"time":"2023-12-21T18:01:11.715Z"}},{"iob":0,"basaliob":-0.01,"bolussnooze":0,"activity":0,"lastBolusTime":1703169133442,"time":"2023-12-21T18:06:11.715Z","iobWithZeroTemp":{"iob":-1.031,"basaliob":-1.041,"bolussnooze":0,"activity":-0.0118,"lastBolusTime":1703169133442,"time":"2023-12-21T18:06:11.715Z"}},{"iob":0,"basaliob":-0.009,"bolussnooze":0,"activity":1.0E-4,"lastBolusTime":1703169133442,"time":"2023-12-21T18:11:11.715Z","iobWithZeroTemp":{"iob":-1.039,"basaliob":-1.048,"bolussnooze":0,"activity":-0.0118,"lastBolusTime":1703169133442,"time":"2023-12-21T18:11:11.715Z"}},{"iob":0,"basaliob":-0.008,"bolussnooze":0,"activity":0,"lastBolusTime":1703169133442,"time":"2023-12-21T18:16:11.715Z","iobWithZeroTemp":{"iob":-1.046,"basaliob":-1.054,"bolussnooze":0,"activity":-0.012,"lastBolusTime":1703169133442,"time":"2023-12-21T18:16:11.715Z"}},{"iob":-0.001,"basaliob":-0.007,"bolussnooze":0,"activity":0,"lastBolusTime":1703169133442,"time":"2023-12-21T18:21:11.715Z","iobWithZeroTemp":{"iob":-1.053,"basaliob":-1.059,"bolussnooze":0,"activity":-0.0122,"lastBolusTime":1703169133442,"time":"2023-12-21T18:21:11.715Z"}},{"iob":-0.001,"basaliob":-0.006,"bolussnooze":0,"activity":0,"lastBolusTime":1703169133442,"time":"2023-12-21T18:26:11.715Z","iobWithZeroTemp":{"iob":-1.059,"basaliob":-1.064,"bolussnooze":0,"activity":-0.0123,"lastBolusTime":1703169133442,"time":"2023-12-21T18:26:11.715Z"}},{"iob":0,"basaliob":-0.005,"bolussnooze":0,"activity":1.0E-4,"lastBolusTime":1703169133442,"time":"2023-12-21T18:31:11.715Z","iobWithZeroTemp":{"iob":-1.063,"basaliob":-1.068,"bolussnooze":0,"activity":-0.0123,"lastBolusTime":1703169133442,"time":"2023-12-21T18:31:11.715Z"}},{"iob":0,"basaliob":-0.004,"bolussnooze":0,"activity":0,"lastBolusTime":1703169133442,"time":"2023-12-21T18:36:11.715Z","iobWithZeroTemp":{"iob":-1.067,"basaliob":-1.071,"bolussnooze":0,"activity":-0.0125,"lastBolusTime":1703169133442,"time":"2023-12-21T18:36:11.715Z"}},{"iob":-0.001,"basaliob":-0.004,"bolussnooze":0,"activity":0,"lastBolusTime":1703169133442,"time":"2023-12-21T18:41:11.715Z","iobWithZeroTemp":{"iob":-1.072,"basaliob":-1.075,"bolussnooze":0,"activity":-0.0126,"lastBolusTime":1703169133442,"time":"2023-12-21T18:41:11.715Z"}},{"iob":0,"basaliob":-0.003,"bolussnooze":0,"activity":0,"lastBolusTime":1703169133442,"time":"2023-12-21T18:46:11.715Z","iobWithZeroTemp":{"iob":-1.075,"basaliob":-1.078,"bolussnooze":0,"activity":-0.0126,"lastBolusTime":1703169133442,"time":"2023-12-21T18:46:11.715Z"}},{"iob":-0.001,"basaliob":-0.003,"bolussnooze":0,"activity":0,"lastBolusTime":1703169133442,"time":"2023-12-21T18:51:11.715Z","iobWithZeroTemp":{"iob":-1.079,"basaliob":-1.081,"bolussnooze":0,"activity":-0.0127,"lastBolusTime":1703169133442,"time":"2023-12-21T18:51:11.715Z"}},{"iob":0,"basaliob":-0.002,"bolussnooze":0,"activity":0,"lastBolusTime":1703169133442,"time":"2023-12-21T18:56:11.715Z","iobWithZeroTemp":{"iob":-1.081,"basaliob":-1.083,"bolussnooze":0,"activity":-0.0128,"lastBolusTime":1703169133442,"time":"2023-12-21T18:56:11.715Z"}}],"profile":{"max_iob":7,"type":"current","max_daily_basal":0.8,"max_basal":5,"min_bg":80,"max_bg":90,"target_bg":85,"carb_ratio":16,"sens":57,"max_daily_safety_multiplier":9,"current_basal_safety_multiplier":8,"lgsThreshold":65,"high_temptarget_raises_sensitivity":false,"low_temptarget_lowers_sensitivity":false,"sensitivity_raises_target":false,"resistance_lowers_target":false,"adv_target_adjustments":false,"exercise_mode":false,"half_basal_exercise_target":160,"maxCOB":120,"skip_neutral_temps":false,"remainingCarbsCap":90,"enableUAM":true,"A52_risk_enable":false,"SMBInterval":3,"enableSMB_with_COB":true,"enableSMB_with_temptarget":true,"allowSMB_with_high_temptarget":true,"enableSMB_always":true,"enableSMB_after_carbs":true,"maxSMBBasalMinutes":120,"maxUAMSMBBasalMinutes":90,"bolus_increment":0.05,"carbsReqThreshold":5,"current_basal":0.7,"temptargetSet":false,"autosens_max":1.6,"autosens_min":0.6,"variable_sens":134.9,"insulinDivisor":75,"TDD":18.21914523809524},"autosens_data":{"ratio":0.9963687770262782},"meal_data":{"carbs":0,"mealCOB":0,"slopeFromMaxDeviation":-0.36744444444444446,"slopeFromMinDeviation":0,"lastBolusTime":1703169133442,"lastCarbTime":0},"microBolusAllowed":true,"currentTime":1703170873310,"flatBGsDetected":false,"tdd1D":20.662500000000005,"tdd7D":21.47380952380953,"tddLast24H":21.395833333333346,"tddLast4H":2.229166666666667,"tddLast8to4H":1.6999999999999997},"output":{"temp":"absolute","bg":81,"tick":-1,"eventualBG":78,"targetBG":85,"insulinReq":0,"deliverAt":"2023-12-21T15:01:13.310Z","sensitivityRatio":0.9963687770262782,"variable_sens":134.9,"predBGs":{"IOB":[81,80,79,78,77,77,76,75,75,75,74,74,74,73,73,73,73,73,73,72],"ZT":[81,80,80,79,79,79,80,80,82,83,85]},"reason":"COB: 0, Dev: 4, BGI: -1, ISF: 135, CR: 16, Target: 85, minPredBG 73, minGuardBG 72, IOBpredBG 72; Eventual BG 78 < 80, temp 0 ~< req 0.5U\/hr. ","COB":0,"IOB":0.05,"timestamp":"2023-12-21T15:01:13.316Z"}}