{"algorithm":"OpenAPSSMBDynamicISFPlugin","input":{"glucoseStatus":{"glucose":136,"noise":0,"delta":1,"short_avgdelta":1.33,"long_avgdelta":3.47,"date":1703188238000},"currenttemp":{"temp":"absolute","duration":50,"rate":0,"minutesrunning":10},"iob_data":[{"iob":1.41,"basaliob":-0.655,"bolussnooze":1.0965,"activity":0.0182,"lastBolusTime":1703186546486,"time":"2023-12-21T19:50:56.189Z","iobWithZeroTemp":{"iob":1.41,"basaliob":-0.655,"bolussnooze":1.0965,"activity":0.0182,"lastBolusTime":1703186546486,"time":"2023-12-21T19:50:56.189Z"}},{"iob":1.321,"basaliob":-0.624,"bolussnooze":0.9352,"activity":0.0178,"lastBolusTime":1703186546486,"time":"2023-12-21T19:55:56.189Z","iobWithZeroTemp":{"iob":1.268,"basaliob":-0.677,"bolussnooze":0.9352,"activity":0.0177,"lastBolusTime":1703186546486,"time":"2023-12-21T19:55:56.189Z"}},{"iob":1.233,"basaliob":-0.592,"bolussnooze":0.7907,"activity":0.0173,"lastBolusTime":1703186546486,"time":"2023-12-21T20:00:56.189Z","iobWithZeroTemp":{"iob":1.114,"basaliob":-0.711,"bolussnooze":0.7907,"activity":0.0171,"lastBolusTime":1703186546486,"time":"2023-12-21T20:00:56.189Z"}},{"iob":1.147,"basaliob":-0.56,"bolussnooze":0.6632,"activity":0.0168,"lastBolusTime":1703186546486,"time":"2023-12-21T20:05:56.189Z","iobWithZeroTemp":{"iob":0.963,"basaliob":-0.744,"bolussnooze":0.6632,"activity":0.0162,"lastBolusTime":1703186546486,"time":"2023-12-21T20:05:56.189Z"}},{"iob":1.066,"basaliob":-0.527,"bolussnooze":0.5519,"activity":0.0161,"lastBolusTime":1703186546486,"time":"2023-12-21T20:10:56.189Z","iobWithZeroTemp":{"iob":0.819,"basaliob":-0.774,"bolussnooze":0.5519,"activity":0.0151,"lastBolusTime":1703186546486,"time":"2023-12-21T20:10:56.189Z"}},{"iob":0.988,"basaliob":-0.494,"bolussnooze":0.4558,"activity":0.0153,"lastBolusTime":1703186546486,"time":"2023-12-21T20:15:56.189Z","iobWithZeroTemp":{"iob":0.68,"basaliob":-0.802,"bolussnooze":0.4558,"activity":0.0139,"lastBolusTime":1703186546486,"time":"2023-12-21T20:15:56.189Z"}},{"iob":0.913,"basaliob":-0.462,"bolussnooze":0.3737,"activity":0.0146,"lastBolusTime":1703186546486,"time":"2023-12-21T20:20:56.189Z","iobWithZeroTemp":{"iob":0.547,"basaliob":-0.828,"bolussnooze":0.3737,"activity":0.0127,"lastBolusTime":1703186546486,"time":"2023-12-21T20:20:56.189Z"}},{"iob":0.841,"basaliob":-0.431,"bolussnooze":0.304,"activity":0.0139,"lastBolusTime":1703186546486,"time":"2023-12-21T20:25:56.189Z","iobWithZeroTemp":{"iob":0.419,"basaliob":-0.853,"bolussnooze":0.304,"activity":0.0114,"lastBolusTime":1703186546486,"time":"2023-12-21T20:25:56.189Z"}},{"iob":0.774,"basaliob":-0.401,"bolussnooze":0.2454,"activity":0.0131,"lastBolusTime":1703186546486,"time":"2023-12-21T20:30:56.189Z","iobWithZeroTemp":{"iob":0.299,"basaliob":-0.876,"bolussnooze":0.2454,"activity":0.0101,"lastBolusTime":1703186546486,"time":"2023-12-21T20:30:56.189Z"}},{"iob":0.711,"basaliob":-0.372,"bolussnooze":0.1965,"activity":0.0122,"lastBolusTime":1703186546486,"time":"2023-12-21T20:35:56.189Z","iobWithZeroTemp":{"iob":0.186,"basaliob":-0.897,"bolussnooze":0.1965,"activity":0.0086,"lastBolusTime":1703186546486,"time":"2023-12-21T20:35:56.189Z"}},{"iob":0.652,"basaliob":-0.344,"bolussnooze":0.156,"activity":0.0115,"lastBolusTime":1703186546486,"time":"2023-12-21T20:40:56.189Z","iobWithZeroTemp":{"iob":0.08,"basaliob":-0.916,"bolussnooze":0.156,"activity":0.0073,"lastBolusTime":1703186546486,"time":"2023-12-21T20:40:56.189Z"}},{"iob":0.596,"basaliob":-0.318,"bolussnooze":0.1227,"activity":0.0108,"lastBolusTime":1703186546486,"time":"2023-12-21T20:45:56.189Z","iobWithZeroTemp":{"iob":-0.021,"basaliob":-0.935,"bolussnooze":0.1227,"activity":0.0061,"lastBolusTime":1703186546486,"time":"2023-12-21T20:45:56.189Z"}},{"iob":0.544,"basaliob":-0.293,"bolussnooze":0.0955,"activity":0.01,"lastBolusTime":1703186546486,"time":"2023-12-21T20:50:56.189Z","iobWithZeroTemp":{"iob":-0.114,"basaliob":-0.951,"bolussnooze":0.0955,"activity":0.0047,"lastBolusTime":1703186546486,"time":"2023-12-21T20:50:56.189Z"}},{"iob":0.496,"basaliob":-0.269,"bolussnooze":0.0734,"activity":0.0093,"lastBolusTime":1703186546486,"time":"2023-12-21T20:55:56.189Z","iobWithZeroTemp":{"iob":-0.201,"basaliob":-0.966,"bolussnooze":0.0734,"activity":0.0034,"lastBolusTime":1703186546486,"time":"2023-12-21T20:55:56.189Z"}},{"iob":0.451,"basaliob":-0.247,"bolussnooze":0.0558,"activity":0.0086,"lastBolusTime":1703186546486,"time":"2023-12-21T21:00:56.189Z","iobWithZeroTemp":{"iob":-0.282,"basaliob":-0.98,"bolussnooze":0.0558,"activity":0.0022,"lastBolusTime":1703186546486,"time":"2023-12-21T21:00:56.189Z"}},{"iob":0.409,"basaliob":-0.226,"bolussnooze":0.0417,"activity":0.008,"lastBolusTime":1703186546486,"time":"2023-12-21T21:05:56.189Z","iobWithZeroTemp":{"iob":-0.358,"basaliob":-0.993,"bolussnooze":0.0417,"activity":0.0011,"lastBolusTime":1703186546486,"time":"2023-12-21T21:05:56.189Z"}},{"iob":0.371,"basaliob":-0.207,"bolussnooze":0.0307,"activity":0.0073,"lastBolusTime":1703186546486,"time":"2023-12-21T21:10:56.189Z","iobWithZeroTemp":{"iob":-0.427,"basaliob":-1.005,"bolussnooze":0.0307,"activity":-1.0E-4,"lastBolusTime":1703186546486,"time":"2023-12-21T21:10:56.189Z"}},{"iob":0.335,"basaliob":-0.189,"bolussnooze":0.0221,"activity":0.0068,"lastBolusTime":1703186546486,"time":"2023-12-21T21:15:56.189Z","iobWithZeroTemp":{"iob":-0.491,"basaliob":-1.015,"bolussnooze":0.0221,"activity":-0.001,"lastBolusTime":1703186546486,"time":"2023-12-21T21:15:56.189Z"}},{"iob":0.302,"basaliob":-0.172,"bolussnooze":0.0156,"activity":0.0062,"lastBolusTime":1703186546486,"time":"2023-12-21T21:20:56.189Z","iobWithZeroTemp":{"iob":-0.551,"basaliob":-1.025,"bolussnooze":0.0156,"activity":-0.0021,"lastBolusTime":1703186546486,"time":"2023-12-21T21:20:56.189Z"}},{"iob":0.273,"basaliob":-0.156,"bolussnooze":0.0106,"activity":0.0058,"lastBolusTime":1703186546486,"time":"2023-12-21T21:25:56.189Z","iobWithZeroTemp":{"iob":-0.604,"basaliob":-1.033,"bolussnooze":0.0106,"activity":-0.0029,"lastBolusTime":1703186546486,"time":"2023-12-21T21:25:56.189Z"}},{"iob":0.245,"basaliob":-0.142,"bolussnooze":0.0069,"activity":0.0052,"lastBolusTime":1703186546486,"time":"2023-12-21T21:30:56.189Z","iobWithZeroTemp":{"iob":-0.655,"basaliob":-1.042,"bolussnooze":0.0069,"activity":-0.0039,"lastBolusTime":1703186546486,"time":"2023-12-21T21:30:56.189Z"}},{"iob":0.22,"basaliob":-0.128,"bolussnooze":0.0043,"activity":0.0048,"lastBolusTime":1703186546486,"time":"2023-12-21T21:35:56.189Z","iobWithZeroTemp":{"iob":-0.7,"basaliob":-1.048,"bolussnooze":0.0043,"activity":-0.0046,"lastBolusTime":1703186546486,"time":"2023-12-21T21:35:56.189Z"}},{"iob":0.197,"basaliob":-0.116,"bolussnooze":0.0025,"activity":0.0044,"lastBolusTime":1703186546486,"time":"2023-12-21T21:40:56.189Z","iobWithZeroTemp":{"iob":-0.742,"basaliob":-1.055,"bolussnooze":0.0025,"activity":-0.0054,"lastBolusTime":1703186546486,"time":"2023-12-21T21:40:56.189Z"}},{"iob":0.177,"basaliob":-0.104,"bolussnooze":0.0014,"activity":0.004,"lastBolusTime":1703186546486,"time":"2023-12-21T21:45:56.189Z","iobWithZeroTemp":{"iob":-0.779,"basaliob":-1.06,"bolussnooze":0.0014,"activity":-0.0061,"lastBolusTime":1703186546486,"time":"2023-12-21T21:45:56.189Z"}},{"iob":0.157,"basaliob":-0.094,"bolussnooze":7.0E-4,"activity":0.0036,"lastBolusTime":1703186546486,"time":"2023-12-21T21:50:56.189Z","iobWithZeroTemp":{"iob":-0.815,"basaliob":-1.066,"bolussnooze":7.0E-4,"activity":-0.0068,"lastBolusTime":1703186546486,"time":"2023-12-21T21:50:56.189Z"}},{"iob":0.14,"basaliob":-0.084,"bolussnooze":3.0E-4,"activity":0.0033,"lastBolusTime":1703186546486,"time":"2023-12-21T21:55:56.189Z","iobWithZeroTemp":{"iob":-0.846,"basaliob":-1.07,"bolussnooze":3.0E-4,"activity":-0.0073,"lastBolusTime":1703186546486,"time":"2023-12-21T21:55:56.189Z"}},{"iob":0.124,"basaliob":-0.076,"bolussnooze":1.0E-4,"activity":0.003,"lastBolusTime":1703186546486,"time":"2023-12-21T22:00:56.189Z","iobWithZeroTemp":{"iob":-0.875,"basaliob":-1.075,"bolussnooze":1.0E-4,"activity":-0.0079,"lastBolusTime":1703186546486,"time":"2023-12-21T22:00:56.189Z"}},{"iob":0.11,"basaliob":-0.068,"bolussnooze":0,"activity":0.0027,"lastBolusTime":1703186546486,"time":"2023-12-21T22:05:56.189Z","iobWithZeroTemp":{"iob":-0.9,"basaliob":-1.078,"bolussnooze":0,"activity":-0.0084,"lastBolusTime":1703186546486,"time":"2023-12-21T22:05:56.189Z"}},{"iob":0.097,"basaliob":-0.061,"bolussnooze":0,"activity":0.0024,"lastBolusTime":1703186546486,"time":"2023-12-21T22:10:56.189Z","iobWithZeroTemp":{"iob":-0.924,"basaliob":-1.082,"bolussnooze":0,"activity":-0.0089,"lastBolusTime":1703186546486,"time":"2023-12-21T22:10:56.189Z"}},{"iob":0.085,"basaliob":-0.054,"bolussnooze":0,"activity":0.0022,"lastBolusTime":1703186546486,"time":"2023-12-21T22:15:56.189Z","iobWithZeroTemp":{"iob":-0.945,"basaliob":-1.084,"bolussnooze":0,"activity":-0.0093,"lastBolusTime":1703186546486,"time":"2023-12-21T22:15:56.189Z"}},{"iob":0.075,"basaliob":-0.048,"bolussnooze":0,"activity":0.002,"lastBolusTime":1703186546486,"time":"2023-12-21T22:20:56.189Z","iobWithZeroTemp":{"iob":-0.964,"basaliob":-1.087,"bolussnooze":0,"activity":-0.0097,"lastBolusTime":1703186546486,"time":"2023-12-21T22:20:56.189Z"}},{"iob":0.065,"basaliob":-0.043,"bolussnooze":0,"activity":0.0018,"lastBolusTime":1703186546486,"time":"2023-12-21T22:25:56.189Z","iobWithZeroTemp":{"iob":-0.982,"basaliob":-1.09,"bolussnooze":0,"activity":-0.0101,"lastBolusTime":1703186546486,"time":"2023-12-21T22:25:56.189Z"}},{"iob":0.057,"basaliob":-0.038,"bolussnooze":0,"activity":0.0016,"lastBolusTime":1703186546486,"time":"2023-12-21T22:30:56.189Z","iobWithZeroTemp":{"iob":-0.997,"basaliob":-1.092,"bolussnooze":0,"activity":-0.0104,"lastBolusTime":1703186546486,"time":"2023-12-21T22:30:56.189Z"}},{"iob":0.05,"basaliob":-0.033,"bolussnooze":0,"activity":0.0015,"lastBolusTime":1703186546486,"time":"2023-12-21T22:35:56.189Z","iobWithZeroTemp":{"iob":-1.01,"basaliob":-1.093,"bolussnooze":0,"activity":-0.0107,"lastBolusTime":1703186546486,"time":"2023-12-21T22:35:56.189Z"}},{"iob":0.043,"basaliob":-0.029,"bolussnooze":0,"activity":0.0012,"lastBolusTime":1703186546486,"time":"2023-12-21T22:40:56.189Z","iobWithZeroTemp":{"iob":-1.022,"basaliob":-1.094,"bolussnooze":0,"activity":-0.0111,"lastBolusTime":1703186546486,"time":"2023-12-21T22:40:56.189Z"}},{"iob":0.037,"basaliob":-0.026,"bolussnooze":0,"activity":0.0011,"lastBolusTime":1703186546486,"time":"2023-12-21T22:45:56.189Z","iobWithZeroTemp":{"iob":-1.033,"basaliob":-1.096,"bolussnooze":0,"activity":-0.0113,"lastBolusTime":1703186546486,"time":"2023-12-21T22:45:56.189Z"}},{"iob":0.032,"basaliob":-0.022,"bolussnooze":0,"activity":0.001,"lastBolusTime":1703186546486,"time":"2023-12-21T22:50:56.189Z","iobWithZeroTemp":{"iob":-1.043,"basaliob":-1.097,"bolussnooze":0,"activity":-0.0115,"lastBolusTime":1703186546486,"time":"2023-12-21T22:50:56.189Z"}},{"iob":0.027,"basaliob":-0.02,"bolussnooze":0,"activity":9.0E-4,"lastBolusTime":1703186546486,"time":"2023-12-21T22:55:56.189Z","iobWithZeroTemp":{"iob":-1.052,"basaliob":-1.099,"bolussnooze":0,"activity":-0.0117,"lastBolusTime":1703186546486,"time":"2023-12-21T22:55:56.189Z"}},{"iob":0.023,"basaliob":-0.017,"bolussnooze":0,"activity":8.0E-4,"lastBolusTime":1703186546486,"time":"2023-12-21T23:00:56.189Z","iobWithZeroTemp":{"iob":-1.059,"basaliob":-1.099,"bolussnooze":0,"activity":-0.0119,"lastBolusTime":1703186546486,"time":"2023-12-21T23:00:56.189Z"}},{"iob":0.019,"basaliob":-0.015,"bolussnooze":0,"activity":7.0E-4,"lastBolusTime":1703186546486,"time":"2023-12-21T23:05:56.189Z","iobWithZeroTemp":{"iob":-1.058,"basaliob":-1.092,"bolussnooze":0,"activity":-0.0121,"lastBolusTime":1703186546486,"time":"2023-12-21T23:05:56.189Z"}},{"iob":0.016,"basaliob":-0.013,"bolussnooze":0,"activity":6.0E-4,"lastBolusTime":1703186546486,"time":"2023-12-21T23:10:56.189Z","iobWithZeroTemp":{"iob":-1.055,"basaliob":-1.084,"bolussnooze":0,"activity":-0.0122,"lastBolusTime":1703186546486,"time":"2023-12-21T23:10:56.189Z"}},{"iob":0.013,"basaliob":-0.011,"bolussnooze":0,"activity":5.0E-4,"lastBolusTime":1703186546486,"time":"2023-12-21T23:15:56.189Z","iobWithZeroTemp":{"iob":-1.053,"basaliob":-1.077,"bolussnooze":0,"activity":-0.0123,"lastBolusTime":1703186546486,"time":"2023-12-21T23:15:56.189Z"}},{"iob":0.011,"basaliob":-0.009,"bolussnooze":0,"activity":4.0E-4,"lastBolusTime":1703186546486,"time":"2023-12-21T23:20:56.189Z","iobWithZeroTemp":{"iob":-1.049,"basaliob":-1.069,"bolussnooze":0,"activity":-0.0124,"lastBolusTime":1703186546486,"time":"2023-12-21T23:20:56.189Z"}},{"iob":0.009,"basaliob":-0.008,"bolussnooze":0,"activity":3.0E-4,"lastBolusTime":1703186546486,"time":"2023-12-21T23:25:56.189Z","iobWithZeroTemp":{"iob":-1.045,"basaliob":-1.062,"bolussnooze":0,"activity":-0.0125,"lastBolusTime":1703186546486,"time":"2023-12-21T23:25:56.189Z"}},{"iob":0.007,"basaliob":-0.007,"bolussnooze":0,"activity":4.0E-4,"lastBolusTime":1703186546486,"time":"2023-12-21T23:30:56.189Z","iobWithZeroTemp":{"iob":-1.042,"basaliob":-1.056,"bolussnooze":0,"activity":-0.0124,"lastBolusTime":1703186546486,"time":"2023-12-21T23:30:56.189Z"}},{"iob":0.006,"basaliob":-0.005,"bolussnooze":0,"activity":3.0E-4,"lastBolusTime":1703186546486,"time":"2023-12-21T23:35:56.189Z","iobWithZeroTemp":{"iob":-1.037,"basaliob":-1.048,"bolussnooze":0,"activity":-0.0125,"lastBolusTime":1703186546486,"time":"2023-12-21T23:35:56.189Z"}},{"iob":0.004,"basaliob":-0.005,"bolussnooze":0,"activity":2.0E-4,"lastBolusTime":1703186546486,"time":"2023-12-21T23:40:56.189Z","iobWithZeroTemp":{"iob":-1.034,"basaliob":-1.043,"bolussnooze":0,"activity":-0.0125,"lastBolusTime":1703186546486,"time":"2023-12-21T23:40:56.189Z"}},{"iob":0.003,"basaliob":-0.004,"bolussnooze":0,"activity":2.0E-4,"lastBolusTime":1703186546486,"time":"2023-12-21T23:45:56.189Z","iobWithZeroTemp":{"iob":-1.029,"basaliob":-1.036,"bolussnooze":0,"activity":-0.0125,"lastBolusTime":1703186546486,"time":"2023-12-21T23:45:56.189Z"}}],"profile":{"max_iob":7,"type":"current","max_daily_basal":0.8,"max_basal":5,"min_bg":80,"max_bg":90,"target_bg":85,"carb_ratio":14,"sens":57,"max_daily_safety_multiplier":9,"current_basal_safety_multiplier":8,"lgsThreshold":65,"high_temptarget_raises_sensitivity":false,"low_temptarget_lowers_sensitivity":false,"sensitivity_raises_target":false,"resistance_lowers_target":false,"adv_target_adjustments":false,"exercise_mode":false,"half_basal_exercise_target":160,"maxCOB":120,"skip_neutral_temps":false,"remainingCarbsCap":90,"enableUAM":true,"A52_risk_enable":false,"SMBInterval":3,"enableSMB_with_COB":true,"enableSMB_with_temptarget":true,"allowSMB_with_high_temptarget":true,"enableSMB_always":true,"enableSMB_after_carbs":true,"maxSMBBasalMinutes":120,"maxUAMSMBBasalMinutes":90,"bolus_increment":0.05,"carbsReqThreshold":5,"current_basal":0.8,"temptargetSet":false,"autosens_max":1.6,"autosens_min":0.6,"variable_sens":75.9,"insulinDivisor":75,"TDD":22.915045238095242},"autosens_data":{"ratio":1.066609380197361},"meal_data":{"carbs":0,"mealCOB":0,"slopeFromMaxDeviation":-1.01,"slopeFromMinDeviation":0.7713636363636363,"lastBolusTime":1703186546486,"lastCarbTime":0},"microBolusAllowed":true,"currentTime":1703188257373,"flatBGsDetected":false,"tdd1D":20.662500000000005,"tdd7D":21.47380952380953,"tddLast24H":22.90416666666667,"tddLast4H":5.245833333333333,"tddLast8to4H":2.5666666666666664},"output":{"temp":"absolute","bg":136,"tick":"+1","eventualBG":76,"targetBG":85,"insulinReq":0,"deliverAt":"2023-12-21T19:50:57.373Z","sensitivityRatio":1.066609380197361,"variable_sens":75.9,"predBGs":{"IOB":[136,136,136,136,134,133,131,129,126,122,119,115,110,106,102,98,94,90,87,84,81,78,75,73,71,68,66,65,63,61,60,59,57,56,55,54,54,53,52,52,51,51,50,50,50,49],"ZT":[136,129,122,115,108,102,95,89,84,78,74,69,66,63,61,59,58,58,59,61,62,65,68,71,75,79,83],"UAM":[136,136,135,133,131,127,123,118,112,107,101,96,91,86,81,76,72,68,64,60,56,52,48,45,42,39]},"reason":"COB: 0, Dev: 47, BGI: -7, ISF: 76, CR: 14, Target: 85, minPredBG 49, minGuardBG 11, IOBpredBG 49, UAMpredBG 39; minGuardBG 11<65","COB":0,"IOB":1.41,"duration":60,"rate":0,"timestamp":"2023-12-21T19:50:57.397Z"}}