{"algorithm":"OpenAPSSMBDynamicISFPlugin","input":{"glucoseStatus":{"glucose":87,"noise":0,"delta":-3,"short_avgdelta":-2.5,"long_avgdelta":-0.87,"date":1703147436000},"currenttemp":{"temp":"absolute","duration":20,"rate":0.1,"minutesrunning":10},"iob_data":[{"iob":-0.038,"basaliob":-0.365,"bolussnooze":0,"activity":7.0E-4,"lastBolusTime":1703145677542,"time":"2023-12-21T08:31:09.957Z","iobWithZeroTemp":{"iob":-0.038,"basaliob":-0.365,"bolussnooze":0,"activity":7.0E-4,"lastBolusTime":1703145677542,"time":"2023-12-21T08:31:09.957Z"}},{"iob":-0.04,"basaliob":-0.339,"bolussnooze":0,"activity":5.0E-4,"lastBolusTime":1703145677542,"time":"2023-12-21T08:36:09.957Z","iobWithZeroTemp":{"iob":-0.077,"basaliob":-0.376,"bolussnooze":0,"activity":5.0E-4,"lastBolusTime":1703145677542,"time":"2023-12-21T08:36:09.957Z"}},{"iob":-0.042,"basaliob":-0.315,"bolussnooze":0,"activity":3.0E-4,"lastBolusTime":1703145677542,"time":"2023-12-21T08:41:09.957Z","iobWithZeroTemp":{"iob":-0.124,"basaliob":-0.397,"bolussnooze":0,"activity":1.0E-4,"lastBolusTime":1703145677542,"time":"2023-12-21T08:41:09.957Z"}},{"iob":-0.043,"basaliob":-0.291,"bolussnooze":0,"activity":1.0E-4,"lastBolusTime":1703145677542,"time":"2023-12-21T08:46:09.957Z","iobWithZeroTemp":{"iob":-0.17,"basaliob":-0.418,"bolussnooze":0,"activity":-3.0E-4,"lastBolusTime":1703145677542,"time":"2023-12-21T08:46:09.957Z"}},{"iob":-0.044,"basaliob":-0.269,"bolussnooze":0,"activity":0,"lastBolusTime":1703145677542,"time":"2023-12-21T08:51:09.957Z","iobWithZeroTemp":{"iob":-0.214,"basaliob":-0.439,"bolussnooze":0,"activity":-7.0E-4,"lastBolusTime":1703145677542,"time":"2023-12-21T08:51:09.957Z"}},{"iob":-0.043,"basaliob":-0.248,"bolussnooze":0,"activity":-1.0E-4,"lastBolusTime":1703145677542,"time":"2023-12-21T08:56:09.957Z","iobWithZeroTemp":{"iob":-0.255,"basaliob":-0.46,"bolussnooze":0,"activity":-0.0011,"lastBolusTime":1703145677542,"time":"2023-12-21T08:56:09.957Z"}},{"iob":-0.043,"basaliob":-0.228,"bolussnooze":0,"activity":-2.0E-4,"lastBolusTime":1703145677542,"time":"2023-12-21T09:01:09.957Z","iobWithZeroTemp":{"iob":-0.295,"basaliob":-0.48,"bolussnooze":0,"activity":-0.0015,"lastBolusTime":1703145677542,"time":"2023-12-21T09:01:09.957Z"}},{"iob":-0.041,"basaliob":-0.209,"bolussnooze":0,"activity":-2.0E-4,"lastBolusTime":1703145677542,"time":"2023-12-21T09:06:09.957Z","iobWithZeroTemp":{"iob":-0.331,"basaliob":-0.499,"bolussnooze":0,"activity":-0.0019,"lastBolusTime":1703145677542,"time":"2023-12-21T09:06:09.957Z"}},{"iob":-0.04,"basaliob":-0.191,"bolussnooze":0,"activity":-3.0E-4,"lastBolusTime":1703145677542,"time":"2023-12-21T09:11:09.957Z","iobWithZeroTemp":{"iob":-0.366,"basaliob":-0.517,"bolussnooze":0,"activity":-0.0024,"lastBolusTime":1703145677542,"time":"2023-12-21T09:11:09.957Z"}},{"iob":-0.039,"basaliob":-0.175,"bolussnooze":0,"activity":-3.0E-4,"lastBolusTime":1703145677542,"time":"2023-12-21T09:16:09.957Z","iobWithZeroTemp":{"iob":-0.4,"basaliob":-0.536,"bolussnooze":0,"activity":-0.0028,"lastBolusTime":1703145677542,"time":"2023-12-21T09:16:09.957Z"}},{"iob":-0.037,"basaliob":-0.159,"bolussnooze":0,"activity":-4.0E-4,"lastBolusTime":1703145677542,"time":"2023-12-21T09:21:09.957Z","iobWithZeroTemp":{"iob":-0.43,"basaliob":-0.552,"bolussnooze":0,"activity":-0.0033,"lastBolusTime":1703145677542,"time":"2023-12-21T09:21:09.957Z"}},{"iob":-0.035,"basaliob":-0.145,"bolussnooze":0,"activity":-3.0E-4,"lastBolusTime":1703145677542,"time":"2023-12-21T09:26:09.957Z","iobWithZeroTemp":{"iob":-0.459,"basaliob":-0.569,"bolussnooze":0,"activity":-0.0036,"lastBolusTime":1703145677542,"time":"2023-12-21T09:26:09.957Z"}},{"iob":-0.034,"basaliob":-0.132,"bolussnooze":0,"activity":-3.0E-4,"lastBolusTime":1703145677542,"time":"2023-12-21T09:31:09.957Z","iobWithZeroTemp":{"iob":-0.486,"basaliob":-0.584,"bolussnooze":0,"activity":-0.004,"lastBolusTime":1703145677542,"time":"2023-12-21T09:31:09.957Z"}},{"iob":-0.032,"basaliob":-0.12,"bolussnooze":0,"activity":-4.0E-4,"lastBolusTime":1703145677542,"time":"2023-12-21T09:36:09.957Z","iobWithZeroTemp":{"iob":-0.511,"basaliob":-0.599,"bolussnooze":0,"activity":-0.0044,"lastBolusTime":1703145677542,"time":"2023-12-21T09:36:09.957Z"}},{"iob":-0.03,"basaliob":-0.108,"bolussnooze":0,"activity":-4.0E-4,"lastBolusTime":1703145677542,"time":"2023-12-21T09:41:09.957Z","iobWithZeroTemp":{"iob":-0.534,"basaliob":-0.612,"bolussnooze":0,"activity":-0.0048,"lastBolusTime":1703145677542,"time":"2023-12-21T09:41:09.957Z"}},{"iob":-0.028,"basaliob":-0.098,"bolussnooze":0,"activity":-4.0E-4,"lastBolusTime":1703145677542,"time":"2023-12-21T09:46:09.957Z","iobWithZeroTemp":{"iob":-0.555,"basaliob":-0.625,"bolussnooze":0,"activity":-0.0051,"lastBolusTime":1703145677542,"time":"2023-12-21T09:46:09.957Z"}},{"iob":-0.026,"basaliob":-0.088,"bolussnooze":0,"activity":-3.0E-4,"lastBolusTime":1703145677542,"time":"2023-12-21T09:51:09.957Z","iobWithZeroTemp":{"iob":-0.574,"basaliob":-0.636,"bolussnooze":0,"activity":-0.0054,"lastBolusTime":1703145677542,"time":"2023-12-21T09:51:09.957Z"}},{"iob":-0.024,"basaliob":-0.079,"bolussnooze":0,"activity":-4.0E-4,"lastBolusTime":1703145677542,"time":"2023-12-21T09:56:09.957Z","iobWithZeroTemp":{"iob":-0.592,"basaliob":-0.647,"bolussnooze":0,"activity":-0.0058,"lastBolusTime":1703145677542,"time":"2023-12-21T09:56:09.957Z"}},{"iob":-0.023,"basaliob":-0.071,"bolussnooze":0,"activity":-3.0E-4,"lastBolusTime":1703145677542,"time":"2023-12-21T10:01:09.957Z","iobWithZeroTemp":{"iob":-0.609,"basaliob":-0.657,"bolussnooze":0,"activity":-0.006,"lastBolusTime":1703145677542,"time":"2023-12-21T10:01:09.957Z"}},{"iob":-0.021,"basaliob":-0.064,"bolussnooze":0,"activity":-3.0E-4,"lastBolusTime":1703145677542,"time":"2023-12-21T10:06:09.957Z","iobWithZeroTemp":{"iob":-0.624,"basaliob":-0.667,"bolussnooze":0,"activity":-0.0063,"lastBolusTime":1703145677542,"time":"2023-12-21T10:06:09.957Z"}},{"iob":-0.02,"basaliob":-0.057,"bolussnooze":0,"activity":-3.0E-4,"lastBolusTime":1703145677542,"time":"2023-12-21T10:11:09.957Z","iobWithZeroTemp":{"iob":-0.638,"basaliob":-0.675,"bolussnooze":0,"activity":-0.0065,"lastBolusTime":1703145677542,"time":"2023-12-21T10:11:09.957Z"}},{"iob":-0.018,"basaliob":-0.051,"bolussnooze":0,"activity":-3.0E-4,"lastBolusTime":1703145677542,"time":"2023-12-21T10:16:09.957Z","iobWithZeroTemp":{"iob":-0.651,"basaliob":-0.684,"bolussnooze":0,"activity":-0.0068,"lastBolusTime":1703145677542,"time":"2023-12-21T10:16:09.957Z"}},{"iob":-0.017,"basaliob":-0.046,"bolussnooze":0,"activity":-3.0E-4,"lastBolusTime":1703145677542,"time":"2023-12-21T10:21:09.957Z","iobWithZeroTemp":{"iob":-0.662,"basaliob":-0.691,"bolussnooze":0,"activity":-0.007,"lastBolusTime":1703145677542,"time":"2023-12-21T10:21:09.957Z"}},{"iob":-0.016,"basaliob":-0.041,"bolussnooze":0,"activity":-3.0E-4,"lastBolusTime":1703145677542,"time":"2023-12-21T10:26:09.957Z","iobWithZeroTemp":{"iob":-0.673,"basaliob":-0.698,"bolussnooze":0,"activity":-0.0072,"lastBolusTime":1703145677542,"time":"2023-12-21T10:26:09.957Z"}},{"iob":-0.014,"basaliob":-0.036,"bolussnooze":0,"activity":-3.0E-4,"lastBolusTime":1703145677542,"time":"2023-12-21T10:31:09.957Z","iobWithZeroTemp":{"iob":-0.682,"basaliob":-0.704,"bolussnooze":0,"activity":-0.0074,"lastBolusTime":1703145677542,"time":"2023-12-21T10:31:09.957Z"}},{"iob":-0.013,"basaliob":-0.032,"bolussnooze":0,"activity":-3.0E-4,"lastBolusTime":1703145677542,"time":"2023-12-21T10:36:09.957Z","iobWithZeroTemp":{"iob":-0.691,"basaliob":-0.71,"bolussnooze":0,"activity":-0.0076,"lastBolusTime":1703145677542,"time":"2023-12-21T10:36:09.957Z"}},{"iob":-0.012,"basaliob":-0.028,"bolussnooze":0,"activity":-2.0E-4,"lastBolusTime":1703145677542,"time":"2023-12-21T10:41:09.957Z","iobWithZeroTemp":{"iob":-0.699,"basaliob":-0.715,"bolussnooze":0,"activity":-0.0077,"lastBolusTime":1703145677542,"time":"2023-12-21T10:41:09.957Z"}},{"iob":-0.011,"basaliob":-0.025,"bolussnooze":0,"activity":-2.0E-4,"lastBolusTime":1703145677542,"time":"2023-12-21T10:46:09.957Z","iobWithZeroTemp":{"iob":-0.706,"basaliob":-0.72,"bolussnooze":0,"activity":-0.0078,"lastBolusTime":1703145677542,"time":"2023-12-21T10:46:09.957Z"}},{"iob":-0.01,"basaliob":-0.022,"bolussnooze":0,"activity":-2.0E-4,"lastBolusTime":1703145677542,"time":"2023-12-21T10:51:09.957Z","iobWithZeroTemp":{"iob":-0.712,"basaliob":-0.724,"bolussnooze":0,"activity":-0.008,"lastBolusTime":1703145677542,"time":"2023-12-21T10:51:09.957Z"}},{"iob":-0.009,"basaliob":-0.019,"bolussnooze":0,"activity":-2.0E-4,"lastBolusTime":1703145677542,"time":"2023-12-21T10:56:09.957Z","iobWithZeroTemp":{"iob":-0.717,"basaliob":-0.727,"bolussnooze":0,"activity":-0.0081,"lastBolusTime":1703145677542,"time":"2023-12-21T10:56:09.957Z"}},{"iob":-0.009,"basaliob":-0.017,"bolussnooze":0,"activity":-2.0E-4,"lastBolusTime":1703145677542,"time":"2023-12-21T11:01:09.957Z","iobWithZeroTemp":{"iob":-0.723,"basaliob":-0.731,"bolussnooze":0,"activity":-0.0083,"lastBolusTime":1703145677542,"time":"2023-12-21T11:01:09.957Z"}},{"iob":-0.008,"basaliob":-0.015,"bolussnooze":0,"activity":-2.0E-4,"lastBolusTime":1703145677542,"time":"2023-12-21T11:06:09.957Z","iobWithZeroTemp":{"iob":-0.728,"basaliob":-0.735,"bolussnooze":0,"activity":-0.0084,"lastBolusTime":1703145677542,"time":"2023-12-21T11:06:09.957Z"}},{"iob":-0.007,"basaliob":-0.013,"bolussnooze":0,"activity":-2.0E-4,"lastBolusTime":1703145677542,"time":"2023-12-21T11:11:09.957Z","iobWithZeroTemp":{"iob":-0.731,"basaliob":-0.737,"bolussnooze":0,"activity":-0.0085,"lastBolusTime":1703145677542,"time":"2023-12-21T11:11:09.957Z"}},{"iob":-0.006,"basaliob":-0.011,"bolussnooze":0,"activity":-1.0E-4,"lastBolusTime":1703145677542,"time":"2023-12-21T11:16:09.957Z","iobWithZeroTemp":{"iob":-0.735,"basaliob":-0.74,"bolussnooze":0,"activity":-0.0085,"lastBolusTime":1703145677542,"time":"2023-12-21T11:16:09.957Z"}},{"iob":-0.005,"basaliob":-0.009,"bolussnooze":0,"activity":-1.0E-4,"lastBolusTime":1703145677542,"time":"2023-12-21T11:21:09.957Z","iobWithZeroTemp":{"iob":-0.737,"basaliob":-0.741,"bolussnooze":0,"activity":-0.0086,"lastBolusTime":1703145677542,"time":"2023-12-21T11:21:09.957Z"}},{"iob":-0.004,"basaliob":-0.008,"bolussnooze":0,"activity":-2.0E-4,"lastBolusTime":1703145677542,"time":"2023-12-21T11:26:09.957Z","iobWithZeroTemp":{"iob":-0.74,"basaliob":-0.744,"bolussnooze":0,"activity":-0.0087,"lastBolusTime":1703145677542,"time":"2023-12-21T11:26:09.957Z"}},{"iob":-0.004,"basaliob":-0.007,"bolussnooze":0,"activity":-1.0E-4,"lastBolusTime":1703145677542,"time":"2023-12-21T11:31:09.957Z","iobWithZeroTemp":{"iob":-0.743,"basaliob":-0.746,"bolussnooze":0,"activity":-0.0087,"lastBolusTime":1703145677542,"time":"2023-12-21T11:31:09.957Z"}},{"iob":-0.004,"basaliob":-0.006,"bolussnooze":0,"activity":-1.0E-4,"lastBolusTime":1703145677542,"time":"2023-12-21T11:36:09.957Z","iobWithZeroTemp":{"iob":-0.745,"basaliob":-0.747,"bolussnooze":0,"activity":-0.0088,"lastBolusTime":1703145677542,"time":"2023-12-21T11:36:09.957Z"}},{"iob":-0.003,"basaliob":-0.005,"bolussnooze":0,"activity":-1.0E-4,"lastBolusTime":1703145677542,"time":"2023-12-21T11:41:09.957Z","iobWithZeroTemp":{"iob":-0.747,"basaliob":-0.749,"bolussnooze":0,"activity":-0.0088,"lastBolusTime":1703145677542,"time":"2023-12-21T11:41:09.957Z"}},{"iob":-0.002,"basaliob":-0.004,"bolussnooze":0,"activity":0,"lastBolusTime":1703145677542,"time":"2023-12-21T11:46:09.957Z","iobWithZeroTemp":{"iob":-0.748,"basaliob":-0.75,"bolussnooze":0,"activity":-0.0088,"lastBolusTime":1703145677542,"time":"2023-12-21T11:46:09.957Z"}},{"iob":-0.003,"basaliob":-0.004,"bolussnooze":0,"activity":-1.0E-4,"lastBolusTime":1703145677542,"time":"2023-12-21T11:51:09.957Z","iobWithZeroTemp":{"iob":-0.751,"basaliob":-0.752,"bolussnooze":0,"activity":-0.0089,"lastBolusTime":1703145677542,"time":"2023-12-21T11:51:09.957Z"}},{"iob":-0.002,"basaliob":-0.003,"bolussnooze":0,"activity":-1.0E-4,"lastBolusTime":1703145677542,"time":"2023-12-21T11:56:09.957Z","iobWithZeroTemp":{"iob":-0.751,"basaliob":-0.752,"bolussnooze":0,"activity":-0.009,"lastBolusTime":1703145677542,"time":"2023-12-21T11:56:09.957Z"}},{"iob":-0.001,"basaliob":-0.002,"bolussnooze":0,"activity":-1.0E-4,"lastBolusTime":1703145677542,"time":"2023-12-21T12:01:09.957Z","iobWithZeroTemp":{"iob":-0.752,"basaliob":-0.753,"bolussnooze":0,"activity":-0.009,"lastBolusTime":1703145677542,"time":"2023-12-21T12:01:09.957Z"}},{"iob":-0.001,"basaliob":-0.002,"bolussnooze":0,"activity":-1.0E-4,"lastBolusTime":1703145677542,"time":"2023-12-21T12:06:09.957Z","iobWithZeroTemp":{"iob":-0.757,"basaliob":-0.758,"bolussnooze":0,"activity":-0.009,"lastBolusTime":1703145677542,"time":"2023-12-21T12:06:09.957Z"}},{"iob":-0.001,"basaliob":-0.002,"bolussnooze":0,"activity":-1.0E-4,"lastBolusTime":1703145677542,"time":"2023-12-21T12:11:09.957Z","iobWithZeroTemp":{"iob":-0.762,"basaliob":-0.763,"bolussnooze":0,"activity":-0.0091,"lastBolusTime":1703145677542,"time":"2023-12-21T12:11:09.957Z"}},{"iob":0,"basaliob":-0.001,"bolussnooze":0,"activity":0,"lastBolusTime":1703145677542,"time":"2023-12-21T12:16:09.957Z","iobWithZeroTemp":{"iob":-0.766,"basaliob":-0.767,"bolussnooze":0,"activity":-0.009,"lastBolusTime":1703145677542,"time":"2023-12-21T12:16:09.957Z"}},{"iob":0,"basaliob":-0.001,"bolussnooze":0,"activity":0,"lastBolusTime":1703145677542,"time":"2023-12-21T12:21:09.957Z","iobWithZeroTemp":{"iob":-0.771,"basaliob":-0.772,"bolussnooze":0,"activity":-0.0091,"lastBolusTime":1703145677542,"time":"2023-12-21T12:21:09.957Z"}},{"iob":-0.001,"basaliob":-0.001,"bolussnooze":0,"activity":0,"lastBolusTime":1703145677542,"time":"2023-12-21T12:26:09.957Z","iobWithZeroTemp":{"iob":-0.776,"basaliob":-0.776,"bolussnooze":0,"activity":-0.0091,"lastBolusTime":1703145677542,"time":"2023-12-21T12:26:09.957Z"}}],"profile":{"max_iob":7,"type":"current","max_daily_basal":0.8,"max_basal":4.4,"min_bg":90,"max_bg":90,"target_bg":90,"carb_ratio":16,"sens":57,"max_daily_safety_multiplier":9,"current_basal_safety_multiplier":8,"lgsThreshold":65,"high_temptarget_raises_sensitivity":false,"low_temptarget_lowers_sensitivity":false,"sensitivity_raises_target":false,"resistance_lowers_target":false,"adv_target_adjustments":false,"exercise_mode":false,"half_basal_exercise_target":160,"maxCOB":120,"skip_neutral_temps":false,"remainingCarbsCap":90,"enableUAM":true,"A52_risk_enable":false,"SMBInterval":3,"enableSMB_with_COB":true,"enableSMB_with_temptarget":true,"allowSMB_with_high_temptarget":true,"enableSMB_always":true,"enableSMB_after_carbs":true,"maxSMBBasalMinutes":120,"maxUAMSMBBasalMinutes":90,"bolus_increment":0.05,"carbsReqThreshold":5,"current_basal":0.55,"temptargetSet":false,"autosens_max":1.6,"autosens_min":0.6,"variable_sens":110.4,"insulinDivisor":75,"TDD":21.169345238095243},"autosens_data":{"ratio":1.0146080496729128},"meal_data":{"carbs":0,"mealCOB":0,"slopeFromMaxDeviation":-0.7732,"slopeFromMinDeviation":0,"lastBolusTime":1703145677542,"lastCarbTime":0},"microBolusAllowed":true,"currentTime":1703147471469,"flatBGsDetected":false,"tdd1D":20.662500000000005,"tdd7D":21.47380952380953,"tddLast24H":21.78750000000001,"tddLast4H":2.5666666666666664,"tddLast8to4H":5.879166666666667},"output":{"temp":"absolute","bg":87,"tick":-3,"eventualBG":88,"targetBG":90,"insulinReq":0,"deliverAt":"2023-12-21T08:31:11.469Z","sensitivityRatio":1.0146080496729128,"variable_sens":110.4,"predBGs":{"IOB":[87,84,82,80,78,76,75,74,73,73,73,73,73,73,73,74,74,74,74,74,75,75,75,75,75,76,76,76,76,76,76,76,76,77],"ZT":[87,87,86,86,86,87,87,88,89]},"reason":"COB: 0, Dev: -3, BGI: 0, ISF: 110, CR: 16, Target: 90, minPredBG 74, minGuardBG 73, IOBpredBG 77; Eventual BG 88 < 90, temp 0.1 ~< req 0.48U\/hr. ","COB":0,"IOB":-0.038,"timestamp":"2023-12-21T08:31:11.474Z"}}