{"algorithm":"OpenAPSSMBDynamicISFPlugin","input":{"glucoseStatus":{"glucose":87,"noise":0,"delta":-9,"short_avgdelta":-9.17,"long_avgdelta":-6.83,"date":1703125839000},"currenttemp":{"temp":"absolute","duration":75,"rate":0,"minutesrunning":45},"iob_data":[{"iob":0.455,"basaliob":-0.698,"bolussnooze":0.2729,"activity":0.0105,"lastBolusTime":1703123025877,"time":"2023-12-21T02:30:53.588Z","iobWithZeroTemp":{"iob":0.455,"basaliob":-0.698,"bolussnooze":0.2729,"activity":0.0105,"lastBolusTime":1703123025877,"time":"2023-12-21T02:30:53.588Z"}},{"iob":0.405,"basaliob":-0.662,"bolussnooze":0.2245,"activity":0.0095,"lastBolusTime":1703123025877,"time":"2023-12-21T02:35:53.588Z","iobWithZeroTemp":{"iob":0.358,"basaliob":-0.709,"bolussnooze":0.2245,"activity":0.0095,"lastBolusTime":1703123025877,"time":"2023-12-21T02:35:53.588Z"}},{"iob":0.36,"basaliob":-0.625,"bolussnooze":0.1833,"activity":0.0085,"lastBolusTime":1703123025877,"time":"2023-12-21T02:40:53.588Z","iobWithZeroTemp":{"iob":0.256,"basaliob":-0.729,"bolussnooze":0.1833,"activity":0.0083,"lastBolusTime":1703123025877,"time":"2023-12-21T02:40:53.588Z"}},{"iob":0.32,"basaliob":-0.588,"bolussnooze":0.1485,"activity":0.0077,"lastBolusTime":1703123025877,"time":"2023-12-21T02:45:53.588Z","iobWithZeroTemp":{"iob":0.159,"basaliob":-0.749,"bolussnooze":0.1485,"activity":0.0072,"lastBolusTime":1703123025877,"time":"2023-12-21T02:45:53.588Z"}},{"iob":0.283,"basaliob":-0.552,"bolussnooze":0.1193,"activity":0.0069,"lastBolusTime":1703123025877,"time":"2023-12-21T02:50:53.588Z","iobWithZeroTemp":{"iob":0.067,"basaliob":-0.768,"bolussnooze":0.1193,"activity":0.0061,"lastBolusTime":1703123025877,"time":"2023-12-21T02:50:53.588Z"}},{"iob":0.25,"basaliob":-0.516,"bolussnooze":0.0951,"activity":0.0062,"lastBolusTime":1703123025877,"time":"2023-12-21T02:55:53.588Z","iobWithZeroTemp":{"iob":-0.019,"basaliob":-0.785,"bolussnooze":0.0951,"activity":0.005,"lastBolusTime":1703123025877,"time":"2023-12-21T02:55:53.588Z"}},{"iob":0.221,"basaliob":-0.48,"bolussnooze":0.075,"activity":0.0056,"lastBolusTime":1703123025877,"time":"2023-12-21T03:00:53.588Z","iobWithZeroTemp":{"iob":-0.099,"basaliob":-0.8,"bolussnooze":0.075,"activity":0.0039,"lastBolusTime":1703123025877,"time":"2023-12-21T03:00:53.588Z"}},{"iob":0.194,"basaliob":-0.447,"bolussnooze":0.0587,"activity":0.0051,"lastBolusTime":1703123025877,"time":"2023-12-21T03:05:53.588Z","iobWithZeroTemp":{"iob":-0.175,"basaliob":-0.816,"bolussnooze":0.0587,"activity":0.0029,"lastBolusTime":1703123025877,"time":"2023-12-21T03:05:53.588Z"}},{"iob":0.17,"basaliob":-0.414,"bolussnooze":0.0454,"activity":0.0045,"lastBolusTime":1703123025877,"time":"2023-12-21T03:10:53.588Z","iobWithZeroTemp":{"iob":-0.246,"basaliob":-0.83,"bolussnooze":0.0454,"activity":0.0018,"lastBolusTime":1703123025877,"time":"2023-12-21T03:10:53.588Z"}},{"iob":0.149,"basaliob":-0.383,"bolussnooze":0.0346,"activity":0.004,"lastBolusTime":1703123025877,"time":"2023-12-21T03:15:53.588Z","iobWithZeroTemp":{"iob":-0.31,"basaliob":-0.842,"bolussnooze":0.0346,"activity":8.0E-4,"lastBolusTime":1703123025877,"time":"2023-12-21T03:15:53.588Z"}},{"iob":0.13,"basaliob":-0.353,"bolussnooze":0.0261,"activity":0.0036,"lastBolusTime":1703123025877,"time":"2023-12-21T03:20:53.588Z","iobWithZeroTemp":{"iob":-0.371,"basaliob":-0.854,"bolussnooze":0.0261,"activity":-1.0E-4,"lastBolusTime":1703123025877,"time":"2023-12-21T03:20:53.588Z"}},{"iob":0.113,"basaliob":-0.325,"bolussnooze":0.0193,"activity":0.0032,"lastBolusTime":1703123025877,"time":"2023-12-21T03:25:53.588Z","iobWithZeroTemp":{"iob":-0.427,"basaliob":-0.865,"bolussnooze":0.0193,"activity":-0.001,"lastBolusTime":1703123025877,"time":"2023-12-21T03:25:53.588Z"}},{"iob":0.098,"basaliob":-0.299,"bolussnooze":0.014,"activity":0.0029,"lastBolusTime":1703123025877,"time":"2023-12-21T03:30:53.588Z","iobWithZeroTemp":{"iob":-0.478,"basaliob":-0.875,"bolussnooze":0.014,"activity":-0.0017,"lastBolusTime":1703123025877,"time":"2023-12-21T03:30:53.588Z"}},{"iob":0.085,"basaliob":-0.274,"bolussnooze":0.0099,"activity":0.0025,"lastBolusTime":1703123025877,"time":"2023-12-21T03:35:53.588Z","iobWithZeroTemp":{"iob":-0.525,"basaliob":-0.884,"bolussnooze":0.0099,"activity":-0.0026,"lastBolusTime":1703123025877,"time":"2023-12-21T03:35:53.588Z"}},{"iob":0.072,"basaliob":-0.251,"bolussnooze":0.0068,"activity":0.0022,"lastBolusTime":1703123025877,"time":"2023-12-21T03:40:53.588Z","iobWithZeroTemp":{"iob":-0.569,"basaliob":-0.892,"bolussnooze":0.0068,"activity":-0.0034,"lastBolusTime":1703123025877,"time":"2023-12-21T03:40:53.588Z"}},{"iob":0.062,"basaliob":-0.229,"bolussnooze":0.0045,"activity":0.002,"lastBolusTime":1703123025877,"time":"2023-12-21T03:45:53.588Z","iobWithZeroTemp":{"iob":-0.609,"basaliob":-0.9,"bolussnooze":0.0045,"activity":-0.004,"lastBolusTime":1703123025877,"time":"2023-12-21T03:45:53.588Z"}},{"iob":0.052,"basaliob":-0.209,"bolussnooze":0.0029,"activity":0.0018,"lastBolusTime":1703123025877,"time":"2023-12-21T03:50:53.588Z","iobWithZeroTemp":{"iob":-0.646,"basaliob":-0.907,"bolussnooze":0.0029,"activity":-0.0046,"lastBolusTime":1703123025877,"time":"2023-12-21T03:50:53.588Z"}},{"iob":0.044,"basaliob":-0.19,"bolussnooze":0.0017,"activity":0.0016,"lastBolusTime":1703123025877,"time":"2023-12-21T03:55:53.588Z","iobWithZeroTemp":{"iob":-0.679,"basaliob":-0.913,"bolussnooze":0.0017,"activity":-0.0052,"lastBolusTime":1703123025877,"time":"2023-12-21T03:55:53.588Z"}},{"iob":0.038,"basaliob":-0.172,"bolussnooze":0.001,"activity":0.0013,"lastBolusTime":1703123025877,"time":"2023-12-21T04:00:53.588Z","iobWithZeroTemp":{"iob":-0.708,"basaliob":-0.918,"bolussnooze":0.001,"activity":-0.0059,"lastBolusTime":1703123025877,"time":"2023-12-21T04:00:53.588Z"}},{"iob":0.031,"basaliob":-0.156,"bolussnooze":5.0E-4,"activity":0.0012,"lastBolusTime":1703123025877,"time":"2023-12-21T04:05:53.588Z","iobWithZeroTemp":{"iob":-0.728,"basaliob":-0.915,"bolussnooze":5.0E-4,"activity":-0.0064,"lastBolusTime":1703123025877,"time":"2023-12-21T04:05:53.588Z"}},{"iob":0.026,"basaliob":-0.141,"bolussnooze":3.0E-4,"activity":0.001,"lastBolusTime":1703123025877,"time":"2023-12-21T04:10:53.588Z","iobWithZeroTemp":{"iob":-0.745,"basaliob":-0.912,"bolussnooze":3.0E-4,"activity":-0.0069,"lastBolusTime":1703123025877,"time":"2023-12-21T04:10:53.588Z"}},{"iob":0.02,"basaliob":-0.128,"bolussnooze":1.0E-4,"activity":9.0E-4,"lastBolusTime":1703123025877,"time":"2023-12-21T04:15:53.588Z","iobWithZeroTemp":{"iob":-0.761,"basaliob":-0.909,"bolussnooze":1.0E-4,"activity":-0.0073,"lastBolusTime":1703123025877,"time":"2023-12-21T04:15:53.588Z"}},{"iob":0.017,"basaliob":-0.115,"bolussnooze":0,"activity":8.0E-4,"lastBolusTime":1703123025877,"time":"2023-12-21T04:20:53.588Z","iobWithZeroTemp":{"iob":-0.772,"basaliob":-0.904,"bolussnooze":0,"activity":-0.0076,"lastBolusTime":1703123025877,"time":"2023-12-21T04:20:53.588Z"}},{"iob":0.013,"basaliob":-0.103,"bolussnooze":0,"activity":7.0E-4,"lastBolusTime":1703123025877,"time":"2023-12-21T04:25:53.588Z","iobWithZeroTemp":{"iob":-0.784,"basaliob":-0.9,"bolussnooze":0,"activity":-0.0079,"lastBolusTime":1703123025877,"time":"2023-12-21T04:25:53.588Z"}},{"iob":0.01,"basaliob":-0.093,"bolussnooze":0,"activity":6.0E-4,"lastBolusTime":1703123025877,"time":"2023-12-21T04:30:53.588Z","iobWithZeroTemp":{"iob":-0.793,"basaliob":-0.896,"bolussnooze":0,"activity":-0.0082,"lastBolusTime":1703123025877,"time":"2023-12-21T04:30:53.588Z"}},{"iob":0.007,"basaliob":-0.083,"bolussnooze":0,"activity":5.0E-4,"lastBolusTime":1703123025877,"time":"2023-12-21T04:35:53.588Z","iobWithZeroTemp":{"iob":-0.802,"basaliob":-0.892,"bolussnooze":0,"activity":-0.0085,"lastBolusTime":1703123025877,"time":"2023-12-21T04:35:53.588Z"}},{"iob":0.005,"basaliob":-0.074,"bolussnooze":0,"activity":4.0E-4,"lastBolusTime":1703123025877,"time":"2023-12-21T04:40:53.588Z","iobWithZeroTemp":{"iob":-0.808,"basaliob":-0.887,"bolussnooze":0,"activity":-0.0087,"lastBolusTime":1703123025877,"time":"2023-12-21T04:40:53.588Z"}},{"iob":0.004,"basaliob":-0.066,"bolussnooze":0,"activity":4.0E-4,"lastBolusTime":1703123025877,"time":"2023-12-21T04:45:53.588Z","iobWithZeroTemp":{"iob":-0.814,"basaliob":-0.884,"bolussnooze":0,"activity":-0.0089,"lastBolusTime":1703123025877,"time":"2023-12-21T04:45:53.588Z"}},{"iob":0.002,"basaliob":-0.059,"bolussnooze":0,"activity":3.0E-4,"lastBolusTime":1703123025877,"time":"2023-12-21T04:50:53.588Z","iobWithZeroTemp":{"iob":-0.819,"basaliob":-0.88,"bolussnooze":0,"activity":-0.0091,"lastBolusTime":1703123025877,"time":"2023-12-21T04:50:53.588Z"}},{"iob":0.001,"basaliob":-0.052,"bolussnooze":0,"activity":2.0E-4,"lastBolusTime":1703123025877,"time":"2023-12-21T04:55:53.588Z","iobWithZeroTemp":{"iob":-0.823,"basaliob":-0.876,"bolussnooze":0,"activity":-0.0093,"lastBolusTime":1703123025877,"time":"2023-12-21T04:55:53.588Z"}},{"iob":-0.001,"basaliob":-0.047,"bolussnooze":0,"activity":2.0E-4,"lastBolusTime":1703123025877,"time":"2023-12-21T05:00:53.588Z","iobWithZeroTemp":{"iob":-0.827,"basaliob":-0.873,"bolussnooze":0,"activity":-0.0094,"lastBolusTime":1703123025877,"time":"2023-12-21T05:00:53.588Z"}},{"iob":-0.001,"basaliob":-0.041,"bolussnooze":0,"activity":2.0E-4,"lastBolusTime":1703123025877,"time":"2023-12-21T05:05:53.588Z","iobWithZeroTemp":{"iob":-0.825,"basaliob":-0.865,"bolussnooze":0,"activity":-0.0094,"lastBolusTime":1703123025877,"time":"2023-12-21T05:05:53.588Z"}},{"iob":-0.002,"basaliob":-0.036,"bolussnooze":0,"activity":1.0E-4,"lastBolusTime":1703123025877,"time":"2023-12-21T05:10:53.588Z","iobWithZeroTemp":{"iob":-0.823,"basaliob":-0.857,"bolussnooze":0,"activity":-0.0096,"lastBolusTime":1703123025877,"time":"2023-12-21T05:10:53.588Z"}},{"iob":-0.003,"basaliob":-0.032,"bolussnooze":0,"activity":1.0E-4,"lastBolusTime":1703123025877,"time":"2023-12-21T05:15:53.588Z","iobWithZeroTemp":{"iob":-0.822,"basaliob":-0.851,"bolussnooze":0,"activity":-0.0096,"lastBolusTime":1703123025877,"time":"2023-12-21T05:15:53.588Z"}},{"iob":-0.003,"basaliob":-0.028,"bolussnooze":0,"activity":1.0E-4,"lastBolusTime":1703123025877,"time":"2023-12-21T05:20:53.588Z","iobWithZeroTemp":{"iob":-0.819,"basaliob":-0.844,"bolussnooze":0,"activity":-0.0097,"lastBolusTime":1703123025877,"time":"2023-12-21T05:20:53.588Z"}},{"iob":-0.003,"basaliob":-0.024,"bolussnooze":0,"activity":0,"lastBolusTime":1703123025877,"time":"2023-12-21T05:25:53.588Z","iobWithZeroTemp":{"iob":-0.816,"basaliob":-0.837,"bolussnooze":0,"activity":-0.0098,"lastBolusTime":1703123025877,"time":"2023-12-21T05:25:53.588Z"}},{"iob":-0.003,"basaliob":-0.021,"bolussnooze":0,"activity":0,"lastBolusTime":1703123025877,"time":"2023-12-21T05:30:53.588Z","iobWithZeroTemp":{"iob":-0.813,"basaliob":-0.831,"bolussnooze":0,"activity":-0.0098,"lastBolusTime":1703123025877,"time":"2023-12-21T05:30:53.588Z"}},{"iob":-0.004,"basaliob":-0.019,"bolussnooze":0,"activity":0,"lastBolusTime":1703123025877,"time":"2023-12-21T05:35:53.588Z","iobWithZeroTemp":{"iob":-0.811,"basaliob":-0.826,"bolussnooze":0,"activity":-0.0098,"lastBolusTime":1703123025877,"time":"2023-12-21T05:35:53.588Z"}},{"iob":-0.003,"basaliob":-0.016,"bolussnooze":0,"activity":0,"lastBolusTime":1703123025877,"time":"2023-12-21T05:40:53.588Z","iobWithZeroTemp":{"iob":-0.807,"basaliob":-0.82,"bolussnooze":0,"activity":-0.0098,"lastBolusTime":1703123025877,"time":"2023-12-21T05:40:53.588Z"}},{"iob":-0.004,"basaliob":-0.014,"bolussnooze":0,"activity":0,"lastBolusTime":1703123025877,"time":"2023-12-21T05:45:53.588Z","iobWithZeroTemp":{"iob":-0.805,"basaliob":-0.815,"bolussnooze":0,"activity":-0.0098,"lastBolusTime":1703123025877,"time":"2023-12-21T05:45:53.588Z"}},{"iob":-0.003,"basaliob":-0.012,"bolussnooze":0,"activity":-1.0E-4,"lastBolusTime":1703123025877,"time":"2023-12-21T05:50:53.588Z","iobWithZeroTemp":{"iob":-0.801,"basaliob":-0.81,"bolussnooze":0,"activity":-0.0098,"lastBolusTime":1703123025877,"time":"2023-12-21T05:50:53.588Z"}},{"iob":-0.003,"basaliob":-0.01,"bolussnooze":0,"activity":0,"lastBolusTime":1703123025877,"time":"2023-12-21T05:55:53.588Z","iobWithZeroTemp":{"iob":-0.798,"basaliob":-0.805,"bolussnooze":0,"activity":-0.0097,"lastBolusTime":1703123025877,"time":"2023-12-21T05:55:53.588Z"}},{"iob":-0.003,"basaliob":-0.009,"bolussnooze":0,"activity":0,"lastBolusTime":1703123025877,"time":"2023-12-21T06:00:53.588Z","iobWithZeroTemp":{"iob":-0.796,"basaliob":-0.802,"bolussnooze":0,"activity":-0.0097,"lastBolusTime":1703123025877,"time":"2023-12-21T06:00:53.588Z"}},{"iob":-0.003,"basaliob":-0.007,"bolussnooze":0,"activity":0,"lastBolusTime":1703123025877,"time":"2023-12-21T06:05:53.588Z","iobWithZeroTemp":{"iob":-0.793,"basaliob":-0.797,"bolussnooze":0,"activity":-0.0097,"lastBolusTime":1703123025877,"time":"2023-12-21T06:05:53.588Z"}},{"iob":-0.003,"basaliob":-0.006,"bolussnooze":0,"activity":0,"lastBolusTime":1703123025877,"time":"2023-12-21T06:10:53.588Z","iobWithZeroTemp":{"iob":-0.791,"basaliob":-0.794,"bolussnooze":0,"activity":-0.0097,"lastBolusTime":1703123025877,"time":"2023-12-21T06:10:53.588Z"}},{"iob":-0.002,"basaliob":-0.005,"bolussnooze":0,"activity":-1.0E-4,"lastBolusTime":1703123025877,"time":"2023-12-21T06:15:53.588Z","iobWithZeroTemp":{"iob":-0.787,"basaliob":-0.79,"bolussnooze":0,"activity":-0.0097,"lastBolusTime":1703123025877,"time":"2023-12-21T06:15:53.588Z"}},{"iob":-0.002,"basaliob":-0.004,"bolussnooze":0,"activity":-1.0E-4,"lastBolusTime":1703123025877,"time":"2023-12-21T06:20:53.588Z","iobWithZeroTemp":{"iob":-0.785,"basaliob":-0.787,"bolussnooze":0,"activity":-0.0097,"lastBolusTime":1703123025877,"time":"2023-12-21T06:20:53.588Z"}},{"iob":-0.003,"basaliob":-0.004,"bolussnooze":0,"activity":0,"lastBolusTime":1703123025877,"time":"2023-12-21T06:25:53.588Z","iobWithZeroTemp":{"iob":-0.784,"basaliob":-0.785,"bolussnooze":0,"activity":-0.0096,"lastBolusTime":1703123025877,"time":"2023-12-21T06:25:53.588Z"}}],"profile":{"max_iob":7,"type":"current","max_daily_basal":0.8,"max_basal":5,"min_bg":80,"max_bg":90,"target_bg":85,"carb_ratio":14,"sens":57,"max_daily_safety_multiplier":9,"current_basal_safety_multiplier":8,"lgsThreshold":65,"high_temptarget_raises_sensitivity":false,"low_temptarget_lowers_sensitivity":false,"sensitivity_raises_target":false,"resistance_lowers_target":false,"adv_target_adjustments":false,"exercise_mode":false,"half_basal_exercise_target":160,"maxCOB":120,"skip_neutral_temps":false,"remainingCarbsCap":90,"enableUAM":true,"A52_risk_enable":false,"SMBInterval":3,"enableSMB_with_COB":true,"enableSMB_with_temptarget":true,"allowSMB_with_high_temptarget":true,"enableSMB_always":true,"enableSMB_after_carbs":true,"maxSMBBasalMinutes":120,"maxUAMSMBBasalMinutes":90,"bolus_increment":0.05,"carbsReqThreshold":5,"current_basal":0.7,"temptargetSet":false,"autosens_max":1.6,"autosens_min":0.6,"variable_sens":98.9,"insulinDivisor":75,"TDD":23.624085714285716},"autosens_data":{"ratio":1.019896291286213},"meal_data":{"carbs":0,"mealCOB":0,"slopeFromMaxDeviation":-1.7571999999999999,"slopeFromMinDeviation":0,"lastBolusTime":1703123025877,"lastCarbTime":0},"microBolusAllowed":true,"currentTime":1703125855371,"flatBGsDetected":false,"tdd1D":21.666666666666675,"tdd7D":21.121428571428574,"tddLast24H":21.54166666666666,"tddLast4H":4.833333333333333,"tddLast8to4H":4.366666666666666},"output":{"temp":"absolute","bg":87,"tick":-9,"eventualBG":32,"targetBG":85,"insulinReq":0,"deliverAt":"2023-12-21T02:30:55.371Z","sensitivityRatio":1.019896291286213,"variable_sens":98.9,"predBGs":{"IOB":[87,78,70,62,54,47,40,39,39,39,39,39,39],"ZT":[87,82,77,72,68,65,62,59,57,56,56,56,56,57,59,61,64,67,70,73,77,81,84]},"reason":"COB: 0, Dev: -10, BGI: -5, ISF: 99, CR: 14, Target: 85, minPredBG 48, minGuardBG -8, IOBpredBG 39; minGuardBG -8<65","COB":0,"IOB":0.455,"duration":90,"rate":0,"timestamp":"2023-12-21T02:30:55.379Z"}}