{"algorithm":"OpenAPSSMBDynamicISFPlugin","input":{"glucoseStatus":{"glucose":94,"noise":0,"delta":4,"short_avgdelta":3.5,"long_avgdelta":1.67,"date":1703181637000},"currenttemp":{"temp":"absolute","duration":25,"rate":1.1,"minutesrunning":5},"iob_data":[{"iob":0.059,"basaliob":-0.06,"bolussnooze":0,"activity":-5.0E-4,"lastBolusTime":1703181392098,"time":"2023-12-21T18:01:01.258Z","iobWithZeroTemp":{"iob":0.059,"basaliob":-0.06,"bolussnooze":0,"activity":-5.0E-4,"lastBolusTime":1703181392098,"time":"2023-12-21T18:01:01.258Z"}},{"iob":0.061,"basaliob":-0.054,"bolussnooze":0,"activity":-3.0E-4,"lastBolusTime":1703181392098,"time":"2023-12-21T18:06:01.258Z","iobWithZeroTemp":{"iob":0.008,"basaliob":-0.107,"bolussnooze":0,"activity":-4.0E-4,"lastBolusTime":1703181392098,"time":"2023-12-21T18:06:01.258Z"}},{"iob":0.062,"basaliob":-0.048,"bolussnooze":0,"activity":-1.0E-4,"lastBolusTime":1703181392098,"time":"2023-12-21T18:11:01.258Z","iobWithZeroTemp":{"iob":-0.057,"basaliob":-0.167,"bolussnooze":0,"activity":-3.0E-4,"lastBolusTime":1703181392098,"time":"2023-12-21T18:11:01.258Z"}},{"iob":0.061,"basaliob":-0.043,"bolussnooze":0,"activity":1.0E-4,"lastBolusTime":1703181392098,"time":"2023-12-21T18:16:01.258Z","iobWithZeroTemp":{"iob":-0.123,"basaliob":-0.227,"bolussnooze":0,"activity":-5.0E-4,"lastBolusTime":1703181392098,"time":"2023-12-21T18:16:01.258Z"}},{"iob":0.061,"basaliob":-0.038,"bolussnooze":0,"activity":2.0E-4,"lastBolusTime":1703181392098,"time":"2023-12-21T18:21:01.258Z","iobWithZeroTemp":{"iob":-0.186,"basaliob":-0.285,"bolussnooze":0,"activity":-8.0E-4,"lastBolusTime":1703181392098,"time":"2023-12-21T18:21:01.258Z"}},{"iob":0.059,"basaliob":-0.034,"bolussnooze":0,"activity":3.0E-4,"lastBolusTime":1703181392098,"time":"2023-12-21T18:26:01.258Z","iobWithZeroTemp":{"iob":-0.249,"basaliob":-0.342,"bolussnooze":0,"activity":-0.0011,"lastBolusTime":1703181392098,"time":"2023-12-21T18:26:01.258Z"}},{"iob":0.058,"basaliob":-0.03,"bolussnooze":0,"activity":4.0E-4,"lastBolusTime":1703181392098,"time":"2023-12-21T18:31:01.258Z","iobWithZeroTemp":{"iob":-0.308,"basaliob":-0.396,"bolussnooze":0,"activity":-0.0015,"lastBolusTime":1703181392098,"time":"2023-12-21T18:31:01.258Z"}},{"iob":0.055,"basaliob":-0.027,"bolussnooze":0,"activity":5.0E-4,"lastBolusTime":1703181392098,"time":"2023-12-21T18:36:01.258Z","iobWithZeroTemp":{"iob":-0.367,"basaliob":-0.449,"bolussnooze":0,"activity":-0.002,"lastBolusTime":1703181392098,"time":"2023-12-21T18:36:01.258Z"}},{"iob":0.053,"basaliob":-0.024,"bolussnooze":0,"activity":5.0E-4,"lastBolusTime":1703181392098,"time":"2023-12-21T18:41:01.258Z","iobWithZeroTemp":{"iob":-0.422,"basaliob":-0.499,"bolussnooze":0,"activity":-0.0025,"lastBolusTime":1703181392098,"time":"2023-12-21T18:41:01.258Z"}},{"iob":0.051,"basaliob":-0.021,"bolussnooze":0,"activity":5.0E-4,"lastBolusTime":1703181392098,"time":"2023-12-21T18:46:01.258Z","iobWithZeroTemp":{"iob":-0.474,"basaliob":-0.546,"bolussnooze":0,"activity":-0.0031,"lastBolusTime":1703181392098,"time":"2023-12-21T18:46:01.258Z"}},{"iob":0.048,"basaliob":-0.019,"bolussnooze":0,"activity":5.0E-4,"lastBolusTime":1703181392098,"time":"2023-12-21T18:51:01.258Z","iobWithZeroTemp":{"iob":-0.524,"basaliob":-0.591,"bolussnooze":0,"activity":-0.0037,"lastBolusTime":1703181392098,"time":"2023-12-21T18:51:01.258Z"}},{"iob":0.046,"basaliob":-0.016,"bolussnooze":0,"activity":6.0E-4,"lastBolusTime":1703181392098,"time":"2023-12-21T18:56:01.258Z","iobWithZeroTemp":{"iob":-0.571,"basaliob":-0.633,"bolussnooze":0,"activity":-0.0041,"lastBolusTime":1703181392098,"time":"2023-12-21T18:56:01.258Z"}},{"iob":0.043,"basaliob":-0.014,"bolussnooze":0,"activity":5.0E-4,"lastBolusTime":1703181392098,"time":"2023-12-21T19:01:01.258Z","iobWithZeroTemp":{"iob":-0.615,"basaliob":-0.672,"bolussnooze":0,"activity":-0.0048,"lastBolusTime":1703181392098,"time":"2023-12-21T19:01:01.258Z"}},{"iob":0.04,"basaliob":-0.013,"bolussnooze":0,"activity":6.0E-4,"lastBolusTime":1703181392098,"time":"2023-12-21T19:06:01.258Z","iobWithZeroTemp":{"iob":-0.657,"basaliob":-0.71,"bolussnooze":0,"activity":-0.0053,"lastBolusTime":1703181392098,"time":"2023-12-21T19:06:01.258Z"}},{"iob":0.037,"basaliob":-0.011,"bolussnooze":0,"activity":5.0E-4,"lastBolusTime":1703181392098,"time":"2023-12-21T19:11:01.258Z","iobWithZeroTemp":{"iob":-0.696,"basaliob":-0.744,"bolussnooze":0,"activity":-0.0059,"lastBolusTime":1703181392098,"time":"2023-12-21T19:11:01.258Z"}},{"iob":0.034,"basaliob":-0.01,"bolussnooze":0,"activity":5.0E-4,"lastBolusTime":1703181392098,"time":"2023-12-21T19:16:01.258Z","iobWithZeroTemp":{"iob":-0.733,"basaliob":-0.777,"bolussnooze":0,"activity":-0.0064,"lastBolusTime":1703181392098,"time":"2023-12-21T19:16:01.258Z"}},{"iob":0.033,"basaliob":-0.008,"bolussnooze":0,"activity":5.0E-4,"lastBolusTime":1703181392098,"time":"2023-12-21T19:21:01.258Z","iobWithZeroTemp":{"iob":-0.765,"basaliob":-0.806,"bolussnooze":0,"activity":-0.0069,"lastBolusTime":1703181392098,"time":"2023-12-21T19:21:01.258Z"}},{"iob":0.03,"basaliob":-0.007,"bolussnooze":0,"activity":5.0E-4,"lastBolusTime":1703181392098,"time":"2023-12-21T19:26:01.258Z","iobWithZeroTemp":{"iob":-0.796,"basaliob":-0.833,"bolussnooze":0,"activity":-0.0073,"lastBolusTime":1703181392098,"time":"2023-12-21T19:26:01.258Z"}},{"iob":0.028,"basaliob":-0.006,"bolussnooze":0,"activity":4.0E-4,"lastBolusTime":1703181392098,"time":"2023-12-21T19:31:01.258Z","iobWithZeroTemp":{"iob":-0.825,"basaliob":-0.859,"bolussnooze":0,"activity":-0.0079,"lastBolusTime":1703181392098,"time":"2023-12-21T19:31:01.258Z"}},{"iob":0.026,"basaliob":-0.005,"bolussnooze":0,"activity":4.0E-4,"lastBolusTime":1703181392098,"time":"2023-12-21T19:36:01.258Z","iobWithZeroTemp":{"iob":-0.851,"basaliob":-0.882,"bolussnooze":0,"activity":-0.0083,"lastBolusTime":1703181392098,"time":"2023-12-21T19:36:01.258Z"}},{"iob":0.023,"basaliob":-0.005,"bolussnooze":0,"activity":4.0E-4,"lastBolusTime":1703181392098,"time":"2023-12-21T19:41:01.258Z","iobWithZeroTemp":{"iob":-0.877,"basaliob":-0.905,"bolussnooze":0,"activity":-0.0087,"lastBolusTime":1703181392098,"time":"2023-12-21T19:41:01.258Z"}},{"iob":0.022,"basaliob":-0.004,"bolussnooze":0,"activity":4.0E-4,"lastBolusTime":1703181392098,"time":"2023-12-21T19:46:01.258Z","iobWithZeroTemp":{"iob":-0.898,"basaliob":-0.924,"bolussnooze":0,"activity":-0.009,"lastBolusTime":1703181392098,"time":"2023-12-21T19:46:01.258Z"}},{"iob":0.02,"basaliob":-0.003,"bolussnooze":0,"activity":4.0E-4,"lastBolusTime":1703181392098,"time":"2023-12-21T19:51:01.258Z","iobWithZeroTemp":{"iob":-0.919,"basaliob":-0.942,"bolussnooze":0,"activity":-0.0094,"lastBolusTime":1703181392098,"time":"2023-12-21T19:51:01.258Z"}},{"iob":0.018,"basaliob":-0.003,"bolussnooze":0,"activity":3.0E-4,"lastBolusTime":1703181392098,"time":"2023-12-21T19:56:01.258Z","iobWithZeroTemp":{"iob":-0.938,"basaliob":-0.959,"bolussnooze":0,"activity":-0.0098,"lastBolusTime":1703181392098,"time":"2023-12-21T19:56:01.258Z"}},{"iob":0.017,"basaliob":-0.002,"bolussnooze":0,"activity":3.0E-4,"lastBolusTime":1703181392098,"time":"2023-12-21T20:01:01.258Z","iobWithZeroTemp":{"iob":-0.955,"basaliob":-0.974,"bolussnooze":0,"activity":-0.0101,"lastBolusTime":1703181392098,"time":"2023-12-21T20:01:01.258Z"}},{"iob":0.015,"basaliob":-0.002,"bolussnooze":0,"activity":3.0E-4,"lastBolusTime":1703181392098,"time":"2023-12-21T20:06:01.258Z","iobWithZeroTemp":{"iob":-0.971,"basaliob":-0.988,"bolussnooze":0,"activity":-0.0103,"lastBolusTime":1703181392098,"time":"2023-12-21T20:06:01.258Z"}},{"iob":0.014,"basaliob":-0.002,"bolussnooze":0,"activity":2.0E-4,"lastBolusTime":1703181392098,"time":"2023-12-21T20:11:01.258Z","iobWithZeroTemp":{"iob":-0.985,"basaliob":-1.001,"bolussnooze":0,"activity":-0.0107,"lastBolusTime":1703181392098,"time":"2023-12-21T20:11:01.258Z"}},{"iob":0.013,"basaliob":-0.001,"bolussnooze":0,"activity":2.0E-4,"lastBolusTime":1703181392098,"time":"2023-12-21T20:16:01.258Z","iobWithZeroTemp":{"iob":-0.997,"basaliob":-1.011,"bolussnooze":0,"activity":-0.0109,"lastBolusTime":1703181392098,"time":"2023-12-21T20:16:01.258Z"}},{"iob":0.012,"basaliob":-0.001,"bolussnooze":0,"activity":3.0E-4,"lastBolusTime":1703181392098,"time":"2023-12-21T20:21:01.258Z","iobWithZeroTemp":{"iob":-1.009,"basaliob":-1.022,"bolussnooze":0,"activity":-0.011,"lastBolusTime":1703181392098,"time":"2023-12-21T20:21:01.258Z"}},{"iob":0.01,"basaliob":-0.001,"bolussnooze":0,"activity":2.0E-4,"lastBolusTime":1703181392098,"time":"2023-12-21T20:26:01.258Z","iobWithZeroTemp":{"iob":-1.02,"basaliob":-1.031,"bolussnooze":0,"activity":-0.0113,"lastBolusTime":1703181392098,"time":"2023-12-21T20:26:01.258Z"}},{"iob":0.009,"basaliob":-0.001,"bolussnooze":0,"activity":2.0E-4,"lastBolusTime":1703181392098,"time":"2023-12-21T20:31:01.258Z","iobWithZeroTemp":{"iob":-1.03,"basaliob":-1.04,"bolussnooze":0,"activity":-0.0115,"lastBolusTime":1703181392098,"time":"2023-12-21T20:31:01.258Z"}},{"iob":0.009,"basaliob":0,"bolussnooze":0,"activity":2.0E-4,"lastBolusTime":1703181392098,"time":"2023-12-21T20:36:01.258Z","iobWithZeroTemp":{"iob":-1.038,"basaliob":-1.047,"bolussnooze":0,"activity":-0.0117,"lastBolusTime":1703181392098,"time":"2023-12-21T20:36:01.258Z"}},{"iob":0.008,"basaliob":0,"bolussnooze":0,"activity":2.0E-4,"lastBolusTime":1703181392098,"time":"2023-12-21T20:41:01.258Z","iobWithZeroTemp":{"iob":-1.046,"basaliob":-1.054,"bolussnooze":0,"activity":-0.0118,"lastBolusTime":1703181392098,"time":"2023-12-21T20:41:01.258Z"}},{"iob":0.007,"basaliob":0,"bolussnooze":0,"activity":2.0E-4,"lastBolusTime":1703181392098,"time":"2023-12-21T20:46:01.258Z","iobWithZeroTemp":{"iob":-1.053,"basaliob":-1.06,"bolussnooze":0,"activity":-0.012,"lastBolusTime":1703181392098,"time":"2023-12-21T20:46:01.258Z"}},{"iob":0.007,"basaliob":0,"bolussnooze":0,"activity":2.0E-4,"lastBolusTime":1703181392098,"time":"2023-12-21T20:51:01.258Z","iobWithZeroTemp":{"iob":-1.058,"basaliob":-1.065,"bolussnooze":0,"activity":-0.0121,"lastBolusTime":1703181392098,"time":"2023-12-21T20:51:01.258Z"}},{"iob":0.006,"basaliob":0,"bolussnooze":0,"activity":1.0E-4,"lastBolusTime":1703181392098,"time":"2023-12-21T20:56:01.258Z","iobWithZeroTemp":{"iob":-1.064,"basaliob":-1.07,"bolussnooze":0,"activity":-0.0123,"lastBolusTime":1703181392098,"time":"2023-12-21T20:56:01.258Z"}},{"iob":0.005,"basaliob":0,"bolussnooze":0,"activity":1.0E-4,"lastBolusTime":1703181392098,"time":"2023-12-21T21:01:01.258Z","iobWithZeroTemp":{"iob":-1.07,"basaliob":-1.075,"bolussnooze":0,"activity":-0.0124,"lastBolusTime":1703181392098,"time":"2023-12-21T21:01:01.258Z"}},{"iob":0.005,"basaliob":0,"bolussnooze":0,"activity":1.0E-4,"lastBolusTime":1703181392098,"time":"2023-12-21T21:06:01.258Z","iobWithZeroTemp":{"iob":-1.074,"basaliob":-1.079,"bolussnooze":0,"activity":-0.0125,"lastBolusTime":1703181392098,"time":"2023-12-21T21:06:01.258Z"}},{"iob":0.004,"basaliob":0,"bolussnooze":0,"activity":1.0E-4,"lastBolusTime":1703181392098,"time":"2023-12-21T21:11:01.258Z","iobWithZeroTemp":{"iob":-1.078,"basaliob":-1.082,"bolussnooze":0,"activity":-0.0126,"lastBolusTime":1703181392098,"time":"2023-12-21T21:11:01.258Z"}},{"iob":0.003,"basaliob":0,"bolussnooze":0,"activity":1.0E-4,"lastBolusTime":1703181392098,"time":"2023-12-21T21:16:01.258Z","iobWithZeroTemp":{"iob":-1.082,"basaliob":-1.085,"bolussnooze":0,"activity":-0.0127,"lastBolusTime":1703181392098,"time":"2023-12-21T21:16:01.258Z"}},{"iob":0.003,"basaliob":0,"bolussnooze":0,"activity":1.0E-4,"lastBolusTime":1703181392098,"time":"2023-12-21T21:21:01.258Z","iobWithZeroTemp":{"iob":-1.085,"basaliob":-1.088,"bolussnooze":0,"activity":-0.0127,"lastBolusTime":1703181392098,"time":"2023-12-21T21:21:01.258Z"}},{"iob":0.003,"basaliob":0,"bolussnooze":0,"activity":1.0E-4,"lastBolusTime":1703181392098,"time":"2023-12-21T21:26:01.258Z","iobWithZeroTemp":{"iob":-1.087,"basaliob":-1.09,"bolussnooze":0,"activity":-0.0128,"lastBolusTime":1703181392098,"time":"2023-12-21T21:26:01.258Z"}},{"iob":0.002,"basaliob":0,"bolussnooze":0,"activity":1.0E-4,"lastBolusTime":1703181392098,"time":"2023-12-21T21:31:01.258Z","iobWithZeroTemp":{"iob":-1.09,"basaliob":-1.092,"bolussnooze":0,"activity":-0.0129,"lastBolusTime":1703181392098,"time":"2023-12-21T21:31:01.258Z"}},{"iob":0.002,"basaliob":0,"bolussnooze":0,"activity":1.0E-4,"lastBolusTime":1703181392098,"time":"2023-12-21T21:36:01.258Z","iobWithZeroTemp":{"iob":-1.092,"basaliob":-1.094,"bolussnooze":0,"activity":-0.0129,"lastBolusTime":1703181392098,"time":"2023-12-21T21:36:01.258Z"}},{"iob":0.002,"basaliob":0,"bolussnooze":0,"activity":1.0E-4,"lastBolusTime":1703181392098,"time":"2023-12-21T21:41:01.258Z","iobWithZeroTemp":{"iob":-1.094,"basaliob":-1.096,"bolussnooze":0,"activity":-0.0129,"lastBolusTime":1703181392098,"time":"2023-12-21T21:41:01.258Z"}},{"iob":0.001,"basaliob":0,"bolussnooze":0,"activity":0,"lastBolusTime":1703181392098,"time":"2023-12-21T21:46:01.258Z","iobWithZeroTemp":{"iob":-1.096,"basaliob":-1.097,"bolussnooze":0,"activity":-0.0131,"lastBolusTime":1703181392098,"time":"2023-12-21T21:46:01.258Z"}},{"iob":0.001,"basaliob":0,"bolussnooze":0,"activity":0,"lastBolusTime":1703181392098,"time":"2023-12-21T21:51:01.258Z","iobWithZeroTemp":{"iob":-1.097,"basaliob":-1.098,"bolussnooze":0,"activity":-0.0131,"lastBolusTime":1703181392098,"time":"2023-12-21T21:51:01.258Z"}},{"iob":0.001,"basaliob":0,"bolussnooze":0,"activity":0,"lastBolusTime":1703181392098,"time":"2023-12-21T21:56:01.258Z","iobWithZeroTemp":{"iob":-1.098,"basaliob":-1.099,"bolussnooze":0,"activity":-0.0132,"lastBolusTime":1703181392098,"time":"2023-12-21T21:56:01.258Z"}}],"profile":{"max_iob":7,"type":"current","max_daily_basal":0.8,"max_basal":5,"min_bg":80,"max_bg":90,"target_bg":85,"carb_ratio":14,"sens":57,"max_daily_safety_multiplier":9,"current_basal_safety_multiplier":8,"lgsThreshold":65,"high_temptarget_raises_sensitivity":false,"low_temptarget_lowers_sensitivity":false,"sensitivity_raises_target":false,"resistance_lowers_target":false,"adv_target_adjustments":false,"exercise_mode":false,"half_basal_exercise_target":160,"maxCOB":120,"skip_neutral_temps":false,"remainingCarbsCap":90,"enableUAM":true,"A52_risk_enable":false,"SMBInterval":3,"enableSMB_with_COB":true,"enableSMB_with_temptarget":true,"allowSMB_with_high_temptarget":true,"enableSMB_always":true,"enableSMB_after_carbs":true,"maxSMBBasalMinutes":120,"maxUAMSMBBasalMinutes":90,"bolus_increment":0.05,"carbsReqThreshold":5,"current_basal":0.8,"temptargetSet":false,"autosens_max":1.6,"autosens_min":0.6,"variable_sens":113,"insulinDivisor":75,"TDD":19.61504523809524},"autosens_data":{"ratio":1.0023838563033596},"meal_data":{"carbs":0,"mealCOB":0,"slopeFromMaxDeviation":0,"slopeFromMinDeviation":0.8000000000000002,"lastBolusTime":1703181392098,"lastCarbTime":0},"microBolusAllowed":true,"currentTime":1703181662887,"flatBGsDetected":false,"tdd1D":20.662500000000005,"tdd7D":21.47380952380953,"tddLast24H":21.525000000000006,"tddLast4H":3.2041666666666675,"tddLast8to4H":1.7750000000000004},"output":{"temp":"absolute","bg":94,"tick":"+4","eventualBG":106,"targetBG":85,"insulinReq":0.19,"deliverAt":"2023-12-21T18:01:02.887Z","sensitivityRatio":1.0023838563033596,"variable_sens":113,"predBGs":{"IOB":[94,97,100,103,105,106,108,109,110,110,111,111,110,110,110,109,109,109,109,108,108,108,108,108,108,107,107,107,107,107,107,107,107,106],"ZT":[94,94,95,95,95,95,96],"UAM":[94,97,100,103,105,106,108,109,110,110,111,111,110,110,110,109,109,109,109,108,108,108,108,108,108,107,107,107,107,107,107,107,107,106]},"reason":"COB: 0, Dev: 19, BGI: 0, ISF: 113, CR: 14, Target: 85, minPredBG 106, minGuardBG 97, IOBpredBG 106, UAMpredBG 106; Eventual BG 106 >= 90,  insulinReq 0.19. Microbolusing 0.05U. temp 1.10 < 1.18U\/hr.  25m left and 1.1 ~ req 1.1819070850426878U\/hr: no temp required","COB":0,"IOB":0.059,"units":0.05,"timestamp":"2023-12-21T18:01:02.894Z"}}