{"algorithm":"OpenAPSSMBDynamicISFPlugin","input":{"glucoseStatus":{"glucose":98,"noise":0,"delta":2,"short_avgdelta":2.22,"long_avgdelta":2.29,"date":1703182237000},"currenttemp":{"temp":"absolute","duration":15,"rate":1.1,"minutesrunning":15},"iob_data":[{"iob":0.165,"basaliob":0.007,"bolussnooze":0,"activity":3.0E-4,"lastBolusTime":1703181668521,"time":"2023-12-21T18:11:11.796Z","iobWithZeroTemp":{"iob":0.165,"basaliob":0.007,"bolussnooze":0,"activity":3.0E-4,"lastBolusTime":1703181668521,"time":"2023-12-21T18:11:11.796Z"}},{"iob":0.163,"basaliob":0.011,"bolussnooze":0,"activity":7.0E-4,"lastBolusTime":1703181668521,"time":"2023-12-21T18:16:11.796Z","iobWithZeroTemp":{"iob":0.11,"basaliob":-0.042,"bolussnooze":0,"activity":6.0E-4,"lastBolusTime":1703181668521,"time":"2023-12-21T18:16:11.796Z"}},{"iob":0.159,"basaliob":0.014,"bolussnooze":0,"activity":8.0E-4,"lastBolusTime":1703181668521,"time":"2023-12-21T18:21:11.796Z","iobWithZeroTemp":{"iob":0.04,"basaliob":-0.105,"bolussnooze":0,"activity":6.0E-4,"lastBolusTime":1703181668521,"time":"2023-12-21T18:21:11.796Z"}},{"iob":0.154,"basaliob":0.017,"bolussnooze":0,"activity":0.0011,"lastBolusTime":1703181668521,"time":"2023-12-21T18:26:11.796Z","iobWithZeroTemp":{"iob":-0.03,"basaliob":-0.167,"bolussnooze":0,"activity":5.0E-4,"lastBolusTime":1703181668521,"time":"2023-12-21T18:26:11.796Z"}},{"iob":0.148,"basaliob":0.018,"bolussnooze":0,"activity":0.0012,"lastBolusTime":1703181668521,"time":"2023-12-21T18:31:11.796Z","iobWithZeroTemp":{"iob":-0.099,"basaliob":-0.229,"bolussnooze":0,"activity":2.0E-4,"lastBolusTime":1703181668521,"time":"2023-12-21T18:31:11.796Z"}},{"iob":0.142,"basaliob":0.02,"bolussnooze":0,"activity":0.0013,"lastBolusTime":1703181668521,"time":"2023-12-21T18:36:11.796Z","iobWithZeroTemp":{"iob":-0.166,"basaliob":-0.288,"bolussnooze":0,"activity":-1.0E-4,"lastBolusTime":1703181668521,"time":"2023-12-21T18:36:11.796Z"}},{"iob":0.135,"basaliob":0.02,"bolussnooze":0,"activity":0.0014,"lastBolusTime":1703181668521,"time":"2023-12-21T18:41:11.796Z","iobWithZeroTemp":{"iob":-0.231,"basaliob":-0.346,"bolussnooze":0,"activity":-5.0E-4,"lastBolusTime":1703181668521,"time":"2023-12-21T18:41:11.796Z"}},{"iob":0.128,"basaliob":0.021,"bolussnooze":0,"activity":0.0014,"lastBolusTime":1703181668521,"time":"2023-12-21T18:46:11.796Z","iobWithZeroTemp":{"iob":-0.294,"basaliob":-0.401,"bolussnooze":0,"activity":-0.0011,"lastBolusTime":1703181668521,"time":"2023-12-21T18:46:11.796Z"}},{"iob":0.121,"basaliob":0.021,"bolussnooze":0,"activity":0.0014,"lastBolusTime":1703181668521,"time":"2023-12-21T18:51:11.796Z","iobWithZeroTemp":{"iob":-0.354,"basaliob":-0.454,"bolussnooze":0,"activity":-0.0016,"lastBolusTime":1703181668521,"time":"2023-12-21T18:51:11.796Z"}},{"iob":0.114,"basaliob":0.021,"bolussnooze":0,"activity":0.0015,"lastBolusTime":1703181668521,"time":"2023-12-21T18:56:11.796Z","iobWithZeroTemp":{"iob":-0.411,"basaliob":-0.504,"bolussnooze":0,"activity":-0.0021,"lastBolusTime":1703181668521,"time":"2023-12-21T18:56:11.796Z"}},{"iob":0.108,"basaliob":0.021,"bolussnooze":0,"activity":0.0014,"lastBolusTime":1703181668521,"time":"2023-12-21T19:01:11.796Z","iobWithZeroTemp":{"iob":-0.464,"basaliob":-0.551,"bolussnooze":0,"activity":-0.0028,"lastBolusTime":1703181668521,"time":"2023-12-21T19:01:11.796Z"}},{"iob":0.1,"basaliob":0.02,"bolussnooze":0,"activity":0.0014,"lastBolusTime":1703181668521,"time":"2023-12-21T19:06:11.796Z","iobWithZeroTemp":{"iob":-0.517,"basaliob":-0.597,"bolussnooze":0,"activity":-0.0033,"lastBolusTime":1703181668521,"time":"2023-12-21T19:06:11.796Z"}},{"iob":0.093,"basaliob":0.019,"bolussnooze":0,"activity":0.0013,"lastBolusTime":1703181668521,"time":"2023-12-21T19:11:11.796Z","iobWithZeroTemp":{"iob":-0.565,"basaliob":-0.639,"bolussnooze":0,"activity":-0.004,"lastBolusTime":1703181668521,"time":"2023-12-21T19:11:11.796Z"}},{"iob":0.087,"basaliob":0.019,"bolussnooze":0,"activity":0.0013,"lastBolusTime":1703181668521,"time":"2023-12-21T19:16:11.796Z","iobWithZeroTemp":{"iob":-0.61,"basaliob":-0.678,"bolussnooze":0,"activity":-0.0046,"lastBolusTime":1703181668521,"time":"2023-12-21T19:16:11.796Z"}},{"iob":0.081,"basaliob":0.018,"bolussnooze":0,"activity":0.0013,"lastBolusTime":1703181668521,"time":"2023-12-21T19:21:11.796Z","iobWithZeroTemp":{"iob":-0.652,"basaliob":-0.715,"bolussnooze":0,"activity":-0.0051,"lastBolusTime":1703181668521,"time":"2023-12-21T19:21:11.796Z"}},{"iob":0.075,"basaliob":0.017,"bolussnooze":0,"activity":0.0012,"lastBolusTime":1703181668521,"time":"2023-12-21T19:26:11.796Z","iobWithZeroTemp":{"iob":-0.692,"basaliob":-0.75,"bolussnooze":0,"activity":-0.0057,"lastBolusTime":1703181668521,"time":"2023-12-21T19:26:11.796Z"}},{"iob":0.069,"basaliob":0.016,"bolussnooze":0,"activity":0.0011,"lastBolusTime":1703181668521,"time":"2023-12-21T19:31:11.796Z","iobWithZeroTemp":{"iob":-0.729,"basaliob":-0.782,"bolussnooze":0,"activity":-0.0063,"lastBolusTime":1703181668521,"time":"2023-12-21T19:31:11.796Z"}},{"iob":0.063,"basaliob":0.015,"bolussnooze":0,"activity":0.0011,"lastBolusTime":1703181668521,"time":"2023-12-21T19:36:11.796Z","iobWithZeroTemp":{"iob":-0.763,"basaliob":-0.811,"bolussnooze":0,"activity":-0.0067,"lastBolusTime":1703181668521,"time":"2023-12-21T19:36:11.796Z"}},{"iob":0.058,"basaliob":0.014,"bolussnooze":0,"activity":0.001,"lastBolusTime":1703181668521,"time":"2023-12-21T19:41:11.796Z","iobWithZeroTemp":{"iob":-0.795,"basaliob":-0.839,"bolussnooze":0,"activity":-0.0073,"lastBolusTime":1703181668521,"time":"2023-12-21T19:41:11.796Z"}},{"iob":0.053,"basaliob":0.013,"bolussnooze":0,"activity":9.0E-4,"lastBolusTime":1703181668521,"time":"2023-12-21T19:46:11.796Z","iobWithZeroTemp":{"iob":-0.824,"basaliob":-0.864,"bolussnooze":0,"activity":-0.0078,"lastBolusTime":1703181668521,"time":"2023-12-21T19:46:11.796Z"}},{"iob":0.05,"basaliob":0.013,"bolussnooze":0,"activity":9.0E-4,"lastBolusTime":1703181668521,"time":"2023-12-21T19:51:11.796Z","iobWithZeroTemp":{"iob":-0.85,"basaliob":-0.887,"bolussnooze":0,"activity":-0.0082,"lastBolusTime":1703181668521,"time":"2023-12-21T19:51:11.796Z"}},{"iob":0.045,"basaliob":0.012,"bolussnooze":0,"activity":8.0E-4,"lastBolusTime":1703181668521,"time":"2023-12-21T19:56:11.796Z","iobWithZeroTemp":{"iob":-0.875,"basaliob":-0.908,"bolussnooze":0,"activity":-0.0086,"lastBolusTime":1703181668521,"time":"2023-12-21T19:56:11.796Z"}},{"iob":0.041,"basaliob":0.011,"bolussnooze":0,"activity":8.0E-4,"lastBolusTime":1703181668521,"time":"2023-12-21T20:01:11.796Z","iobWithZeroTemp":{"iob":-0.898,"basaliob":-0.928,"bolussnooze":0,"activity":-0.009,"lastBolusTime":1703181668521,"time":"2023-12-21T20:01:11.796Z"}},{"iob":0.037,"basaliob":0.01,"bolussnooze":0,"activity":7.0E-4,"lastBolusTime":1703181668521,"time":"2023-12-21T20:06:11.796Z","iobWithZeroTemp":{"iob":-0.919,"basaliob":-0.946,"bolussnooze":0,"activity":-0.0094,"lastBolusTime":1703181668521,"time":"2023-12-21T20:06:11.796Z"}},{"iob":0.034,"basaliob":0.009,"bolussnooze":0,"activity":6.0E-4,"lastBolusTime":1703181668521,"time":"2023-12-21T20:11:11.796Z","iobWithZeroTemp":{"iob":-0.938,"basaliob":-0.963,"bolussnooze":0,"activity":-0.0098,"lastBolusTime":1703181668521,"time":"2023-12-21T20:11:11.796Z"}},{"iob":0.031,"basaliob":0.009,"bolussnooze":0,"activity":6.0E-4,"lastBolusTime":1703181668521,"time":"2023-12-21T20:16:11.796Z","iobWithZeroTemp":{"iob":-0.955,"basaliob":-0.977,"bolussnooze":0,"activity":-0.01,"lastBolusTime":1703181668521,"time":"2023-12-21T20:16:11.796Z"}},{"iob":0.028,"basaliob":0.008,"bolussnooze":0,"activity":5.0E-4,"lastBolusTime":1703181668521,"time":"2023-12-21T20:21:11.796Z","iobWithZeroTemp":{"iob":-0.971,"basaliob":-0.991,"bolussnooze":0,"activity":-0.0104,"lastBolusTime":1703181668521,"time":"2023-12-21T20:21:11.796Z"}},{"iob":0.025,"basaliob":0.007,"bolussnooze":0,"activity":5.0E-4,"lastBolusTime":1703181668521,"time":"2023-12-21T20:26:11.796Z","iobWithZeroTemp":{"iob":-0.985,"basaliob":-1.003,"bolussnooze":0,"activity":-0.0106,"lastBolusTime":1703181668521,"time":"2023-12-21T20:26:11.796Z"}},{"iob":0.023,"basaliob":0.007,"bolussnooze":0,"activity":5.0E-4,"lastBolusTime":1703181668521,"time":"2023-12-21T20:31:11.796Z","iobWithZeroTemp":{"iob":-0.998,"basaliob":-1.014,"bolussnooze":0,"activity":-0.0108,"lastBolusTime":1703181668521,"time":"2023-12-21T20:31:11.796Z"}},{"iob":0.021,"basaliob":0.006,"bolussnooze":0,"activity":4.0E-4,"lastBolusTime":1703181668521,"time":"2023-12-21T20:36:11.796Z","iobWithZeroTemp":{"iob":-1.009,"basaliob":-1.024,"bolussnooze":0,"activity":-0.0111,"lastBolusTime":1703181668521,"time":"2023-12-21T20:36:11.796Z"}},{"iob":0.019,"basaliob":0.006,"bolussnooze":0,"activity":4.0E-4,"lastBolusTime":1703181668521,"time":"2023-12-21T20:41:11.796Z","iobWithZeroTemp":{"iob":-1.02,"basaliob":-1.033,"bolussnooze":0,"activity":-0.0113,"lastBolusTime":1703181668521,"time":"2023-12-21T20:41:11.796Z"}},{"iob":0.017,"basaliob":0.005,"bolussnooze":0,"activity":4.0E-4,"lastBolusTime":1703181668521,"time":"2023-12-21T20:46:11.796Z","iobWithZeroTemp":{"iob":-1.03,"basaliob":-1.042,"bolussnooze":0,"activity":-0.0115,"lastBolusTime":1703181668521,"time":"2023-12-21T20:46:11.796Z"}},{"iob":0.015,"basaliob":0.005,"bolussnooze":0,"activity":3.0E-4,"lastBolusTime":1703181668521,"time":"2023-12-21T20:51:11.796Z","iobWithZeroTemp":{"iob":-1.039,"basaliob":-1.049,"bolussnooze":0,"activity":-0.0117,"lastBolusTime":1703181668521,"time":"2023-12-21T20:51:11.796Z"}},{"iob":0.013,"basaliob":0.004,"bolussnooze":0,"activity":3.0E-4,"lastBolusTime":1703181668521,"time":"2023-12-21T20:56:11.796Z","iobWithZeroTemp":{"iob":-1.047,"basaliob":-1.056,"bolussnooze":0,"activity":-0.0119,"lastBolusTime":1703181668521,"time":"2023-12-21T20:56:11.796Z"}},{"iob":0.012,"basaliob":0.004,"bolussnooze":0,"activity":3.0E-4,"lastBolusTime":1703181668521,"time":"2023-12-21T21:01:11.796Z","iobWithZeroTemp":{"iob":-1.053,"basaliob":-1.061,"bolussnooze":0,"activity":-0.012,"lastBolusTime":1703181668521,"time":"2023-12-21T21:01:11.796Z"}},{"iob":0.01,"basaliob":0.003,"bolussnooze":0,"activity":3.0E-4,"lastBolusTime":1703181668521,"time":"2023-12-21T21:06:11.796Z","iobWithZeroTemp":{"iob":-1.06,"basaliob":-1.067,"bolussnooze":0,"activity":-0.0121,"lastBolusTime":1703181668521,"time":"2023-12-21T21:06:11.796Z"}},{"iob":0.009,"basaliob":0.003,"bolussnooze":0,"activity":3.0E-4,"lastBolusTime":1703181668521,"time":"2023-12-21T21:11:11.796Z","iobWithZeroTemp":{"iob":-1.066,"basaliob":-1.072,"bolussnooze":0,"activity":-0.0122,"lastBolusTime":1703181668521,"time":"2023-12-21T21:11:11.796Z"}},{"iob":0.009,"basaliob":0.003,"bolussnooze":0,"activity":2.0E-4,"lastBolusTime":1703181668521,"time":"2023-12-21T21:16:11.796Z","iobWithZeroTemp":{"iob":-1.07,"basaliob":-1.076,"bolussnooze":0,"activity":-0.0124,"lastBolusTime":1703181668521,"time":"2023-12-21T21:16:11.796Z"}},{"iob":0.008,"basaliob":0.003,"bolussnooze":0,"activity":2.0E-4,"lastBolusTime":1703181668521,"time":"2023-12-21T21:21:11.796Z","iobWithZeroTemp":{"iob":-1.074,"basaliob":-1.079,"bolussnooze":0,"activity":-0.0125,"lastBolusTime":1703181668521,"time":"2023-12-21T21:21:11.796Z"}},{"iob":0.006,"basaliob":0.002,"bolussnooze":0,"activity":2.0E-4,"lastBolusTime":1703181668521,"time":"2023-12-21T21:26:11.796Z","iobWithZeroTemp":{"iob":-1.079,"basaliob":-1.083,"bolussnooze":0,"activity":-0.0126,"lastBolusTime":1703181668521,"time":"2023-12-21T21:26:11.796Z"}},{"iob":0.006,"basaliob":0.002,"bolussnooze":0,"activity":1.0E-4,"lastBolusTime":1703181668521,"time":"2023-12-21T21:31:11.796Z","iobWithZeroTemp":{"iob":-1.082,"basaliob":-1.086,"bolussnooze":0,"activity":-0.0127,"lastBolusTime":1703181668521,"time":"2023-12-21T21:31:11.796Z"}},{"iob":0.005,"basaliob":0.002,"bolussnooze":0,"activity":1.0E-4,"lastBolusTime":1703181668521,"time":"2023-12-21T21:36:11.796Z","iobWithZeroTemp":{"iob":-1.085,"basaliob":-1.088,"bolussnooze":0,"activity":-0.0128,"lastBolusTime":1703181668521,"time":"2023-12-21T21:36:11.796Z"}},{"iob":0.005,"basaliob":0.002,"bolussnooze":0,"activity":1.0E-4,"lastBolusTime":1703181668521,"time":"2023-12-21T21:41:11.796Z","iobWithZeroTemp":{"iob":-1.087,"basaliob":-1.09,"bolussnooze":0,"activity":-0.0129,"lastBolusTime":1703181668521,"time":"2023-12-21T21:41:11.796Z"}},{"iob":0.003,"basaliob":0.001,"bolussnooze":0,"activity":1.0E-4,"lastBolusTime":1703181668521,"time":"2023-12-21T21:46:11.796Z","iobWithZeroTemp":{"iob":-1.091,"basaliob":-1.093,"bolussnooze":0,"activity":-0.0129,"lastBolusTime":1703181668521,"time":"2023-12-21T21:46:11.796Z"}},{"iob":0.003,"basaliob":0.001,"bolussnooze":0,"activity":1.0E-4,"lastBolusTime":1703181668521,"time":"2023-12-21T21:51:11.796Z","iobWithZeroTemp":{"iob":-1.093,"basaliob":-1.095,"bolussnooze":0,"activity":-0.0129,"lastBolusTime":1703181668521,"time":"2023-12-21T21:51:11.796Z"}},{"iob":0.003,"basaliob":0.001,"bolussnooze":0,"activity":1.0E-4,"lastBolusTime":1703181668521,"time":"2023-12-21T21:56:11.796Z","iobWithZeroTemp":{"iob":-1.094,"basaliob":-1.096,"bolussnooze":0,"activity":-0.013,"lastBolusTime":1703181668521,"time":"2023-12-21T21:56:11.796Z"}},{"iob":0.002,"basaliob":0.001,"bolussnooze":0,"activity":1.0E-4,"lastBolusTime":1703181668521,"time":"2023-12-21T22:01:11.796Z","iobWithZeroTemp":{"iob":-1.096,"basaliob":-1.097,"bolussnooze":0,"activity":-0.013,"lastBolusTime":1703181668521,"time":"2023-12-21T22:01:11.796Z"}},{"iob":0.002,"basaliob":0.001,"bolussnooze":0,"activity":0,"lastBolusTime":1703181668521,"time":"2023-12-21T22:06:11.796Z","iobWithZeroTemp":{"iob":-1.097,"basaliob":-1.098,"bolussnooze":0,"activity":-0.0132,"lastBolusTime":1703181668521,"time":"2023-12-21T22:06:11.796Z"}}],"profile":{"max_iob":7,"type":"current","max_daily_basal":0.8,"max_basal":5,"min_bg":80,"max_bg":90,"target_bg":85,"carb_ratio":14,"sens":57,"max_daily_safety_multiplier":9,"current_basal_safety_multiplier":8,"lgsThreshold":65,"high_temptarget_raises_sensitivity":false,"low_temptarget_lowers_sensitivity":false,"sensitivity_raises_target":false,"resistance_lowers_target":false,"adv_target_adjustments":false,"exercise_mode":false,"half_basal_exercise_target":160,"maxCOB":120,"skip_neutral_temps":false,"remainingCarbsCap":90,"enableUAM":true,"A52_risk_enable":false,"SMBInterval":3,"enableSMB_with_COB":true,"enableSMB_with_temptarget":true,"allowSMB_with_high_temptarget":true,"enableSMB_always":true,"enableSMB_after_carbs":true,"maxSMBBasalMinutes":120,"maxUAMSMBBasalMinutes":90,"bolus_increment":0.05,"carbsReqThreshold":5,"current_basal":0.8,"temptargetSet":false,"autosens_max":1.6,"autosens_min":0.6,"variable_sens":108.7,"insulinDivisor":75,"TDD":19.811395238095244},"autosens_data":{"ratio":1.0062645526111544},"meal_data":{"carbs":0,"mealCOB":0,"slopeFromMaxDeviation":-0.24800000000000022,"slopeFromMinDeviation":0.5562857142857143,"lastBolusTime":1703181668521,"lastCarbTime":0},"microBolusAllowed":true,"currentTime":1703182273615,"flatBGsDetected":false,"tdd1D":20.662500000000005,"tdd7D":21.47380952380953,"tddLast24H":21.60833333333334,"tddLast4H":3.320833333333334,"tddLast8to4H":1.833333333333334},"output":{"temp":"absolute","bg":98,"tick":"+2","eventualBG":93,"targetBG":85,"insulinReq":0.07,"deliverAt":"2023-12-21T18:11:13.615Z","sensitivityRatio":1.0062645526111544,"variable_sens":108.7,"predBGs":{"IOB":[98,100,101,103,103,104,104,105,105,104,104,104,103,102,101,101,100,100,99,98,98,97,97,97,96,96,95,95,95,95,94,94,94,94,94,93,93,93,93,93,93,93,93,93,93,93,92],"ZT":[98,98,98,97,97,97,97,97],"UAM":[98,100,101,102,103,103,103,103,102,102,101,100,99,99,98,97,96,96,95,95,94,94,93,93,92,92,92,91,91,91,91,90,90,90,90,90,90,89]},"reason":"COB: 0, Dev: 13, BGI: 0, ISF: 109, CR: 14, Target: 85, minPredBG 93, minGuardBG 89, IOBpredBG 92, UAMpredBG 89; Eventual BG 93 >= 90,  insulinReq 0.07. temp 1.10 >~ req 0.95U\/hr. ","COB":0,"IOB":0.165,"timestamp":"2023-12-21T18:11:13.622Z"}}