{"algorithm":"OpenAPSSMBDynamicISFPlugin","input":{"glucoseStatus":{"glucose":93,"noise":0,"delta":3,"short_avgdelta":2.22,"long_avgdelta":0.06,"date":1703063737000},"currenttemp":{"temp":"absolute","duration":25,"rate":0.65,"minutesrunning":5},"iob_data":[{"iob":-0.022,"basaliob":-0.157,"bolussnooze":0,"activity":1.0E-4,"lastBolusTime":1703060784496,"time":"2023-12-20T09:16:08.607Z","iobWithZeroTemp":{"iob":-0.022,"basaliob":-0.157,"bolussnooze":0,"activity":1.0E-4,"lastBolusTime":1703060784496,"time":"2023-12-20T09:16:08.607Z"}},{"iob":-0.022,"basaliob":-0.145,"bolussnooze":0,"activity":0,"lastBolusTime":1703060784496,"time":"2023-12-20T09:21:08.607Z","iobWithZeroTemp":{"iob":-0.059,"basaliob":-0.182,"bolussnooze":0,"activity":0,"lastBolusTime":1703060784496,"time":"2023-12-20T09:21:08.607Z"}},{"iob":-0.022,"basaliob":-0.133,"bolussnooze":0,"activity":0,"lastBolusTime":1703060784496,"time":"2023-12-20T09:26:08.607Z","iobWithZeroTemp":{"iob":-0.104,"basaliob":-0.215,"bolussnooze":0,"activity":-2.0E-4,"lastBolusTime":1703060784496,"time":"2023-12-20T09:26:08.607Z"}},{"iob":-0.022,"basaliob":-0.122,"bolussnooze":0,"activity":0,"lastBolusTime":1703060784496,"time":"2023-12-20T09:31:08.607Z","iobWithZeroTemp":{"iob":-0.149,"basaliob":-0.249,"bolussnooze":0,"activity":-4.0E-4,"lastBolusTime":1703060784496,"time":"2023-12-20T09:31:08.607Z"}},{"iob":-0.022,"basaliob":-0.112,"bolussnooze":0,"activity":-1.0E-4,"lastBolusTime":1703060784496,"time":"2023-12-20T09:36:08.607Z","iobWithZeroTemp":{"iob":-0.192,"basaliob":-0.282,"bolussnooze":0,"activity":-8.0E-4,"lastBolusTime":1703060784496,"time":"2023-12-20T09:36:08.607Z"}},{"iob":-0.021,"basaliob":-0.102,"bolussnooze":0,"activity":-2.0E-4,"lastBolusTime":1703060784496,"time":"2023-12-20T09:41:08.607Z","iobWithZeroTemp":{"iob":-0.233,"basaliob":-0.314,"bolussnooze":0,"activity":-0.0012,"lastBolusTime":1703060784496,"time":"2023-12-20T09:41:08.607Z"}},{"iob":-0.02,"basaliob":-0.093,"bolussnooze":0,"activity":-1.0E-4,"lastBolusTime":1703060784496,"time":"2023-12-20T09:46:08.607Z","iobWithZeroTemp":{"iob":-0.272,"basaliob":-0.345,"bolussnooze":0,"activity":-0.0014,"lastBolusTime":1703060784496,"time":"2023-12-20T09:46:08.607Z"}},{"iob":-0.02,"basaliob":-0.085,"bolussnooze":0,"activity":-2.0E-4,"lastBolusTime":1703060784496,"time":"2023-12-20T09:51:08.607Z","iobWithZeroTemp":{"iob":-0.31,"basaliob":-0.375,"bolussnooze":0,"activity":-0.0019,"lastBolusTime":1703060784496,"time":"2023-12-20T09:51:08.607Z"}},{"iob":-0.018,"basaliob":-0.077,"bolussnooze":0,"activity":-2.0E-4,"lastBolusTime":1703060784496,"time":"2023-12-20T09:56:08.607Z","iobWithZeroTemp":{"iob":-0.344,"basaliob":-0.403,"bolussnooze":0,"activity":-0.0023,"lastBolusTime":1703060784496,"time":"2023-12-20T09:56:08.607Z"}},{"iob":-0.018,"basaliob":-0.07,"bolussnooze":0,"activity":-2.0E-4,"lastBolusTime":1703060784496,"time":"2023-12-20T10:01:08.607Z","iobWithZeroTemp":{"iob":-0.379,"basaliob":-0.431,"bolussnooze":0,"activity":-0.0027,"lastBolusTime":1703060784496,"time":"2023-12-20T10:01:08.607Z"}},{"iob":-0.016,"basaliob":-0.063,"bolussnooze":0,"activity":-2.0E-4,"lastBolusTime":1703060784496,"time":"2023-12-20T10:06:08.607Z","iobWithZeroTemp":{"iob":-0.409,"basaliob":-0.456,"bolussnooze":0,"activity":-0.0031,"lastBolusTime":1703060784496,"time":"2023-12-20T10:06:08.607Z"}},{"iob":-0.015,"basaliob":-0.057,"bolussnooze":0,"activity":-2.0E-4,"lastBolusTime":1703060784496,"time":"2023-12-20T10:11:08.607Z","iobWithZeroTemp":{"iob":-0.439,"basaliob":-0.481,"bolussnooze":0,"activity":-0.0035,"lastBolusTime":1703060784496,"time":"2023-12-20T10:11:08.607Z"}},{"iob":-0.015,"basaliob":-0.052,"bolussnooze":0,"activity":-2.0E-4,"lastBolusTime":1703060784496,"time":"2023-12-20T10:16:08.607Z","iobWithZeroTemp":{"iob":-0.467,"basaliob":-0.504,"bolussnooze":0,"activity":-0.0039,"lastBolusTime":1703060784496,"time":"2023-12-20T10:16:08.607Z"}},{"iob":-0.014,"basaliob":-0.047,"bolussnooze":0,"activity":-2.0E-4,"lastBolusTime":1703060784496,"time":"2023-12-20T10:21:08.607Z","iobWithZeroTemp":{"iob":-0.493,"basaliob":-0.526,"bolussnooze":0,"activity":-0.0042,"lastBolusTime":1703060784496,"time":"2023-12-20T10:21:08.607Z"}},{"iob":-0.013,"basaliob":-0.042,"bolussnooze":0,"activity":-2.0E-4,"lastBolusTime":1703060784496,"time":"2023-12-20T10:26:08.607Z","iobWithZeroTemp":{"iob":-0.517,"basaliob":-0.546,"bolussnooze":0,"activity":-0.0046,"lastBolusTime":1703060784496,"time":"2023-12-20T10:26:08.607Z"}},{"iob":-0.012,"basaliob":-0.038,"bolussnooze":0,"activity":-2.0E-4,"lastBolusTime":1703060784496,"time":"2023-12-20T10:31:08.607Z","iobWithZeroTemp":{"iob":-0.539,"basaliob":-0.565,"bolussnooze":0,"activity":-0.0049,"lastBolusTime":1703060784496,"time":"2023-12-20T10:31:08.607Z"}},{"iob":-0.011,"basaliob":-0.034,"bolussnooze":0,"activity":-2.0E-4,"lastBolusTime":1703060784496,"time":"2023-12-20T10:36:08.607Z","iobWithZeroTemp":{"iob":-0.559,"basaliob":-0.582,"bolussnooze":0,"activity":-0.0053,"lastBolusTime":1703060784496,"time":"2023-12-20T10:36:08.607Z"}},{"iob":-0.009,"basaliob":-0.03,"bolussnooze":0,"activity":-2.0E-4,"lastBolusTime":1703060784496,"time":"2023-12-20T10:41:08.607Z","iobWithZeroTemp":{"iob":-0.577,"basaliob":-0.598,"bolussnooze":0,"activity":-0.0056,"lastBolusTime":1703060784496,"time":"2023-12-20T10:41:08.607Z"}},{"iob":-0.009,"basaliob":-0.027,"bolussnooze":0,"activity":-2.0E-4,"lastBolusTime":1703060784496,"time":"2023-12-20T10:46:08.607Z","iobWithZeroTemp":{"iob":-0.595,"basaliob":-0.613,"bolussnooze":0,"activity":-0.0059,"lastBolusTime":1703060784496,"time":"2023-12-20T10:46:08.607Z"}},{"iob":-0.008,"basaliob":-0.024,"bolussnooze":0,"activity":-2.0E-4,"lastBolusTime":1703060784496,"time":"2023-12-20T10:51:08.607Z","iobWithZeroTemp":{"iob":-0.611,"basaliob":-0.627,"bolussnooze":0,"activity":-0.0062,"lastBolusTime":1703060784496,"time":"2023-12-20T10:51:08.607Z"}},{"iob":-0.006,"basaliob":-0.021,"bolussnooze":0,"activity":-2.0E-4,"lastBolusTime":1703060784496,"time":"2023-12-20T10:56:08.607Z","iobWithZeroTemp":{"iob":-0.624,"basaliob":-0.639,"bolussnooze":0,"activity":-0.0064,"lastBolusTime":1703060784496,"time":"2023-12-20T10:56:08.607Z"}},{"iob":-0.006,"basaliob":-0.019,"bolussnooze":0,"activity":-2.0E-4,"lastBolusTime":1703060784496,"time":"2023-12-20T11:01:08.607Z","iobWithZeroTemp":{"iob":-0.639,"basaliob":-0.652,"bolussnooze":0,"activity":-0.0067,"lastBolusTime":1703060784496,"time":"2023-12-20T11:01:08.607Z"}},{"iob":-0.005,"basaliob":-0.017,"bolussnooze":0,"activity":-1.0E-4,"lastBolusTime":1703060784496,"time":"2023-12-20T11:06:08.607Z","iobWithZeroTemp":{"iob":-0.65,"basaliob":-0.662,"bolussnooze":0,"activity":-0.0068,"lastBolusTime":1703060784496,"time":"2023-12-20T11:06:08.607Z"}},{"iob":-0.005,"basaliob":-0.015,"bolussnooze":0,"activity":-2.0E-4,"lastBolusTime":1703060784496,"time":"2023-12-20T11:11:08.607Z","iobWithZeroTemp":{"iob":-0.662,"basaliob":-0.672,"bolussnooze":0,"activity":-0.0071,"lastBolusTime":1703060784496,"time":"2023-12-20T11:11:08.607Z"}},{"iob":-0.004,"basaliob":-0.013,"bolussnooze":0,"activity":-1.0E-4,"lastBolusTime":1703060784496,"time":"2023-12-20T11:16:08.607Z","iobWithZeroTemp":{"iob":-0.672,"basaliob":-0.681,"bolussnooze":0,"activity":-0.0072,"lastBolusTime":1703060784496,"time":"2023-12-20T11:16:08.607Z"}},{"iob":-0.004,"basaliob":-0.012,"bolussnooze":0,"activity":-1.0E-4,"lastBolusTime":1703060784496,"time":"2023-12-20T11:21:08.607Z","iobWithZeroTemp":{"iob":-0.682,"basaliob":-0.69,"bolussnooze":0,"activity":-0.0074,"lastBolusTime":1703060784496,"time":"2023-12-20T11:21:08.607Z"}},{"iob":-0.003,"basaliob":-0.01,"bolussnooze":0,"activity":-1.0E-4,"lastBolusTime":1703060784496,"time":"2023-12-20T11:26:08.607Z","iobWithZeroTemp":{"iob":-0.69,"basaliob":-0.697,"bolussnooze":0,"activity":-0.0076,"lastBolusTime":1703060784496,"time":"2023-12-20T11:26:08.607Z"}},{"iob":-0.003,"basaliob":-0.009,"bolussnooze":0,"activity":0,"lastBolusTime":1703060784496,"time":"2023-12-20T11:31:08.607Z","iobWithZeroTemp":{"iob":-0.698,"basaliob":-0.704,"bolussnooze":0,"activity":-0.0076,"lastBolusTime":1703060784496,"time":"2023-12-20T11:31:08.607Z"}},{"iob":-0.003,"basaliob":-0.008,"bolussnooze":0,"activity":-1.0E-4,"lastBolusTime":1703060784496,"time":"2023-12-20T11:36:08.607Z","iobWithZeroTemp":{"iob":-0.705,"basaliob":-0.71,"bolussnooze":0,"activity":-0.0079,"lastBolusTime":1703060784496,"time":"2023-12-20T11:36:08.607Z"}},{"iob":-0.002,"basaliob":-0.007,"bolussnooze":0,"activity":-1.0E-4,"lastBolusTime":1703060784496,"time":"2023-12-20T11:41:08.607Z","iobWithZeroTemp":{"iob":-0.71,"basaliob":-0.715,"bolussnooze":0,"activity":-0.008,"lastBolusTime":1703060784496,"time":"2023-12-20T11:41:08.607Z"}},{"iob":-0.002,"basaliob":-0.006,"bolussnooze":0,"activity":-1.0E-4,"lastBolusTime":1703060784496,"time":"2023-12-20T11:46:08.607Z","iobWithZeroTemp":{"iob":-0.716,"basaliob":-0.72,"bolussnooze":0,"activity":-0.0082,"lastBolusTime":1703060784496,"time":"2023-12-20T11:46:08.607Z"}},{"iob":-0.001,"basaliob":-0.005,"bolussnooze":0,"activity":0,"lastBolusTime":1703060784496,"time":"2023-12-20T11:51:08.607Z","iobWithZeroTemp":{"iob":-0.721,"basaliob":-0.725,"bolussnooze":0,"activity":-0.0082,"lastBolusTime":1703060784496,"time":"2023-12-20T11:51:08.607Z"}},{"iob":-0.002,"basaliob":-0.005,"bolussnooze":0,"activity":0,"lastBolusTime":1703060784496,"time":"2023-12-20T11:56:08.607Z","iobWithZeroTemp":{"iob":-0.726,"basaliob":-0.729,"bolussnooze":0,"activity":-0.0083,"lastBolusTime":1703060784496,"time":"2023-12-20T11:56:08.607Z"}},{"iob":-0.001,"basaliob":-0.004,"bolussnooze":0,"activity":0,"lastBolusTime":1703060784496,"time":"2023-12-20T12:01:08.607Z","iobWithZeroTemp":{"iob":-0.73,"basaliob":-0.733,"bolussnooze":0,"activity":-0.0084,"lastBolusTime":1703060784496,"time":"2023-12-20T12:01:08.607Z"}},{"iob":-0.001,"basaliob":-0.003,"bolussnooze":0,"activity":0,"lastBolusTime":1703060784496,"time":"2023-12-20T12:06:08.607Z","iobWithZeroTemp":{"iob":-0.738,"basaliob":-0.74,"bolussnooze":0,"activity":-0.0085,"lastBolusTime":1703060784496,"time":"2023-12-20T12:06:08.607Z"}},{"iob":-0.001,"basaliob":-0.003,"bolussnooze":0,"activity":0,"lastBolusTime":1703060784496,"time":"2023-12-20T12:11:08.607Z","iobWithZeroTemp":{"iob":-0.745,"basaliob":-0.747,"bolussnooze":0,"activity":-0.0085,"lastBolusTime":1703060784496,"time":"2023-12-20T12:11:08.607Z"}},{"iob":-0.001,"basaliob":-0.003,"bolussnooze":0,"activity":0,"lastBolusTime":1703060784496,"time":"2023-12-20T12:16:08.607Z","iobWithZeroTemp":{"iob":-0.752,"basaliob":-0.754,"bolussnooze":0,"activity":-0.0086,"lastBolusTime":1703060784496,"time":"2023-12-20T12:16:08.607Z"}},{"iob":-0.001,"basaliob":-0.002,"bolussnooze":0,"activity":-1.0E-4,"lastBolusTime":1703060784496,"time":"2023-12-20T12:21:08.607Z","iobWithZeroTemp":{"iob":-0.759,"basaliob":-0.76,"bolussnooze":0,"activity":-0.0088,"lastBolusTime":1703060784496,"time":"2023-12-20T12:21:08.607Z"}},{"iob":-0.001,"basaliob":-0.002,"bolussnooze":0,"activity":-1.0E-4,"lastBolusTime":1703060784496,"time":"2023-12-20T12:26:08.607Z","iobWithZeroTemp":{"iob":-0.765,"basaliob":-0.766,"bolussnooze":0,"activity":-0.0089,"lastBolusTime":1703060784496,"time":"2023-12-20T12:26:08.607Z"}},{"iob":-0.001,"basaliob":-0.002,"bolussnooze":0,"activity":-1.0E-4,"lastBolusTime":1703060784496,"time":"2023-12-20T12:31:08.607Z","iobWithZeroTemp":{"iob":-0.77,"basaliob":-0.771,"bolussnooze":0,"activity":-0.009,"lastBolusTime":1703060784496,"time":"2023-12-20T12:31:08.607Z"}},{"iob":0,"basaliob":-0.001,"bolussnooze":0,"activity":0,"lastBolusTime":1703060784496,"time":"2023-12-20T12:36:08.607Z","iobWithZeroTemp":{"iob":-0.775,"basaliob":-0.776,"bolussnooze":0,"activity":-0.009,"lastBolusTime":1703060784496,"time":"2023-12-20T12:36:08.607Z"}},{"iob":0,"basaliob":-0.001,"bolussnooze":0,"activity":0,"lastBolusTime":1703060784496,"time":"2023-12-20T12:41:08.607Z","iobWithZeroTemp":{"iob":-0.78,"basaliob":-0.781,"bolussnooze":0,"activity":-0.0091,"lastBolusTime":1703060784496,"time":"2023-12-20T12:41:08.607Z"}},{"iob":0,"basaliob":-0.001,"bolussnooze":0,"activity":0,"lastBolusTime":1703060784496,"time":"2023-12-20T12:46:08.607Z","iobWithZeroTemp":{"iob":-0.784,"basaliob":-0.785,"bolussnooze":0,"activity":-0.0091,"lastBolusTime":1703060784496,"time":"2023-12-20T12:46:08.607Z"}},{"iob":-0.001,"basaliob":-0.001,"bolussnooze":0,"activity":0,"lastBolusTime":1703060784496,"time":"2023-12-20T12:51:08.607Z","iobWithZeroTemp":{"iob":-0.789,"basaliob":-0.789,"bolussnooze":0,"activity":-0.0092,"lastBolusTime":1703060784496,"time":"2023-12-20T12:51:08.607Z"}},{"iob":-0.001,"basaliob":-0.001,"bolussnooze":0,"activity":0,"lastBolusTime":1703060784496,"time":"2023-12-20T12:56:08.607Z","iobWithZeroTemp":{"iob":-0.793,"basaliob":-0.793,"bolussnooze":0,"activity":-0.0093,"lastBolusTime":1703060784496,"time":"2023-12-20T12:56:08.607Z"}},{"iob":-0.001,"basaliob":-0.001,"bolussnooze":0,"activity":0,"lastBolusTime":1703060784496,"time":"2023-12-20T13:01:08.607Z","iobWithZeroTemp":{"iob":-0.797,"basaliob":-0.797,"bolussnooze":0,"activity":-0.0093,"lastBolusTime":1703060784496,"time":"2023-12-20T13:01:08.607Z"}},{"iob":0,"basaliob":0,"bolussnooze":0,"activity":0,"lastBolusTime":1703060784496,"time":"2023-12-20T13:06:08.607Z","iobWithZeroTemp":{"iob":-0.799,"basaliob":-0.799,"bolussnooze":0,"activity":-0.0094,"lastBolusTime":1703060784496,"time":"2023-12-20T13:06:08.607Z"}},{"iob":0,"basaliob":0,"bolussnooze":0,"activity":0,"lastBolusTime":1703060784496,"time":"2023-12-20T13:11:08.607Z","iobWithZeroTemp":{"iob":-0.802,"basaliob":-0.802,"bolussnooze":0,"activity":-0.0094,"lastBolusTime":1703060784496,"time":"2023-12-20T13:11:08.607Z"}}],"profile":{"max_iob":7,"type":"current","max_daily_basal":0.8,"max_basal":4.4,"min_bg":90,"max_bg":90,"target_bg":90,"carb_ratio":16,"sens":57,"max_daily_safety_multiplier":9,"current_basal_safety_multiplier":8,"lgsThreshold":65,"high_temptarget_raises_sensitivity":false,"low_temptarget_lowers_sensitivity":false,"sensitivity_raises_target":false,"resistance_lowers_target":false,"adv_target_adjustments":false,"exercise_mode":false,"half_basal_exercise_target":160,"maxCOB":120,"skip_neutral_temps":false,"remainingCarbsCap":90,"enableUAM":true,"A52_risk_enable":false,"SMBInterval":3,"enableSMB_with_COB":true,"enableSMB_with_temptarget":true,"allowSMB_with_high_temptarget":true,"enableSMB_always":true,"enableSMB_after_carbs":true,"maxSMBBasalMinutes":120,"maxUAMSMBBasalMinutes":90,"bolus_increment":0.05,"carbsReqThreshold":5,"current_basal":0.55,"temptargetSet":false,"autosens_max":1.6,"autosens_min":0.6,"variable_sens":102.7,"insulinDivisor":75,"TDD":21.722460714285717},"autosens_data":{"ratio":0.9950400180362983},"meal_data":{"carbs":0,"mealCOB":0,"slopeFromMaxDeviation":-0.12066666666666667,"slopeFromMinDeviation":1.1936666666666667,"lastBolusTime":1703060784496,"lastCarbTime":0},"microBolusAllowed":true,"currentTime":1703063771037,"flatBGsDetected":false,"tdd1D":21.666666666666675,"tdd7D":21.121428571428574,"tddLast24H":21.016666666666673,"tddLast4H":3.466666666666667,"tddLast8to4H":4.354166666666666},"output":{"temp":"absolute","bg":93,"tick":"+3","eventualBG":109,"targetBG":90,"insulinReq":0.14,"deliverAt":"2023-12-20T09:16:11.037Z","sensitivityRatio":0.9950400180362983,"variable_sens":102.7,"predBGs":{"IOB":[93,95,97,99,100,102,103,104,105,105,106,106,106,106,106,107,107,107,107,107,107,107,107,107,107,107,107,107,107,108],"ZT":[93,93,93,93,93,94,94],"UAM":[93,95,96,97,98,99,99,99,99,99,99,99,99,99,99,99,100,100,100,100,100,100,100,100,100,100,100,100,100,101]},"reason":"COB: 0, Dev: 14, BGI: 0, ISF: 103, CR: 16, Target: 90, minPredBG 104, minGuardBG 95, IOBpredBG 108, UAMpredBG 101; Eventual BG 109 >= 90,  insulinReq 0.14. Microbolusing 0.05U. temp 0.65 < 0.83U\/hr. ","COB":0,"IOB":-0.022,"units":0.05,"duration":30,"rate":0.8272720099199641,"timestamp":"2023-12-20T09:16:11.043Z"}}