{"algorithm":"OpenAPSSMBDynamicISFPlugin","input":{"glucoseStatus":{"glucose":71,"noise":0,"delta":0,"short_avgdelta":-0.56,"long_avgdelta":-0.89,"date":1703154336000},"currenttemp":{"temp":"absolute","duration":15,"rate":0.15,"minutesrunning":15},"iob_data":[{"iob":-0.219,"basaliob":-0.292,"bolussnooze":0,"activity":-0.0016,"lastBolusTime":1703150165846,"time":"2023-12-21T10:25:59.250Z","iobWithZeroTemp":{"iob":-0.219,"basaliob":-0.292,"bolussnooze":0,"activity":-0.0016,"lastBolusTime":1703150165846,"time":"2023-12-21T10:25:59.250Z"}},{"iob":-0.211,"basaliob":-0.277,"bolussnooze":0,"activity":-0.0018,"lastBolusTime":1703150165846,"time":"2023-12-21T10:30:59.250Z","iobWithZeroTemp":{"iob":-0.248,"basaliob":-0.314,"bolussnooze":0,"activity":-0.0018,"lastBolusTime":1703150165846,"time":"2023-12-21T10:30:59.250Z"}},{"iob":-0.202,"basaliob":-0.262,"bolussnooze":0,"activity":-0.0019,"lastBolusTime":1703150165846,"time":"2023-12-21T10:35:59.250Z","iobWithZeroTemp":{"iob":-0.284,"basaliob":-0.344,"bolussnooze":0,"activity":-0.0021,"lastBolusTime":1703150165846,"time":"2023-12-21T10:35:59.250Z"}},{"iob":-0.192,"basaliob":-0.246,"bolussnooze":0,"activity":-0.002,"lastBolusTime":1703150165846,"time":"2023-12-21T10:40:59.250Z","iobWithZeroTemp":{"iob":-0.319,"basaliob":-0.373,"bolussnooze":0,"activity":-0.0024,"lastBolusTime":1703150165846,"time":"2023-12-21T10:40:59.250Z"}},{"iob":-0.182,"basaliob":-0.231,"bolussnooze":0,"activity":-0.0021,"lastBolusTime":1703150165846,"time":"2023-12-21T10:45:59.250Z","iobWithZeroTemp":{"iob":-0.352,"basaliob":-0.401,"bolussnooze":0,"activity":-0.0028,"lastBolusTime":1703150165846,"time":"2023-12-21T10:45:59.250Z"}},{"iob":-0.172,"basaliob":-0.216,"bolussnooze":0,"activity":-0.0021,"lastBolusTime":1703150165846,"time":"2023-12-21T10:50:59.250Z","iobWithZeroTemp":{"iob":-0.384,"basaliob":-0.428,"bolussnooze":0,"activity":-0.0031,"lastBolusTime":1703150165846,"time":"2023-12-21T10:50:59.250Z"}},{"iob":-0.162,"basaliob":-0.201,"bolussnooze":0,"activity":-0.0021,"lastBolusTime":1703150165846,"time":"2023-12-21T10:55:59.250Z","iobWithZeroTemp":{"iob":-0.414,"basaliob":-0.453,"bolussnooze":0,"activity":-0.0034,"lastBolusTime":1703150165846,"time":"2023-12-21T10:55:59.250Z"}},{"iob":-0.152,"basaliob":-0.187,"bolussnooze":0,"activity":-0.002,"lastBolusTime":1703150165846,"time":"2023-12-21T11:00:59.250Z","iobWithZeroTemp":{"iob":-0.442,"basaliob":-0.477,"bolussnooze":0,"activity":-0.0037,"lastBolusTime":1703150165846,"time":"2023-12-21T11:00:59.250Z"}},{"iob":-0.142,"basaliob":-0.173,"bolussnooze":0,"activity":-0.002,"lastBolusTime":1703150165846,"time":"2023-12-21T11:05:59.250Z","iobWithZeroTemp":{"iob":-0.468,"basaliob":-0.499,"bolussnooze":0,"activity":-0.0041,"lastBolusTime":1703150165846,"time":"2023-12-21T11:05:59.250Z"}},{"iob":-0.132,"basaliob":-0.16,"bolussnooze":0,"activity":-0.0019,"lastBolusTime":1703150165846,"time":"2023-12-21T11:10:59.250Z","iobWithZeroTemp":{"iob":-0.493,"basaliob":-0.521,"bolussnooze":0,"activity":-0.0044,"lastBolusTime":1703150165846,"time":"2023-12-21T11:10:59.250Z"}},{"iob":-0.122,"basaliob":-0.147,"bolussnooze":0,"activity":-0.0018,"lastBolusTime":1703150165846,"time":"2023-12-21T11:15:59.250Z","iobWithZeroTemp":{"iob":-0.515,"basaliob":-0.54,"bolussnooze":0,"activity":-0.0047,"lastBolusTime":1703150165846,"time":"2023-12-21T11:15:59.250Z"}},{"iob":-0.114,"basaliob":-0.136,"bolussnooze":0,"activity":-0.0018,"lastBolusTime":1703150165846,"time":"2023-12-21T11:20:59.250Z","iobWithZeroTemp":{"iob":-0.538,"basaliob":-0.56,"bolussnooze":0,"activity":-0.0051,"lastBolusTime":1703150165846,"time":"2023-12-21T11:20:59.250Z"}},{"iob":-0.105,"basaliob":-0.125,"bolussnooze":0,"activity":-0.0016,"lastBolusTime":1703150165846,"time":"2023-12-21T11:25:59.250Z","iobWithZeroTemp":{"iob":-0.557,"basaliob":-0.577,"bolussnooze":0,"activity":-0.0053,"lastBolusTime":1703150165846,"time":"2023-12-21T11:25:59.250Z"}},{"iob":-0.096,"basaliob":-0.114,"bolussnooze":0,"activity":-0.0016,"lastBolusTime":1703150165846,"time":"2023-12-21T11:30:59.250Z","iobWithZeroTemp":{"iob":-0.575,"basaliob":-0.593,"bolussnooze":0,"activity":-0.0056,"lastBolusTime":1703150165846,"time":"2023-12-21T11:30:59.250Z"}},{"iob":-0.089,"basaliob":-0.105,"bolussnooze":0,"activity":-0.0015,"lastBolusTime":1703150165846,"time":"2023-12-21T11:35:59.250Z","iobWithZeroTemp":{"iob":-0.593,"basaliob":-0.609,"bolussnooze":0,"activity":-0.0059,"lastBolusTime":1703150165846,"time":"2023-12-21T11:35:59.250Z"}},{"iob":-0.082,"basaliob":-0.096,"bolussnooze":0,"activity":-0.0014,"lastBolusTime":1703150165846,"time":"2023-12-21T11:40:59.250Z","iobWithZeroTemp":{"iob":-0.609,"basaliob":-0.623,"bolussnooze":0,"activity":-0.0061,"lastBolusTime":1703150165846,"time":"2023-12-21T11:40:59.250Z"}},{"iob":-0.074,"basaliob":-0.087,"bolussnooze":0,"activity":-0.0013,"lastBolusTime":1703150165846,"time":"2023-12-21T11:45:59.250Z","iobWithZeroTemp":{"iob":-0.622,"basaliob":-0.635,"bolussnooze":0,"activity":-0.0064,"lastBolusTime":1703150165846,"time":"2023-12-21T11:45:59.250Z"}},{"iob":-0.068,"basaliob":-0.079,"bolussnooze":0,"activity":-0.0012,"lastBolusTime":1703150165846,"time":"2023-12-21T11:50:59.250Z","iobWithZeroTemp":{"iob":-0.636,"basaliob":-0.647,"bolussnooze":0,"activity":-0.0066,"lastBolusTime":1703150165846,"time":"2023-12-21T11:50:59.250Z"}},{"iob":-0.062,"basaliob":-0.072,"bolussnooze":0,"activity":-0.0012,"lastBolusTime":1703150165846,"time":"2023-12-21T11:55:59.250Z","iobWithZeroTemp":{"iob":-0.648,"basaliob":-0.658,"bolussnooze":0,"activity":-0.0069,"lastBolusTime":1703150165846,"time":"2023-12-21T11:55:59.250Z"}},{"iob":-0.056,"basaliob":-0.065,"bolussnooze":0,"activity":-0.0011,"lastBolusTime":1703150165846,"time":"2023-12-21T12:00:59.250Z","iobWithZeroTemp":{"iob":-0.659,"basaliob":-0.668,"bolussnooze":0,"activity":-0.0071,"lastBolusTime":1703150165846,"time":"2023-12-21T12:00:59.250Z"}},{"iob":-0.051,"basaliob":-0.059,"bolussnooze":0,"activity":-0.001,"lastBolusTime":1703150165846,"time":"2023-12-21T12:05:59.250Z","iobWithZeroTemp":{"iob":-0.674,"basaliob":-0.682,"bolussnooze":0,"activity":-0.0072,"lastBolusTime":1703150165846,"time":"2023-12-21T12:05:59.250Z"}},{"iob":-0.046,"basaliob":-0.053,"bolussnooze":0,"activity":-9.0E-4,"lastBolusTime":1703150165846,"time":"2023-12-21T12:10:59.250Z","iobWithZeroTemp":{"iob":-0.687,"basaliob":-0.694,"bolussnooze":0,"activity":-0.0074,"lastBolusTime":1703150165846,"time":"2023-12-21T12:10:59.250Z"}},{"iob":-0.042,"basaliob":-0.048,"bolussnooze":0,"activity":-8.0E-4,"lastBolusTime":1703150165846,"time":"2023-12-21T12:15:59.250Z","iobWithZeroTemp":{"iob":-0.7,"basaliob":-0.706,"bolussnooze":0,"activity":-0.0075,"lastBolusTime":1703150165846,"time":"2023-12-21T12:15:59.250Z"}},{"iob":-0.038,"basaliob":-0.043,"bolussnooze":0,"activity":-8.0E-4,"lastBolusTime":1703150165846,"time":"2023-12-21T12:20:59.250Z","iobWithZeroTemp":{"iob":-0.711,"basaliob":-0.716,"bolussnooze":0,"activity":-0.0078,"lastBolusTime":1703150165846,"time":"2023-12-21T12:20:59.250Z"}},{"iob":-0.034,"basaliob":-0.039,"bolussnooze":0,"activity":-7.0E-4,"lastBolusTime":1703150165846,"time":"2023-12-21T12:25:59.250Z","iobWithZeroTemp":{"iob":-0.722,"basaliob":-0.727,"bolussnooze":0,"activity":-0.0079,"lastBolusTime":1703150165846,"time":"2023-12-21T12:25:59.250Z"}},{"iob":-0.031,"basaliob":-0.035,"bolussnooze":0,"activity":-7.0E-4,"lastBolusTime":1703150165846,"time":"2023-12-21T12:30:59.250Z","iobWithZeroTemp":{"iob":-0.732,"basaliob":-0.736,"bolussnooze":0,"activity":-0.0081,"lastBolusTime":1703150165846,"time":"2023-12-21T12:30:59.250Z"}},{"iob":-0.027,"basaliob":-0.031,"bolussnooze":0,"activity":-6.0E-4,"lastBolusTime":1703150165846,"time":"2023-12-21T12:35:59.250Z","iobWithZeroTemp":{"iob":-0.74,"basaliob":-0.744,"bolussnooze":0,"activity":-0.0082,"lastBolusTime":1703150165846,"time":"2023-12-21T12:35:59.250Z"}},{"iob":-0.025,"basaliob":-0.028,"bolussnooze":0,"activity":-5.0E-4,"lastBolusTime":1703150165846,"time":"2023-12-21T12:40:59.250Z","iobWithZeroTemp":{"iob":-0.75,"basaliob":-0.753,"bolussnooze":0,"activity":-0.0083,"lastBolusTime":1703150165846,"time":"2023-12-21T12:40:59.250Z"}},{"iob":-0.022,"basaliob":-0.025,"bolussnooze":0,"activity":-5.0E-4,"lastBolusTime":1703150165846,"time":"2023-12-21T12:45:59.250Z","iobWithZeroTemp":{"iob":-0.757,"basaliob":-0.76,"bolussnooze":0,"activity":-0.0085,"lastBolusTime":1703150165846,"time":"2023-12-21T12:45:59.250Z"}},{"iob":-0.02,"basaliob":-0.022,"bolussnooze":0,"activity":-4.0E-4,"lastBolusTime":1703150165846,"time":"2023-12-21T12:50:59.250Z","iobWithZeroTemp":{"iob":-0.764,"basaliob":-0.766,"bolussnooze":0,"activity":-0.0086,"lastBolusTime":1703150165846,"time":"2023-12-21T12:50:59.250Z"}},{"iob":-0.018,"basaliob":-0.02,"bolussnooze":0,"activity":-4.0E-4,"lastBolusTime":1703150165846,"time":"2023-12-21T12:55:59.250Z","iobWithZeroTemp":{"iob":-0.771,"basaliob":-0.773,"bolussnooze":0,"activity":-0.0088,"lastBolusTime":1703150165846,"time":"2023-12-21T12:55:59.250Z"}},{"iob":-0.016,"basaliob":-0.018,"bolussnooze":0,"activity":-3.0E-4,"lastBolusTime":1703150165846,"time":"2023-12-21T13:00:59.250Z","iobWithZeroTemp":{"iob":-0.777,"basaliob":-0.779,"bolussnooze":0,"activity":-0.0088,"lastBolusTime":1703150165846,"time":"2023-12-21T13:00:59.250Z"}},{"iob":-0.015,"basaliob":-0.016,"bolussnooze":0,"activity":-4.0E-4,"lastBolusTime":1703150165846,"time":"2023-12-21T13:05:59.250Z","iobWithZeroTemp":{"iob":-0.783,"basaliob":-0.784,"bolussnooze":0,"activity":-0.009,"lastBolusTime":1703150165846,"time":"2023-12-21T13:05:59.250Z"}},{"iob":-0.013,"basaliob":-0.014,"bolussnooze":0,"activity":-3.0E-4,"lastBolusTime":1703150165846,"time":"2023-12-21T13:10:59.250Z","iobWithZeroTemp":{"iob":-0.788,"basaliob":-0.789,"bolussnooze":0,"activity":-0.0091,"lastBolusTime":1703150165846,"time":"2023-12-21T13:10:59.250Z"}},{"iob":-0.011,"basaliob":-0.012,"bolussnooze":0,"activity":-3.0E-4,"lastBolusTime":1703150165846,"time":"2023-12-21T13:15:59.250Z","iobWithZeroTemp":{"iob":-0.792,"basaliob":-0.793,"bolussnooze":0,"activity":-0.0092,"lastBolusTime":1703150165846,"time":"2023-12-21T13:15:59.250Z"}},{"iob":-0.01,"basaliob":-0.011,"bolussnooze":0,"activity":-3.0E-4,"lastBolusTime":1703150165846,"time":"2023-12-21T13:20:59.250Z","iobWithZeroTemp":{"iob":-0.796,"basaliob":-0.797,"bolussnooze":0,"activity":-0.0093,"lastBolusTime":1703150165846,"time":"2023-12-21T13:20:59.250Z"}},{"iob":-0.008,"basaliob":-0.009,"bolussnooze":0,"activity":-3.0E-4,"lastBolusTime":1703150165846,"time":"2023-12-21T13:25:59.250Z","iobWithZeroTemp":{"iob":-0.799,"basaliob":-0.8,"bolussnooze":0,"activity":-0.0094,"lastBolusTime":1703150165846,"time":"2023-12-21T13:25:59.250Z"}},{"iob":-0.007,"basaliob":-0.008,"bolussnooze":0,"activity":-2.0E-4,"lastBolusTime":1703150165846,"time":"2023-12-21T13:30:59.250Z","iobWithZeroTemp":{"iob":-0.802,"basaliob":-0.803,"bolussnooze":0,"activity":-0.0094,"lastBolusTime":1703150165846,"time":"2023-12-21T13:30:59.250Z"}},{"iob":-0.007,"basaliob":-0.007,"bolussnooze":0,"activity":-2.0E-4,"lastBolusTime":1703150165846,"time":"2023-12-21T13:35:59.250Z","iobWithZeroTemp":{"iob":-0.806,"basaliob":-0.806,"bolussnooze":0,"activity":-0.0095,"lastBolusTime":1703150165846,"time":"2023-12-21T13:35:59.250Z"}},{"iob":-0.006,"basaliob":-0.006,"bolussnooze":0,"activity":-2.0E-4,"lastBolusTime":1703150165846,"time":"2023-12-21T13:40:59.250Z","iobWithZeroTemp":{"iob":-0.808,"basaliob":-0.808,"bolussnooze":0,"activity":-0.0095,"lastBolusTime":1703150165846,"time":"2023-12-21T13:40:59.250Z"}},{"iob":-0.005,"basaliob":-0.005,"bolussnooze":0,"activity":-2.0E-4,"lastBolusTime":1703150165846,"time":"2023-12-21T13:45:59.250Z","iobWithZeroTemp":{"iob":-0.81,"basaliob":-0.81,"bolussnooze":0,"activity":-0.0096,"lastBolusTime":1703150165846,"time":"2023-12-21T13:45:59.250Z"}},{"iob":-0.005,"basaliob":-0.005,"bolussnooze":0,"activity":-1.0E-4,"lastBolusTime":1703150165846,"time":"2023-12-21T13:50:59.250Z","iobWithZeroTemp":{"iob":-0.813,"basaliob":-0.813,"bolussnooze":0,"activity":-0.0096,"lastBolusTime":1703150165846,"time":"2023-12-21T13:50:59.250Z"}},{"iob":-0.004,"basaliob":-0.004,"bolussnooze":0,"activity":-1.0E-4,"lastBolusTime":1703150165846,"time":"2023-12-21T13:55:59.250Z","iobWithZeroTemp":{"iob":-0.815,"basaliob":-0.815,"bolussnooze":0,"activity":-0.0096,"lastBolusTime":1703150165846,"time":"2023-12-21T13:55:59.250Z"}},{"iob":-0.003,"basaliob":-0.003,"bolussnooze":0,"activity":-1.0E-4,"lastBolusTime":1703150165846,"time":"2023-12-21T14:00:59.250Z","iobWithZeroTemp":{"iob":-0.816,"basaliob":-0.816,"bolussnooze":0,"activity":-0.0097,"lastBolusTime":1703150165846,"time":"2023-12-21T14:00:59.250Z"}},{"iob":-0.003,"basaliob":-0.003,"bolussnooze":0,"activity":-1.0E-4,"lastBolusTime":1703150165846,"time":"2023-12-21T14:05:59.250Z","iobWithZeroTemp":{"iob":-0.826,"basaliob":-0.826,"bolussnooze":0,"activity":-0.0097,"lastBolusTime":1703150165846,"time":"2023-12-21T14:05:59.250Z"}},{"iob":-0.002,"basaliob":-0.002,"bolussnooze":0,"activity":-1.0E-4,"lastBolusTime":1703150165846,"time":"2023-12-21T14:10:59.250Z","iobWithZeroTemp":{"iob":-0.835,"basaliob":-0.835,"bolussnooze":0,"activity":-0.0098,"lastBolusTime":1703150165846,"time":"2023-12-21T14:10:59.250Z"}},{"iob":-0.002,"basaliob":-0.002,"bolussnooze":0,"activity":-1.0E-4,"lastBolusTime":1703150165846,"time":"2023-12-21T14:15:59.250Z","iobWithZeroTemp":{"iob":-0.845,"basaliob":-0.845,"bolussnooze":0,"activity":-0.0099,"lastBolusTime":1703150165846,"time":"2023-12-21T14:15:59.250Z"}},{"iob":-0.002,"basaliob":-0.002,"bolussnooze":0,"activity":-1.0E-4,"lastBolusTime":1703150165846,"time":"2023-12-21T14:20:59.250Z","iobWithZeroTemp":{"iob":-0.854,"basaliob":-0.854,"bolussnooze":0,"activity":-0.01,"lastBolusTime":1703150165846,"time":"2023-12-21T14:20:59.250Z"}}],"profile":{"max_iob":7,"type":"current","max_daily_basal":0.8,"max_basal":4.4,"min_bg":90,"max_bg":90,"target_bg":90,"carb_ratio":16,"sens":57,"max_daily_safety_multiplier":9,"current_basal_safety_multiplier":8,"lgsThreshold":65,"high_temptarget_raises_sensitivity":false,"low_temptarget_lowers_sensitivity":false,"sensitivity_raises_target":false,"resistance_lowers_target":false,"adv_target_adjustments":false,"exercise_mode":false,"half_basal_exercise_target":160,"maxCOB":120,"skip_neutral_temps":false,"remainingCarbsCap":90,"enableUAM":true,"A52_risk_enable":false,"SMBInterval":3,"enableSMB_with_COB":true,"enableSMB_with_temptarget":true,"allowSMB_with_high_temptarget":true,"enableSMB_always":true,"enableSMB_after_carbs":true,"maxSMBBasalMinutes":120,"maxUAMSMBBasalMinutes":90,"bolus_increment":0.05,"carbsReqThreshold":5,"current_basal":0.55,"temptargetSet":false,"autosens_max":1.6,"autosens_min":0.6,"variable_sens":136.7,"insulinDivisor":75,"TDD":19.77097023809524},"autosens_data":{"ratio":1.0122796318882357},"meal_data":{"carbs":0,"mealCOB":0,"slopeFromMaxDeviation":-0.20772727272727273,"slopeFromMinDeviation":0.3923333333333333,"lastBolusTime":1703150165846,"lastCarbTime":0},"microBolusAllowed":true,"currentTime":1703154360921,"flatBGsDetected":false,"tdd1D":20.662500000000005,"tdd7D":21.47380952380953,"tddLast24H":21.737499999999997,"tddLast4H":1.8041666666666663,"tddLast8to4H":5.304166666666667},"output":{"temp":"absolute","bg":71,"tick":"+0","eventualBG":89,"targetBG":90,"insulinReq":0,"deliverAt":"2023-12-21T10:26:00.921Z","sensitivityRatio":1.0122796318882357,"variable_sens":136.7,"predBGs":{"IOB":[71,71,71,71,71,71,72,73,74,75,76,77,78,79,80,81,82,82,83,84,85,85,86,86,87,87,87,88,88,88,89,89,89,89,89,90,90,90,90,90,90,90,90,91],"ZT":[71,72,73,75,76,78,80,82,85,87,90]},"reason":"COB: 0, Dev: -12, BGI: 1, ISF: 137, CR: 16, Target: 90, minPredBG 83, minGuardBG 71, IOBpredBG 91; Eventual BG 89 < 90, temp 0.15 ~< req 0.54U\/hr. ","COB":0,"IOB":-0.219,"timestamp":"2023-12-21T10:26:00.926Z"}}