{"algorithm":"OpenAPSSMBDynamicISFPlugin","input":{"glucoseStatus":{"glucose":80,"noise":0,"delta":6,"short_avgdelta":4.56,"long_avgdelta":-0.94,"date":1703121339000},"currenttemp":{"temp":"absolute","duration":25,"rate":0.2,"minutesrunning":5},"iob_data":[{"iob":0.014,"basaliob":-0.617,"bolussnooze":0.0407,"activity":0.0046,"lastBolusTime":1703117490018,"time":"2023-12-21T01:15:56.658Z","iobWithZeroTemp":{"iob":0.014,"basaliob":-0.617,"bolussnooze":0.0407,"activity":0.0046,"lastBolusTime":1703117490018,"time":"2023-12-21T01:15:56.658Z"}},{"iob":-0.006,"basaliob":-0.588,"bolussnooze":0.0322,"activity":0.0038,"lastBolusTime":1703117490018,"time":"2023-12-21T01:20:56.658Z","iobWithZeroTemp":{"iob":-0.053,"basaliob":-0.635,"bolussnooze":0.0322,"activity":0.0038,"lastBolusTime":1703117490018,"time":"2023-12-21T01:20:56.658Z"}},{"iob":-0.024,"basaliob":-0.559,"bolussnooze":0.0252,"activity":0.003,"lastBolusTime":1703117490018,"time":"2023-12-21T01:25:56.658Z","iobWithZeroTemp":{"iob":-0.128,"basaliob":-0.663,"bolussnooze":0.0252,"activity":0.0028,"lastBolusTime":1703117490018,"time":"2023-12-21T01:25:56.658Z"}},{"iob":-0.036,"basaliob":-0.528,"bolussnooze":0.0195,"activity":0.0024,"lastBolusTime":1703117490018,"time":"2023-12-21T01:30:56.658Z","iobWithZeroTemp":{"iob":-0.197,"basaliob":-0.689,"bolussnooze":0.0195,"activity":0.0019,"lastBolusTime":1703117490018,"time":"2023-12-21T01:30:56.658Z"}},{"iob":-0.048,"basaliob":-0.498,"bolussnooze":0.0149,"activity":0.0018,"lastBolusTime":1703117490018,"time":"2023-12-21T01:35:56.658Z","iobWithZeroTemp":{"iob":-0.264,"basaliob":-0.714,"bolussnooze":0.0149,"activity":0.001,"lastBolusTime":1703117490018,"time":"2023-12-21T01:35:56.658Z"}},{"iob":-0.055,"basaliob":-0.467,"bolussnooze":0.0112,"activity":0.0013,"lastBolusTime":1703117490018,"time":"2023-12-21T01:40:56.658Z","iobWithZeroTemp":{"iob":-0.324,"basaliob":-0.736,"bolussnooze":0.0112,"activity":1.0E-4,"lastBolusTime":1703117490018,"time":"2023-12-21T01:40:56.658Z"}},{"iob":-0.061,"basaliob":-0.437,"bolussnooze":0.0083,"activity":0.001,"lastBolusTime":1703117490018,"time":"2023-12-21T01:45:56.658Z","iobWithZeroTemp":{"iob":-0.381,"basaliob":-0.757,"bolussnooze":0.0083,"activity":-7.0E-4,"lastBolusTime":1703117490018,"time":"2023-12-21T01:45:56.658Z"}},{"iob":-0.065,"basaliob":-0.408,"bolussnooze":0.006,"activity":6.0E-4,"lastBolusTime":1703117490018,"time":"2023-12-21T01:50:56.658Z","iobWithZeroTemp":{"iob":-0.434,"basaliob":-0.777,"bolussnooze":0.006,"activity":-0.0016,"lastBolusTime":1703117490018,"time":"2023-12-21T01:50:56.658Z"}},{"iob":-0.067,"basaliob":-0.379,"bolussnooze":0.0042,"activity":4.0E-4,"lastBolusTime":1703117490018,"time":"2023-12-21T01:55:56.658Z","iobWithZeroTemp":{"iob":-0.483,"basaliob":-0.795,"bolussnooze":0.0042,"activity":-0.0023,"lastBolusTime":1703117490018,"time":"2023-12-21T01:55:56.658Z"}},{"iob":-0.069,"basaliob":-0.352,"bolussnooze":0.0029,"activity":2.0E-4,"lastBolusTime":1703117490018,"time":"2023-12-21T02:00:56.658Z","iobWithZeroTemp":{"iob":-0.528,"basaliob":-0.811,"bolussnooze":0.0029,"activity":-0.003,"lastBolusTime":1703117490018,"time":"2023-12-21T02:00:56.658Z"}},{"iob":-0.069,"basaliob":-0.326,"bolussnooze":0.0019,"activity":0,"lastBolusTime":1703117490018,"time":"2023-12-21T02:05:56.658Z","iobWithZeroTemp":{"iob":-0.57,"basaliob":-0.827,"bolussnooze":0.0019,"activity":-0.0037,"lastBolusTime":1703117490018,"time":"2023-12-21T02:05:56.658Z"}},{"iob":-0.069,"basaliob":-0.301,"bolussnooze":0.0012,"activity":-1.0E-4,"lastBolusTime":1703117490018,"time":"2023-12-21T02:10:56.658Z","iobWithZeroTemp":{"iob":-0.609,"basaliob":-0.841,"bolussnooze":0.0012,"activity":-0.0043,"lastBolusTime":1703117490018,"time":"2023-12-21T02:10:56.658Z"}},{"iob":-0.068,"basaliob":-0.278,"bolussnooze":7.0E-4,"activity":-3.0E-4,"lastBolusTime":1703117490018,"time":"2023-12-21T02:15:56.658Z","iobWithZeroTemp":{"iob":-0.644,"basaliob":-0.854,"bolussnooze":7.0E-4,"activity":-0.0049,"lastBolusTime":1703117490018,"time":"2023-12-21T02:15:56.658Z"}},{"iob":-0.066,"basaliob":-0.255,"bolussnooze":3.0E-4,"activity":-3.0E-4,"lastBolusTime":1703117490018,"time":"2023-12-21T02:20:56.658Z","iobWithZeroTemp":{"iob":-0.676,"basaliob":-0.865,"bolussnooze":3.0E-4,"activity":-0.0054,"lastBolusTime":1703117490018,"time":"2023-12-21T02:20:56.658Z"}},{"iob":-0.064,"basaliob":-0.234,"bolussnooze":1.0E-4,"activity":-5.0E-4,"lastBolusTime":1703117490018,"time":"2023-12-21T02:25:56.658Z","iobWithZeroTemp":{"iob":-0.705,"basaliob":-0.875,"bolussnooze":1.0E-4,"activity":-0.0061,"lastBolusTime":1703117490018,"time":"2023-12-21T02:25:56.658Z"}},{"iob":-0.062,"basaliob":-0.215,"bolussnooze":0,"activity":-5.0E-4,"lastBolusTime":1703117490018,"time":"2023-12-21T02:30:56.658Z","iobWithZeroTemp":{"iob":-0.733,"basaliob":-0.886,"bolussnooze":0,"activity":-0.0065,"lastBolusTime":1703117490018,"time":"2023-12-21T02:30:56.658Z"}},{"iob":-0.059,"basaliob":-0.196,"bolussnooze":0,"activity":-5.0E-4,"lastBolusTime":1703117490018,"time":"2023-12-21T02:35:56.658Z","iobWithZeroTemp":{"iob":-0.757,"basaliob":-0.894,"bolussnooze":0,"activity":-0.0069,"lastBolusTime":1703117490018,"time":"2023-12-21T02:35:56.658Z"}},{"iob":-0.057,"basaliob":-0.179,"bolussnooze":0,"activity":-5.0E-4,"lastBolusTime":1703117490018,"time":"2023-12-21T02:40:56.658Z","iobWithZeroTemp":{"iob":-0.78,"basaliob":-0.902,"bolussnooze":0,"activity":-0.0073,"lastBolusTime":1703117490018,"time":"2023-12-21T02:40:56.658Z"}},{"iob":-0.054,"basaliob":-0.163,"bolussnooze":0,"activity":-6.0E-4,"lastBolusTime":1703117490018,"time":"2023-12-21T02:45:56.658Z","iobWithZeroTemp":{"iob":-0.8,"basaliob":-0.909,"bolussnooze":0,"activity":-0.0078,"lastBolusTime":1703117490018,"time":"2023-12-21T02:45:56.658Z"}},{"iob":-0.051,"basaliob":-0.148,"bolussnooze":0,"activity":-5.0E-4,"lastBolusTime":1703117490018,"time":"2023-12-21T02:50:56.658Z","iobWithZeroTemp":{"iob":-0.819,"basaliob":-0.916,"bolussnooze":0,"activity":-0.0081,"lastBolusTime":1703117490018,"time":"2023-12-21T02:50:56.658Z"}},{"iob":-0.049,"basaliob":-0.135,"bolussnooze":0,"activity":-5.0E-4,"lastBolusTime":1703117490018,"time":"2023-12-21T02:55:56.658Z","iobWithZeroTemp":{"iob":-0.836,"basaliob":-0.922,"bolussnooze":0,"activity":-0.0084,"lastBolusTime":1703117490018,"time":"2023-12-21T02:55:56.658Z"}},{"iob":-0.045,"basaliob":-0.122,"bolussnooze":0,"activity":-5.0E-4,"lastBolusTime":1703117490018,"time":"2023-12-21T03:00:56.658Z","iobWithZeroTemp":{"iob":-0.85,"basaliob":-0.927,"bolussnooze":0,"activity":-0.0087,"lastBolusTime":1703117490018,"time":"2023-12-21T03:00:56.658Z"}},{"iob":-0.042,"basaliob":-0.11,"bolussnooze":0,"activity":-5.0E-4,"lastBolusTime":1703117490018,"time":"2023-12-21T03:05:56.658Z","iobWithZeroTemp":{"iob":-0.863,"basaliob":-0.931,"bolussnooze":0,"activity":-0.009,"lastBolusTime":1703117490018,"time":"2023-12-21T03:05:56.658Z"}},{"iob":-0.04,"basaliob":-0.1,"bolussnooze":0,"activity":-6.0E-4,"lastBolusTime":1703117490018,"time":"2023-12-21T03:10:56.658Z","iobWithZeroTemp":{"iob":-0.876,"basaliob":-0.936,"bolussnooze":0,"activity":-0.0094,"lastBolusTime":1703117490018,"time":"2023-12-21T03:10:56.658Z"}},{"iob":-0.038,"basaliob":-0.09,"bolussnooze":0,"activity":-5.0E-4,"lastBolusTime":1703117490018,"time":"2023-12-21T03:15:56.658Z","iobWithZeroTemp":{"iob":-0.888,"basaliob":-0.94,"bolussnooze":0,"activity":-0.0096,"lastBolusTime":1703117490018,"time":"2023-12-21T03:15:56.658Z"}},{"iob":-0.035,"basaliob":-0.081,"bolussnooze":0,"activity":-5.0E-4,"lastBolusTime":1703117490018,"time":"2023-12-21T03:20:56.658Z","iobWithZeroTemp":{"iob":-0.897,"basaliob":-0.943,"bolussnooze":0,"activity":-0.0098,"lastBolusTime":1703117490018,"time":"2023-12-21T03:20:56.658Z"}},{"iob":-0.032,"basaliob":-0.072,"bolussnooze":0,"activity":-5.0E-4,"lastBolusTime":1703117490018,"time":"2023-12-21T03:25:56.658Z","iobWithZeroTemp":{"iob":-0.906,"basaliob":-0.946,"bolussnooze":0,"activity":-0.01,"lastBolusTime":1703117490018,"time":"2023-12-21T03:25:56.658Z"}},{"iob":-0.03,"basaliob":-0.065,"bolussnooze":0,"activity":-4.0E-4,"lastBolusTime":1703117490018,"time":"2023-12-21T03:30:56.658Z","iobWithZeroTemp":{"iob":-0.914,"basaliob":-0.949,"bolussnooze":0,"activity":-0.0101,"lastBolusTime":1703117490018,"time":"2023-12-21T03:30:56.658Z"}},{"iob":-0.028,"basaliob":-0.058,"bolussnooze":0,"activity":-4.0E-4,"lastBolusTime":1703117490018,"time":"2023-12-21T03:35:56.658Z","iobWithZeroTemp":{"iob":-0.921,"basaliob":-0.951,"bolussnooze":0,"activity":-0.0103,"lastBolusTime":1703117490018,"time":"2023-12-21T03:35:56.658Z"}},{"iob":-0.026,"basaliob":-0.052,"bolussnooze":0,"activity":-4.0E-4,"lastBolusTime":1703117490018,"time":"2023-12-21T03:40:56.658Z","iobWithZeroTemp":{"iob":-0.928,"basaliob":-0.954,"bolussnooze":0,"activity":-0.0105,"lastBolusTime":1703117490018,"time":"2023-12-21T03:40:56.658Z"}},{"iob":-0.024,"basaliob":-0.046,"bolussnooze":0,"activity":-4.0E-4,"lastBolusTime":1703117490018,"time":"2023-12-21T03:45:56.658Z","iobWithZeroTemp":{"iob":-0.933,"basaliob":-0.955,"bolussnooze":0,"activity":-0.0106,"lastBolusTime":1703117490018,"time":"2023-12-21T03:45:56.658Z"}},{"iob":-0.022,"basaliob":-0.041,"bolussnooze":0,"activity":-4.0E-4,"lastBolusTime":1703117490018,"time":"2023-12-21T03:50:56.658Z","iobWithZeroTemp":{"iob":-0.938,"basaliob":-0.957,"bolussnooze":0,"activity":-0.0108,"lastBolusTime":1703117490018,"time":"2023-12-21T03:50:56.658Z"}},{"iob":-0.02,"basaliob":-0.036,"bolussnooze":0,"activity":-4.0E-4,"lastBolusTime":1703117490018,"time":"2023-12-21T03:55:56.658Z","iobWithZeroTemp":{"iob":-0.942,"basaliob":-0.958,"bolussnooze":0,"activity":-0.0109,"lastBolusTime":1703117490018,"time":"2023-12-21T03:55:56.658Z"}},{"iob":-0.018,"basaliob":-0.032,"bolussnooze":0,"activity":-3.0E-4,"lastBolusTime":1703117490018,"time":"2023-12-21T04:00:56.658Z","iobWithZeroTemp":{"iob":-0.945,"basaliob":-0.959,"bolussnooze":0,"activity":-0.0109,"lastBolusTime":1703117490018,"time":"2023-12-21T04:00:56.658Z"}},{"iob":-0.016,"basaliob":-0.028,"bolussnooze":0,"activity":-3.0E-4,"lastBolusTime":1703117490018,"time":"2023-12-21T04:05:56.658Z","iobWithZeroTemp":{"iob":-0.94,"basaliob":-0.952,"bolussnooze":0,"activity":-0.011,"lastBolusTime":1703117490018,"time":"2023-12-21T04:05:56.658Z"}},{"iob":-0.015,"basaliob":-0.025,"bolussnooze":0,"activity":-2.0E-4,"lastBolusTime":1703117490018,"time":"2023-12-21T04:10:56.658Z","iobWithZeroTemp":{"iob":-0.935,"basaliob":-0.945,"bolussnooze":0,"activity":-0.011,"lastBolusTime":1703117490018,"time":"2023-12-21T04:10:56.658Z"}},{"iob":-0.014,"basaliob":-0.022,"bolussnooze":0,"activity":-3.0E-4,"lastBolusTime":1703117490018,"time":"2023-12-21T04:15:56.658Z","iobWithZeroTemp":{"iob":-0.93,"basaliob":-0.938,"bolussnooze":0,"activity":-0.0112,"lastBolusTime":1703117490018,"time":"2023-12-21T04:15:56.658Z"}},{"iob":-0.013,"basaliob":-0.019,"bolussnooze":0,"activity":-2.0E-4,"lastBolusTime":1703117490018,"time":"2023-12-21T04:20:56.658Z","iobWithZeroTemp":{"iob":-0.924,"basaliob":-0.93,"bolussnooze":0,"activity":-0.0111,"lastBolusTime":1703117490018,"time":"2023-12-21T04:20:56.658Z"}},{"iob":-0.011,"basaliob":-0.016,"bolussnooze":0,"activity":-3.0E-4,"lastBolusTime":1703117490018,"time":"2023-12-21T04:25:56.658Z","iobWithZeroTemp":{"iob":-0.918,"basaliob":-0.923,"bolussnooze":0,"activity":-0.0112,"lastBolusTime":1703117490018,"time":"2023-12-21T04:25:56.658Z"}},{"iob":-0.01,"basaliob":-0.014,"bolussnooze":0,"activity":-2.0E-4,"lastBolusTime":1703117490018,"time":"2023-12-21T04:30:56.658Z","iobWithZeroTemp":{"iob":-0.912,"basaliob":-0.916,"bolussnooze":0,"activity":-0.0111,"lastBolusTime":1703117490018,"time":"2023-12-21T04:30:56.658Z"}},{"iob":-0.009,"basaliob":-0.012,"bolussnooze":0,"activity":-2.0E-4,"lastBolusTime":1703117490018,"time":"2023-12-21T04:35:56.658Z","iobWithZeroTemp":{"iob":-0.907,"basaliob":-0.91,"bolussnooze":0,"activity":-0.0111,"lastBolusTime":1703117490018,"time":"2023-12-21T04:35:56.658Z"}},{"iob":-0.007,"basaliob":-0.01,"bolussnooze":0,"activity":-2.0E-4,"lastBolusTime":1703117490018,"time":"2023-12-21T04:40:56.658Z","iobWithZeroTemp":{"iob":-0.9,"basaliob":-0.903,"bolussnooze":0,"activity":-0.0111,"lastBolusTime":1703117490018,"time":"2023-12-21T04:40:56.658Z"}},{"iob":-0.007,"basaliob":-0.009,"bolussnooze":0,"activity":-2.0E-4,"lastBolusTime":1703117490018,"time":"2023-12-21T04:45:56.658Z","iobWithZeroTemp":{"iob":-0.896,"basaliob":-0.898,"bolussnooze":0,"activity":-0.0111,"lastBolusTime":1703117490018,"time":"2023-12-21T04:45:56.658Z"}},{"iob":-0.007,"basaliob":-0.008,"bolussnooze":0,"activity":-2.0E-4,"lastBolusTime":1703117490018,"time":"2023-12-21T04:50:56.658Z","iobWithZeroTemp":{"iob":-0.892,"basaliob":-0.893,"bolussnooze":0,"activity":-0.011,"lastBolusTime":1703117490018,"time":"2023-12-21T04:50:56.658Z"}},{"iob":-0.005,"basaliob":-0.006,"bolussnooze":0,"activity":-1.0E-4,"lastBolusTime":1703117490018,"time":"2023-12-21T04:55:56.658Z","iobWithZeroTemp":{"iob":-0.886,"basaliob":-0.887,"bolussnooze":0,"activity":-0.0109,"lastBolusTime":1703117490018,"time":"2023-12-21T04:55:56.658Z"}},{"iob":-0.004,"basaliob":-0.005,"bolussnooze":0,"activity":-1.0E-4,"lastBolusTime":1703117490018,"time":"2023-12-21T05:00:56.658Z","iobWithZeroTemp":{"iob":-0.881,"basaliob":-0.882,"bolussnooze":0,"activity":-0.0109,"lastBolusTime":1703117490018,"time":"2023-12-21T05:00:56.658Z"}},{"iob":-0.004,"basaliob":-0.004,"bolussnooze":0,"activity":-2.0E-4,"lastBolusTime":1703117490018,"time":"2023-12-21T05:05:56.658Z","iobWithZeroTemp":{"iob":-0.873,"basaliob":-0.873,"bolussnooze":0,"activity":-0.0109,"lastBolusTime":1703117490018,"time":"2023-12-21T05:05:56.658Z"}},{"iob":-0.004,"basaliob":-0.004,"bolussnooze":0,"activity":-1.0E-4,"lastBolusTime":1703117490018,"time":"2023-12-21T05:10:56.658Z","iobWithZeroTemp":{"iob":-0.865,"basaliob":-0.865,"bolussnooze":0,"activity":-0.0108,"lastBolusTime":1703117490018,"time":"2023-12-21T05:10:56.658Z"}}],"profile":{"max_iob":7,"type":"current","max_daily_basal":0.8,"max_basal":5,"min_bg":80,"max_bg":90,"target_bg":85,"carb_ratio":14,"sens":57,"max_daily_safety_multiplier":9,"current_basal_safety_multiplier":8,"lgsThreshold":65,"high_temptarget_raises_sensitivity":false,"low_temptarget_lowers_sensitivity":false,"sensitivity_raises_target":false,"resistance_lowers_target":false,"adv_target_adjustments":false,"exercise_mode":false,"half_basal_exercise_target":160,"maxCOB":120,"skip_neutral_temps":false,"remainingCarbsCap":90,"enableUAM":true,"A52_risk_enable":false,"SMBInterval":3,"enableSMB_with_COB":true,"enableSMB_with_temptarget":true,"allowSMB_with_high_temptarget":true,"enableSMB_always":true,"enableSMB_after_carbs":true,"maxSMBBasalMinutes":120,"maxUAMSMBBasalMinutes":90,"bolus_increment":0.05,"carbsReqThreshold":5,"current_basal":0.7,"temptargetSet":false,"autosens_max":1.6,"autosens_min":0.6,"variable_sens":113.4,"insulinDivisor":75,"TDD":21.86271071428572},"autosens_data":{"ratio":0.9832036974410997},"meal_data":{"carbs":0,"mealCOB":0,"slopeFromMaxDeviation":-0.5807272727272726,"slopeFromMinDeviation":1.4100000000000001,"lastBolusTime":1703117490018,"lastCarbTime":0},"microBolusAllowed":true,"currentTime":1703121358306,"flatBGsDetected":false,"tdd1D":21.666666666666675,"tdd7D":21.121428571428574,"tddLast24H":20.76666666666666,"tddLast4H":3.3999999999999995,"tddLast8to4H":4.745833333333332},"output":{"temp":"absolute","bg":80,"tick":"+6","eventualBG":121,"targetBG":85,"insulinReq":0.23,"deliverAt":"2023-12-21T01:15:58.306Z","sensitivityRatio":0.9832036974410997,"variable_sens":113.4,"predBGs":{"IOB":[80,84,88,92,95,99,102,104,106,108,109,109,110,110,110,110,110,111,111,111,111,111,112,112,112,112,113,113,113,113,113,114,114,114,114,114,114,114,115],"ZT":[80,77,75,74,72,72,72,72,73,75,76,78,81,84],"UAM":[80,84,88,92,95,99,102,105,107,109,110,111,111,111,111,112,112,112,112,113,113,113,113,113,114,114,114,114,115,115,115,115,115,115,116,116,116,116,116,116,116,116,116,117]},"reason":"COB: 0, Dev: 43, BGI: -3, ISF: 113, CR: 14, Target: 85, minPredBG 111, minGuardBG 84, IOBpredBG 115, UAMpredBG 117; Eventual BG 121 >= 90,  insulinReq 0.23. Microbolusing 0.1U. temp 0.20 < 1.15U\/hr. ","COB":0,"IOB":0.014,"units":0.1,"duration":30,"rate":1.1482425882087697,"timestamp":"2023-12-21T01:15:58.313Z"}}