{"algorithm":"OpenAPSSMBDynamicISFPlugin","input":{"glucoseStatus":{"glucose":84,"noise":0,"delta":1,"short_avgdelta":1.11,"long_avgdelta":1.46,"date":1703169937000},"currenttemp":{"temp":"absolute","duration":0,"rate":0},"iob_data":[{"iob":0.238,"basaliob":-0.183,"bolussnooze":0.3031,"activity":5.0E-4,"lastBolusTime":1703169133442,"time":"2023-12-21T14:46:06.254Z","iobWithZeroTemp":{"iob":0.238,"basaliob":-0.183,"bolussnooze":0.3031,"activity":5.0E-4,"lastBolusTime":1703169133442,"time":"2023-12-21T14:46:06.254Z"}},{"iob":0.235,"basaliob":-0.171,"bolussnooze":0.2743,"activity":9.0E-4,"lastBolusTime":1703169133442,"time":"2023-12-21T14:51:06.254Z","iobWithZeroTemp":{"iob":0.188,"basaliob":-0.218,"bolussnooze":0.2743,"activity":9.0E-4,"lastBolusTime":1703169133442,"time":"2023-12-21T14:51:06.254Z"}},{"iob":0.229,"basaliob":-0.159,"bolussnooze":0.2442,"activity":0.0012,"lastBolusTime":1703169133442,"time":"2023-12-21T14:56:06.254Z","iobWithZeroTemp":{"iob":0.125,"basaliob":-0.263,"bolussnooze":0.2442,"activity":0.001,"lastBolusTime":1703169133442,"time":"2023-12-21T14:56:06.254Z"}},{"iob":0.222,"basaliob":-0.148,"bolussnooze":0.2144,"activity":0.0015,"lastBolusTime":1703169133442,"time":"2023-12-21T15:01:06.254Z","iobWithZeroTemp":{"iob":0.061,"basaliob":-0.309,"bolussnooze":0.2144,"activity":0.001,"lastBolusTime":1703169133442,"time":"2023-12-21T15:01:06.254Z"}},{"iob":0.214,"basaliob":-0.137,"bolussnooze":0.1861,"activity":0.0018,"lastBolusTime":1703169133442,"time":"2023-12-21T15:06:06.254Z","iobWithZeroTemp":{"iob":-0.002,"basaliob":-0.353,"bolussnooze":0.1861,"activity":0.001,"lastBolusTime":1703169133442,"time":"2023-12-21T15:06:06.254Z"}},{"iob":0.205,"basaliob":-0.127,"bolussnooze":0.1599,"activity":0.0019,"lastBolusTime":1703169133442,"time":"2023-12-21T15:11:06.254Z","iobWithZeroTemp":{"iob":-0.064,"basaliob":-0.396,"bolussnooze":0.1599,"activity":7.0E-4,"lastBolusTime":1703169133442,"time":"2023-12-21T15:11:06.254Z"}},{"iob":0.195,"basaliob":-0.117,"bolussnooze":0.1361,"activity":0.002,"lastBolusTime":1703169133442,"time":"2023-12-21T15:16:06.254Z","iobWithZeroTemp":{"iob":-0.125,"basaliob":-0.437,"bolussnooze":0.1361,"activity":3.0E-4,"lastBolusTime":1703169133442,"time":"2023-12-21T15:16:06.254Z"}},{"iob":0.185,"basaliob":-0.108,"bolussnooze":0.1149,"activity":0.002,"lastBolusTime":1703169133442,"time":"2023-12-21T15:21:06.254Z","iobWithZeroTemp":{"iob":-0.184,"basaliob":-0.477,"bolussnooze":0.1149,"activity":-2.0E-4,"lastBolusTime":1703169133442,"time":"2023-12-21T15:21:06.254Z"}},{"iob":0.175,"basaliob":-0.099,"bolussnooze":0.0962,"activity":0.0021,"lastBolusTime":1703169133442,"time":"2023-12-21T15:26:06.254Z","iobWithZeroTemp":{"iob":-0.241,"basaliob":-0.515,"bolussnooze":0.0962,"activity":-6.0E-4,"lastBolusTime":1703169133442,"time":"2023-12-21T15:26:06.254Z"}},{"iob":0.165,"basaliob":-0.091,"bolussnooze":0.0799,"activity":0.002,"lastBolusTime":1703169133442,"time":"2023-12-21T15:31:06.254Z","iobWithZeroTemp":{"iob":-0.294,"basaliob":-0.55,"bolussnooze":0.0799,"activity":-0.0012,"lastBolusTime":1703169133442,"time":"2023-12-21T15:31:06.254Z"}},{"iob":0.155,"basaliob":-0.083,"bolussnooze":0.0659,"activity":0.002,"lastBolusTime":1703169133442,"time":"2023-12-21T15:36:06.254Z","iobWithZeroTemp":{"iob":-0.346,"basaliob":-0.584,"bolussnooze":0.0659,"activity":-0.0017,"lastBolusTime":1703169133442,"time":"2023-12-21T15:36:06.254Z"}},{"iob":0.144,"basaliob":-0.076,"bolussnooze":0.054,"activity":0.002,"lastBolusTime":1703169133442,"time":"2023-12-21T15:41:06.254Z","iobWithZeroTemp":{"iob":-0.396,"basaliob":-0.616,"bolussnooze":0.054,"activity":-0.0022,"lastBolusTime":1703169133442,"time":"2023-12-21T15:41:06.254Z"}},{"iob":0.135,"basaliob":-0.069,"bolussnooze":0.0439,"activity":0.0019,"lastBolusTime":1703169133442,"time":"2023-12-21T15:46:06.254Z","iobWithZeroTemp":{"iob":-0.441,"basaliob":-0.645,"bolussnooze":0.0439,"activity":-0.0027,"lastBolusTime":1703169133442,"time":"2023-12-21T15:46:06.254Z"}},{"iob":0.125,"basaliob":-0.063,"bolussnooze":0.0354,"activity":0.0018,"lastBolusTime":1703169133442,"time":"2023-12-21T15:51:06.254Z","iobWithZeroTemp":{"iob":-0.485,"basaliob":-0.673,"bolussnooze":0.0354,"activity":-0.0033,"lastBolusTime":1703169133442,"time":"2023-12-21T15:51:06.254Z"}},{"iob":0.117,"basaliob":-0.057,"bolussnooze":0.0283,"activity":0.0018,"lastBolusTime":1703169133442,"time":"2023-12-21T15:56:06.254Z","iobWithZeroTemp":{"iob":-0.524,"basaliob":-0.698,"bolussnooze":0.0283,"activity":-0.0038,"lastBolusTime":1703169133442,"time":"2023-12-21T15:56:06.254Z"}},{"iob":0.108,"basaliob":-0.052,"bolussnooze":0.0224,"activity":0.0017,"lastBolusTime":1703169133442,"time":"2023-12-21T16:01:06.254Z","iobWithZeroTemp":{"iob":-0.563,"basaliob":-0.723,"bolussnooze":0.0224,"activity":-0.0043,"lastBolusTime":1703169133442,"time":"2023-12-21T16:01:06.254Z"}},{"iob":0.099,"basaliob":-0.047,"bolussnooze":0.0176,"activity":0.0016,"lastBolusTime":1703169133442,"time":"2023-12-21T16:06:06.254Z","iobWithZeroTemp":{"iob":-0.599,"basaliob":-0.745,"bolussnooze":0.0176,"activity":-0.0048,"lastBolusTime":1703169133442,"time":"2023-12-21T16:06:06.254Z"}},{"iob":0.092,"basaliob":-0.042,"bolussnooze":0.0137,"activity":0.0015,"lastBolusTime":1703169133442,"time":"2023-12-21T16:11:06.254Z","iobWithZeroTemp":{"iob":-0.631,"basaliob":-0.765,"bolussnooze":0.0137,"activity":-0.0053,"lastBolusTime":1703169133442,"time":"2023-12-21T16:11:06.254Z"}},{"iob":0.085,"basaliob":-0.038,"bolussnooze":0.0105,"activity":0.0014,"lastBolusTime":1703169133442,"time":"2023-12-21T16:16:06.254Z","iobWithZeroTemp":{"iob":-0.661,"basaliob":-0.784,"bolussnooze":0.0105,"activity":-0.0058,"lastBolusTime":1703169133442,"time":"2023-12-21T16:16:06.254Z"}},{"iob":0.078,"basaliob":-0.034,"bolussnooze":0.0079,"activity":0.0014,"lastBolusTime":1703169133442,"time":"2023-12-21T16:21:06.254Z","iobWithZeroTemp":{"iob":-0.69,"basaliob":-0.802,"bolussnooze":0.0079,"activity":-0.0062,"lastBolusTime":1703169133442,"time":"2023-12-21T16:21:06.254Z"}},{"iob":0.071,"basaliob":-0.031,"bolussnooze":0.0059,"activity":0.0012,"lastBolusTime":1703169133442,"time":"2023-12-21T16:26:06.254Z","iobWithZeroTemp":{"iob":-0.716,"basaliob":-0.818,"bolussnooze":0.0059,"activity":-0.0067,"lastBolusTime":1703169133442,"time":"2023-12-21T16:26:06.254Z"}},{"iob":0.065,"basaliob":-0.028,"bolussnooze":0.0043,"activity":0.0012,"lastBolusTime":1703169133442,"time":"2023-12-21T16:31:06.254Z","iobWithZeroTemp":{"iob":-0.74,"basaliob":-0.833,"bolussnooze":0.0043,"activity":-0.007,"lastBolusTime":1703169133442,"time":"2023-12-21T16:31:06.254Z"}},{"iob":0.059,"basaliob":-0.025,"bolussnooze":0.0031,"activity":0.0011,"lastBolusTime":1703169133442,"time":"2023-12-21T16:36:06.254Z","iobWithZeroTemp":{"iob":-0.762,"basaliob":-0.846,"bolussnooze":0.0031,"activity":-0.0074,"lastBolusTime":1703169133442,"time":"2023-12-21T16:36:06.254Z"}},{"iob":0.054,"basaliob":-0.022,"bolussnooze":0.0021,"activity":0.001,"lastBolusTime":1703169133442,"time":"2023-12-21T16:41:06.254Z","iobWithZeroTemp":{"iob":-0.782,"basaliob":-0.858,"bolussnooze":0.0021,"activity":-0.0078,"lastBolusTime":1703169133442,"time":"2023-12-21T16:41:06.254Z"}},{"iob":0.049,"basaliob":-0.02,"bolussnooze":0.0014,"activity":9.0E-4,"lastBolusTime":1703169133442,"time":"2023-12-21T16:46:06.254Z","iobWithZeroTemp":{"iob":-0.801,"basaliob":-0.87,"bolussnooze":0.0014,"activity":-0.0082,"lastBolusTime":1703169133442,"time":"2023-12-21T16:46:06.254Z"}},{"iob":0.045,"basaliob":-0.017,"bolussnooze":9.0E-4,"activity":9.0E-4,"lastBolusTime":1703169133442,"time":"2023-12-21T16:51:06.254Z","iobWithZeroTemp":{"iob":-0.817,"basaliob":-0.879,"bolussnooze":9.0E-4,"activity":-0.0084,"lastBolusTime":1703169133442,"time":"2023-12-21T16:51:06.254Z"}},{"iob":0.041,"basaliob":-0.015,"bolussnooze":5.0E-4,"activity":8.0E-4,"lastBolusTime":1703169133442,"time":"2023-12-21T16:56:06.254Z","iobWithZeroTemp":{"iob":-0.833,"basaliob":-0.889,"bolussnooze":5.0E-4,"activity":-0.0087,"lastBolusTime":1703169133442,"time":"2023-12-21T16:56:06.254Z"}},{"iob":0.036,"basaliob":-0.014,"bolussnooze":3.0E-4,"activity":8.0E-4,"lastBolusTime":1703169133442,"time":"2023-12-21T17:01:06.254Z","iobWithZeroTemp":{"iob":-0.848,"basaliob":-0.898,"bolussnooze":3.0E-4,"activity":-0.0089,"lastBolusTime":1703169133442,"time":"2023-12-21T17:01:06.254Z"}},{"iob":0.033,"basaliob":-0.012,"bolussnooze":1.0E-4,"activity":7.0E-4,"lastBolusTime":1703169133442,"time":"2023-12-21T17:06:06.254Z","iobWithZeroTemp":{"iob":-0.868,"basaliob":-0.913,"bolussnooze":1.0E-4,"activity":-0.0092,"lastBolusTime":1703169133442,"time":"2023-12-21T17:06:06.254Z"}},{"iob":0.029,"basaliob":-0.011,"bolussnooze":0,"activity":6.0E-4,"lastBolusTime":1703169133442,"time":"2023-12-21T17:11:06.254Z","iobWithZeroTemp":{"iob":-0.889,"basaliob":-0.929,"bolussnooze":0,"activity":-0.0095,"lastBolusTime":1703169133442,"time":"2023-12-21T17:11:06.254Z"}},{"iob":0.027,"basaliob":-0.009,"bolussnooze":0,"activity":6.0E-4,"lastBolusTime":1703169133442,"time":"2023-12-21T17:16:06.254Z","iobWithZeroTemp":{"iob":-0.906,"basaliob":-0.942,"bolussnooze":0,"activity":-0.0097,"lastBolusTime":1703169133442,"time":"2023-12-21T17:16:06.254Z"}},{"iob":0.024,"basaliob":-0.008,"bolussnooze":0,"activity":5.0E-4,"lastBolusTime":1703169133442,"time":"2023-12-21T17:21:06.254Z","iobWithZeroTemp":{"iob":-0.924,"basaliob":-0.956,"bolussnooze":0,"activity":-0.01,"lastBolusTime":1703169133442,"time":"2023-12-21T17:21:06.254Z"}},{"iob":0.022,"basaliob":-0.007,"bolussnooze":0,"activity":5.0E-4,"lastBolusTime":1703169133442,"time":"2023-12-21T17:26:06.254Z","iobWithZeroTemp":{"iob":-0.94,"basaliob":-0.969,"bolussnooze":0,"activity":-0.0102,"lastBolusTime":1703169133442,"time":"2023-12-21T17:26:06.254Z"}},{"iob":0.019,"basaliob":-0.006,"bolussnooze":0,"activity":4.0E-4,"lastBolusTime":1703169133442,"time":"2023-12-21T17:31:06.254Z","iobWithZeroTemp":{"iob":-0.955,"basaliob":-0.98,"bolussnooze":0,"activity":-0.0105,"lastBolusTime":1703169133442,"time":"2023-12-21T17:31:06.254Z"}},{"iob":0.017,"basaliob":-0.005,"bolussnooze":0,"activity":4.0E-4,"lastBolusTime":1703169133442,"time":"2023-12-21T17:36:06.254Z","iobWithZeroTemp":{"iob":-0.969,"basaliob":-0.991,"bolussnooze":0,"activity":-0.0107,"lastBolusTime":1703169133442,"time":"2023-12-21T17:36:06.254Z"}},{"iob":0.015,"basaliob":-0.005,"bolussnooze":0,"activity":4.0E-4,"lastBolusTime":1703169133442,"time":"2023-12-21T17:41:06.254Z","iobWithZeroTemp":{"iob":-0.982,"basaliob":-1.002,"bolussnooze":0,"activity":-0.0108,"lastBolusTime":1703169133442,"time":"2023-12-21T17:41:06.254Z"}},{"iob":0.013,"basaliob":-0.004,"bolussnooze":0,"activity":3.0E-4,"lastBolusTime":1703169133442,"time":"2023-12-21T17:46:06.254Z","iobWithZeroTemp":{"iob":-0.994,"basaliob":-1.011,"bolussnooze":0,"activity":-0.0111,"lastBolusTime":1703169133442,"time":"2023-12-21T17:46:06.254Z"}},{"iob":0.012,"basaliob":-0.003,"bolussnooze":0,"activity":3.0E-4,"lastBolusTime":1703169133442,"time":"2023-12-21T17:51:06.254Z","iobWithZeroTemp":{"iob":-1.004,"basaliob":-1.019,"bolussnooze":0,"activity":-0.0113,"lastBolusTime":1703169133442,"time":"2023-12-21T17:51:06.254Z"}},{"iob":0.01,"basaliob":-0.003,"bolussnooze":0,"activity":3.0E-4,"lastBolusTime":1703169133442,"time":"2023-12-21T17:56:06.254Z","iobWithZeroTemp":{"iob":-1.015,"basaliob":-1.028,"bolussnooze":0,"activity":-0.0114,"lastBolusTime":1703169133442,"time":"2023-12-21T17:56:06.254Z"}},{"iob":0.009,"basaliob":-0.003,"bolussnooze":0,"activity":2.0E-4,"lastBolusTime":1703169133442,"time":"2023-12-21T18:01:06.254Z","iobWithZeroTemp":{"iob":-1.023,"basaliob":-1.035,"bolussnooze":0,"activity":-0.0116,"lastBolusTime":1703169133442,"time":"2023-12-21T18:01:06.254Z"}},{"iob":0.008,"basaliob":-0.002,"bolussnooze":0,"activity":2.0E-4,"lastBolusTime":1703169133442,"time":"2023-12-21T18:06:06.254Z","iobWithZeroTemp":{"iob":-1.032,"basaliob":-1.042,"bolussnooze":0,"activity":-0.0118,"lastBolusTime":1703169133442,"time":"2023-12-21T18:06:06.254Z"}},{"iob":0.007,"basaliob":-0.002,"bolussnooze":0,"activity":2.0E-4,"lastBolusTime":1703169133442,"time":"2023-12-21T18:11:06.254Z","iobWithZeroTemp":{"iob":-1.039,"basaliob":-1.048,"bolussnooze":0,"activity":-0.0119,"lastBolusTime":1703169133442,"time":"2023-12-21T18:11:06.254Z"}},{"iob":0.006,"basaliob":-0.002,"bolussnooze":0,"activity":1.0E-4,"lastBolusTime":1703169133442,"time":"2023-12-21T18:16:06.254Z","iobWithZeroTemp":{"iob":-1.046,"basaliob":-1.054,"bolussnooze":0,"activity":-0.0121,"lastBolusTime":1703169133442,"time":"2023-12-21T18:16:06.254Z"}},{"iob":0.005,"basaliob":-0.001,"bolussnooze":0,"activity":2.0E-4,"lastBolusTime":1703169133442,"time":"2023-12-21T18:21:06.254Z","iobWithZeroTemp":{"iob":-1.052,"basaliob":-1.058,"bolussnooze":0,"activity":-0.0121,"lastBolusTime":1703169133442,"time":"2023-12-21T18:21:06.254Z"}},{"iob":0.004,"basaliob":-0.001,"bolussnooze":0,"activity":2.0E-4,"lastBolusTime":1703169133442,"time":"2023-12-21T18:26:06.254Z","iobWithZeroTemp":{"iob":-1.058,"basaliob":-1.063,"bolussnooze":0,"activity":-0.0122,"lastBolusTime":1703169133442,"time":"2023-12-21T18:26:06.254Z"}},{"iob":0.004,"basaliob":-0.001,"bolussnooze":0,"activity":2.0E-4,"lastBolusTime":1703169133442,"time":"2023-12-21T18:31:06.254Z","iobWithZeroTemp":{"iob":-1.063,"basaliob":-1.068,"bolussnooze":0,"activity":-0.0123,"lastBolusTime":1703169133442,"time":"2023-12-21T18:31:06.254Z"}},{"iob":0.003,"basaliob":-0.001,"bolussnooze":0,"activity":1.0E-4,"lastBolusTime":1703169133442,"time":"2023-12-21T18:36:06.254Z","iobWithZeroTemp":{"iob":-1.068,"basaliob":-1.072,"bolussnooze":0,"activity":-0.0125,"lastBolusTime":1703169133442,"time":"2023-12-21T18:36:06.254Z"}},{"iob":0.002,"basaliob":-0.001,"bolussnooze":0,"activity":1.0E-4,"lastBolusTime":1703169133442,"time":"2023-12-21T18:41:06.254Z","iobWithZeroTemp":{"iob":-1.072,"basaliob":-1.075,"bolussnooze":0,"activity":-0.0125,"lastBolusTime":1703169133442,"time":"2023-12-21T18:41:06.254Z"}}],"profile":{"max_iob":7,"type":"current","max_daily_basal":0.8,"max_basal":5,"min_bg":80,"max_bg":90,"target_bg":85,"carb_ratio":16,"sens":57,"max_daily_safety_multiplier":9,"current_basal_safety_multiplier":8,"lgsThreshold":65,"high_temptarget_raises_sensitivity":false,"low_temptarget_lowers_sensitivity":false,"sensitivity_raises_target":false,"resistance_lowers_target":false,"adv_target_adjustments":false,"exercise_mode":false,"half_basal_exercise_target":160,"maxCOB":120,"skip_neutral_temps":false,"remainingCarbsCap":90,"enableUAM":true,"A52_risk_enable":false,"SMBInterval":3,"enableSMB_with_COB":true,"enableSMB_with_temptarget":true,"allowSMB_with_high_temptarget":true,"enableSMB_always":true,"enableSMB_after_carbs":true,"maxSMBBasalMinutes":120,"maxUAMSMBBasalMinutes":90,"bolus_increment":0.05,"carbsReqThreshold":5,"current_basal":0.7,"temptargetSet":false,"autosens_max":1.6,"autosens_min":0.6,"variable_sens":130.2,"insulinDivisor":75,"TDD":18.395695238095243},"autosens_data":{"ratio":0.993652289610822},"meal_data":{"carbs":0,"mealCOB":0,"slopeFromMaxDeviation":-0.19083333333333335,"slopeFromMinDeviation":0.255,"lastBolusTime":1703169133442,"lastCarbTime":0},"microBolusAllowed":true,"currentTime":1703169967780,"flatBGsDetected":false,"tdd1D":20.662500000000005,"tdd7D":21.47380952380953,"tddLast24H":21.337500000000013,"tddLast4H":2.4958333333333336,"tddLast8to4H":1.3749999999999998},"output":{"temp":"absolute","bg":84,"tick":"+1","eventualBG":61,"targetBG":85,"insulinReq":0,"deliverAt":"2023-12-21T14:46:07.780Z","sensitivityRatio":0.993652289610822,"variable_sens":130.2,"predBGs":{"IOB":[84,85,85,86,85,85,84,84,83,82,81,79,78,77,76,74,73,72,71,70,69,68,67,66,65,65,64,63,63,62,62,61,61,60,60,60,59,59,59,59,58,58,58,58,58,58,57],"ZT":[84,84,83,82,82,81,81,80,81,81,82,83,84],"UAM":[84,85,85,85,85,84,83,81,80,79,77,76,75,73,72,71,69,68,67,66,65,64,63,62,61,61,60,59,58,58,57,57,56,56,56,55,55,55,54,54,54,54,54,53]},"reason":"COB: 0, Dev: 8, BGI: 0, ISF: 130, CR: 16, Target: 85, minPredBG 57, minGuardBG 53, IOBpredBG 57, UAMpredBG 53; minGuardBG 53<65","COB":0,"IOB":0.238,"duration":30,"rate":0,"timestamp":"2023-12-21T14:46:07.847Z"}}