{"algorithm":"OpenAPSSMBDynamicISFPlugin","input":{"glucoseStatus":{"glucose":82,"noise":0,"delta":-1,"short_avgdelta":-0.56,"long_avgdelta":-0.01,"date":1703079338000},"currenttemp":{"temp":"absolute","duration":0,"rate":0},"iob_data":[{"iob":-0.032,"basaliob":-0.137,"bolussnooze":0,"activity":-6.0E-4,"lastBolusTime":1703077874822,"time":"2023-12-20T13:35:55.678Z","iobWithZeroTemp":{"iob":-0.032,"basaliob":-0.137,"bolussnooze":0,"activity":-6.0E-4,"lastBolusTime":1703077874822,"time":"2023-12-20T13:35:55.678Z"}},{"iob":-0.029,"basaliob":-0.128,"bolussnooze":0,"activity":-5.0E-4,"lastBolusTime":1703077874822,"time":"2023-12-20T13:40:55.678Z","iobWithZeroTemp":{"iob":-0.069,"basaliob":-0.168,"bolussnooze":0,"activity":-5.0E-4,"lastBolusTime":1703077874822,"time":"2023-12-20T13:40:55.678Z"}},{"iob":-0.027,"basaliob":-0.12,"bolussnooze":0,"activity":-5.0E-4,"lastBolusTime":1703077874822,"time":"2023-12-20T13:45:55.678Z","iobWithZeroTemp":{"iob":-0.116,"basaliob":-0.209,"bolussnooze":0,"activity":-7.0E-4,"lastBolusTime":1703077874822,"time":"2023-12-20T13:45:55.678Z"}},{"iob":-0.025,"basaliob":-0.112,"bolussnooze":0,"activity":-5.0E-4,"lastBolusTime":1703077874822,"time":"2023-12-20T13:50:55.678Z","iobWithZeroTemp":{"iob":-0.163,"basaliob":-0.25,"bolussnooze":0,"activity":-9.0E-4,"lastBolusTime":1703077874822,"time":"2023-12-20T13:50:55.678Z"}},{"iob":-0.022,"basaliob":-0.104,"bolussnooze":0,"activity":-5.0E-4,"lastBolusTime":1703077874822,"time":"2023-12-20T13:55:55.678Z","iobWithZeroTemp":{"iob":-0.207,"basaliob":-0.289,"bolussnooze":0,"activity":-0.0012,"lastBolusTime":1703077874822,"time":"2023-12-20T13:55:55.678Z"}},{"iob":-0.02,"basaliob":-0.096,"bolussnooze":0,"activity":-4.0E-4,"lastBolusTime":1703077874822,"time":"2023-12-20T14:00:55.678Z","iobWithZeroTemp":{"iob":-0.251,"basaliob":-0.327,"bolussnooze":0,"activity":-0.0015,"lastBolusTime":1703077874822,"time":"2023-12-20T14:00:55.678Z"}},{"iob":-0.018,"basaliob":-0.089,"bolussnooze":0,"activity":-4.0E-4,"lastBolusTime":1703077874822,"time":"2023-12-20T14:05:55.678Z","iobWithZeroTemp":{"iob":-0.301,"basaliob":-0.372,"bolussnooze":0,"activity":-0.0019,"lastBolusTime":1703077874822,"time":"2023-12-20T14:05:55.678Z"}},{"iob":-0.016,"basaliob":-0.082,"bolussnooze":0,"activity":-3.0E-4,"lastBolusTime":1703077874822,"time":"2023-12-20T14:10:55.678Z","iobWithZeroTemp":{"iob":-0.349,"basaliob":-0.415,"bolussnooze":0,"activity":-0.0022,"lastBolusTime":1703077874822,"time":"2023-12-20T14:10:55.678Z"}},{"iob":-0.014,"basaliob":-0.075,"bolussnooze":0,"activity":-3.0E-4,"lastBolusTime":1703077874822,"time":"2023-12-20T14:15:55.678Z","iobWithZeroTemp":{"iob":-0.394,"basaliob":-0.455,"bolussnooze":0,"activity":-0.0026,"lastBolusTime":1703077874822,"time":"2023-12-20T14:15:55.678Z"}},{"iob":-0.013,"basaliob":-0.069,"bolussnooze":0,"activity":-3.0E-4,"lastBolusTime":1703077874822,"time":"2023-12-20T14:20:55.678Z","iobWithZeroTemp":{"iob":-0.438,"basaliob":-0.494,"bolussnooze":0,"activity":-0.0031,"lastBolusTime":1703077874822,"time":"2023-12-20T14:20:55.678Z"}},{"iob":-0.011,"basaliob":-0.063,"bolussnooze":0,"activity":-2.0E-4,"lastBolusTime":1703077874822,"time":"2023-12-20T14:25:55.678Z","iobWithZeroTemp":{"iob":-0.479,"basaliob":-0.531,"bolussnooze":0,"activity":-0.0035,"lastBolusTime":1703077874822,"time":"2023-12-20T14:25:55.678Z"}},{"iob":-0.01,"basaliob":-0.058,"bolussnooze":0,"activity":-2.0E-4,"lastBolusTime":1703077874822,"time":"2023-12-20T14:30:55.678Z","iobWithZeroTemp":{"iob":-0.519,"basaliob":-0.567,"bolussnooze":0,"activity":-0.004,"lastBolusTime":1703077874822,"time":"2023-12-20T14:30:55.678Z"}},{"iob":-0.009,"basaliob":-0.053,"bolussnooze":0,"activity":-2.0E-4,"lastBolusTime":1703077874822,"time":"2023-12-20T14:35:55.678Z","iobWithZeroTemp":{"iob":-0.556,"basaliob":-0.6,"bolussnooze":0,"activity":-0.0045,"lastBolusTime":1703077874822,"time":"2023-12-20T14:35:55.678Z"}},{"iob":-0.008,"basaliob":-0.048,"bolussnooze":0,"activity":-2.0E-4,"lastBolusTime":1703077874822,"time":"2023-12-20T14:40:55.678Z","iobWithZeroTemp":{"iob":-0.591,"basaliob":-0.631,"bolussnooze":0,"activity":-0.005,"lastBolusTime":1703077874822,"time":"2023-12-20T14:40:55.678Z"}},{"iob":-0.007,"basaliob":-0.044,"bolussnooze":0,"activity":-1.0E-4,"lastBolusTime":1703077874822,"time":"2023-12-20T14:45:55.678Z","iobWithZeroTemp":{"iob":-0.623,"basaliob":-0.66,"bolussnooze":0,"activity":-0.0053,"lastBolusTime":1703077874822,"time":"2023-12-20T14:45:55.678Z"}},{"iob":-0.007,"basaliob":-0.04,"bolussnooze":0,"activity":-2.0E-4,"lastBolusTime":1703077874822,"time":"2023-12-20T14:50:55.678Z","iobWithZeroTemp":{"iob":-0.654,"basaliob":-0.687,"bolussnooze":0,"activity":-0.0059,"lastBolusTime":1703077874822,"time":"2023-12-20T14:50:55.678Z"}},{"iob":-0.006,"basaliob":-0.036,"bolussnooze":0,"activity":-1.0E-4,"lastBolusTime":1703077874822,"time":"2023-12-20T14:55:55.678Z","iobWithZeroTemp":{"iob":-0.682,"basaliob":-0.712,"bolussnooze":0,"activity":-0.0062,"lastBolusTime":1703077874822,"time":"2023-12-20T14:55:55.678Z"}},{"iob":-0.004,"basaliob":-0.032,"bolussnooze":0,"activity":-2.0E-4,"lastBolusTime":1703077874822,"time":"2023-12-20T15:00:55.678Z","iobWithZeroTemp":{"iob":-0.706,"basaliob":-0.734,"bolussnooze":0,"activity":-0.0067,"lastBolusTime":1703077874822,"time":"2023-12-20T15:00:55.678Z"}},{"iob":-0.004,"basaliob":-0.029,"bolussnooze":0,"activity":-1.0E-4,"lastBolusTime":1703077874822,"time":"2023-12-20T15:05:55.678Z","iobWithZeroTemp":{"iob":-0.731,"basaliob":-0.756,"bolussnooze":0,"activity":-0.007,"lastBolusTime":1703077874822,"time":"2023-12-20T15:05:55.678Z"}},{"iob":-0.003,"basaliob":-0.026,"bolussnooze":0,"activity":-1.0E-4,"lastBolusTime":1703077874822,"time":"2023-12-20T15:10:55.678Z","iobWithZeroTemp":{"iob":-0.753,"basaliob":-0.776,"bolussnooze":0,"activity":-0.0074,"lastBolusTime":1703077874822,"time":"2023-12-20T15:10:55.678Z"}},{"iob":-0.004,"basaliob":-0.024,"bolussnooze":0,"activity":-1.0E-4,"lastBolusTime":1703077874822,"time":"2023-12-20T15:15:55.678Z","iobWithZeroTemp":{"iob":-0.775,"basaliob":-0.795,"bolussnooze":0,"activity":-0.0078,"lastBolusTime":1703077874822,"time":"2023-12-20T15:15:55.678Z"}},{"iob":-0.003,"basaliob":-0.021,"bolussnooze":0,"activity":-1.0E-4,"lastBolusTime":1703077874822,"time":"2023-12-20T15:20:55.678Z","iobWithZeroTemp":{"iob":-0.793,"basaliob":-0.811,"bolussnooze":0,"activity":-0.0081,"lastBolusTime":1703077874822,"time":"2023-12-20T15:20:55.678Z"}},{"iob":-0.002,"basaliob":-0.019,"bolussnooze":0,"activity":0,"lastBolusTime":1703077874822,"time":"2023-12-20T15:25:55.678Z","iobWithZeroTemp":{"iob":-0.81,"basaliob":-0.827,"bolussnooze":0,"activity":-0.0083,"lastBolusTime":1703077874822,"time":"2023-12-20T15:25:55.678Z"}},{"iob":-0.002,"basaliob":-0.017,"bolussnooze":0,"activity":-1.0E-4,"lastBolusTime":1703077874822,"time":"2023-12-20T15:30:55.678Z","iobWithZeroTemp":{"iob":-0.826,"basaliob":-0.841,"bolussnooze":0,"activity":-0.0087,"lastBolusTime":1703077874822,"time":"2023-12-20T15:30:55.678Z"}},{"iob":-0.002,"basaliob":-0.015,"bolussnooze":0,"activity":0,"lastBolusTime":1703077874822,"time":"2023-12-20T15:35:55.678Z","iobWithZeroTemp":{"iob":-0.84,"basaliob":-0.853,"bolussnooze":0,"activity":-0.0089,"lastBolusTime":1703077874822,"time":"2023-12-20T15:35:55.678Z"}},{"iob":-0.002,"basaliob":-0.014,"bolussnooze":0,"activity":0,"lastBolusTime":1703077874822,"time":"2023-12-20T15:40:55.678Z","iobWithZeroTemp":{"iob":-0.854,"basaliob":-0.866,"bolussnooze":0,"activity":-0.0091,"lastBolusTime":1703077874822,"time":"2023-12-20T15:40:55.678Z"}},{"iob":-0.001,"basaliob":-0.012,"bolussnooze":0,"activity":-1.0E-4,"lastBolusTime":1703077874822,"time":"2023-12-20T15:45:55.678Z","iobWithZeroTemp":{"iob":-0.865,"basaliob":-0.876,"bolussnooze":0,"activity":-0.0094,"lastBolusTime":1703077874822,"time":"2023-12-20T15:45:55.678Z"}},{"iob":-0.001,"basaliob":-0.011,"bolussnooze":0,"activity":-1.0E-4,"lastBolusTime":1703077874822,"time":"2023-12-20T15:50:55.678Z","iobWithZeroTemp":{"iob":-0.876,"basaliob":-0.886,"bolussnooze":0,"activity":-0.0097,"lastBolusTime":1703077874822,"time":"2023-12-20T15:50:55.678Z"}},{"iob":-0.001,"basaliob":-0.01,"bolussnooze":0,"activity":0,"lastBolusTime":1703077874822,"time":"2023-12-20T15:55:55.678Z","iobWithZeroTemp":{"iob":-0.886,"basaliob":-0.895,"bolussnooze":0,"activity":-0.0098,"lastBolusTime":1703077874822,"time":"2023-12-20T15:55:55.678Z"}},{"iob":-0.001,"basaliob":-0.009,"bolussnooze":0,"activity":0,"lastBolusTime":1703077874822,"time":"2023-12-20T16:00:55.678Z","iobWithZeroTemp":{"iob":-0.895,"basaliob":-0.903,"bolussnooze":0,"activity":-0.0099,"lastBolusTime":1703077874822,"time":"2023-12-20T16:00:55.678Z"}},{"iob":-0.001,"basaliob":-0.008,"bolussnooze":0,"activity":0,"lastBolusTime":1703077874822,"time":"2023-12-20T16:05:55.678Z","iobWithZeroTemp":{"iob":-0.903,"basaliob":-0.91,"bolussnooze":0,"activity":-0.0101,"lastBolusTime":1703077874822,"time":"2023-12-20T16:05:55.678Z"}},{"iob":-0.001,"basaliob":-0.007,"bolussnooze":0,"activity":-1.0E-4,"lastBolusTime":1703077874822,"time":"2023-12-20T16:10:55.678Z","iobWithZeroTemp":{"iob":-0.911,"basaliob":-0.917,"bolussnooze":0,"activity":-0.0104,"lastBolusTime":1703077874822,"time":"2023-12-20T16:10:55.678Z"}},{"iob":-0.001,"basaliob":-0.006,"bolussnooze":0,"activity":0,"lastBolusTime":1703077874822,"time":"2023-12-20T16:15:55.678Z","iobWithZeroTemp":{"iob":-0.917,"basaliob":-0.922,"bolussnooze":0,"activity":-0.0104,"lastBolusTime":1703077874822,"time":"2023-12-20T16:15:55.678Z"}},{"iob":0,"basaliob":-0.005,"bolussnooze":0,"activity":0,"lastBolusTime":1703077874822,"time":"2023-12-20T16:20:55.678Z","iobWithZeroTemp":{"iob":-0.922,"basaliob":-0.927,"bolussnooze":0,"activity":-0.0105,"lastBolusTime":1703077874822,"time":"2023-12-20T16:20:55.678Z"}},{"iob":-0.001,"basaliob":-0.005,"bolussnooze":0,"activity":0,"lastBolusTime":1703077874822,"time":"2023-12-20T16:25:55.678Z","iobWithZeroTemp":{"iob":-0.929,"basaliob":-0.933,"bolussnooze":0,"activity":-0.0107,"lastBolusTime":1703077874822,"time":"2023-12-20T16:25:55.678Z"}},{"iob":0,"basaliob":-0.004,"bolussnooze":0,"activity":0,"lastBolusTime":1703077874822,"time":"2023-12-20T16:30:55.678Z","iobWithZeroTemp":{"iob":-0.933,"basaliob":-0.937,"bolussnooze":0,"activity":-0.0108,"lastBolusTime":1703077874822,"time":"2023-12-20T16:30:55.678Z"}},{"iob":0,"basaliob":-0.003,"bolussnooze":0,"activity":0,"lastBolusTime":1703077874822,"time":"2023-12-20T16:35:55.678Z","iobWithZeroTemp":{"iob":-0.937,"basaliob":-0.94,"bolussnooze":0,"activity":-0.0109,"lastBolusTime":1703077874822,"time":"2023-12-20T16:35:55.678Z"}},{"iob":0,"basaliob":-0.003,"bolussnooze":0,"activity":0,"lastBolusTime":1703077874822,"time":"2023-12-20T16:40:55.678Z","iobWithZeroTemp":{"iob":-0.941,"basaliob":-0.944,"bolussnooze":0,"activity":-0.011,"lastBolusTime":1703077874822,"time":"2023-12-20T16:40:55.678Z"}},{"iob":-0.001,"basaliob":-0.003,"bolussnooze":0,"activity":0,"lastBolusTime":1703077874822,"time":"2023-12-20T16:45:55.678Z","iobWithZeroTemp":{"iob":-0.945,"basaliob":-0.947,"bolussnooze":0,"activity":-0.011,"lastBolusTime":1703077874822,"time":"2023-12-20T16:45:55.678Z"}},{"iob":0,"basaliob":-0.002,"bolussnooze":0,"activity":0,"lastBolusTime":1703077874822,"time":"2023-12-20T16:50:55.678Z","iobWithZeroTemp":{"iob":-0.947,"basaliob":-0.949,"bolussnooze":0,"activity":-0.0111,"lastBolusTime":1703077874822,"time":"2023-12-20T16:50:55.678Z"}},{"iob":0,"basaliob":-0.002,"bolussnooze":0,"activity":0,"lastBolusTime":1703077874822,"time":"2023-12-20T16:55:55.678Z","iobWithZeroTemp":{"iob":-0.95,"basaliob":-0.952,"bolussnooze":0,"activity":-0.0112,"lastBolusTime":1703077874822,"time":"2023-12-20T16:55:55.678Z"}},{"iob":-0.001,"basaliob":-0.002,"bolussnooze":0,"activity":-1.0E-4,"lastBolusTime":1703077874822,"time":"2023-12-20T17:00:55.678Z","iobWithZeroTemp":{"iob":-0.953,"basaliob":-0.954,"bolussnooze":0,"activity":-0.0113,"lastBolusTime":1703077874822,"time":"2023-12-20T17:00:55.678Z"}},{"iob":0,"basaliob":-0.001,"bolussnooze":0,"activity":0,"lastBolusTime":1703077874822,"time":"2023-12-20T17:05:55.678Z","iobWithZeroTemp":{"iob":-0.962,"basaliob":-0.963,"bolussnooze":0,"activity":-0.0113,"lastBolusTime":1703077874822,"time":"2023-12-20T17:05:55.678Z"}},{"iob":0,"basaliob":-0.001,"bolussnooze":0,"activity":0,"lastBolusTime":1703077874822,"time":"2023-12-20T17:10:55.678Z","iobWithZeroTemp":{"iob":-0.972,"basaliob":-0.973,"bolussnooze":0,"activity":-0.0114,"lastBolusTime":1703077874822,"time":"2023-12-20T17:10:55.678Z"}},{"iob":0,"basaliob":-0.001,"bolussnooze":0,"activity":0,"lastBolusTime":1703077874822,"time":"2023-12-20T17:15:55.678Z","iobWithZeroTemp":{"iob":-0.982,"basaliob":-0.983,"bolussnooze":0,"activity":-0.0115,"lastBolusTime":1703077874822,"time":"2023-12-20T17:15:55.678Z"}},{"iob":0,"basaliob":-0.001,"bolussnooze":0,"activity":0,"lastBolusTime":1703077874822,"time":"2023-12-20T17:20:55.678Z","iobWithZeroTemp":{"iob":-0.991,"basaliob":-0.992,"bolussnooze":0,"activity":-0.0116,"lastBolusTime":1703077874822,"time":"2023-12-20T17:20:55.678Z"}},{"iob":0,"basaliob":-0.001,"bolussnooze":0,"activity":0,"lastBolusTime":1703077874822,"time":"2023-12-20T17:25:55.678Z","iobWithZeroTemp":{"iob":-1,"basaliob":-1.001,"bolussnooze":0,"activity":-0.0116,"lastBolusTime":1703077874822,"time":"2023-12-20T17:25:55.678Z"}},{"iob":0,"basaliob":-0.001,"bolussnooze":0,"activity":0,"lastBolusTime":1703077874822,"time":"2023-12-20T17:30:55.678Z","iobWithZeroTemp":{"iob":-1.008,"basaliob":-1.009,"bolussnooze":0,"activity":-0.0117,"lastBolusTime":1703077874822,"time":"2023-12-20T17:30:55.678Z"}}],"profile":{"max_iob":7,"type":"current","max_daily_basal":0.8,"max_basal":4.8,"min_bg":80,"max_bg":90,"target_bg":85,"carb_ratio":16,"sens":57,"max_daily_safety_multiplier":9,"current_basal_safety_multiplier":8,"lgsThreshold":65,"high_temptarget_raises_sensitivity":false,"low_temptarget_lowers_sensitivity":false,"sensitivity_raises_target":false,"resistance_lowers_target":false,"adv_target_adjustments":false,"exercise_mode":false,"half_basal_exercise_target":160,"maxCOB":120,"skip_neutral_temps":false,"remainingCarbsCap":90,"enableUAM":true,"A52_risk_enable":false,"SMBInterval":3,"enableSMB_with_COB":true,"enableSMB_with_temptarget":true,"allowSMB_with_high_temptarget":true,"enableSMB_always":true,"enableSMB_after_carbs":true,"maxSMBBasalMinutes":120,"maxUAMSMBBasalMinutes":90,"bolus_increment":0.05,"carbsReqThreshold":5,"current_basal":0.6,"temptargetSet":false,"autosens_max":1.6,"autosens_min":0.6,"variable_sens":133.7,"insulinDivisor":75,"TDD":18.228585714285718},"autosens_data":{"ratio":0.9922782098974191},"meal_data":{"carbs":0,"mealCOB":0,"slopeFromMaxDeviation":-1.61,"slopeFromMinDeviation":0.1237142857142857,"lastBolusTime":1703077874822,"lastCarbTime":0},"microBolusAllowed":true,"currentTime":1703079360087,"flatBGsDetected":false,"tdd1D":21.666666666666675,"tdd7D":21.121428571428574,"tddLast24H":20.958333333333346,"tddLast4H":1.8583333333333334,"tddLast8to4H":2.2249999999999996},"output":{"temp":"absolute","bg":82,"tick":-1,"eventualBG":84,"targetBG":85,"insulinReq":-0.05,"deliverAt":"2023-12-20T13:36:00.087Z","sensitivityRatio":0.9922782098974191,"variable_sens":133.7,"predBGs":{"IOB":[82,81,80,80,79,79,78,78,78,77,77,77,78,78,78,78,78,78,78,78,78,78,79],"ZT":[82,82,83,83,84,85,86]},"reason":"COB: 0, Dev: -2, BGI: 0, ISF: 134, CR: 16, Target: 85, minPredBG 78, minGuardBG 77, IOBpredBG 79;  insulinReq -0.05; setting 30m low temp of 0.04U\/h. ","COB":0,"IOB":-0.032,"rate":0.04,"duration":30,"timestamp":"2023-12-20T13:36:00.210Z"}}