{"algorithm":"OpenAPSSMBDynamicISFPlugin","input":{"glucoseStatus":{"glucose":80,"noise":0,"delta":-1,"short_avgdelta":-0.61,"long_avgdelta":0.75,"date":1703073638000},"currenttemp":{"temp":"absolute","duration":20,"rate":0.5,"minutesrunning":10},"iob_data":[{"iob":-0.093,"basaliob":-0.182,"bolussnooze":0,"activity":-0.002,"lastBolusTime":1703072489509,"time":"2023-12-20T12:00:57.598Z","iobWithZeroTemp":{"iob":-0.093,"basaliob":-0.182,"bolussnooze":0,"activity":-0.002,"lastBolusTime":1703072489509,"time":"2023-12-20T12:00:57.598Z"}},{"iob":-0.083,"basaliob":-0.167,"bolussnooze":0,"activity":-0.0018,"lastBolusTime":1703072489509,"time":"2023-12-20T12:05:57.598Z","iobWithZeroTemp":{"iob":-0.123,"basaliob":-0.207,"bolussnooze":0,"activity":-0.0018,"lastBolusTime":1703072489509,"time":"2023-12-20T12:05:57.598Z"}},{"iob":-0.075,"basaliob":-0.153,"bolussnooze":0,"activity":-0.0016,"lastBolusTime":1703072489509,"time":"2023-12-20T12:10:57.598Z","iobWithZeroTemp":{"iob":-0.164,"basaliob":-0.242,"bolussnooze":0,"activity":-0.0018,"lastBolusTime":1703072489509,"time":"2023-12-20T12:10:57.598Z"}},{"iob":-0.067,"basaliob":-0.14,"bolussnooze":0,"activity":-0.0015,"lastBolusTime":1703072489509,"time":"2023-12-20T12:15:57.598Z","iobWithZeroTemp":{"iob":-0.205,"basaliob":-0.278,"bolussnooze":0,"activity":-0.0019,"lastBolusTime":1703072489509,"time":"2023-12-20T12:15:57.598Z"}},{"iob":-0.06,"basaliob":-0.128,"bolussnooze":0,"activity":-0.0013,"lastBolusTime":1703072489509,"time":"2023-12-20T12:20:57.598Z","iobWithZeroTemp":{"iob":-0.245,"basaliob":-0.313,"bolussnooze":0,"activity":-0.002,"lastBolusTime":1703072489509,"time":"2023-12-20T12:20:57.598Z"}},{"iob":-0.053,"basaliob":-0.116,"bolussnooze":0,"activity":-0.0012,"lastBolusTime":1703072489509,"time":"2023-12-20T12:25:57.598Z","iobWithZeroTemp":{"iob":-0.284,"basaliob":-0.347,"bolussnooze":0,"activity":-0.0023,"lastBolusTime":1703072489509,"time":"2023-12-20T12:25:57.598Z"}},{"iob":-0.048,"basaliob":-0.106,"bolussnooze":0,"activity":-0.0011,"lastBolusTime":1703072489509,"time":"2023-12-20T12:30:57.598Z","iobWithZeroTemp":{"iob":-0.323,"basaliob":-0.381,"bolussnooze":0,"activity":-0.0025,"lastBolusTime":1703072489509,"time":"2023-12-20T12:30:57.598Z"}},{"iob":-0.042,"basaliob":-0.096,"bolussnooze":0,"activity":-0.001,"lastBolusTime":1703072489509,"time":"2023-12-20T12:35:57.598Z","iobWithZeroTemp":{"iob":-0.358,"basaliob":-0.412,"bolussnooze":0,"activity":-0.0028,"lastBolusTime":1703072489509,"time":"2023-12-20T12:35:57.598Z"}},{"iob":-0.038,"basaliob":-0.087,"bolussnooze":0,"activity":-9.0E-4,"lastBolusTime":1703072489509,"time":"2023-12-20T12:40:57.598Z","iobWithZeroTemp":{"iob":-0.394,"basaliob":-0.443,"bolussnooze":0,"activity":-0.0032,"lastBolusTime":1703072489509,"time":"2023-12-20T12:40:57.598Z"}},{"iob":-0.034,"basaliob":-0.079,"bolussnooze":0,"activity":-8.0E-4,"lastBolusTime":1703072489509,"time":"2023-12-20T12:45:57.598Z","iobWithZeroTemp":{"iob":-0.428,"basaliob":-0.473,"bolussnooze":0,"activity":-0.0035,"lastBolusTime":1703072489509,"time":"2023-12-20T12:45:57.598Z"}},{"iob":-0.029,"basaliob":-0.071,"bolussnooze":0,"activity":-8.0E-4,"lastBolusTime":1703072489509,"time":"2023-12-20T12:50:57.598Z","iobWithZeroTemp":{"iob":-0.458,"basaliob":-0.5,"bolussnooze":0,"activity":-0.0039,"lastBolusTime":1703072489509,"time":"2023-12-20T12:50:57.598Z"}},{"iob":-0.026,"basaliob":-0.064,"bolussnooze":0,"activity":-6.0E-4,"lastBolusTime":1703072489509,"time":"2023-12-20T12:55:57.598Z","iobWithZeroTemp":{"iob":-0.488,"basaliob":-0.526,"bolussnooze":0,"activity":-0.0042,"lastBolusTime":1703072489509,"time":"2023-12-20T12:55:57.598Z"}},{"iob":-0.023,"basaliob":-0.058,"bolussnooze":0,"activity":-6.0E-4,"lastBolusTime":1703072489509,"time":"2023-12-20T13:00:57.598Z","iobWithZeroTemp":{"iob":-0.517,"basaliob":-0.552,"bolussnooze":0,"activity":-0.0046,"lastBolusTime":1703072489509,"time":"2023-12-20T13:00:57.598Z"}},{"iob":-0.02,"basaliob":-0.052,"bolussnooze":0,"activity":-5.0E-4,"lastBolusTime":1703072489509,"time":"2023-12-20T13:05:57.598Z","iobWithZeroTemp":{"iob":-0.543,"basaliob":-0.575,"bolussnooze":0,"activity":-0.0049,"lastBolusTime":1703072489509,"time":"2023-12-20T13:05:57.598Z"}},{"iob":-0.017,"basaliob":-0.046,"bolussnooze":0,"activity":-4.0E-4,"lastBolusTime":1703072489509,"time":"2023-12-20T13:10:57.598Z","iobWithZeroTemp":{"iob":-0.567,"basaliob":-0.596,"bolussnooze":0,"activity":-0.0052,"lastBolusTime":1703072489509,"time":"2023-12-20T13:10:57.598Z"}},{"iob":-0.015,"basaliob":-0.041,"bolussnooze":0,"activity":-4.0E-4,"lastBolusTime":1703072489509,"time":"2023-12-20T13:15:57.598Z","iobWithZeroTemp":{"iob":-0.59,"basaliob":-0.616,"bolussnooze":0,"activity":-0.0056,"lastBolusTime":1703072489509,"time":"2023-12-20T13:15:57.598Z"}},{"iob":-0.013,"basaliob":-0.037,"bolussnooze":0,"activity":-3.0E-4,"lastBolusTime":1703072489509,"time":"2023-12-20T13:20:57.598Z","iobWithZeroTemp":{"iob":-0.611,"basaliob":-0.635,"bolussnooze":0,"activity":-0.0058,"lastBolusTime":1703072489509,"time":"2023-12-20T13:20:57.598Z"}},{"iob":-0.011,"basaliob":-0.033,"bolussnooze":0,"activity":-4.0E-4,"lastBolusTime":1703072489509,"time":"2023-12-20T13:25:57.598Z","iobWithZeroTemp":{"iob":-0.631,"basaliob":-0.653,"bolussnooze":0,"activity":-0.0063,"lastBolusTime":1703072489509,"time":"2023-12-20T13:25:57.598Z"}},{"iob":-0.01,"basaliob":-0.029,"bolussnooze":0,"activity":-3.0E-4,"lastBolusTime":1703072489509,"time":"2023-12-20T13:30:57.598Z","iobWithZeroTemp":{"iob":-0.65,"basaliob":-0.669,"bolussnooze":0,"activity":-0.0065,"lastBolusTime":1703072489509,"time":"2023-12-20T13:30:57.598Z"}},{"iob":-0.008,"basaliob":-0.026,"bolussnooze":0,"activity":-2.0E-4,"lastBolusTime":1703072489509,"time":"2023-12-20T13:35:57.598Z","iobWithZeroTemp":{"iob":-0.666,"basaliob":-0.684,"bolussnooze":0,"activity":-0.0067,"lastBolusTime":1703072489509,"time":"2023-12-20T13:35:57.598Z"}},{"iob":-0.007,"basaliob":-0.023,"bolussnooze":0,"activity":-3.0E-4,"lastBolusTime":1703072489509,"time":"2023-12-20T13:40:57.598Z","iobWithZeroTemp":{"iob":-0.682,"basaliob":-0.698,"bolussnooze":0,"activity":-0.0071,"lastBolusTime":1703072489509,"time":"2023-12-20T13:40:57.598Z"}},{"iob":-0.006,"basaliob":-0.02,"bolussnooze":0,"activity":-2.0E-4,"lastBolusTime":1703072489509,"time":"2023-12-20T13:45:57.598Z","iobWithZeroTemp":{"iob":-0.696,"basaliob":-0.71,"bolussnooze":0,"activity":-0.0073,"lastBolusTime":1703072489509,"time":"2023-12-20T13:45:57.598Z"}},{"iob":-0.005,"basaliob":-0.018,"bolussnooze":0,"activity":-2.0E-4,"lastBolusTime":1703072489509,"time":"2023-12-20T13:50:57.598Z","iobWithZeroTemp":{"iob":-0.709,"basaliob":-0.722,"bolussnooze":0,"activity":-0.0075,"lastBolusTime":1703072489509,"time":"2023-12-20T13:50:57.598Z"}},{"iob":-0.005,"basaliob":-0.016,"bolussnooze":0,"activity":-1.0E-4,"lastBolusTime":1703072489509,"time":"2023-12-20T13:55:57.598Z","iobWithZeroTemp":{"iob":-0.722,"basaliob":-0.733,"bolussnooze":0,"activity":-0.0077,"lastBolusTime":1703072489509,"time":"2023-12-20T13:55:57.598Z"}},{"iob":-0.004,"basaliob":-0.014,"bolussnooze":0,"activity":-2.0E-4,"lastBolusTime":1703072489509,"time":"2023-12-20T14:00:57.598Z","iobWithZeroTemp":{"iob":-0.733,"basaliob":-0.743,"bolussnooze":0,"activity":-0.008,"lastBolusTime":1703072489509,"time":"2023-12-20T14:00:57.598Z"}},{"iob":-0.003,"basaliob":-0.012,"bolussnooze":0,"activity":-1.0E-4,"lastBolusTime":1703072489509,"time":"2023-12-20T14:05:57.598Z","iobWithZeroTemp":{"iob":-0.751,"basaliob":-0.76,"bolussnooze":0,"activity":-0.0081,"lastBolusTime":1703072489509,"time":"2023-12-20T14:05:57.598Z"}},{"iob":-0.002,"basaliob":-0.01,"bolussnooze":0,"activity":-1.0E-4,"lastBolusTime":1703072489509,"time":"2023-12-20T14:10:57.598Z","iobWithZeroTemp":{"iob":-0.767,"basaliob":-0.775,"bolussnooze":0,"activity":-0.0083,"lastBolusTime":1703072489509,"time":"2023-12-20T14:10:57.598Z"}},{"iob":-0.002,"basaliob":-0.009,"bolussnooze":0,"activity":-1.0E-4,"lastBolusTime":1703072489509,"time":"2023-12-20T14:15:57.598Z","iobWithZeroTemp":{"iob":-0.784,"basaliob":-0.791,"bolussnooze":0,"activity":-0.0085,"lastBolusTime":1703072489509,"time":"2023-12-20T14:15:57.598Z"}},{"iob":-0.002,"basaliob":-0.008,"bolussnooze":0,"activity":0,"lastBolusTime":1703072489509,"time":"2023-12-20T14:20:57.598Z","iobWithZeroTemp":{"iob":-0.8,"basaliob":-0.806,"bolussnooze":0,"activity":-0.0086,"lastBolusTime":1703072489509,"time":"2023-12-20T14:20:57.598Z"}},{"iob":-0.001,"basaliob":-0.007,"bolussnooze":0,"activity":-1.0E-4,"lastBolusTime":1703072489509,"time":"2023-12-20T14:25:57.598Z","iobWithZeroTemp":{"iob":-0.813,"basaliob":-0.819,"bolussnooze":0,"activity":-0.0089,"lastBolusTime":1703072489509,"time":"2023-12-20T14:25:57.598Z"}},{"iob":-0.001,"basaliob":-0.006,"bolussnooze":0,"activity":-1.0E-4,"lastBolusTime":1703072489509,"time":"2023-12-20T14:30:57.598Z","iobWithZeroTemp":{"iob":-0.827,"basaliob":-0.832,"bolussnooze":0,"activity":-0.0091,"lastBolusTime":1703072489509,"time":"2023-12-20T14:30:57.598Z"}},{"iob":-0.001,"basaliob":-0.005,"bolussnooze":0,"activity":-1.0E-4,"lastBolusTime":1703072489509,"time":"2023-12-20T14:35:57.598Z","iobWithZeroTemp":{"iob":-0.84,"basaliob":-0.844,"bolussnooze":0,"activity":-0.0093,"lastBolusTime":1703072489509,"time":"2023-12-20T14:35:57.598Z"}},{"iob":0,"basaliob":-0.004,"bolussnooze":0,"activity":0,"lastBolusTime":1703072489509,"time":"2023-12-20T14:40:57.598Z","iobWithZeroTemp":{"iob":-0.85,"basaliob":-0.854,"bolussnooze":0,"activity":-0.0094,"lastBolusTime":1703072489509,"time":"2023-12-20T14:40:57.598Z"}},{"iob":0,"basaliob":-0.003,"bolussnooze":0,"activity":0,"lastBolusTime":1703072489509,"time":"2023-12-20T14:45:57.598Z","iobWithZeroTemp":{"iob":-0.861,"basaliob":-0.864,"bolussnooze":0,"activity":-0.0096,"lastBolusTime":1703072489509,"time":"2023-12-20T14:45:57.598Z"}},{"iob":0,"basaliob":-0.003,"bolussnooze":0,"activity":0,"lastBolusTime":1703072489509,"time":"2023-12-20T14:50:57.598Z","iobWithZeroTemp":{"iob":-0.871,"basaliob":-0.874,"bolussnooze":0,"activity":-0.0098,"lastBolusTime":1703072489509,"time":"2023-12-20T14:50:57.598Z"}},{"iob":0.001,"basaliob":-0.002,"bolussnooze":0,"activity":0,"lastBolusTime":1703072489509,"time":"2023-12-20T14:55:57.598Z","iobWithZeroTemp":{"iob":-0.879,"basaliob":-0.882,"bolussnooze":0,"activity":-0.0099,"lastBolusTime":1703072489509,"time":"2023-12-20T14:55:57.598Z"}},{"iob":0,"basaliob":-0.002,"bolussnooze":0,"activity":0,"lastBolusTime":1703072489509,"time":"2023-12-20T15:00:57.598Z","iobWithZeroTemp":{"iob":-0.889,"basaliob":-0.891,"bolussnooze":0,"activity":-0.0101,"lastBolusTime":1703072489509,"time":"2023-12-20T15:00:57.598Z"}},{"iob":0.001,"basaliob":-0.001,"bolussnooze":0,"activity":0,"lastBolusTime":1703072489509,"time":"2023-12-20T15:05:57.598Z","iobWithZeroTemp":{"iob":-0.896,"basaliob":-0.898,"bolussnooze":0,"activity":-0.0102,"lastBolusTime":1703072489509,"time":"2023-12-20T15:05:57.598Z"}},{"iob":0.001,"basaliob":-0.001,"bolussnooze":0,"activity":-1.0E-4,"lastBolusTime":1703072489509,"time":"2023-12-20T15:10:57.598Z","iobWithZeroTemp":{"iob":-0.903,"basaliob":-0.905,"bolussnooze":0,"activity":-0.0104,"lastBolusTime":1703072489509,"time":"2023-12-20T15:10:57.598Z"}},{"iob":0,"basaliob":-0.001,"bolussnooze":0,"activity":0,"lastBolusTime":1703072489509,"time":"2023-12-20T15:15:57.598Z","iobWithZeroTemp":{"iob":-0.91,"basaliob":-0.911,"bolussnooze":0,"activity":-0.0104,"lastBolusTime":1703072489509,"time":"2023-12-20T15:15:57.598Z"}},{"iob":0,"basaliob":-0.001,"bolussnooze":0,"activity":0,"lastBolusTime":1703072489509,"time":"2023-12-20T15:20:57.598Z","iobWithZeroTemp":{"iob":-0.916,"basaliob":-0.917,"bolussnooze":0,"activity":-0.0106,"lastBolusTime":1703072489509,"time":"2023-12-20T15:20:57.598Z"}},{"iob":0,"basaliob":-0.001,"bolussnooze":0,"activity":0,"lastBolusTime":1703072489509,"time":"2023-12-20T15:25:57.598Z","iobWithZeroTemp":{"iob":-0.921,"basaliob":-0.922,"bolussnooze":0,"activity":-0.0107,"lastBolusTime":1703072489509,"time":"2023-12-20T15:25:57.598Z"}},{"iob":0.001,"basaliob":0,"bolussnooze":0,"activity":0,"lastBolusTime":1703072489509,"time":"2023-12-20T15:30:57.598Z","iobWithZeroTemp":{"iob":-0.925,"basaliob":-0.926,"bolussnooze":0,"activity":-0.0108,"lastBolusTime":1703072489509,"time":"2023-12-20T15:30:57.598Z"}},{"iob":0.001,"basaliob":0,"bolussnooze":0,"activity":0,"lastBolusTime":1703072489509,"time":"2023-12-20T15:35:57.598Z","iobWithZeroTemp":{"iob":-0.929,"basaliob":-0.93,"bolussnooze":0,"activity":-0.0108,"lastBolusTime":1703072489509,"time":"2023-12-20T15:35:57.598Z"}},{"iob":0.001,"basaliob":0,"bolussnooze":0,"activity":0,"lastBolusTime":1703072489509,"time":"2023-12-20T15:40:57.598Z","iobWithZeroTemp":{"iob":-0.933,"basaliob":-0.934,"bolussnooze":0,"activity":-0.0109,"lastBolusTime":1703072489509,"time":"2023-12-20T15:40:57.598Z"}},{"iob":0.001,"basaliob":0,"bolussnooze":0,"activity":0,"lastBolusTime":1703072489509,"time":"2023-12-20T15:45:57.598Z","iobWithZeroTemp":{"iob":-0.937,"basaliob":-0.938,"bolussnooze":0,"activity":-0.011,"lastBolusTime":1703072489509,"time":"2023-12-20T15:45:57.598Z"}},{"iob":0,"basaliob":0,"bolussnooze":0,"activity":0,"lastBolusTime":1703072489509,"time":"2023-12-20T15:50:57.598Z","iobWithZeroTemp":{"iob":-0.941,"basaliob":-0.941,"bolussnooze":0,"activity":-0.0111,"lastBolusTime":1703072489509,"time":"2023-12-20T15:50:57.598Z"}},{"iob":0,"basaliob":0,"bolussnooze":0,"activity":0,"lastBolusTime":1703072489509,"time":"2023-12-20T15:55:57.598Z","iobWithZeroTemp":{"iob":-0.944,"basaliob":-0.944,"bolussnooze":0,"activity":-0.0111,"lastBolusTime":1703072489509,"time":"2023-12-20T15:55:57.598Z"}}],"profile":{"max_iob":7,"type":"current","max_daily_basal":0.8,"max_basal":4.8,"min_bg":80,"max_bg":90,"target_bg":85,"carb_ratio":16,"sens":57,"max_daily_safety_multiplier":9,"current_basal_safety_multiplier":8,"lgsThreshold":65,"high_temptarget_raises_sensitivity":false,"low_temptarget_lowers_sensitivity":false,"sensitivity_raises_target":false,"resistance_lowers_target":false,"adv_target_adjustments":false,"exercise_mode":false,"half_basal_exercise_target":160,"maxCOB":120,"skip_neutral_temps":false,"remainingCarbsCap":90,"enableUAM":true,"A52_risk_enable":false,"SMBInterval":3,"enableSMB_with_COB":true,"enableSMB_with_temptarget":true,"allowSMB_with_high_temptarget":true,"enableSMB_always":true,"enableSMB_after_carbs":true,"maxSMBBasalMinutes":120,"maxUAMSMBBasalMinutes":90,"bolus_increment":0.05,"carbsReqThreshold":5,"current_basal":0.6,"temptargetSet":false,"autosens_max":1.6,"autosens_min":0.6,"variable_sens":129.9,"insulinDivisor":75,"TDD":19.08163571428572},"autosens_data":{"ratio":0.9867545936196599},"meal_data":{"carbs":0,"mealCOB":0,"slopeFromMaxDeviation":-1.6090000000000002,"slopeFromMinDeviation":0.26236363636363635,"lastBolusTime":1703072489509,"lastCarbTime":0},"microBolusAllowed":true,"currentTime":1703073660046,"flatBGsDetected":false,"tdd1D":21.666666666666675,"tdd7D":21.121428571428574,"tddLast24H":20.841666666666676,"tddLast4H":1.879166666666667,"tddLast8to4H":3.6125000000000003},"output":{"temp":"absolute","bg":80,"tick":-1,"eventualBG":89,"targetBG":85,"insulinReq":-0.05,"deliverAt":"2023-12-20T12:01:00.046Z","sensitivityRatio":0.9867545936196599,"variable_sens":129.9,"predBGs":{"IOB":[80,79,78,78,77,77,76,76,76,76,76,77,77,77,78,78,78,79,79,79,79,79,79,80],"ZT":[80,81,82,84,85,86,87]},"reason":"COB: 0, Dev: -3, BGI: 1, ISF: 130, CR: 16, Target: 85, minPredBG 79, minGuardBG 76, IOBpredBG 80;  insulinReq -0.05. 20m@0.50 > 2 * insulinReq. Setting temp basal of 0.49U\/hr. ","COB":0,"IOB":-0.093,"duration":30,"rate":0.4920527561717959,"timestamp":"2023-12-20T12:01:00.051Z"}}