{"algorithm":"OpenAPSSMBDynamicISFPlugin","input":{"glucoseStatus":{"glucose":72,"noise":0,"delta":1,"short_avgdelta":0.67,"long_avgdelta":-0.58,"date":1703163037000},"currenttemp":{"temp":"absolute","duration":0,"rate":0},"iob_data":[{"iob":-0.185,"basaliob":-0.254,"bolussnooze":0,"activity":-0.002,"lastBolusTime":1703160072925,"time":"2023-12-21T12:50:58.989Z","iobWithZeroTemp":{"iob":-0.185,"basaliob":-0.254,"bolussnooze":0,"activity":-0.002,"lastBolusTime":1703160072925,"time":"2023-12-21T12:50:58.989Z"}},{"iob":-0.175,"basaliob":-0.238,"bolussnooze":0,"activity":-0.002,"lastBolusTime":1703160072925,"time":"2023-12-21T12:55:58.989Z","iobWithZeroTemp":{"iob":-0.215,"basaliob":-0.278,"bolussnooze":0,"activity":-0.002,"lastBolusTime":1703160072925,"time":"2023-12-21T12:55:58.989Z"}},{"iob":-0.165,"basaliob":-0.223,"bolussnooze":0,"activity":-0.002,"lastBolusTime":1703160072925,"time":"2023-12-21T13:00:58.989Z","iobWithZeroTemp":{"iob":-0.254,"basaliob":-0.312,"bolussnooze":0,"activity":-0.0022,"lastBolusTime":1703160072925,"time":"2023-12-21T13:00:58.989Z"}},{"iob":-0.155,"basaliob":-0.208,"bolussnooze":0,"activity":-0.002,"lastBolusTime":1703160072925,"time":"2023-12-21T13:05:58.989Z","iobWithZeroTemp":{"iob":-0.293,"basaliob":-0.346,"bolussnooze":0,"activity":-0.0024,"lastBolusTime":1703160072925,"time":"2023-12-21T13:05:58.989Z"}},{"iob":-0.145,"basaliob":-0.194,"bolussnooze":0,"activity":-0.0019,"lastBolusTime":1703160072925,"time":"2023-12-21T13:10:58.989Z","iobWithZeroTemp":{"iob":-0.33,"basaliob":-0.379,"bolussnooze":0,"activity":-0.0026,"lastBolusTime":1703160072925,"time":"2023-12-21T13:10:58.989Z"}},{"iob":-0.135,"basaliob":-0.18,"bolussnooze":0,"activity":-0.0019,"lastBolusTime":1703160072925,"time":"2023-12-21T13:15:58.989Z","iobWithZeroTemp":{"iob":-0.366,"basaliob":-0.411,"bolussnooze":0,"activity":-0.003,"lastBolusTime":1703160072925,"time":"2023-12-21T13:15:58.989Z"}},{"iob":-0.126,"basaliob":-0.167,"bolussnooze":0,"activity":-0.0018,"lastBolusTime":1703160072925,"time":"2023-12-21T13:20:58.989Z","iobWithZeroTemp":{"iob":-0.401,"basaliob":-0.442,"bolussnooze":0,"activity":-0.0032,"lastBolusTime":1703160072925,"time":"2023-12-21T13:20:58.989Z"}},{"iob":-0.117,"basaliob":-0.154,"bolussnooze":0,"activity":-0.0018,"lastBolusTime":1703160072925,"time":"2023-12-21T13:25:58.989Z","iobWithZeroTemp":{"iob":-0.433,"basaliob":-0.47,"bolussnooze":0,"activity":-0.0036,"lastBolusTime":1703160072925,"time":"2023-12-21T13:25:58.989Z"}},{"iob":-0.108,"basaliob":-0.142,"bolussnooze":0,"activity":-0.0016,"lastBolusTime":1703160072925,"time":"2023-12-21T13:30:58.989Z","iobWithZeroTemp":{"iob":-0.464,"basaliob":-0.498,"bolussnooze":0,"activity":-0.0039,"lastBolusTime":1703160072925,"time":"2023-12-21T13:30:58.989Z"}},{"iob":-0.1,"basaliob":-0.131,"bolussnooze":0,"activity":-0.0016,"lastBolusTime":1703160072925,"time":"2023-12-21T13:35:58.989Z","iobWithZeroTemp":{"iob":-0.494,"basaliob":-0.525,"bolussnooze":0,"activity":-0.0043,"lastBolusTime":1703160072925,"time":"2023-12-21T13:35:58.989Z"}},{"iob":-0.092,"basaliob":-0.12,"bolussnooze":0,"activity":-0.0015,"lastBolusTime":1703160072925,"time":"2023-12-21T13:40:58.989Z","iobWithZeroTemp":{"iob":-0.521,"basaliob":-0.549,"bolussnooze":0,"activity":-0.0046,"lastBolusTime":1703160072925,"time":"2023-12-21T13:40:58.989Z"}},{"iob":-0.085,"basaliob":-0.11,"bolussnooze":0,"activity":-0.0014,"lastBolusTime":1703160072925,"time":"2023-12-21T13:45:58.989Z","iobWithZeroTemp":{"iob":-0.547,"basaliob":-0.572,"bolussnooze":0,"activity":-0.005,"lastBolusTime":1703160072925,"time":"2023-12-21T13:45:58.989Z"}},{"iob":-0.077,"basaliob":-0.1,"bolussnooze":0,"activity":-0.0013,"lastBolusTime":1703160072925,"time":"2023-12-21T13:50:58.989Z","iobWithZeroTemp":{"iob":-0.571,"basaliob":-0.594,"bolussnooze":0,"activity":-0.0053,"lastBolusTime":1703160072925,"time":"2023-12-21T13:50:58.989Z"}},{"iob":-0.072,"basaliob":-0.092,"bolussnooze":0,"activity":-0.0013,"lastBolusTime":1703160072925,"time":"2023-12-21T13:55:58.989Z","iobWithZeroTemp":{"iob":-0.595,"basaliob":-0.615,"bolussnooze":0,"activity":-0.0057,"lastBolusTime":1703160072925,"time":"2023-12-21T13:55:58.989Z"}},{"iob":-0.065,"basaliob":-0.083,"bolussnooze":0,"activity":-0.0012,"lastBolusTime":1703160072925,"time":"2023-12-21T14:00:58.989Z","iobWithZeroTemp":{"iob":-0.615,"basaliob":-0.633,"bolussnooze":0,"activity":-0.006,"lastBolusTime":1703160072925,"time":"2023-12-21T14:00:58.989Z"}},{"iob":-0.06,"basaliob":-0.076,"bolussnooze":0,"activity":-0.0011,"lastBolusTime":1703160072925,"time":"2023-12-21T14:05:58.989Z","iobWithZeroTemp":{"iob":-0.643,"basaliob":-0.659,"bolussnooze":0,"activity":-0.0063,"lastBolusTime":1703160072925,"time":"2023-12-21T14:05:58.989Z"}},{"iob":-0.054,"basaliob":-0.069,"bolussnooze":0,"activity":-0.0011,"lastBolusTime":1703160072925,"time":"2023-12-21T14:10:58.989Z","iobWithZeroTemp":{"iob":-0.669,"basaliob":-0.684,"bolussnooze":0,"activity":-0.0067,"lastBolusTime":1703160072925,"time":"2023-12-21T14:10:58.989Z"}},{"iob":-0.049,"basaliob":-0.062,"bolussnooze":0,"activity":-9.0E-4,"lastBolusTime":1703160072925,"time":"2023-12-21T14:15:58.989Z","iobWithZeroTemp":{"iob":-0.693,"basaliob":-0.706,"bolussnooze":0,"activity":-0.0068,"lastBolusTime":1703160072925,"time":"2023-12-21T14:15:58.989Z"}},{"iob":-0.044,"basaliob":-0.056,"bolussnooze":0,"activity":-8.0E-4,"lastBolusTime":1703160072925,"time":"2023-12-21T14:20:58.989Z","iobWithZeroTemp":{"iob":-0.716,"basaliob":-0.728,"bolussnooze":0,"activity":-0.0071,"lastBolusTime":1703160072925,"time":"2023-12-21T14:20:58.989Z"}},{"iob":-0.041,"basaliob":-0.051,"bolussnooze":0,"activity":-9.0E-4,"lastBolusTime":1703160072925,"time":"2023-12-21T14:25:58.989Z","iobWithZeroTemp":{"iob":-0.738,"basaliob":-0.748,"bolussnooze":0,"activity":-0.0076,"lastBolusTime":1703160072925,"time":"2023-12-21T14:25:58.989Z"}},{"iob":-0.037,"basaliob":-0.046,"bolussnooze":0,"activity":-8.0E-4,"lastBolusTime":1703160072925,"time":"2023-12-21T14:30:58.989Z","iobWithZeroTemp":{"iob":-0.758,"basaliob":-0.767,"bolussnooze":0,"activity":-0.0078,"lastBolusTime":1703160072925,"time":"2023-12-21T14:30:58.989Z"}},{"iob":-0.033,"basaliob":-0.041,"bolussnooze":0,"activity":-7.0E-4,"lastBolusTime":1703160072925,"time":"2023-12-21T14:35:58.989Z","iobWithZeroTemp":{"iob":-0.777,"basaliob":-0.785,"bolussnooze":0,"activity":-0.0081,"lastBolusTime":1703160072925,"time":"2023-12-21T14:35:58.989Z"}},{"iob":-0.03,"basaliob":-0.037,"bolussnooze":0,"activity":-6.0E-4,"lastBolusTime":1703160072925,"time":"2023-12-21T14:40:58.989Z","iobWithZeroTemp":{"iob":-0.794,"basaliob":-0.801,"bolussnooze":0,"activity":-0.0083,"lastBolusTime":1703160072925,"time":"2023-12-21T14:40:58.989Z"}},{"iob":-0.027,"basaliob":-0.033,"bolussnooze":0,"activity":-5.0E-4,"lastBolusTime":1703160072925,"time":"2023-12-21T14:45:58.989Z","iobWithZeroTemp":{"iob":-0.81,"basaliob":-0.816,"bolussnooze":0,"activity":-0.0085,"lastBolusTime":1703160072925,"time":"2023-12-21T14:45:58.989Z"}},{"iob":-0.024,"basaliob":-0.03,"bolussnooze":0,"activity":-6.0E-4,"lastBolusTime":1703160072925,"time":"2023-12-21T14:50:58.989Z","iobWithZeroTemp":{"iob":-0.825,"basaliob":-0.831,"bolussnooze":0,"activity":-0.0089,"lastBolusTime":1703160072925,"time":"2023-12-21T14:50:58.989Z"}},{"iob":-0.021,"basaliob":-0.026,"bolussnooze":0,"activity":-5.0E-4,"lastBolusTime":1703160072925,"time":"2023-12-21T14:55:58.989Z","iobWithZeroTemp":{"iob":-0.838,"basaliob":-0.843,"bolussnooze":0,"activity":-0.0091,"lastBolusTime":1703160072925,"time":"2023-12-21T14:55:58.989Z"}},{"iob":-0.02,"basaliob":-0.024,"bolussnooze":0,"activity":-5.0E-4,"lastBolusTime":1703160072925,"time":"2023-12-21T15:00:58.989Z","iobWithZeroTemp":{"iob":-0.852,"basaliob":-0.856,"bolussnooze":0,"activity":-0.0093,"lastBolusTime":1703160072925,"time":"2023-12-21T15:00:58.989Z"}},{"iob":-0.017,"basaliob":-0.021,"bolussnooze":0,"activity":-4.0E-4,"lastBolusTime":1703160072925,"time":"2023-12-21T15:05:58.989Z","iobWithZeroTemp":{"iob":-0.862,"basaliob":-0.866,"bolussnooze":0,"activity":-0.0095,"lastBolusTime":1703160072925,"time":"2023-12-21T15:05:58.989Z"}},{"iob":-0.016,"basaliob":-0.019,"bolussnooze":0,"activity":-3.0E-4,"lastBolusTime":1703160072925,"time":"2023-12-21T15:10:58.989Z","iobWithZeroTemp":{"iob":-0.874,"basaliob":-0.877,"bolussnooze":0,"activity":-0.0096,"lastBolusTime":1703160072925,"time":"2023-12-21T15:10:58.989Z"}},{"iob":-0.013,"basaliob":-0.016,"bolussnooze":0,"activity":-3.0E-4,"lastBolusTime":1703160072925,"time":"2023-12-21T15:15:58.989Z","iobWithZeroTemp":{"iob":-0.882,"basaliob":-0.885,"bolussnooze":0,"activity":-0.0098,"lastBolusTime":1703160072925,"time":"2023-12-21T15:15:58.989Z"}},{"iob":-0.012,"basaliob":-0.014,"bolussnooze":0,"activity":-3.0E-4,"lastBolusTime":1703160072925,"time":"2023-12-21T15:20:58.989Z","iobWithZeroTemp":{"iob":-0.891,"basaliob":-0.893,"bolussnooze":0,"activity":-0.01,"lastBolusTime":1703160072925,"time":"2023-12-21T15:20:58.989Z"}},{"iob":-0.011,"basaliob":-0.013,"bolussnooze":0,"activity":-2.0E-4,"lastBolusTime":1703160072925,"time":"2023-12-21T15:25:58.989Z","iobWithZeroTemp":{"iob":-0.9,"basaliob":-0.902,"bolussnooze":0,"activity":-0.0101,"lastBolusTime":1703160072925,"time":"2023-12-21T15:25:58.989Z"}},{"iob":-0.009,"basaliob":-0.011,"bolussnooze":0,"activity":-2.0E-4,"lastBolusTime":1703160072925,"time":"2023-12-21T15:30:58.989Z","iobWithZeroTemp":{"iob":-0.906,"basaliob":-0.908,"bolussnooze":0,"activity":-0.0103,"lastBolusTime":1703160072925,"time":"2023-12-21T15:30:58.989Z"}},{"iob":-0.009,"basaliob":-0.01,"bolussnooze":0,"activity":-3.0E-4,"lastBolusTime":1703160072925,"time":"2023-12-21T15:35:58.989Z","iobWithZeroTemp":{"iob":-0.914,"basaliob":-0.915,"bolussnooze":0,"activity":-0.0105,"lastBolusTime":1703160072925,"time":"2023-12-21T15:35:58.989Z"}},{"iob":-0.008,"basaliob":-0.009,"bolussnooze":0,"activity":-2.0E-4,"lastBolusTime":1703160072925,"time":"2023-12-21T15:40:58.989Z","iobWithZeroTemp":{"iob":-0.92,"basaliob":-0.921,"bolussnooze":0,"activity":-0.0106,"lastBolusTime":1703160072925,"time":"2023-12-21T15:40:58.989Z"}},{"iob":-0.006,"basaliob":-0.007,"bolussnooze":0,"activity":-2.0E-4,"lastBolusTime":1703160072925,"time":"2023-12-21T15:45:58.989Z","iobWithZeroTemp":{"iob":-0.924,"basaliob":-0.925,"bolussnooze":0,"activity":-0.0107,"lastBolusTime":1703160072925,"time":"2023-12-21T15:45:58.989Z"}},{"iob":-0.006,"basaliob":-0.007,"bolussnooze":0,"activity":-2.0E-4,"lastBolusTime":1703160072925,"time":"2023-12-21T15:50:58.989Z","iobWithZeroTemp":{"iob":-0.929,"basaliob":-0.93,"bolussnooze":0,"activity":-0.0108,"lastBolusTime":1703160072925,"time":"2023-12-21T15:50:58.989Z"}},{"iob":-0.005,"basaliob":-0.006,"bolussnooze":0,"activity":-2.0E-4,"lastBolusTime":1703160072925,"time":"2023-12-21T15:55:58.989Z","iobWithZeroTemp":{"iob":-0.934,"basaliob":-0.935,"bolussnooze":0,"activity":-0.0109,"lastBolusTime":1703160072925,"time":"2023-12-21T15:55:58.989Z"}},{"iob":-0.004,"basaliob":-0.005,"bolussnooze":0,"activity":-1.0E-4,"lastBolusTime":1703160072925,"time":"2023-12-21T16:00:58.989Z","iobWithZeroTemp":{"iob":-0.937,"basaliob":-0.938,"bolussnooze":0,"activity":-0.0109,"lastBolusTime":1703160072925,"time":"2023-12-21T16:00:58.989Z"}},{"iob":-0.003,"basaliob":-0.004,"bolussnooze":0,"activity":-1.0E-4,"lastBolusTime":1703160072925,"time":"2023-12-21T16:05:58.989Z","iobWithZeroTemp":{"iob":-0.94,"basaliob":-0.941,"bolussnooze":0,"activity":-0.011,"lastBolusTime":1703160072925,"time":"2023-12-21T16:05:58.989Z"}},{"iob":-0.004,"basaliob":-0.004,"bolussnooze":0,"activity":-1.0E-4,"lastBolusTime":1703160072925,"time":"2023-12-21T16:10:58.989Z","iobWithZeroTemp":{"iob":-0.945,"basaliob":-0.945,"bolussnooze":0,"activity":-0.0111,"lastBolusTime":1703160072925,"time":"2023-12-21T16:10:58.989Z"}},{"iob":-0.003,"basaliob":-0.003,"bolussnooze":0,"activity":-1.0E-4,"lastBolusTime":1703160072925,"time":"2023-12-21T16:15:58.989Z","iobWithZeroTemp":{"iob":-0.947,"basaliob":-0.947,"bolussnooze":0,"activity":-0.0112,"lastBolusTime":1703160072925,"time":"2023-12-21T16:15:58.989Z"}},{"iob":-0.003,"basaliob":-0.003,"bolussnooze":0,"activity":-1.0E-4,"lastBolusTime":1703160072925,"time":"2023-12-21T16:20:58.989Z","iobWithZeroTemp":{"iob":-0.95,"basaliob":-0.95,"bolussnooze":0,"activity":-0.0112,"lastBolusTime":1703160072925,"time":"2023-12-21T16:20:58.989Z"}},{"iob":-0.002,"basaliob":-0.002,"bolussnooze":0,"activity":-1.0E-4,"lastBolusTime":1703160072925,"time":"2023-12-21T16:25:58.989Z","iobWithZeroTemp":{"iob":-0.951,"basaliob":-0.951,"bolussnooze":0,"activity":-0.0113,"lastBolusTime":1703160072925,"time":"2023-12-21T16:25:58.989Z"}},{"iob":-0.002,"basaliob":-0.002,"bolussnooze":0,"activity":-1.0E-4,"lastBolusTime":1703160072925,"time":"2023-12-21T16:30:58.989Z","iobWithZeroTemp":{"iob":-0.954,"basaliob":-0.954,"bolussnooze":0,"activity":-0.0114,"lastBolusTime":1703160072925,"time":"2023-12-21T16:30:58.989Z"}},{"iob":-0.002,"basaliob":-0.002,"bolussnooze":0,"activity":-1.0E-4,"lastBolusTime":1703160072925,"time":"2023-12-21T16:35:58.989Z","iobWithZeroTemp":{"iob":-0.956,"basaliob":-0.956,"bolussnooze":0,"activity":-0.0114,"lastBolusTime":1703160072925,"time":"2023-12-21T16:35:58.989Z"}},{"iob":-0.001,"basaliob":-0.001,"bolussnooze":0,"activity":0,"lastBolusTime":1703160072925,"time":"2023-12-21T16:40:58.989Z","iobWithZeroTemp":{"iob":-0.956,"basaliob":-0.956,"bolussnooze":0,"activity":-0.0113,"lastBolusTime":1703160072925,"time":"2023-12-21T16:40:58.989Z"}},{"iob":-0.001,"basaliob":-0.001,"bolussnooze":0,"activity":0,"lastBolusTime":1703160072925,"time":"2023-12-21T16:45:58.989Z","iobWithZeroTemp":{"iob":-0.958,"basaliob":-0.958,"bolussnooze":0,"activity":-0.0114,"lastBolusTime":1703160072925,"time":"2023-12-21T16:45:58.989Z"}}],"profile":{"max_iob":7,"type":"current","max_daily_basal":0.8,"max_basal":4.8,"min_bg":80,"max_bg":90,"target_bg":85,"carb_ratio":16,"sens":57,"max_daily_safety_multiplier":9,"current_basal_safety_multiplier":8,"lgsThreshold":65,"high_temptarget_raises_sensitivity":false,"low_temptarget_lowers_sensitivity":false,"sensitivity_raises_target":false,"resistance_lowers_target":false,"adv_target_adjustments":false,"exercise_mode":false,"half_basal_exercise_target":160,"maxCOB":120,"skip_neutral_temps":false,"remainingCarbsCap":90,"enableUAM":true,"A52_risk_enable":false,"SMBInterval":3,"enableSMB_with_COB":true,"enableSMB_with_temptarget":true,"allowSMB_with_high_temptarget":true,"enableSMB_always":true,"enableSMB_after_carbs":true,"maxSMBBasalMinutes":120,"maxUAMSMBBasalMinutes":90,"bolus_increment":0.05,"carbsReqThreshold":5,"current_basal":0.6,"temptargetSet":false,"autosens_max":1.6,"autosens_min":0.6,"variable_sens":146.1,"insulinDivisor":75,"TDD":18.302470238095243},"autosens_data":{"ratio":1.0116975274420665},"meal_data":{"carbs":0,"mealCOB":0,"slopeFromMaxDeviation":-0.22612500000000002,"slopeFromMinDeviation":0.5173333333333333,"lastBolusTime":1703160072925,"lastCarbTime":0},"microBolusAllowed":true,"currentTime":1703163060635,"flatBGsDetected":false,"tdd1D":20.662500000000005,"tdd7D":21.47380952380953,"tddLast24H":21.724999999999998,"tddLast4H":1.8750000000000002,"tddLast8to4H":2.6666666666666665},"output":{"temp":"absolute","bg":72,"tick":"+1","eventualBG":87,"targetBG":85,"insulinReq":0.01,"deliverAt":"2023-12-21T12:51:00.635Z","sensitivityRatio":1.0116975274420665,"variable_sens":146.1,"predBGs":{"IOB":[72,73,74,74,75,76,77,78,79,80,81,82,83,84,84,85,86,87,87,88,88,89,89,90,90,90,91,91,91,91,91,92,92,92,92,92,92,92,93],"ZT":[72,73,75,76,78,80,82,84]},"reason":"COB: 0, Dev: -12, BGI: 1, ISF: 146, CR: 16, Target: 85, minPredBG 87, minGuardBG 73, IOBpredBG 93;  insulinReq 0.01. no temp, setting 0.63U\/hr. ","COB":0,"IOB":-0.185,"duration":30,"rate":0.6270185164652399,"timestamp":"2023-12-21T12:51:00.685Z"}}