{"algorithm":"OpenAPSSMBDynamicISFPlugin","input":{"glucoseStatus":{"glucose":114,"noise":0,"delta":-6,"short_avgdelta":-5.22,"long_avgdelta":-2.42,"date":1703124940000},"currenttemp":{"temp":"absolute","duration":90,"rate":0,"minutesrunning":30},"iob_data":[{"iob":0.803,"basaliob":-0.621,"bolussnooze":0.4629,"activity":0.0132,"lastBolusTime":1703123025877,"time":"2023-12-21T02:16:17.585Z","iobWithZeroTemp":{"iob":0.803,"basaliob":-0.621,"bolussnooze":0.4629,"activity":0.0132,"lastBolusTime":1703123025877,"time":"2023-12-21T02:16:17.585Z"}},{"iob":0.739,"basaliob":-0.589,"bolussnooze":0.3891,"activity":0.0124,"lastBolusTime":1703123025877,"time":"2023-12-21T02:21:17.585Z","iobWithZeroTemp":{"iob":0.692,"basaliob":-0.636,"bolussnooze":0.3891,"activity":0.0124,"lastBolusTime":1703123025877,"time":"2023-12-21T02:21:17.585Z"}},{"iob":0.679,"basaliob":-0.556,"bolussnooze":0.3246,"activity":0.0117,"lastBolusTime":1703123025877,"time":"2023-12-21T02:26:17.585Z","iobWithZeroTemp":{"iob":0.575,"basaliob":-0.66,"bolussnooze":0.3246,"activity":0.0115,"lastBolusTime":1703123025877,"time":"2023-12-21T02:26:17.585Z"}},{"iob":0.623,"basaliob":-0.523,"bolussnooze":0.2688,"activity":0.0109,"lastBolusTime":1703123025877,"time":"2023-12-21T02:31:17.585Z","iobWithZeroTemp":{"iob":0.462,"basaliob":-0.684,"bolussnooze":0.2688,"activity":0.0104,"lastBolusTime":1703123025877,"time":"2023-12-21T02:31:17.585Z"}},{"iob":0.57,"basaliob":-0.49,"bolussnooze":0.2209,"activity":0.0102,"lastBolusTime":1703123025877,"time":"2023-12-21T02:36:17.585Z","iobWithZeroTemp":{"iob":0.354,"basaliob":-0.706,"bolussnooze":0.2209,"activity":0.0094,"lastBolusTime":1703123025877,"time":"2023-12-21T02:36:17.585Z"}},{"iob":0.521,"basaliob":-0.458,"bolussnooze":0.1802,"activity":0.0096,"lastBolusTime":1703123025877,"time":"2023-12-21T02:41:17.585Z","iobWithZeroTemp":{"iob":0.252,"basaliob":-0.727,"bolussnooze":0.1802,"activity":0.0084,"lastBolusTime":1703123025877,"time":"2023-12-21T02:41:17.585Z"}},{"iob":0.475,"basaliob":-0.427,"bolussnooze":0.1459,"activity":0.0089,"lastBolusTime":1703123025877,"time":"2023-12-21T02:46:17.585Z","iobWithZeroTemp":{"iob":0.155,"basaliob":-0.747,"bolussnooze":0.1459,"activity":0.0072,"lastBolusTime":1703123025877,"time":"2023-12-21T02:46:17.585Z"}},{"iob":0.432,"basaliob":-0.397,"bolussnooze":0.1172,"activity":0.0082,"lastBolusTime":1703123025877,"time":"2023-12-21T02:51:17.585Z","iobWithZeroTemp":{"iob":0.063,"basaliob":-0.766,"bolussnooze":0.1172,"activity":0.006,"lastBolusTime":1703123025877,"time":"2023-12-21T02:51:17.585Z"}},{"iob":0.392,"basaliob":-0.368,"bolussnooze":0.0933,"activity":0.0076,"lastBolusTime":1703123025877,"time":"2023-12-21T02:56:17.585Z","iobWithZeroTemp":{"iob":-0.024,"basaliob":-0.784,"bolussnooze":0.0933,"activity":0.0049,"lastBolusTime":1703123025877,"time":"2023-12-21T02:56:17.585Z"}},{"iob":0.355,"basaliob":-0.341,"bolussnooze":0.0736,"activity":0.007,"lastBolusTime":1703123025877,"time":"2023-12-21T03:01:17.585Z","iobWithZeroTemp":{"iob":-0.104,"basaliob":-0.8,"bolussnooze":0.0736,"activity":0.0038,"lastBolusTime":1703123025877,"time":"2023-12-21T03:01:17.585Z"}},{"iob":0.322,"basaliob":-0.314,"bolussnooze":0.0575,"activity":0.0065,"lastBolusTime":1703123025877,"time":"2023-12-21T03:06:17.585Z","iobWithZeroTemp":{"iob":-0.179,"basaliob":-0.815,"bolussnooze":0.0575,"activity":0.0028,"lastBolusTime":1703123025877,"time":"2023-12-21T03:06:17.585Z"}},{"iob":0.291,"basaliob":-0.289,"bolussnooze":0.0444,"activity":0.006,"lastBolusTime":1703123025877,"time":"2023-12-21T03:11:17.585Z","iobWithZeroTemp":{"iob":-0.249,"basaliob":-0.829,"bolussnooze":0.0444,"activity":0.0018,"lastBolusTime":1703123025877,"time":"2023-12-21T03:11:17.585Z"}},{"iob":0.262,"basaliob":-0.266,"bolussnooze":0.0339,"activity":0.0054,"lastBolusTime":1703123025877,"time":"2023-12-21T03:16:17.585Z","iobWithZeroTemp":{"iob":-0.314,"basaliob":-0.842,"bolussnooze":0.0339,"activity":8.0E-4,"lastBolusTime":1703123025877,"time":"2023-12-21T03:16:17.585Z"}},{"iob":0.236,"basaliob":-0.244,"bolussnooze":0.0255,"activity":0.005,"lastBolusTime":1703123025877,"time":"2023-12-21T03:21:17.585Z","iobWithZeroTemp":{"iob":-0.374,"basaliob":-0.854,"bolussnooze":0.0255,"activity":-1.0E-4,"lastBolusTime":1703123025877,"time":"2023-12-21T03:21:17.585Z"}},{"iob":0.212,"basaliob":-0.223,"bolussnooze":0.0188,"activity":0.0046,"lastBolusTime":1703123025877,"time":"2023-12-21T03:26:17.585Z","iobWithZeroTemp":{"iob":-0.429,"basaliob":-0.864,"bolussnooze":0.0188,"activity":-0.001,"lastBolusTime":1703123025877,"time":"2023-12-21T03:26:17.585Z"}},{"iob":0.19,"basaliob":-0.204,"bolussnooze":0.0136,"activity":0.0042,"lastBolusTime":1703123025877,"time":"2023-12-21T03:31:17.585Z","iobWithZeroTemp":{"iob":-0.481,"basaliob":-0.875,"bolussnooze":0.0136,"activity":-0.0018,"lastBolusTime":1703123025877,"time":"2023-12-21T03:31:17.585Z"}},{"iob":0.17,"basaliob":-0.186,"bolussnooze":0.0096,"activity":0.0038,"lastBolusTime":1703123025877,"time":"2023-12-21T03:36:17.585Z","iobWithZeroTemp":{"iob":-0.528,"basaliob":-0.884,"bolussnooze":0.0096,"activity":-0.0026,"lastBolusTime":1703123025877,"time":"2023-12-21T03:36:17.585Z"}},{"iob":0.152,"basaliob":-0.169,"bolussnooze":0.0066,"activity":0.0035,"lastBolusTime":1703123025877,"time":"2023-12-21T03:41:17.585Z","iobWithZeroTemp":{"iob":-0.571,"basaliob":-0.892,"bolussnooze":0.0066,"activity":-0.0033,"lastBolusTime":1703123025877,"time":"2023-12-21T03:41:17.585Z"}},{"iob":0.136,"basaliob":-0.153,"bolussnooze":0.0044,"activity":0.0031,"lastBolusTime":1703123025877,"time":"2023-12-21T03:46:17.585Z","iobWithZeroTemp":{"iob":-0.61,"basaliob":-0.899,"bolussnooze":0.0044,"activity":-0.0041,"lastBolusTime":1703123025877,"time":"2023-12-21T03:46:17.585Z"}},{"iob":0.12,"basaliob":-0.139,"bolussnooze":0.0028,"activity":0.0028,"lastBolusTime":1703123025877,"time":"2023-12-21T03:51:17.585Z","iobWithZeroTemp":{"iob":-0.648,"basaliob":-0.907,"bolussnooze":0.0028,"activity":-0.0048,"lastBolusTime":1703123025877,"time":"2023-12-21T03:51:17.585Z"}},{"iob":0.106,"basaliob":-0.126,"bolussnooze":0.0016,"activity":0.0026,"lastBolusTime":1703123025877,"time":"2023-12-21T03:56:17.585Z","iobWithZeroTemp":{"iob":-0.681,"basaliob":-0.913,"bolussnooze":0.0016,"activity":-0.0053,"lastBolusTime":1703123025877,"time":"2023-12-21T03:56:17.585Z"}},{"iob":0.094,"basaliob":-0.114,"bolussnooze":9.0E-4,"activity":0.0024,"lastBolusTime":1703123025877,"time":"2023-12-21T04:01:17.585Z","iobWithZeroTemp":{"iob":-0.711,"basaliob":-0.919,"bolussnooze":9.0E-4,"activity":-0.0058,"lastBolusTime":1703123025877,"time":"2023-12-21T04:01:17.585Z"}},{"iob":0.084,"basaliob":-0.102,"bolussnooze":5.0E-4,"activity":0.0022,"lastBolusTime":1703123025877,"time":"2023-12-21T04:06:17.585Z","iobWithZeroTemp":{"iob":-0.729,"basaliob":-0.915,"bolussnooze":5.0E-4,"activity":-0.0063,"lastBolusTime":1703123025877,"time":"2023-12-21T04:06:17.585Z"}},{"iob":0.073,"basaliob":-0.092,"bolussnooze":2.0E-4,"activity":0.0019,"lastBolusTime":1703123025877,"time":"2023-12-21T04:11:17.585Z","iobWithZeroTemp":{"iob":-0.747,"basaliob":-0.912,"bolussnooze":2.0E-4,"activity":-0.0069,"lastBolusTime":1703123025877,"time":"2023-12-21T04:11:17.585Z"}},{"iob":0.064,"basaliob":-0.083,"bolussnooze":1.0E-4,"activity":0.0017,"lastBolusTime":1703123025877,"time":"2023-12-21T04:16:17.585Z","iobWithZeroTemp":{"iob":-0.762,"basaliob":-0.909,"bolussnooze":1.0E-4,"activity":-0.0073,"lastBolusTime":1703123025877,"time":"2023-12-21T04:16:17.585Z"}},{"iob":0.056,"basaliob":-0.074,"bolussnooze":0,"activity":0.0016,"lastBolusTime":1703123025877,"time":"2023-12-21T04:21:17.585Z","iobWithZeroTemp":{"iob":-0.774,"basaliob":-0.904,"bolussnooze":0,"activity":-0.0076,"lastBolusTime":1703123025877,"time":"2023-12-21T04:21:17.585Z"}},{"iob":0.049,"basaliob":-0.066,"bolussnooze":0,"activity":0.0014,"lastBolusTime":1703123025877,"time":"2023-12-21T04:26:17.585Z","iobWithZeroTemp":{"iob":-0.785,"basaliob":-0.9,"bolussnooze":0,"activity":-0.0079,"lastBolusTime":1703123025877,"time":"2023-12-21T04:26:17.585Z"}},{"iob":0.043,"basaliob":-0.059,"bolussnooze":0,"activity":0.0012,"lastBolusTime":1703123025877,"time":"2023-12-21T04:31:17.585Z","iobWithZeroTemp":{"iob":-0.794,"basaliob":-0.896,"bolussnooze":0,"activity":-0.0083,"lastBolusTime":1703123025877,"time":"2023-12-21T04:31:17.585Z"}},{"iob":0.037,"basaliob":-0.053,"bolussnooze":0,"activity":0.0011,"lastBolusTime":1703123025877,"time":"2023-12-21T04:36:17.585Z","iobWithZeroTemp":{"iob":-0.802,"basaliob":-0.892,"bolussnooze":0,"activity":-0.0085,"lastBolusTime":1703123025877,"time":"2023-12-21T04:36:17.585Z"}},{"iob":0.032,"basaliob":-0.047,"bolussnooze":0,"activity":0.001,"lastBolusTime":1703123025877,"time":"2023-12-21T04:41:17.585Z","iobWithZeroTemp":{"iob":-0.809,"basaliob":-0.888,"bolussnooze":0,"activity":-0.0087,"lastBolusTime":1703123025877,"time":"2023-12-21T04:41:17.585Z"}},{"iob":0.028,"basaliob":-0.041,"bolussnooze":0,"activity":9.0E-4,"lastBolusTime":1703123025877,"time":"2023-12-21T04:46:17.585Z","iobWithZeroTemp":{"iob":-0.815,"basaliob":-0.884,"bolussnooze":0,"activity":-0.0089,"lastBolusTime":1703123025877,"time":"2023-12-21T04:46:17.585Z"}},{"iob":0.023,"basaliob":-0.037,"bolussnooze":0,"activity":8.0E-4,"lastBolusTime":1703123025877,"time":"2023-12-21T04:51:17.585Z","iobWithZeroTemp":{"iob":-0.82,"basaliob":-0.88,"bolussnooze":0,"activity":-0.0091,"lastBolusTime":1703123025877,"time":"2023-12-21T04:51:17.585Z"}},{"iob":0.02,"basaliob":-0.032,"bolussnooze":0,"activity":7.0E-4,"lastBolusTime":1703123025877,"time":"2023-12-21T04:56:17.585Z","iobWithZeroTemp":{"iob":-0.824,"basaliob":-0.876,"bolussnooze":0,"activity":-0.0092,"lastBolusTime":1703123025877,"time":"2023-12-21T04:56:17.585Z"}},{"iob":0.017,"basaliob":-0.028,"bolussnooze":0,"activity":6.0E-4,"lastBolusTime":1703123025877,"time":"2023-12-21T05:01:17.585Z","iobWithZeroTemp":{"iob":-0.827,"basaliob":-0.872,"bolussnooze":0,"activity":-0.0094,"lastBolusTime":1703123025877,"time":"2023-12-21T05:01:17.585Z"}},{"iob":0.014,"basaliob":-0.025,"bolussnooze":0,"activity":5.0E-4,"lastBolusTime":1703123025877,"time":"2023-12-21T05:06:17.585Z","iobWithZeroTemp":{"iob":-0.826,"basaliob":-0.865,"bolussnooze":0,"activity":-0.0095,"lastBolusTime":1703123025877,"time":"2023-12-21T05:06:17.585Z"}},{"iob":0.012,"basaliob":-0.022,"bolussnooze":0,"activity":4.0E-4,"lastBolusTime":1703123025877,"time":"2023-12-21T05:11:17.585Z","iobWithZeroTemp":{"iob":-0.824,"basaliob":-0.858,"bolussnooze":0,"activity":-0.0096,"lastBolusTime":1703123025877,"time":"2023-12-21T05:11:17.585Z"}},{"iob":0.01,"basaliob":-0.019,"bolussnooze":0,"activity":4.0E-4,"lastBolusTime":1703123025877,"time":"2023-12-21T05:16:17.585Z","iobWithZeroTemp":{"iob":-0.822,"basaliob":-0.851,"bolussnooze":0,"activity":-0.0096,"lastBolusTime":1703123025877,"time":"2023-12-21T05:16:17.585Z"}},{"iob":0.009,"basaliob":-0.016,"bolussnooze":0,"activity":3.0E-4,"lastBolusTime":1703123025877,"time":"2023-12-21T05:21:17.585Z","iobWithZeroTemp":{"iob":-0.818,"basaliob":-0.843,"bolussnooze":0,"activity":-0.0097,"lastBolusTime":1703123025877,"time":"2023-12-21T05:21:17.585Z"}},{"iob":0.007,"basaliob":-0.014,"bolussnooze":0,"activity":3.0E-4,"lastBolusTime":1703123025877,"time":"2023-12-21T05:26:17.585Z","iobWithZeroTemp":{"iob":-0.816,"basaliob":-0.837,"bolussnooze":0,"activity":-0.0097,"lastBolusTime":1703123025877,"time":"2023-12-21T05:26:17.585Z"}},{"iob":0.006,"basaliob":-0.012,"bolussnooze":0,"activity":2.0E-4,"lastBolusTime":1703123025877,"time":"2023-12-21T05:31:17.585Z","iobWithZeroTemp":{"iob":-0.813,"basaliob":-0.831,"bolussnooze":0,"activity":-0.0098,"lastBolusTime":1703123025877,"time":"2023-12-21T05:31:17.585Z"}},{"iob":0.004,"basaliob":-0.011,"bolussnooze":0,"activity":2.0E-4,"lastBolusTime":1703123025877,"time":"2023-12-21T05:36:17.585Z","iobWithZeroTemp":{"iob":-0.811,"basaliob":-0.826,"bolussnooze":0,"activity":-0.0098,"lastBolusTime":1703123025877,"time":"2023-12-21T05:36:17.585Z"}},{"iob":0.003,"basaliob":-0.009,"bolussnooze":0,"activity":2.0E-4,"lastBolusTime":1703123025877,"time":"2023-12-21T05:41:17.585Z","iobWithZeroTemp":{"iob":-0.808,"basaliob":-0.82,"bolussnooze":0,"activity":-0.0098,"lastBolusTime":1703123025877,"time":"2023-12-21T05:41:17.585Z"}},{"iob":0.002,"basaliob":-0.008,"bolussnooze":0,"activity":2.0E-4,"lastBolusTime":1703123025877,"time":"2023-12-21T05:46:17.585Z","iobWithZeroTemp":{"iob":-0.805,"basaliob":-0.815,"bolussnooze":0,"activity":-0.0097,"lastBolusTime":1703123025877,"time":"2023-12-21T05:46:17.585Z"}},{"iob":0.002,"basaliob":-0.006,"bolussnooze":0,"activity":1.0E-4,"lastBolusTime":1703123025877,"time":"2023-12-21T05:51:17.585Z","iobWithZeroTemp":{"iob":-0.801,"basaliob":-0.809,"bolussnooze":0,"activity":-0.0098,"lastBolusTime":1703123025877,"time":"2023-12-21T05:51:17.585Z"}},{"iob":0.002,"basaliob":-0.005,"bolussnooze":0,"activity":1.0E-4,"lastBolusTime":1703123025877,"time":"2023-12-21T05:56:17.585Z","iobWithZeroTemp":{"iob":-0.798,"basaliob":-0.805,"bolussnooze":0,"activity":-0.0098,"lastBolusTime":1703123025877,"time":"2023-12-21T05:56:17.585Z"}},{"iob":0.001,"basaliob":-0.004,"bolussnooze":0,"activity":2.0E-4,"lastBolusTime":1703123025877,"time":"2023-12-21T06:01:17.585Z","iobWithZeroTemp":{"iob":-0.796,"basaliob":-0.801,"bolussnooze":0,"activity":-0.0096,"lastBolusTime":1703123025877,"time":"2023-12-21T06:01:17.585Z"}},{"iob":0,"basaliob":-0.004,"bolussnooze":0,"activity":1.0E-4,"lastBolusTime":1703123025877,"time":"2023-12-21T06:06:17.585Z","iobWithZeroTemp":{"iob":-0.794,"basaliob":-0.798,"bolussnooze":0,"activity":-0.0097,"lastBolusTime":1703123025877,"time":"2023-12-21T06:06:17.585Z"}},{"iob":0,"basaliob":-0.003,"bolussnooze":0,"activity":1.0E-4,"lastBolusTime":1703123025877,"time":"2023-12-21T06:11:17.585Z","iobWithZeroTemp":{"iob":-0.791,"basaliob":-0.794,"bolussnooze":0,"activity":-0.0096,"lastBolusTime":1703123025877,"time":"2023-12-21T06:11:17.585Z"}}],"profile":{"max_iob":7,"type":"current","max_daily_basal":0.8,"max_basal":5,"min_bg":80,"max_bg":90,"target_bg":85,"carb_ratio":14,"sens":57,"max_daily_safety_multiplier":9,"current_basal_safety_multiplier":8,"lgsThreshold":65,"high_temptarget_raises_sensitivity":false,"low_temptarget_lowers_sensitivity":false,"sensitivity_raises_target":false,"resistance_lowers_target":false,"adv_target_adjustments":false,"exercise_mode":false,"half_basal_exercise_target":160,"maxCOB":120,"skip_neutral_temps":false,"remainingCarbsCap":90,"enableUAM":true,"A52_risk_enable":false,"SMBInterval":3,"enableSMB_with_COB":true,"enableSMB_with_temptarget":true,"allowSMB_with_high_temptarget":true,"enableSMB_always":true,"enableSMB_after_carbs":true,"maxSMBBasalMinutes":120,"maxUAMSMBBasalMinutes":90,"bolus_increment":0.05,"carbsReqThreshold":5,"current_basal":0.7,"temptargetSet":false,"autosens_max":1.6,"autosens_min":0.6,"variable_sens":81.5,"insulinDivisor":75,"TDD":23.886435714285714},"autosens_data":{"ratio":1.0317326118814107},"meal_data":{"carbs":0,"mealCOB":0,"slopeFromMaxDeviation":-1.7193749999999999,"slopeFromMinDeviation":0,"lastBolusTime":1703123025877,"lastCarbTime":0},"microBolusAllowed":true,"currentTime":1703124979067,"flatBGsDetected":false,"tdd1D":21.666666666666675,"tdd7D":21.121428571428574,"tddLast24H":21.791666666666657,"tddLast4H":5.058333333333333,"tddLast8to4H":4.283333333333332},"output":{"temp":"absolute","bg":114,"tick":-6,"eventualBG":50,"targetBG":85,"insulinReq":0,"deliverAt":"2023-12-21T02:16:19.067Z","sensitivityRatio":1.0317326118814107,"variable_sens":81.5,"predBGs":{"IOB":[114,108,102,97,91,86,81,76,72,67,63,59,55,52,48,44,41,39],"ZT":[114,109,103,98,94,89,85,82,79,76,74,73,72,71,71,72,73,74,76,78,81,83]},"reason":"COB: 0, Dev: 1, BGI: -5, ISF: 82, CR: 14, Target: 85, minPredBG 50, minGuardBG 8, IOBpredBG 39; minGuardBG 8<65 90m left and 0 ~ req 0U\/hr: no temp required","COB":0,"IOB":0.803,"timestamp":"2023-12-21T02:16:19.088Z"}}