{"algorithm":"OpenAPSSMBDynamicISFPlugin","input":{"glucoseStatus":{"glucose":91,"noise":0,"delta":-2,"short_avgdelta":-1.5,"long_avgdelta":-0.46,"date":1703096138000},"currenttemp":{"temp":"absolute","duration":0,"rate":0},"iob_data":[{"iob":0.055,"basaliob":-0.057,"bolussnooze":0,"activity":5.0E-4,"lastBolusTime":1703093175895,"time":"2023-12-20T18:16:02.874Z","iobWithZeroTemp":{"iob":0.055,"basaliob":-0.057,"bolussnooze":0,"activity":5.0E-4,"lastBolusTime":1703093175895,"time":"2023-12-20T18:16:02.874Z"}},{"iob":0.052,"basaliob":-0.052,"bolussnooze":0,"activity":5.0E-4,"lastBolusTime":1703093175895,"time":"2023-12-20T18:21:02.874Z","iobWithZeroTemp":{"iob":-0.001,"basaliob":-0.105,"bolussnooze":0,"activity":4.0E-4,"lastBolusTime":1703093175895,"time":"2023-12-20T18:21:02.874Z"}},{"iob":0.05,"basaliob":-0.046,"bolussnooze":0,"activity":5.0E-4,"lastBolusTime":1703093175895,"time":"2023-12-20T18:26:02.874Z","iobWithZeroTemp":{"iob":-0.069,"basaliob":-0.165,"bolussnooze":0,"activity":3.0E-4,"lastBolusTime":1703093175895,"time":"2023-12-20T18:26:02.874Z"}},{"iob":0.046,"basaliob":-0.042,"bolussnooze":0,"activity":6.0E-4,"lastBolusTime":1703093175895,"time":"2023-12-20T18:31:02.874Z","iobWithZeroTemp":{"iob":-0.138,"basaliob":-0.226,"bolussnooze":0,"activity":0,"lastBolusTime":1703093175895,"time":"2023-12-20T18:31:02.874Z"}},{"iob":0.044,"basaliob":-0.037,"bolussnooze":0,"activity":6.0E-4,"lastBolusTime":1703093175895,"time":"2023-12-20T18:36:02.874Z","iobWithZeroTemp":{"iob":-0.203,"basaliob":-0.284,"bolussnooze":0,"activity":-4.0E-4,"lastBolusTime":1703093175895,"time":"2023-12-20T18:36:02.874Z"}},{"iob":0.041,"basaliob":-0.033,"bolussnooze":0,"activity":6.0E-4,"lastBolusTime":1703093175895,"time":"2023-12-20T18:41:02.874Z","iobWithZeroTemp":{"iob":-0.267,"basaliob":-0.341,"bolussnooze":0,"activity":-8.0E-4,"lastBolusTime":1703093175895,"time":"2023-12-20T18:41:02.874Z"}},{"iob":0.038,"basaliob":-0.03,"bolussnooze":0,"activity":5.0E-4,"lastBolusTime":1703093175895,"time":"2023-12-20T18:46:02.874Z","iobWithZeroTemp":{"iob":-0.328,"basaliob":-0.396,"bolussnooze":0,"activity":-0.0014,"lastBolusTime":1703093175895,"time":"2023-12-20T18:46:02.874Z"}},{"iob":0.035,"basaliob":-0.027,"bolussnooze":0,"activity":5.0E-4,"lastBolusTime":1703093175895,"time":"2023-12-20T18:51:02.874Z","iobWithZeroTemp":{"iob":-0.387,"basaliob":-0.449,"bolussnooze":0,"activity":-0.002,"lastBolusTime":1703093175895,"time":"2023-12-20T18:51:02.874Z"}},{"iob":0.033,"basaliob":-0.024,"bolussnooze":0,"activity":4.0E-4,"lastBolusTime":1703093175895,"time":"2023-12-20T18:56:02.874Z","iobWithZeroTemp":{"iob":-0.442,"basaliob":-0.499,"bolussnooze":0,"activity":-0.0026,"lastBolusTime":1703093175895,"time":"2023-12-20T18:56:02.874Z"}},{"iob":0.031,"basaliob":-0.021,"bolussnooze":0,"activity":5.0E-4,"lastBolusTime":1703093175895,"time":"2023-12-20T19:01:02.874Z","iobWithZeroTemp":{"iob":-0.494,"basaliob":-0.546,"bolussnooze":0,"activity":-0.0031,"lastBolusTime":1703093175895,"time":"2023-12-20T19:01:02.874Z"}},{"iob":0.028,"basaliob":-0.019,"bolussnooze":0,"activity":4.0E-4,"lastBolusTime":1703093175895,"time":"2023-12-20T19:06:02.874Z","iobWithZeroTemp":{"iob":-0.544,"basaliob":-0.591,"bolussnooze":0,"activity":-0.0038,"lastBolusTime":1703093175895,"time":"2023-12-20T19:06:02.874Z"}},{"iob":0.026,"basaliob":-0.017,"bolussnooze":0,"activity":4.0E-4,"lastBolusTime":1703093175895,"time":"2023-12-20T19:11:02.874Z","iobWithZeroTemp":{"iob":-0.591,"basaliob":-0.634,"bolussnooze":0,"activity":-0.0043,"lastBolusTime":1703093175895,"time":"2023-12-20T19:11:02.874Z"}},{"iob":0.024,"basaliob":-0.015,"bolussnooze":0,"activity":4.0E-4,"lastBolusTime":1703093175895,"time":"2023-12-20T19:16:02.874Z","iobWithZeroTemp":{"iob":-0.634,"basaliob":-0.673,"bolussnooze":0,"activity":-0.0049,"lastBolusTime":1703093175895,"time":"2023-12-20T19:16:02.874Z"}},{"iob":0.022,"basaliob":-0.013,"bolussnooze":0,"activity":4.0E-4,"lastBolusTime":1703093175895,"time":"2023-12-20T19:21:02.874Z","iobWithZeroTemp":{"iob":-0.675,"basaliob":-0.71,"bolussnooze":0,"activity":-0.0055,"lastBolusTime":1703093175895,"time":"2023-12-20T19:21:02.874Z"}},{"iob":0.021,"basaliob":-0.011,"bolussnooze":0,"activity":3.0E-4,"lastBolusTime":1703093175895,"time":"2023-12-20T19:26:02.874Z","iobWithZeroTemp":{"iob":-0.712,"basaliob":-0.744,"bolussnooze":0,"activity":-0.0061,"lastBolusTime":1703093175895,"time":"2023-12-20T19:26:02.874Z"}},{"iob":0.019,"basaliob":-0.01,"bolussnooze":0,"activity":3.0E-4,"lastBolusTime":1703093175895,"time":"2023-12-20T19:31:02.874Z","iobWithZeroTemp":{"iob":-0.748,"basaliob":-0.777,"bolussnooze":0,"activity":-0.0066,"lastBolusTime":1703093175895,"time":"2023-12-20T19:31:02.874Z"}},{"iob":0.017,"basaliob":-0.009,"bolussnooze":0,"activity":3.0E-4,"lastBolusTime":1703093175895,"time":"2023-12-20T19:36:02.874Z","iobWithZeroTemp":{"iob":-0.781,"basaliob":-0.807,"bolussnooze":0,"activity":-0.0071,"lastBolusTime":1703093175895,"time":"2023-12-20T19:36:02.874Z"}},{"iob":0.016,"basaliob":-0.007,"bolussnooze":0,"activity":3.0E-4,"lastBolusTime":1703093175895,"time":"2023-12-20T19:41:02.874Z","iobWithZeroTemp":{"iob":-0.81,"basaliob":-0.833,"bolussnooze":0,"activity":-0.0075,"lastBolusTime":1703093175895,"time":"2023-12-20T19:41:02.874Z"}},{"iob":0.015,"basaliob":-0.006,"bolussnooze":0,"activity":2.0E-4,"lastBolusTime":1703093175895,"time":"2023-12-20T19:46:02.874Z","iobWithZeroTemp":{"iob":-0.838,"basaliob":-0.859,"bolussnooze":0,"activity":-0.0081,"lastBolusTime":1703093175895,"time":"2023-12-20T19:46:02.874Z"}},{"iob":0.013,"basaliob":-0.006,"bolussnooze":0,"activity":2.0E-4,"lastBolusTime":1703093175895,"time":"2023-12-20T19:51:02.874Z","iobWithZeroTemp":{"iob":-0.864,"basaliob":-0.883,"bolussnooze":0,"activity":-0.0085,"lastBolusTime":1703093175895,"time":"2023-12-20T19:51:02.874Z"}},{"iob":0.012,"basaliob":-0.005,"bolussnooze":0,"activity":3.0E-4,"lastBolusTime":1703093175895,"time":"2023-12-20T19:56:02.874Z","iobWithZeroTemp":{"iob":-0.888,"basaliob":-0.905,"bolussnooze":0,"activity":-0.0088,"lastBolusTime":1703093175895,"time":"2023-12-20T19:56:02.874Z"}},{"iob":0.011,"basaliob":-0.004,"bolussnooze":0,"activity":2.0E-4,"lastBolusTime":1703093175895,"time":"2023-12-20T20:01:02.874Z","iobWithZeroTemp":{"iob":-0.909,"basaliob":-0.924,"bolussnooze":0,"activity":-0.0092,"lastBolusTime":1703093175895,"time":"2023-12-20T20:01:02.874Z"}},{"iob":0.009,"basaliob":-0.004,"bolussnooze":0,"activity":2.0E-4,"lastBolusTime":1703093175895,"time":"2023-12-20T20:06:02.874Z","iobWithZeroTemp":{"iob":-0.93,"basaliob":-0.943,"bolussnooze":0,"activity":-0.0096,"lastBolusTime":1703093175895,"time":"2023-12-20T20:06:02.874Z"}},{"iob":0.009,"basaliob":-0.003,"bolussnooze":0,"activity":2.0E-4,"lastBolusTime":1703093175895,"time":"2023-12-20T20:11:02.874Z","iobWithZeroTemp":{"iob":-0.947,"basaliob":-0.959,"bolussnooze":0,"activity":-0.0099,"lastBolusTime":1703093175895,"time":"2023-12-20T20:11:02.874Z"}},{"iob":0.008,"basaliob":-0.003,"bolussnooze":0,"activity":2.0E-4,"lastBolusTime":1703093175895,"time":"2023-12-20T20:16:02.874Z","iobWithZeroTemp":{"iob":-0.964,"basaliob":-0.975,"bolussnooze":0,"activity":-0.0102,"lastBolusTime":1703093175895,"time":"2023-12-20T20:16:02.874Z"}},{"iob":0.007,"basaliob":-0.002,"bolussnooze":0,"activity":1.0E-4,"lastBolusTime":1703093175895,"time":"2023-12-20T20:21:02.874Z","iobWithZeroTemp":{"iob":-0.979,"basaliob":-0.988,"bolussnooze":0,"activity":-0.0105,"lastBolusTime":1703093175895,"time":"2023-12-20T20:21:02.874Z"}},{"iob":0.006,"basaliob":-0.002,"bolussnooze":0,"activity":1.0E-4,"lastBolusTime":1703093175895,"time":"2023-12-20T20:26:02.874Z","iobWithZeroTemp":{"iob":-0.993,"basaliob":-1.001,"bolussnooze":0,"activity":-0.0108,"lastBolusTime":1703093175895,"time":"2023-12-20T20:26:02.874Z"}},{"iob":0.005,"basaliob":-0.002,"bolussnooze":0,"activity":1.0E-4,"lastBolusTime":1703093175895,"time":"2023-12-20T20:31:02.874Z","iobWithZeroTemp":{"iob":-1.005,"basaliob":-1.012,"bolussnooze":0,"activity":-0.011,"lastBolusTime":1703093175895,"time":"2023-12-20T20:31:02.874Z"}},{"iob":0.005,"basaliob":-0.001,"bolussnooze":0,"activity":2.0E-4,"lastBolusTime":1703093175895,"time":"2023-12-20T20:36:02.874Z","iobWithZeroTemp":{"iob":-1.016,"basaliob":-1.022,"bolussnooze":0,"activity":-0.0111,"lastBolusTime":1703093175895,"time":"2023-12-20T20:36:02.874Z"}},{"iob":0.005,"basaliob":-0.001,"bolussnooze":0,"activity":1.0E-4,"lastBolusTime":1703093175895,"time":"2023-12-20T20:41:02.874Z","iobWithZeroTemp":{"iob":-1.025,"basaliob":-1.031,"bolussnooze":0,"activity":-0.0114,"lastBolusTime":1703093175895,"time":"2023-12-20T20:41:02.874Z"}},{"iob":0.004,"basaliob":-0.001,"bolussnooze":0,"activity":1.0E-4,"lastBolusTime":1703093175895,"time":"2023-12-20T20:46:02.874Z","iobWithZeroTemp":{"iob":-1.035,"basaliob":-1.04,"bolussnooze":0,"activity":-0.0116,"lastBolusTime":1703093175895,"time":"2023-12-20T20:46:02.874Z"}},{"iob":0.003,"basaliob":-0.001,"bolussnooze":0,"activity":1.0E-4,"lastBolusTime":1703093175895,"time":"2023-12-20T20:51:02.874Z","iobWithZeroTemp":{"iob":-1.044,"basaliob":-1.048,"bolussnooze":0,"activity":-0.0118,"lastBolusTime":1703093175895,"time":"2023-12-20T20:51:02.874Z"}},{"iob":0.003,"basaliob":-0.001,"bolussnooze":0,"activity":1.0E-4,"lastBolusTime":1703093175895,"time":"2023-12-20T20:56:02.874Z","iobWithZeroTemp":{"iob":-1.051,"basaliob":-1.055,"bolussnooze":0,"activity":-0.0119,"lastBolusTime":1703093175895,"time":"2023-12-20T20:56:02.874Z"}},{"iob":0.002,"basaliob":-0.001,"bolussnooze":0,"activity":1.0E-4,"lastBolusTime":1703093175895,"time":"2023-12-20T21:01:02.874Z","iobWithZeroTemp":{"iob":-1.058,"basaliob":-1.061,"bolussnooze":0,"activity":-0.0121,"lastBolusTime":1703093175895,"time":"2023-12-20T21:01:02.874Z"}},{"iob":0.003,"basaliob":0,"bolussnooze":0,"activity":1.0E-4,"lastBolusTime":1703093175895,"time":"2023-12-20T21:06:02.874Z","iobWithZeroTemp":{"iob":-1.062,"basaliob":-1.065,"bolussnooze":0,"activity":-0.0122,"lastBolusTime":1703093175895,"time":"2023-12-20T21:06:02.874Z"}},{"iob":0.002,"basaliob":0,"bolussnooze":0,"activity":1.0E-4,"lastBolusTime":1703093175895,"time":"2023-12-20T21:11:02.874Z","iobWithZeroTemp":{"iob":-1.068,"basaliob":-1.07,"bolussnooze":0,"activity":-0.0123,"lastBolusTime":1703093175895,"time":"2023-12-20T21:11:02.874Z"}},{"iob":0.002,"basaliob":0,"bolussnooze":0,"activity":1.0E-4,"lastBolusTime":1703093175895,"time":"2023-12-20T21:16:02.874Z","iobWithZeroTemp":{"iob":-1.073,"basaliob":-1.075,"bolussnooze":0,"activity":-0.0124,"lastBolusTime":1703093175895,"time":"2023-12-20T21:16:02.874Z"}},{"iob":0.002,"basaliob":0,"bolussnooze":0,"activity":1.0E-4,"lastBolusTime":1703093175895,"time":"2023-12-20T21:21:02.874Z","iobWithZeroTemp":{"iob":-1.077,"basaliob":-1.079,"bolussnooze":0,"activity":-0.0125,"lastBolusTime":1703093175895,"time":"2023-12-20T21:21:02.874Z"}},{"iob":0.001,"basaliob":0,"bolussnooze":0,"activity":1.0E-4,"lastBolusTime":1703093175895,"time":"2023-12-20T21:26:02.874Z","iobWithZeroTemp":{"iob":-1.081,"basaliob":-1.082,"bolussnooze":0,"activity":-0.0126,"lastBolusTime":1703093175895,"time":"2023-12-20T21:26:02.874Z"}},{"iob":0.001,"basaliob":0,"bolussnooze":0,"activity":0,"lastBolusTime":1703093175895,"time":"2023-12-20T21:31:02.874Z","iobWithZeroTemp":{"iob":-1.084,"basaliob":-1.085,"bolussnooze":0,"activity":-0.0128,"lastBolusTime":1703093175895,"time":"2023-12-20T21:31:02.874Z"}},{"iob":0.001,"basaliob":0,"bolussnooze":0,"activity":0,"lastBolusTime":1703093175895,"time":"2023-12-20T21:36:02.874Z","iobWithZeroTemp":{"iob":-1.087,"basaliob":-1.088,"bolussnooze":0,"activity":-0.0128,"lastBolusTime":1703093175895,"time":"2023-12-20T21:36:02.874Z"}},{"iob":0.001,"basaliob":0,"bolussnooze":0,"activity":0,"lastBolusTime":1703093175895,"time":"2023-12-20T21:41:02.874Z","iobWithZeroTemp":{"iob":-1.089,"basaliob":-1.09,"bolussnooze":0,"activity":-0.0129,"lastBolusTime":1703093175895,"time":"2023-12-20T21:41:02.874Z"}},{"iob":0.001,"basaliob":0,"bolussnooze":0,"activity":0,"lastBolusTime":1703093175895,"time":"2023-12-20T21:46:02.874Z","iobWithZeroTemp":{"iob":-1.091,"basaliob":-1.092,"bolussnooze":0,"activity":-0.013,"lastBolusTime":1703093175895,"time":"2023-12-20T21:46:02.874Z"}},{"iob":0.001,"basaliob":0,"bolussnooze":0,"activity":0,"lastBolusTime":1703093175895,"time":"2023-12-20T21:51:02.874Z","iobWithZeroTemp":{"iob":-1.093,"basaliob":-1.094,"bolussnooze":0,"activity":-0.013,"lastBolusTime":1703093175895,"time":"2023-12-20T21:51:02.874Z"}},{"iob":0,"basaliob":0,"bolussnooze":0,"activity":0,"lastBolusTime":1703093175895,"time":"2023-12-20T21:56:02.874Z","iobWithZeroTemp":{"iob":-1.096,"basaliob":-1.096,"bolussnooze":0,"activity":-0.013,"lastBolusTime":1703093175895,"time":"2023-12-20T21:56:02.874Z"}},{"iob":0,"basaliob":0,"bolussnooze":0,"activity":0,"lastBolusTime":1703093175895,"time":"2023-12-20T22:01:02.874Z","iobWithZeroTemp":{"iob":-1.097,"basaliob":-1.097,"bolussnooze":0,"activity":-0.0131,"lastBolusTime":1703093175895,"time":"2023-12-20T22:01:02.874Z"}},{"iob":0,"basaliob":0,"bolussnooze":0,"activity":0,"lastBolusTime":1703093175895,"time":"2023-12-20T22:06:02.874Z","iobWithZeroTemp":{"iob":-1.098,"basaliob":-1.098,"bolussnooze":0,"activity":-0.0131,"lastBolusTime":1703093175895,"time":"2023-12-20T22:06:02.874Z"}},{"iob":0,"basaliob":0,"bolussnooze":0,"activity":0,"lastBolusTime":1703093175895,"time":"2023-12-20T22:11:02.874Z","iobWithZeroTemp":{"iob":-1.099,"basaliob":-1.099,"bolussnooze":0,"activity":-0.0132,"lastBolusTime":1703093175895,"time":"2023-12-20T22:11:02.874Z"}}],"profile":{"max_iob":7,"type":"current","max_daily_basal":0.8,"max_basal":5,"min_bg":80,"max_bg":90,"target_bg":85,"carb_ratio":14,"sens":57,"max_daily_safety_multiplier":9,"current_basal_safety_multiplier":8,"lgsThreshold":65,"high_temptarget_raises_sensitivity":false,"low_temptarget_lowers_sensitivity":false,"sensitivity_raises_target":false,"resistance_lowers_target":false,"adv_target_adjustments":false,"exercise_mode":false,"half_basal_exercise_target":160,"maxCOB":120,"skip_neutral_temps":false,"remainingCarbsCap":90,"enableUAM":true,"A52_risk_enable":false,"SMBInterval":3,"enableSMB_with_COB":true,"enableSMB_with_temptarget":true,"allowSMB_with_high_temptarget":true,"enableSMB_always":true,"enableSMB_after_carbs":true,"maxSMBBasalMinutes":120,"maxUAMSMBBasalMinutes":90,"bolus_increment":0.05,"carbsReqThreshold":5,"current_basal":0.8,"temptargetSet":false,"autosens_max":1.6,"autosens_min":0.6,"variable_sens":114.4,"insulinDivisor":75,"TDD":19.80516071428572},"autosens_data":{"ratio":0.9979990981850974},"meal_data":{"carbs":0,"mealCOB":0,"slopeFromMaxDeviation":-0.36580000000000007,"slopeFromMinDeviation":0,"lastBolusTime":1703093175895,"lastCarbTime":0},"microBolusAllowed":true,"currentTime":1703096164470,"flatBGsDetected":false,"tdd1D":21.666666666666675,"tdd7D":21.121428571428574,"tddLast24H":21.079166666666666,"tddLast4H":2.9458333333333333,"tddLast8to4H":2.3416666666666663},"output":{"temp":"absolute","bg":91,"tick":-2,"eventualBG":84,"targetBG":85,"insulinReq":-0.02,"deliverAt":"2023-12-20T18:16:04.470Z","sensitivityRatio":0.9979990981850974,"variable_sens":114.4,"predBGs":{"IOB":[91,89,87,86,84,83,82,81,80,79,79,78,78,78,77,77,77,77,77,77,76,76,76,76,76,76,76,76,76,75],"ZT":[91,91,90,90,90,91,91]},"reason":"COB: 0, Dev: -1, BGI: 0, ISF: 114, CR: 14, Target: 85, minPredBG 83, minGuardBG 75, IOBpredBG 75;  insulinReq -0.02; setting 30m low temp of 0.08U\/h. ","COB":0,"IOB":0.055,"rate":0.08,"duration":30,"timestamp":"2023-12-20T18:16:04.535Z"}}