{"algorithm":"OpenAPSSMBDynamicISFPlugin","input":{"glucoseStatus":{"glucose":94,"noise":0,"delta":-3,"short_avgdelta":-2.78,"long_avgdelta":0.07,"date":1703082938000},"currenttemp":{"temp":"absolute","duration":75,"rate":0,"minutesrunning":15},"iob_data":[{"iob":0.532,"basaliob":-0.105,"bolussnooze":0.3069,"activity":0.0046,"lastBolusTime":1703081770532,"time":"2023-12-20T14:36:01.613Z","iobWithZeroTemp":{"iob":0.532,"basaliob":-0.105,"bolussnooze":0.3069,"activity":0.0046,"lastBolusTime":1703081770532,"time":"2023-12-20T14:36:01.613Z"}},{"iob":0.507,"basaliob":-0.102,"bolussnooze":0.2724,"activity":0.0049,"lastBolusTime":1703081770532,"time":"2023-12-20T14:41:01.613Z","iobWithZeroTemp":{"iob":0.46,"basaliob":-0.149,"bolussnooze":0.2724,"activity":0.0049,"lastBolusTime":1703081770532,"time":"2023-12-20T14:41:01.613Z"}},{"iob":0.482,"basaliob":-0.098,"bolussnooze":0.2386,"activity":0.0051,"lastBolusTime":1703081770532,"time":"2023-12-20T14:46:01.613Z","iobWithZeroTemp":{"iob":0.378,"basaliob":-0.202,"bolussnooze":0.2386,"activity":0.0049,"lastBolusTime":1703081770532,"time":"2023-12-20T14:46:01.613Z"}},{"iob":0.457,"basaliob":-0.093,"bolussnooze":0.2067,"activity":0.0052,"lastBolusTime":1703081770532,"time":"2023-12-20T14:51:01.613Z","iobWithZeroTemp":{"iob":0.296,"basaliob":-0.254,"bolussnooze":0.2067,"activity":0.0047,"lastBolusTime":1703081770532,"time":"2023-12-20T14:51:01.613Z"}},{"iob":0.43,"basaliob":-0.089,"bolussnooze":0.1772,"activity":0.0053,"lastBolusTime":1703081770532,"time":"2023-12-20T14:56:01.613Z","iobWithZeroTemp":{"iob":0.214,"basaliob":-0.305,"bolussnooze":0.1772,"activity":0.0045,"lastBolusTime":1703081770532,"time":"2023-12-20T14:56:01.613Z"}},{"iob":0.405,"basaliob":-0.084,"bolussnooze":0.1506,"activity":0.0051,"lastBolusTime":1703081770532,"time":"2023-12-20T15:01:01.613Z","iobWithZeroTemp":{"iob":0.136,"basaliob":-0.353,"bolussnooze":0.1506,"activity":0.0039,"lastBolusTime":1703081770532,"time":"2023-12-20T15:01:01.613Z"}},{"iob":0.379,"basaliob":-0.079,"bolussnooze":0.1269,"activity":0.005,"lastBolusTime":1703081770532,"time":"2023-12-20T15:06:01.613Z","iobWithZeroTemp":{"iob":0.059,"basaliob":-0.399,"bolussnooze":0.1269,"activity":0.0033,"lastBolusTime":1703081770532,"time":"2023-12-20T15:06:01.613Z"}},{"iob":0.354,"basaliob":-0.074,"bolussnooze":0.1061,"activity":0.0049,"lastBolusTime":1703081770532,"time":"2023-12-20T15:11:01.613Z","iobWithZeroTemp":{"iob":-0.015,"basaliob":-0.443,"bolussnooze":0.1061,"activity":0.0027,"lastBolusTime":1703081770532,"time":"2023-12-20T15:11:01.613Z"}},{"iob":0.329,"basaliob":-0.07,"bolussnooze":0.0881,"activity":0.0048,"lastBolusTime":1703081770532,"time":"2023-12-20T15:16:01.613Z","iobWithZeroTemp":{"iob":-0.087,"basaliob":-0.486,"bolussnooze":0.0881,"activity":0.0021,"lastBolusTime":1703081770532,"time":"2023-12-20T15:16:01.613Z"}},{"iob":0.306,"basaliob":-0.065,"bolussnooze":0.0725,"activity":0.0046,"lastBolusTime":1703081770532,"time":"2023-12-20T15:21:01.613Z","iobWithZeroTemp":{"iob":-0.153,"basaliob":-0.524,"bolussnooze":0.0725,"activity":0.0014,"lastBolusTime":1703081770532,"time":"2023-12-20T15:21:01.613Z"}},{"iob":0.284,"basaliob":-0.06,"bolussnooze":0.0593,"activity":0.0044,"lastBolusTime":1703081770532,"time":"2023-12-20T15:26:01.613Z","iobWithZeroTemp":{"iob":-0.217,"basaliob":-0.561,"bolussnooze":0.0593,"activity":7.0E-4,"lastBolusTime":1703081770532,"time":"2023-12-20T15:26:01.613Z"}},{"iob":0.262,"basaliob":-0.056,"bolussnooze":0.0481,"activity":0.0042,"lastBolusTime":1703081770532,"time":"2023-12-20T15:31:01.613Z","iobWithZeroTemp":{"iob":-0.278,"basaliob":-0.596,"bolussnooze":0.0481,"activity":0,"lastBolusTime":1703081770532,"time":"2023-12-20T15:31:01.613Z"}},{"iob":0.242,"basaliob":-0.052,"bolussnooze":0.0387,"activity":0.004,"lastBolusTime":1703081770532,"time":"2023-12-20T15:36:01.613Z","iobWithZeroTemp":{"iob":-0.334,"basaliob":-0.628,"bolussnooze":0.0387,"activity":-6.0E-4,"lastBolusTime":1703081770532,"time":"2023-12-20T15:36:01.613Z"}},{"iob":0.223,"basaliob":-0.048,"bolussnooze":0.0309,"activity":0.0037,"lastBolusTime":1703081770532,"time":"2023-12-20T15:41:01.613Z","iobWithZeroTemp":{"iob":-0.387,"basaliob":-0.658,"bolussnooze":0.0309,"activity":-0.0014,"lastBolusTime":1703081770532,"time":"2023-12-20T15:41:01.613Z"}},{"iob":0.205,"basaliob":-0.044,"bolussnooze":0.0245,"activity":0.0035,"lastBolusTime":1703081770532,"time":"2023-12-20T15:46:01.613Z","iobWithZeroTemp":{"iob":-0.436,"basaliob":-0.685,"bolussnooze":0.0245,"activity":-0.0021,"lastBolusTime":1703081770532,"time":"2023-12-20T15:46:01.613Z"}},{"iob":0.187,"basaliob":-0.041,"bolussnooze":0.0192,"activity":0.0033,"lastBolusTime":1703081770532,"time":"2023-12-20T15:51:01.613Z","iobWithZeroTemp":{"iob":-0.484,"basaliob":-0.712,"bolussnooze":0.0192,"activity":-0.0027,"lastBolusTime":1703081770532,"time":"2023-12-20T15:51:01.613Z"}},{"iob":0.172,"basaliob":-0.037,"bolussnooze":0.0148,"activity":0.0031,"lastBolusTime":1703081770532,"time":"2023-12-20T15:56:01.613Z","iobWithZeroTemp":{"iob":-0.526,"basaliob":-0.735,"bolussnooze":0.0148,"activity":-0.0033,"lastBolusTime":1703081770532,"time":"2023-12-20T15:56:01.613Z"}},{"iob":0.157,"basaliob":-0.034,"bolussnooze":0.0114,"activity":0.0029,"lastBolusTime":1703081770532,"time":"2023-12-20T16:01:01.613Z","iobWithZeroTemp":{"iob":-0.566,"basaliob":-0.757,"bolussnooze":0.0114,"activity":-0.0039,"lastBolusTime":1703081770532,"time":"2023-12-20T16:01:01.613Z"}},{"iob":0.143,"basaliob":-0.031,"bolussnooze":0.0086,"activity":0.0026,"lastBolusTime":1703081770532,"time":"2023-12-20T16:06:01.613Z","iobWithZeroTemp":{"iob":-0.603,"basaliob":-0.777,"bolussnooze":0.0086,"activity":-0.0046,"lastBolusTime":1703081770532,"time":"2023-12-20T16:06:01.613Z"}},{"iob":0.129,"basaliob":-0.029,"bolussnooze":0.0063,"activity":0.0025,"lastBolusTime":1703081770532,"time":"2023-12-20T16:11:01.613Z","iobWithZeroTemp":{"iob":-0.639,"basaliob":-0.797,"bolussnooze":0.0063,"activity":-0.0051,"lastBolusTime":1703081770532,"time":"2023-12-20T16:11:01.613Z"}},{"iob":0.118,"basaliob":-0.026,"bolussnooze":0.0046,"activity":0.0023,"lastBolusTime":1703081770532,"time":"2023-12-20T16:16:01.613Z","iobWithZeroTemp":{"iob":-0.669,"basaliob":-0.813,"bolussnooze":0.0046,"activity":-0.0056,"lastBolusTime":1703081770532,"time":"2023-12-20T16:16:01.613Z"}},{"iob":0.107,"basaliob":-0.024,"bolussnooze":0.0033,"activity":0.0022,"lastBolusTime":1703081770532,"time":"2023-12-20T16:21:01.613Z","iobWithZeroTemp":{"iob":-0.698,"basaliob":-0.829,"bolussnooze":0.0033,"activity":-0.006,"lastBolusTime":1703081770532,"time":"2023-12-20T16:21:01.613Z"}},{"iob":0.096,"basaliob":-0.022,"bolussnooze":0.0023,"activity":0.002,"lastBolusTime":1703081770532,"time":"2023-12-20T16:26:01.613Z","iobWithZeroTemp":{"iob":-0.725,"basaliob":-0.843,"bolussnooze":0.0023,"activity":-0.0065,"lastBolusTime":1703081770532,"time":"2023-12-20T16:26:01.613Z"}},{"iob":0.087,"basaliob":-0.02,"bolussnooze":0.0015,"activity":0.0018,"lastBolusTime":1703081770532,"time":"2023-12-20T16:31:01.613Z","iobWithZeroTemp":{"iob":-0.749,"basaliob":-0.856,"bolussnooze":0.0015,"activity":-0.007,"lastBolusTime":1703081770532,"time":"2023-12-20T16:31:01.613Z"}},{"iob":0.078,"basaliob":-0.018,"bolussnooze":9.0E-4,"activity":0.0016,"lastBolusTime":1703081770532,"time":"2023-12-20T16:36:01.613Z","iobWithZeroTemp":{"iob":-0.772,"basaliob":-0.868,"bolussnooze":9.0E-4,"activity":-0.0075,"lastBolusTime":1703081770532,"time":"2023-12-20T16:36:01.613Z"}},{"iob":0.071,"basaliob":-0.016,"bolussnooze":5.0E-4,"activity":0.0015,"lastBolusTime":1703081770532,"time":"2023-12-20T16:41:01.613Z","iobWithZeroTemp":{"iob":-0.791,"basaliob":-0.878,"bolussnooze":5.0E-4,"activity":-0.0078,"lastBolusTime":1703081770532,"time":"2023-12-20T16:41:01.613Z"}},{"iob":0.064,"basaliob":-0.014,"bolussnooze":3.0E-4,"activity":0.0014,"lastBolusTime":1703081770532,"time":"2023-12-20T16:46:01.613Z","iobWithZeroTemp":{"iob":-0.81,"basaliob":-0.888,"bolussnooze":3.0E-4,"activity":-0.0081,"lastBolusTime":1703081770532,"time":"2023-12-20T16:46:01.613Z"}},{"iob":0.057,"basaliob":-0.013,"bolussnooze":1.0E-4,"activity":0.0012,"lastBolusTime":1703081770532,"time":"2023-12-20T16:51:01.613Z","iobWithZeroTemp":{"iob":-0.827,"basaliob":-0.897,"bolussnooze":1.0E-4,"activity":-0.0085,"lastBolusTime":1703081770532,"time":"2023-12-20T16:51:01.613Z"}},{"iob":0.05,"basaliob":-0.012,"bolussnooze":0,"activity":0.0011,"lastBolusTime":1703081770532,"time":"2023-12-20T16:56:01.613Z","iobWithZeroTemp":{"iob":-0.843,"basaliob":-0.905,"bolussnooze":0,"activity":-0.0088,"lastBolusTime":1703081770532,"time":"2023-12-20T16:56:01.613Z"}},{"iob":0.046,"basaliob":-0.01,"bolussnooze":0,"activity":0.0011,"lastBolusTime":1703081770532,"time":"2023-12-20T17:01:01.613Z","iobWithZeroTemp":{"iob":-0.856,"basaliob":-0.912,"bolussnooze":0,"activity":-0.009,"lastBolusTime":1703081770532,"time":"2023-12-20T17:01:01.613Z"}},{"iob":0.041,"basaliob":-0.009,"bolussnooze":0,"activity":0.001,"lastBolusTime":1703081770532,"time":"2023-12-20T17:06:01.613Z","iobWithZeroTemp":{"iob":-0.876,"basaliob":-0.926,"bolussnooze":0,"activity":-0.0093,"lastBolusTime":1703081770532,"time":"2023-12-20T17:06:01.613Z"}},{"iob":0.036,"basaliob":-0.008,"bolussnooze":0,"activity":9.0E-4,"lastBolusTime":1703081770532,"time":"2023-12-20T17:11:01.613Z","iobWithZeroTemp":{"iob":-0.896,"basaliob":-0.94,"bolussnooze":0,"activity":-0.0095,"lastBolusTime":1703081770532,"time":"2023-12-20T17:11:01.613Z"}},{"iob":0.032,"basaliob":-0.007,"bolussnooze":0,"activity":8.0E-4,"lastBolusTime":1703081770532,"time":"2023-12-20T17:16:01.613Z","iobWithZeroTemp":{"iob":-0.914,"basaliob":-0.953,"bolussnooze":0,"activity":-0.0098,"lastBolusTime":1703081770532,"time":"2023-12-20T17:16:01.613Z"}},{"iob":0.028,"basaliob":-0.007,"bolussnooze":0,"activity":7.0E-4,"lastBolusTime":1703081770532,"time":"2023-12-20T17:21:01.613Z","iobWithZeroTemp":{"iob":-0.932,"basaliob":-0.967,"bolussnooze":0,"activity":-0.0101,"lastBolusTime":1703081770532,"time":"2023-12-20T17:21:01.613Z"}},{"iob":0.025,"basaliob":-0.006,"bolussnooze":0,"activity":7.0E-4,"lastBolusTime":1703081770532,"time":"2023-12-20T17:26:01.613Z","iobWithZeroTemp":{"iob":-0.947,"basaliob":-0.978,"bolussnooze":0,"activity":-0.0102,"lastBolusTime":1703081770532,"time":"2023-12-20T17:26:01.613Z"}},{"iob":0.022,"basaliob":-0.005,"bolussnooze":0,"activity":6.0E-4,"lastBolusTime":1703081770532,"time":"2023-12-20T17:31:01.613Z","iobWithZeroTemp":{"iob":-0.961,"basaliob":-0.988,"bolussnooze":0,"activity":-0.0105,"lastBolusTime":1703081770532,"time":"2023-12-20T17:31:01.613Z"}},{"iob":0.019,"basaliob":-0.005,"bolussnooze":0,"activity":5.0E-4,"lastBolusTime":1703081770532,"time":"2023-12-20T17:36:01.613Z","iobWithZeroTemp":{"iob":-0.975,"basaliob":-0.999,"bolussnooze":0,"activity":-0.0108,"lastBolusTime":1703081770532,"time":"2023-12-20T17:36:01.613Z"}},{"iob":0.017,"basaliob":-0.004,"bolussnooze":0,"activity":5.0E-4,"lastBolusTime":1703081770532,"time":"2023-12-20T17:41:01.613Z","iobWithZeroTemp":{"iob":-0.987,"basaliob":-1.008,"bolussnooze":0,"activity":-0.0109,"lastBolusTime":1703081770532,"time":"2023-12-20T17:41:01.613Z"}},{"iob":0.014,"basaliob":-0.004,"bolussnooze":0,"activity":4.0E-4,"lastBolusTime":1703081770532,"time":"2023-12-20T17:46:01.613Z","iobWithZeroTemp":{"iob":-0.999,"basaliob":-1.017,"bolussnooze":0,"activity":-0.0112,"lastBolusTime":1703081770532,"time":"2023-12-20T17:46:01.613Z"}},{"iob":0.013,"basaliob":-0.003,"bolussnooze":0,"activity":3.0E-4,"lastBolusTime":1703081770532,"time":"2023-12-20T17:51:01.613Z","iobWithZeroTemp":{"iob":-1.009,"basaliob":-1.025,"bolussnooze":0,"activity":-0.0114,"lastBolusTime":1703081770532,"time":"2023-12-20T17:51:01.613Z"}},{"iob":0.01,"basaliob":-0.003,"bolussnooze":0,"activity":3.0E-4,"lastBolusTime":1703081770532,"time":"2023-12-20T17:56:01.613Z","iobWithZeroTemp":{"iob":-1.02,"basaliob":-1.033,"bolussnooze":0,"activity":-0.0115,"lastBolusTime":1703081770532,"time":"2023-12-20T17:56:01.613Z"}},{"iob":0.01,"basaliob":-0.002,"bolussnooze":0,"activity":3.0E-4,"lastBolusTime":1703081770532,"time":"2023-12-20T18:01:01.613Z","iobWithZeroTemp":{"iob":-1.027,"basaliob":-1.039,"bolussnooze":0,"activity":-0.0117,"lastBolusTime":1703081770532,"time":"2023-12-20T18:01:01.613Z"}},{"iob":0.008,"basaliob":-0.002,"bolussnooze":0,"activity":2.0E-4,"lastBolusTime":1703081770532,"time":"2023-12-20T18:06:01.613Z","iobWithZeroTemp":{"iob":-1.035,"basaliob":-1.045,"bolussnooze":0,"activity":-0.0119,"lastBolusTime":1703081770532,"time":"2023-12-20T18:06:01.613Z"}},{"iob":0.006,"basaliob":-0.002,"bolussnooze":0,"activity":2.0E-4,"lastBolusTime":1703081770532,"time":"2023-12-20T18:11:01.613Z","iobWithZeroTemp":{"iob":-1.043,"basaliob":-1.051,"bolussnooze":0,"activity":-0.012,"lastBolusTime":1703081770532,"time":"2023-12-20T18:11:01.613Z"}},{"iob":0.005,"basaliob":-0.002,"bolussnooze":0,"activity":2.0E-4,"lastBolusTime":1703081770532,"time":"2023-12-20T18:16:01.613Z","iobWithZeroTemp":{"iob":-1.05,"basaliob":-1.057,"bolussnooze":0,"activity":-0.0121,"lastBolusTime":1703081770532,"time":"2023-12-20T18:16:01.613Z"}},{"iob":0.005,"basaliob":-0.001,"bolussnooze":0,"activity":2.0E-4,"lastBolusTime":1703081770532,"time":"2023-12-20T18:21:01.613Z","iobWithZeroTemp":{"iob":-1.055,"basaliob":-1.061,"bolussnooze":0,"activity":-0.0122,"lastBolusTime":1703081770532,"time":"2023-12-20T18:21:01.613Z"}},{"iob":0.004,"basaliob":-0.001,"bolussnooze":0,"activity":2.0E-4,"lastBolusTime":1703081770532,"time":"2023-12-20T18:26:01.613Z","iobWithZeroTemp":{"iob":-1.061,"basaliob":-1.066,"bolussnooze":0,"activity":-0.0123,"lastBolusTime":1703081770532,"time":"2023-12-20T18:26:01.613Z"}},{"iob":0.003,"basaliob":-0.001,"bolussnooze":0,"activity":2.0E-4,"lastBolusTime":1703081770532,"time":"2023-12-20T18:31:01.613Z","iobWithZeroTemp":{"iob":-1.066,"basaliob":-1.07,"bolussnooze":0,"activity":-0.0124,"lastBolusTime":1703081770532,"time":"2023-12-20T18:31:01.613Z"}}],"profile":{"max_iob":7,"type":"current","max_daily_basal":0.8,"max_basal":5,"min_bg":80,"max_bg":90,"target_bg":85,"carb_ratio":16,"sens":57,"max_daily_safety_multiplier":9,"current_basal_safety_multiplier":8,"lgsThreshold":65,"high_temptarget_raises_sensitivity":false,"low_temptarget_lowers_sensitivity":false,"sensitivity_raises_target":false,"resistance_lowers_target":false,"adv_target_adjustments":false,"exercise_mode":false,"half_basal_exercise_target":160,"maxCOB":120,"skip_neutral_temps":false,"remainingCarbsCap":90,"enableUAM":true,"A52_risk_enable":false,"SMBInterval":3,"enableSMB_with_COB":true,"enableSMB_with_temptarget":true,"allowSMB_with_high_temptarget":true,"enableSMB_always":true,"enableSMB_after_carbs":true,"maxSMBBasalMinutes":120,"maxUAMSMBBasalMinutes":90,"bolus_increment":0.05,"carbsReqThreshold":5,"current_basal":0.7,"temptargetSet":false,"autosens_max":1.6,"autosens_min":0.6,"variable_sens":114.7,"insulinDivisor":75,"TDD":19.31016071428572},"autosens_data":{"ratio":1.0208826513358138},"meal_data":{"carbs":0,"mealCOB":0,"slopeFromMaxDeviation":-1.2697500000000002,"slopeFromMinDeviation":0,"lastBolusTime":1703081770532,"lastCarbTime":0},"microBolusAllowed":true,"currentTime":1703082963426,"flatBGsDetected":false,"tdd1D":21.666666666666675,"tdd7D":21.121428571428574,"tddLast24H":21.56250000000001,"tddLast4H":2.7958333333333334,"tddLast8to4H":1.8583333333333334},"output":{"temp":"absolute","bg":94,"tick":-3,"eventualBG":49,"targetBG":85,"insulinReq":0,"deliverAt":"2023-12-20T14:36:03.426Z","sensitivityRatio":1.0208826513358138,"variable_sens":114.7,"predBGs":{"IOB":[94,91,88,84,81,77,74,70,67,63,59,56,52,49,45,42,39],"ZT":[94,91,88,86,83,80,77,75,73,72,71,70,70,71,72,73,75,77,80,83]},"reason":"COB: 0, Dev: 16, BGI: -3, ISF: 115, CR: 16, Target: 85, minPredBG 51, minGuardBG -1, IOBpredBG 39; minGuardBG -1<65 75m left and 0 ~ req 0U\/hr: no temp required","COB":0,"IOB":0.532,"timestamp":"2023-12-20T14:36:03.452Z"}}