{"algorithm":"OpenAPSSMBDynamicISFPlugin","input":{"glucoseStatus":{"glucose":97,"noise":0,"delta":2,"short_avgdelta":2.5,"long_avgdelta":2.51,"date":1703172337000},"currenttemp":{"temp":"absolute","duration":15,"rate":1,"minutesrunning":15},"iob_data":[{"iob":0.157,"basaliob":-0.214,"bolussnooze":0.0955,"activity":8.0E-4,"lastBolusTime":1703172077902,"time":"2023-12-21T15:26:17.628Z","iobWithZeroTemp":{"iob":0.157,"basaliob":-0.214,"bolussnooze":0.0955,"activity":8.0E-4,"lastBolusTime":1703172077902,"time":"2023-12-21T15:26:17.628Z"}},{"iob":0.152,"basaliob":-0.198,"bolussnooze":0.0794,"activity":0.0011,"lastBolusTime":1703172077902,"time":"2023-12-21T15:31:17.628Z","iobWithZeroTemp":{"iob":0.105,"basaliob":-0.245,"bolussnooze":0.0794,"activity":0.0011,"lastBolusTime":1703172077902,"time":"2023-12-21T15:31:17.628Z"}},{"iob":0.146,"basaliob":-0.183,"bolussnooze":0.0655,"activity":0.0012,"lastBolusTime":1703172077902,"time":"2023-12-21T15:36:17.628Z","iobWithZeroTemp":{"iob":0.042,"basaliob":-0.287,"bolussnooze":0.0655,"activity":0.001,"lastBolusTime":1703172077902,"time":"2023-12-21T15:36:17.628Z"}},{"iob":0.139,"basaliob":-0.169,"bolussnooze":0.0536,"activity":0.0013,"lastBolusTime":1703172077902,"time":"2023-12-21T15:41:17.628Z","iobWithZeroTemp":{"iob":-0.022,"basaliob":-0.33,"bolussnooze":0.0536,"activity":8.0E-4,"lastBolusTime":1703172077902,"time":"2023-12-21T15:41:17.628Z"}},{"iob":0.133,"basaliob":-0.155,"bolussnooze":0.0435,"activity":0.0014,"lastBolusTime":1703172077902,"time":"2023-12-21T15:46:17.628Z","iobWithZeroTemp":{"iob":-0.083,"basaliob":-0.371,"bolussnooze":0.0435,"activity":6.0E-4,"lastBolusTime":1703172077902,"time":"2023-12-21T15:46:17.628Z"}},{"iob":0.125,"basaliob":-0.143,"bolussnooze":0.0351,"activity":0.0014,"lastBolusTime":1703172077902,"time":"2023-12-21T15:51:17.628Z","iobWithZeroTemp":{"iob":-0.144,"basaliob":-0.412,"bolussnooze":0.0351,"activity":2.0E-4,"lastBolusTime":1703172077902,"time":"2023-12-21T15:51:17.628Z"}},{"iob":0.118,"basaliob":-0.131,"bolussnooze":0.028,"activity":0.0014,"lastBolusTime":1703172077902,"time":"2023-12-21T15:56:17.628Z","iobWithZeroTemp":{"iob":-0.202,"basaliob":-0.451,"bolussnooze":0.028,"activity":-3.0E-4,"lastBolusTime":1703172077902,"time":"2023-12-21T15:56:17.628Z"}},{"iob":0.112,"basaliob":-0.119,"bolussnooze":0.0222,"activity":0.0014,"lastBolusTime":1703172077902,"time":"2023-12-21T16:01:17.628Z","iobWithZeroTemp":{"iob":-0.257,"basaliob":-0.488,"bolussnooze":0.0222,"activity":-8.0E-4,"lastBolusTime":1703172077902,"time":"2023-12-21T16:01:17.628Z"}},{"iob":0.105,"basaliob":-0.109,"bolussnooze":0.0174,"activity":0.0014,"lastBolusTime":1703172077902,"time":"2023-12-21T16:06:17.628Z","iobWithZeroTemp":{"iob":-0.311,"basaliob":-0.525,"bolussnooze":0.0174,"activity":-0.0013,"lastBolusTime":1703172077902,"time":"2023-12-21T16:06:17.628Z"}},{"iob":0.098,"basaliob":-0.099,"bolussnooze":0.0135,"activity":0.0013,"lastBolusTime":1703172077902,"time":"2023-12-21T16:11:17.628Z","iobWithZeroTemp":{"iob":-0.361,"basaliob":-0.558,"bolussnooze":0.0135,"activity":-0.0019,"lastBolusTime":1703172077902,"time":"2023-12-21T16:11:17.628Z"}},{"iob":0.092,"basaliob":-0.09,"bolussnooze":0.0104,"activity":0.0013,"lastBolusTime":1703172077902,"time":"2023-12-21T16:16:17.628Z","iobWithZeroTemp":{"iob":-0.409,"basaliob":-0.591,"bolussnooze":0.0104,"activity":-0.0024,"lastBolusTime":1703172077902,"time":"2023-12-21T16:16:17.628Z"}},{"iob":0.085,"basaliob":-0.082,"bolussnooze":0.0078,"activity":0.0013,"lastBolusTime":1703172077902,"time":"2023-12-21T16:21:17.628Z","iobWithZeroTemp":{"iob":-0.455,"basaliob":-0.622,"bolussnooze":0.0078,"activity":-0.0029,"lastBolusTime":1703172077902,"time":"2023-12-21T16:21:17.628Z"}},{"iob":0.079,"basaliob":-0.074,"bolussnooze":0.0058,"activity":0.0012,"lastBolusTime":1703172077902,"time":"2023-12-21T16:26:17.628Z","iobWithZeroTemp":{"iob":-0.497,"basaliob":-0.65,"bolussnooze":0.0058,"activity":-0.0034,"lastBolusTime":1703172077902,"time":"2023-12-21T16:26:17.628Z"}},{"iob":0.073,"basaliob":-0.067,"bolussnooze":0.0043,"activity":0.0011,"lastBolusTime":1703172077902,"time":"2023-12-21T16:31:17.628Z","iobWithZeroTemp":{"iob":-0.537,"basaliob":-0.677,"bolussnooze":0.0043,"activity":-0.004,"lastBolusTime":1703172077902,"time":"2023-12-21T16:31:17.628Z"}},{"iob":0.067,"basaliob":-0.061,"bolussnooze":0.003,"activity":0.001,"lastBolusTime":1703172077902,"time":"2023-12-21T16:36:17.628Z","iobWithZeroTemp":{"iob":-0.574,"basaliob":-0.702,"bolussnooze":0.003,"activity":-0.0046,"lastBolusTime":1703172077902,"time":"2023-12-21T16:36:17.628Z"}},{"iob":0.062,"basaliob":-0.055,"bolussnooze":0.0021,"activity":0.0011,"lastBolusTime":1703172077902,"time":"2023-12-21T16:41:17.628Z","iobWithZeroTemp":{"iob":-0.609,"basaliob":-0.726,"bolussnooze":0.0021,"activity":-0.0049,"lastBolusTime":1703172077902,"time":"2023-12-21T16:41:17.628Z"}},{"iob":0.057,"basaliob":-0.049,"bolussnooze":0.0014,"activity":0.001,"lastBolusTime":1703172077902,"time":"2023-12-21T16:46:17.628Z","iobWithZeroTemp":{"iob":-0.641,"basaliob":-0.747,"bolussnooze":0.0014,"activity":-0.0054,"lastBolusTime":1703172077902,"time":"2023-12-21T16:46:17.628Z"}},{"iob":0.052,"basaliob":-0.044,"bolussnooze":9.0E-4,"activity":9.0E-4,"lastBolusTime":1703172077902,"time":"2023-12-21T16:51:17.628Z","iobWithZeroTemp":{"iob":-0.671,"basaliob":-0.767,"bolussnooze":9.0E-4,"activity":-0.0059,"lastBolusTime":1703172077902,"time":"2023-12-21T16:51:17.628Z"}},{"iob":0.048,"basaliob":-0.039,"bolussnooze":5.0E-4,"activity":8.0E-4,"lastBolusTime":1703172077902,"time":"2023-12-21T16:56:17.628Z","iobWithZeroTemp":{"iob":-0.698,"basaliob":-0.785,"bolussnooze":5.0E-4,"activity":-0.0064,"lastBolusTime":1703172077902,"time":"2023-12-21T16:56:17.628Z"}},{"iob":0.044,"basaliob":-0.035,"bolussnooze":3.0E-4,"activity":8.0E-4,"lastBolusTime":1703172077902,"time":"2023-12-21T17:01:17.628Z","iobWithZeroTemp":{"iob":-0.724,"basaliob":-0.803,"bolussnooze":3.0E-4,"activity":-0.0068,"lastBolusTime":1703172077902,"time":"2023-12-21T17:01:17.628Z"}},{"iob":0.04,"basaliob":-0.031,"bolussnooze":1.0E-4,"activity":8.0E-4,"lastBolusTime":1703172077902,"time":"2023-12-21T17:06:17.628Z","iobWithZeroTemp":{"iob":-0.755,"basaliob":-0.826,"bolussnooze":1.0E-4,"activity":-0.0071,"lastBolusTime":1703172077902,"time":"2023-12-21T17:06:17.628Z"}},{"iob":0.036,"basaliob":-0.028,"bolussnooze":0,"activity":6.0E-4,"lastBolusTime":1703172077902,"time":"2023-12-21T17:11:17.628Z","iobWithZeroTemp":{"iob":-0.785,"basaliob":-0.849,"bolussnooze":0,"activity":-0.0077,"lastBolusTime":1703172077902,"time":"2023-12-21T17:11:17.628Z"}},{"iob":0.033,"basaliob":-0.025,"bolussnooze":0,"activity":6.0E-4,"lastBolusTime":1703172077902,"time":"2023-12-21T17:16:17.628Z","iobWithZeroTemp":{"iob":-0.813,"basaliob":-0.871,"bolussnooze":0,"activity":-0.008,"lastBolusTime":1703172077902,"time":"2023-12-21T17:16:17.628Z"}},{"iob":0.03,"basaliob":-0.022,"bolussnooze":0,"activity":6.0E-4,"lastBolusTime":1703172077902,"time":"2023-12-21T17:21:17.628Z","iobWithZeroTemp":{"iob":-0.839,"basaliob":-0.891,"bolussnooze":0,"activity":-0.0083,"lastBolusTime":1703172077902,"time":"2023-12-21T17:21:17.628Z"}},{"iob":0.027,"basaliob":-0.02,"bolussnooze":0,"activity":5.0E-4,"lastBolusTime":1703172077902,"time":"2023-12-21T17:26:17.628Z","iobWithZeroTemp":{"iob":-0.863,"basaliob":-0.91,"bolussnooze":0,"activity":-0.0088,"lastBolusTime":1703172077902,"time":"2023-12-21T17:26:17.628Z"}},{"iob":0.025,"basaliob":-0.017,"bolussnooze":0,"activity":5.0E-4,"lastBolusTime":1703172077902,"time":"2023-12-21T17:31:17.628Z","iobWithZeroTemp":{"iob":-0.884,"basaliob":-0.926,"bolussnooze":0,"activity":-0.0091,"lastBolusTime":1703172077902,"time":"2023-12-21T17:31:17.628Z"}},{"iob":0.022,"basaliob":-0.015,"bolussnooze":0,"activity":5.0E-4,"lastBolusTime":1703172077902,"time":"2023-12-21T17:36:17.628Z","iobWithZeroTemp":{"iob":-0.905,"basaliob":-0.942,"bolussnooze":0,"activity":-0.0093,"lastBolusTime":1703172077902,"time":"2023-12-21T17:36:17.628Z"}},{"iob":0.02,"basaliob":-0.013,"bolussnooze":0,"activity":4.0E-4,"lastBolusTime":1703172077902,"time":"2023-12-21T17:41:17.628Z","iobWithZeroTemp":{"iob":-0.924,"basaliob":-0.957,"bolussnooze":0,"activity":-0.0097,"lastBolusTime":1703172077902,"time":"2023-12-21T17:41:17.628Z"}},{"iob":0.017,"basaliob":-0.012,"bolussnooze":0,"activity":4.0E-4,"lastBolusTime":1703172077902,"time":"2023-12-21T17:46:17.628Z","iobWithZeroTemp":{"iob":-0.943,"basaliob":-0.972,"bolussnooze":0,"activity":-0.01,"lastBolusTime":1703172077902,"time":"2023-12-21T17:46:17.628Z"}},{"iob":0.016,"basaliob":-0.01,"bolussnooze":0,"activity":3.0E-4,"lastBolusTime":1703172077902,"time":"2023-12-21T17:51:17.628Z","iobWithZeroTemp":{"iob":-0.958,"basaliob":-0.984,"bolussnooze":0,"activity":-0.0103,"lastBolusTime":1703172077902,"time":"2023-12-21T17:51:17.628Z"}},{"iob":0.014,"basaliob":-0.009,"bolussnooze":0,"activity":4.0E-4,"lastBolusTime":1703172077902,"time":"2023-12-21T17:56:17.628Z","iobWithZeroTemp":{"iob":-0.973,"basaliob":-0.996,"bolussnooze":0,"activity":-0.0105,"lastBolusTime":1703172077902,"time":"2023-12-21T17:56:17.628Z"}},{"iob":0.012,"basaliob":-0.008,"bolussnooze":0,"activity":3.0E-4,"lastBolusTime":1703172077902,"time":"2023-12-21T18:01:17.628Z","iobWithZeroTemp":{"iob":-0.987,"basaliob":-1.007,"bolussnooze":0,"activity":-0.0108,"lastBolusTime":1703172077902,"time":"2023-12-21T18:01:17.628Z"}},{"iob":0.011,"basaliob":-0.007,"bolussnooze":0,"activity":3.0E-4,"lastBolusTime":1703172077902,"time":"2023-12-21T18:06:17.628Z","iobWithZeroTemp":{"iob":-0.999,"basaliob":-1.017,"bolussnooze":0,"activity":-0.011,"lastBolusTime":1703172077902,"time":"2023-12-21T18:06:17.628Z"}},{"iob":0.01,"basaliob":-0.006,"bolussnooze":0,"activity":2.0E-4,"lastBolusTime":1703172077902,"time":"2023-12-21T18:11:17.628Z","iobWithZeroTemp":{"iob":-1.009,"basaliob":-1.025,"bolussnooze":0,"activity":-0.0113,"lastBolusTime":1703172077902,"time":"2023-12-21T18:11:17.628Z"}},{"iob":0.009,"basaliob":-0.005,"bolussnooze":0,"activity":2.0E-4,"lastBolusTime":1703172077902,"time":"2023-12-21T18:16:17.628Z","iobWithZeroTemp":{"iob":-1.019,"basaliob":-1.033,"bolussnooze":0,"activity":-0.0114,"lastBolusTime":1703172077902,"time":"2023-12-21T18:16:17.628Z"}},{"iob":0.008,"basaliob":-0.004,"bolussnooze":0,"activity":2.0E-4,"lastBolusTime":1703172077902,"time":"2023-12-21T18:21:17.628Z","iobWithZeroTemp":{"iob":-1.029,"basaliob":-1.041,"bolussnooze":0,"activity":-0.0116,"lastBolusTime":1703172077902,"time":"2023-12-21T18:21:17.628Z"}},{"iob":0.006,"basaliob":-0.004,"bolussnooze":0,"activity":2.0E-4,"lastBolusTime":1703172077902,"time":"2023-12-21T18:26:17.628Z","iobWithZeroTemp":{"iob":-1.038,"basaliob":-1.048,"bolussnooze":0,"activity":-0.0117,"lastBolusTime":1703172077902,"time":"2023-12-21T18:26:17.628Z"}},{"iob":0.006,"basaliob":-0.003,"bolussnooze":0,"activity":2.0E-4,"lastBolusTime":1703172077902,"time":"2023-12-21T18:31:17.628Z","iobWithZeroTemp":{"iob":-1.045,"basaliob":-1.054,"bolussnooze":0,"activity":-0.0119,"lastBolusTime":1703172077902,"time":"2023-12-21T18:31:17.628Z"}},{"iob":0.006,"basaliob":-0.002,"bolussnooze":0,"activity":1.0E-4,"lastBolusTime":1703172077902,"time":"2023-12-21T18:36:17.628Z","iobWithZeroTemp":{"iob":-1.051,"basaliob":-1.059,"bolussnooze":0,"activity":-0.0121,"lastBolusTime":1703172077902,"time":"2023-12-21T18:36:17.628Z"}},{"iob":0.005,"basaliob":-0.002,"bolussnooze":0,"activity":1.0E-4,"lastBolusTime":1703172077902,"time":"2023-12-21T18:41:17.628Z","iobWithZeroTemp":{"iob":-1.057,"basaliob":-1.064,"bolussnooze":0,"activity":-0.0122,"lastBolusTime":1703172077902,"time":"2023-12-21T18:41:17.628Z"}},{"iob":0.004,"basaliob":-0.002,"bolussnooze":0,"activity":1.0E-4,"lastBolusTime":1703172077902,"time":"2023-12-21T18:46:17.628Z","iobWithZeroTemp":{"iob":-1.063,"basaliob":-1.069,"bolussnooze":0,"activity":-0.0123,"lastBolusTime":1703172077902,"time":"2023-12-21T18:46:17.628Z"}},{"iob":0.004,"basaliob":-0.001,"bolussnooze":0,"activity":1.0E-4,"lastBolusTime":1703172077902,"time":"2023-12-21T18:51:17.628Z","iobWithZeroTemp":{"iob":-1.067,"basaliob":-1.072,"bolussnooze":0,"activity":-0.0124,"lastBolusTime":1703172077902,"time":"2023-12-21T18:51:17.628Z"}},{"iob":0.003,"basaliob":-0.001,"bolussnooze":0,"activity":1.0E-4,"lastBolusTime":1703172077902,"time":"2023-12-21T18:56:17.628Z","iobWithZeroTemp":{"iob":-1.072,"basaliob":-1.076,"bolussnooze":0,"activity":-0.0125,"lastBolusTime":1703172077902,"time":"2023-12-21T18:56:17.628Z"}},{"iob":0.002,"basaliob":-0.001,"bolussnooze":0,"activity":1.0E-4,"lastBolusTime":1703172077902,"time":"2023-12-21T19:01:17.628Z","iobWithZeroTemp":{"iob":-1.077,"basaliob":-1.08,"bolussnooze":0,"activity":-0.0126,"lastBolusTime":1703172077902,"time":"2023-12-21T19:01:17.628Z"}},{"iob":0.002,"basaliob":-0.001,"bolussnooze":0,"activity":1.0E-4,"lastBolusTime":1703172077902,"time":"2023-12-21T19:06:17.628Z","iobWithZeroTemp":{"iob":-1.08,"basaliob":-1.083,"bolussnooze":0,"activity":-0.0127,"lastBolusTime":1703172077902,"time":"2023-12-21T19:06:17.628Z"}},{"iob":0.001,"basaliob":-0.001,"bolussnooze":0,"activity":1.0E-4,"lastBolusTime":1703172077902,"time":"2023-12-21T19:11:17.628Z","iobWithZeroTemp":{"iob":-1.084,"basaliob":-1.086,"bolussnooze":0,"activity":-0.0127,"lastBolusTime":1703172077902,"time":"2023-12-21T19:11:17.628Z"}},{"iob":0.002,"basaliob":0,"bolussnooze":0,"activity":1.0E-4,"lastBolusTime":1703172077902,"time":"2023-12-21T19:16:17.628Z","iobWithZeroTemp":{"iob":-1.085,"basaliob":-1.087,"bolussnooze":0,"activity":-0.0128,"lastBolusTime":1703172077902,"time":"2023-12-21T19:16:17.628Z"}},{"iob":0.001,"basaliob":0,"bolussnooze":0,"activity":1.0E-4,"lastBolusTime":1703172077902,"time":"2023-12-21T19:21:17.628Z","iobWithZeroTemp":{"iob":-1.088,"basaliob":-1.089,"bolussnooze":0,"activity":-0.0128,"lastBolusTime":1703172077902,"time":"2023-12-21T19:21:17.628Z"}}],"profile":{"max_iob":7,"type":"current","max_daily_basal":0.8,"max_basal":5,"min_bg":80,"max_bg":90,"target_bg":85,"carb_ratio":16,"sens":57,"max_daily_safety_multiplier":9,"current_basal_safety_multiplier":8,"lgsThreshold":65,"high_temptarget_raises_sensitivity":false,"low_temptarget_lowers_sensitivity":false,"sensitivity_raises_target":false,"resistance_lowers_target":false,"adv_target_adjustments":false,"exercise_mode":false,"half_basal_exercise_target":160,"maxCOB":120,"skip_neutral_temps":false,"remainingCarbsCap":90,"enableUAM":true,"A52_risk_enable":false,"SMBInterval":3,"enableSMB_with_COB":true,"enableSMB_with_temptarget":true,"allowSMB_with_high_temptarget":true,"enableSMB_always":true,"enableSMB_after_carbs":true,"maxSMBBasalMinutes":120,"maxUAMSMBBasalMinutes":90,"bolus_increment":0.05,"carbsReqThreshold":5,"current_basal":0.7,"temptargetSet":false,"autosens_max":1.6,"autosens_min":0.6,"variable_sens":116.8,"insulinDivisor":75,"TDD":18.565645238095243},"autosens_data":{"ratio":1.0027719259341394},"meal_data":{"carbs":0,"mealCOB":0,"slopeFromMaxDeviation":-0.305,"slopeFromMinDeviation":0.7885999999999999,"lastBolusTime":1703172077902,"lastCarbTime":0},"microBolusAllowed":true,"currentTime":1703172379323,"flatBGsDetected":false,"tdd1D":20.662500000000005,"tdd7D":21.47380952380953,"tddLast24H":21.533333333333346,"tddLast4H":2.4166666666666665,"tddLast8to4H":1.8458333333333328},"output":{"temp":"absolute","bg":97,"tick":"+2","eventualBG":94,"targetBG":85,"insulinReq":0.07,"deliverAt":"2023-12-21T15:26:19.323Z","sensitivityRatio":1.0027719259341394,"variable_sens":116.8,"predBGs":{"IOB":[97,99,100,101,102,103,104,104,104,104,103,103,102,101,101,100,100,99,99,98,98,97,97,96,96,96,96,95,95,95,95,94,94,94,94,94,94,93],"ZT":[97,97,96,95,95,94,94,95,95],"UAM":[97,99,100,101,101,102,102,101,101,100,99,98,97,97,96,96,95,94,94,93,93,92,92,92,91,91,91,90,90,90,90,89,89,89,89,89,89,89,88]},"reason":"COB: 0, Dev: 15, BGI: 0, ISF: 117, CR: 16, Target: 85, minPredBG 93, minGuardBG 88, IOBpredBG 93, UAMpredBG 88; Eventual BG 94 >= 90,  insulinReq 0.07. temp 1.00 >~ req 0.84U\/hr. ","COB":0,"IOB":0.157,"timestamp":"2023-12-21T15:26:19.343Z"}}