{"algorithm":"OpenAPSSMBDynamicISFPlugin","input":{"glucoseStatus":{"glucose":73,"noise":0,"delta":-1,"short_avgdelta":-0.94,"long_avgdelta":-1.75,"date":1703153437000},"currenttemp":{"temp":"absolute","duration":0,"rate":0},"iob_data":[{"iob":-0.138,"basaliob":-0.235,"bolussnooze":0,"activity":-0.001,"lastBolusTime":1703150165846,"time":"2023-12-21T10:10:55.987Z","iobWithZeroTemp":{"iob":-0.138,"basaliob":-0.235,"bolussnooze":0,"activity":-0.001,"lastBolusTime":1703150165846,"time":"2023-12-21T10:10:55.987Z"}},{"iob":-0.133,"basaliob":-0.222,"bolussnooze":0,"activity":-0.0011,"lastBolusTime":1703150165846,"time":"2023-12-21T10:15:55.987Z","iobWithZeroTemp":{"iob":-0.17,"basaliob":-0.259,"bolussnooze":0,"activity":-0.0011,"lastBolusTime":1703150165846,"time":"2023-12-21T10:15:55.987Z"}},{"iob":-0.128,"basaliob":-0.208,"bolussnooze":0,"activity":-0.0011,"lastBolusTime":1703150165846,"time":"2023-12-21T10:20:55.987Z","iobWithZeroTemp":{"iob":-0.21,"basaliob":-0.29,"bolussnooze":0,"activity":-0.0013,"lastBolusTime":1703150165846,"time":"2023-12-21T10:20:55.987Z"}},{"iob":-0.121,"basaliob":-0.194,"bolussnooze":0,"activity":-0.0013,"lastBolusTime":1703150165846,"time":"2023-12-21T10:25:55.987Z","iobWithZeroTemp":{"iob":-0.248,"basaliob":-0.321,"bolussnooze":0,"activity":-0.0017,"lastBolusTime":1703150165846,"time":"2023-12-21T10:25:55.987Z"}},{"iob":-0.115,"basaliob":-0.181,"bolussnooze":0,"activity":-0.0013,"lastBolusTime":1703150165846,"time":"2023-12-21T10:30:55.987Z","iobWithZeroTemp":{"iob":-0.285,"basaliob":-0.351,"bolussnooze":0,"activity":-0.002,"lastBolusTime":1703150165846,"time":"2023-12-21T10:30:55.987Z"}},{"iob":-0.108,"basaliob":-0.168,"bolussnooze":0,"activity":-0.0013,"lastBolusTime":1703150165846,"time":"2023-12-21T10:35:55.987Z","iobWithZeroTemp":{"iob":-0.32,"basaliob":-0.38,"bolussnooze":0,"activity":-0.0023,"lastBolusTime":1703150165846,"time":"2023-12-21T10:35:55.987Z"}},{"iob":-0.102,"basaliob":-0.156,"bolussnooze":0,"activity":-0.0013,"lastBolusTime":1703150165846,"time":"2023-12-21T10:40:55.987Z","iobWithZeroTemp":{"iob":-0.354,"basaliob":-0.408,"bolussnooze":0,"activity":-0.0026,"lastBolusTime":1703150165846,"time":"2023-12-21T10:40:55.987Z"}},{"iob":-0.095,"basaliob":-0.144,"bolussnooze":0,"activity":-0.0013,"lastBolusTime":1703150165846,"time":"2023-12-21T10:45:55.987Z","iobWithZeroTemp":{"iob":-0.385,"basaliob":-0.434,"bolussnooze":0,"activity":-0.003,"lastBolusTime":1703150165846,"time":"2023-12-21T10:45:55.987Z"}},{"iob":-0.089,"basaliob":-0.133,"bolussnooze":0,"activity":-0.0013,"lastBolusTime":1703150165846,"time":"2023-12-21T10:50:55.987Z","iobWithZeroTemp":{"iob":-0.415,"basaliob":-0.459,"bolussnooze":0,"activity":-0.0034,"lastBolusTime":1703150165846,"time":"2023-12-21T10:50:55.987Z"}},{"iob":-0.083,"basaliob":-0.122,"bolussnooze":0,"activity":-0.0013,"lastBolusTime":1703150165846,"time":"2023-12-21T10:55:55.987Z","iobWithZeroTemp":{"iob":-0.444,"basaliob":-0.483,"bolussnooze":0,"activity":-0.0038,"lastBolusTime":1703150165846,"time":"2023-12-21T10:55:55.987Z"}},{"iob":-0.077,"basaliob":-0.112,"bolussnooze":0,"activity":-0.0011,"lastBolusTime":1703150165846,"time":"2023-12-21T11:00:55.987Z","iobWithZeroTemp":{"iob":-0.47,"basaliob":-0.505,"bolussnooze":0,"activity":-0.004,"lastBolusTime":1703150165846,"time":"2023-12-21T11:00:55.987Z"}},{"iob":-0.071,"basaliob":-0.103,"bolussnooze":0,"activity":-0.0011,"lastBolusTime":1703150165846,"time":"2023-12-21T11:05:55.987Z","iobWithZeroTemp":{"iob":-0.495,"basaliob":-0.527,"bolussnooze":0,"activity":-0.0044,"lastBolusTime":1703150165846,"time":"2023-12-21T11:05:55.987Z"}},{"iob":-0.066,"basaliob":-0.094,"bolussnooze":0,"activity":-0.0011,"lastBolusTime":1703150165846,"time":"2023-12-21T11:10:55.987Z","iobWithZeroTemp":{"iob":-0.518,"basaliob":-0.546,"bolussnooze":0,"activity":-0.0048,"lastBolusTime":1703150165846,"time":"2023-12-21T11:10:55.987Z"}},{"iob":-0.061,"basaliob":-0.086,"bolussnooze":0,"activity":-0.001,"lastBolusTime":1703150165846,"time":"2023-12-21T11:15:55.987Z","iobWithZeroTemp":{"iob":-0.54,"basaliob":-0.565,"bolussnooze":0,"activity":-0.005,"lastBolusTime":1703150165846,"time":"2023-12-21T11:15:55.987Z"}},{"iob":-0.056,"basaliob":-0.078,"bolussnooze":0,"activity":-0.001,"lastBolusTime":1703150165846,"time":"2023-12-21T11:20:55.987Z","iobWithZeroTemp":{"iob":-0.56,"basaliob":-0.582,"bolussnooze":0,"activity":-0.0054,"lastBolusTime":1703150165846,"time":"2023-12-21T11:20:55.987Z"}},{"iob":-0.051,"basaliob":-0.071,"bolussnooze":0,"activity":-9.0E-4,"lastBolusTime":1703150165846,"time":"2023-12-21T11:25:55.987Z","iobWithZeroTemp":{"iob":-0.578,"basaliob":-0.598,"bolussnooze":0,"activity":-0.0056,"lastBolusTime":1703150165846,"time":"2023-12-21T11:25:55.987Z"}},{"iob":-0.047,"basaliob":-0.065,"bolussnooze":0,"activity":-9.0E-4,"lastBolusTime":1703150165846,"time":"2023-12-21T11:30:55.987Z","iobWithZeroTemp":{"iob":-0.595,"basaliob":-0.613,"bolussnooze":0,"activity":-0.006,"lastBolusTime":1703150165846,"time":"2023-12-21T11:30:55.987Z"}},{"iob":-0.043,"basaliob":-0.059,"bolussnooze":0,"activity":-8.0E-4,"lastBolusTime":1703150165846,"time":"2023-12-21T11:35:55.987Z","iobWithZeroTemp":{"iob":-0.611,"basaliob":-0.627,"bolussnooze":0,"activity":-0.0062,"lastBolusTime":1703150165846,"time":"2023-12-21T11:35:55.987Z"}},{"iob":-0.039,"basaliob":-0.053,"bolussnooze":0,"activity":-8.0E-4,"lastBolusTime":1703150165846,"time":"2023-12-21T11:40:55.987Z","iobWithZeroTemp":{"iob":-0.625,"basaliob":-0.639,"bolussnooze":0,"activity":-0.0065,"lastBolusTime":1703150165846,"time":"2023-12-21T11:40:55.987Z"}},{"iob":-0.035,"basaliob":-0.048,"bolussnooze":0,"activity":-7.0E-4,"lastBolusTime":1703150165846,"time":"2023-12-21T11:45:55.987Z","iobWithZeroTemp":{"iob":-0.638,"basaliob":-0.651,"bolussnooze":0,"activity":-0.0067,"lastBolusTime":1703150165846,"time":"2023-12-21T11:45:55.987Z"}},{"iob":-0.032,"basaliob":-0.043,"bolussnooze":0,"activity":-6.0E-4,"lastBolusTime":1703150165846,"time":"2023-12-21T11:50:55.987Z","iobWithZeroTemp":{"iob":-0.65,"basaliob":-0.661,"bolussnooze":0,"activity":-0.0068,"lastBolusTime":1703150165846,"time":"2023-12-21T11:50:55.987Z"}},{"iob":-0.029,"basaliob":-0.039,"bolussnooze":0,"activity":-6.0E-4,"lastBolusTime":1703150165846,"time":"2023-12-21T11:55:55.987Z","iobWithZeroTemp":{"iob":-0.662,"basaliob":-0.672,"bolussnooze":0,"activity":-0.0071,"lastBolusTime":1703150165846,"time":"2023-12-21T11:55:55.987Z"}},{"iob":-0.026,"basaliob":-0.035,"bolussnooze":0,"activity":-6.0E-4,"lastBolusTime":1703150165846,"time":"2023-12-21T12:00:55.987Z","iobWithZeroTemp":{"iob":-0.671,"basaliob":-0.68,"bolussnooze":0,"activity":-0.0073,"lastBolusTime":1703150165846,"time":"2023-12-21T12:00:55.987Z"}},{"iob":-0.023,"basaliob":-0.031,"bolussnooze":0,"activity":-5.0E-4,"lastBolusTime":1703150165846,"time":"2023-12-21T12:05:55.987Z","iobWithZeroTemp":{"iob":-0.684,"basaliob":-0.692,"bolussnooze":0,"activity":-0.0074,"lastBolusTime":1703150165846,"time":"2023-12-21T12:05:55.987Z"}},{"iob":-0.021,"basaliob":-0.028,"bolussnooze":0,"activity":-4.0E-4,"lastBolusTime":1703150165846,"time":"2023-12-21T12:10:55.987Z","iobWithZeroTemp":{"iob":-0.697,"basaliob":-0.704,"bolussnooze":0,"activity":-0.0075,"lastBolusTime":1703150165846,"time":"2023-12-21T12:10:55.987Z"}},{"iob":-0.019,"basaliob":-0.025,"bolussnooze":0,"activity":-4.0E-4,"lastBolusTime":1703150165846,"time":"2023-12-21T12:15:55.987Z","iobWithZeroTemp":{"iob":-0.709,"basaliob":-0.715,"bolussnooze":0,"activity":-0.0078,"lastBolusTime":1703150165846,"time":"2023-12-21T12:15:55.987Z"}},{"iob":-0.017,"basaliob":-0.022,"bolussnooze":0,"activity":-4.0E-4,"lastBolusTime":1703150165846,"time":"2023-12-21T12:20:55.987Z","iobWithZeroTemp":{"iob":-0.72,"basaliob":-0.725,"bolussnooze":0,"activity":-0.008,"lastBolusTime":1703150165846,"time":"2023-12-21T12:20:55.987Z"}},{"iob":-0.015,"basaliob":-0.02,"bolussnooze":0,"activity":-4.0E-4,"lastBolusTime":1703150165846,"time":"2023-12-21T12:25:55.987Z","iobWithZeroTemp":{"iob":-0.729,"basaliob":-0.734,"bolussnooze":0,"activity":-0.0081,"lastBolusTime":1703150165846,"time":"2023-12-21T12:25:55.987Z"}},{"iob":-0.014,"basaliob":-0.018,"bolussnooze":0,"activity":-3.0E-4,"lastBolusTime":1703150165846,"time":"2023-12-21T12:30:55.987Z","iobWithZeroTemp":{"iob":-0.739,"basaliob":-0.743,"bolussnooze":0,"activity":-0.0082,"lastBolusTime":1703150165846,"time":"2023-12-21T12:30:55.987Z"}},{"iob":-0.012,"basaliob":-0.016,"bolussnooze":0,"activity":-3.0E-4,"lastBolusTime":1703150165846,"time":"2023-12-21T12:35:55.987Z","iobWithZeroTemp":{"iob":-0.747,"basaliob":-0.751,"bolussnooze":0,"activity":-0.0084,"lastBolusTime":1703150165846,"time":"2023-12-21T12:35:55.987Z"}},{"iob":-0.011,"basaliob":-0.014,"bolussnooze":0,"activity":-2.0E-4,"lastBolusTime":1703150165846,"time":"2023-12-21T12:40:55.987Z","iobWithZeroTemp":{"iob":-0.755,"basaliob":-0.758,"bolussnooze":0,"activity":-0.0084,"lastBolusTime":1703150165846,"time":"2023-12-21T12:40:55.987Z"}},{"iob":-0.009,"basaliob":-0.012,"bolussnooze":0,"activity":-2.0E-4,"lastBolusTime":1703150165846,"time":"2023-12-21T12:45:55.987Z","iobWithZeroTemp":{"iob":-0.762,"basaliob":-0.765,"bolussnooze":0,"activity":-0.0086,"lastBolusTime":1703150165846,"time":"2023-12-21T12:45:55.987Z"}},{"iob":-0.009,"basaliob":-0.011,"bolussnooze":0,"activity":-2.0E-4,"lastBolusTime":1703150165846,"time":"2023-12-21T12:50:55.987Z","iobWithZeroTemp":{"iob":-0.769,"basaliob":-0.771,"bolussnooze":0,"activity":-0.0087,"lastBolusTime":1703150165846,"time":"2023-12-21T12:50:55.987Z"}},{"iob":-0.008,"basaliob":-0.01,"bolussnooze":0,"activity":-1.0E-4,"lastBolusTime":1703150165846,"time":"2023-12-21T12:55:55.987Z","iobWithZeroTemp":{"iob":-0.775,"basaliob":-0.777,"bolussnooze":0,"activity":-0.0088,"lastBolusTime":1703150165846,"time":"2023-12-21T12:55:55.987Z"}},{"iob":-0.006,"basaliob":-0.008,"bolussnooze":0,"activity":-1.0E-4,"lastBolusTime":1703150165846,"time":"2023-12-21T13:00:55.987Z","iobWithZeroTemp":{"iob":-0.78,"basaliob":-0.782,"bolussnooze":0,"activity":-0.0089,"lastBolusTime":1703150165846,"time":"2023-12-21T13:00:55.987Z"}},{"iob":-0.006,"basaliob":-0.007,"bolussnooze":0,"activity":-2.0E-4,"lastBolusTime":1703150165846,"time":"2023-12-21T13:05:55.987Z","iobWithZeroTemp":{"iob":-0.786,"basaliob":-0.787,"bolussnooze":0,"activity":-0.0091,"lastBolusTime":1703150165846,"time":"2023-12-21T13:05:55.987Z"}},{"iob":-0.006,"basaliob":-0.007,"bolussnooze":0,"activity":-2.0E-4,"lastBolusTime":1703150165846,"time":"2023-12-21T13:10:55.987Z","iobWithZeroTemp":{"iob":-0.791,"basaliob":-0.792,"bolussnooze":0,"activity":-0.0092,"lastBolusTime":1703150165846,"time":"2023-12-21T13:10:55.987Z"}},{"iob":-0.005,"basaliob":-0.006,"bolussnooze":0,"activity":-2.0E-4,"lastBolusTime":1703150165846,"time":"2023-12-21T13:15:55.987Z","iobWithZeroTemp":{"iob":-0.795,"basaliob":-0.796,"bolussnooze":0,"activity":-0.0093,"lastBolusTime":1703150165846,"time":"2023-12-21T13:15:55.987Z"}},{"iob":-0.004,"basaliob":-0.005,"bolussnooze":0,"activity":-1.0E-4,"lastBolusTime":1703150165846,"time":"2023-12-21T13:20:55.987Z","iobWithZeroTemp":{"iob":-0.798,"basaliob":-0.799,"bolussnooze":0,"activity":-0.0093,"lastBolusTime":1703150165846,"time":"2023-12-21T13:20:55.987Z"}},{"iob":-0.003,"basaliob":-0.004,"bolussnooze":0,"activity":-1.0E-4,"lastBolusTime":1703150165846,"time":"2023-12-21T13:25:55.987Z","iobWithZeroTemp":{"iob":-0.801,"basaliob":-0.802,"bolussnooze":0,"activity":-0.0094,"lastBolusTime":1703150165846,"time":"2023-12-21T13:25:55.987Z"}},{"iob":-0.003,"basaliob":-0.004,"bolussnooze":0,"activity":-1.0E-4,"lastBolusTime":1703150165846,"time":"2023-12-21T13:30:55.987Z","iobWithZeroTemp":{"iob":-0.804,"basaliob":-0.805,"bolussnooze":0,"activity":-0.0094,"lastBolusTime":1703150165846,"time":"2023-12-21T13:30:55.987Z"}},{"iob":-0.003,"basaliob":-0.003,"bolussnooze":0,"activity":-1.0E-4,"lastBolusTime":1703150165846,"time":"2023-12-21T13:35:55.987Z","iobWithZeroTemp":{"iob":-0.807,"basaliob":-0.807,"bolussnooze":0,"activity":-0.0095,"lastBolusTime":1703150165846,"time":"2023-12-21T13:35:55.987Z"}},{"iob":-0.003,"basaliob":-0.003,"bolussnooze":0,"activity":-1.0E-4,"lastBolusTime":1703150165846,"time":"2023-12-21T13:40:55.987Z","iobWithZeroTemp":{"iob":-0.81,"basaliob":-0.81,"bolussnooze":0,"activity":-0.0096,"lastBolusTime":1703150165846,"time":"2023-12-21T13:40:55.987Z"}},{"iob":-0.002,"basaliob":-0.002,"bolussnooze":0,"activity":-1.0E-4,"lastBolusTime":1703150165846,"time":"2023-12-21T13:45:55.987Z","iobWithZeroTemp":{"iob":-0.812,"basaliob":-0.812,"bolussnooze":0,"activity":-0.0096,"lastBolusTime":1703150165846,"time":"2023-12-21T13:45:55.987Z"}},{"iob":-0.002,"basaliob":-0.002,"bolussnooze":0,"activity":-1.0E-4,"lastBolusTime":1703150165846,"time":"2023-12-21T13:50:55.987Z","iobWithZeroTemp":{"iob":-0.814,"basaliob":-0.814,"bolussnooze":0,"activity":-0.0097,"lastBolusTime":1703150165846,"time":"2023-12-21T13:50:55.987Z"}},{"iob":-0.002,"basaliob":-0.002,"bolussnooze":0,"activity":-1.0E-4,"lastBolusTime":1703150165846,"time":"2023-12-21T13:55:55.987Z","iobWithZeroTemp":{"iob":-0.816,"basaliob":-0.816,"bolussnooze":0,"activity":-0.0097,"lastBolusTime":1703150165846,"time":"2023-12-21T13:55:55.987Z"}},{"iob":-0.001,"basaliob":-0.001,"bolussnooze":0,"activity":0,"lastBolusTime":1703150165846,"time":"2023-12-21T14:00:55.987Z","iobWithZeroTemp":{"iob":-0.817,"basaliob":-0.817,"bolussnooze":0,"activity":-0.0097,"lastBolusTime":1703150165846,"time":"2023-12-21T14:00:55.987Z"}},{"iob":-0.001,"basaliob":-0.001,"bolussnooze":0,"activity":0,"lastBolusTime":1703150165846,"time":"2023-12-21T14:05:55.987Z","iobWithZeroTemp":{"iob":-0.827,"basaliob":-0.827,"bolussnooze":0,"activity":-0.0097,"lastBolusTime":1703150165846,"time":"2023-12-21T14:05:55.987Z"}}],"profile":{"max_iob":7,"type":"current","max_daily_basal":0.8,"max_basal":4.4,"min_bg":90,"max_bg":90,"target_bg":90,"carb_ratio":16,"sens":57,"max_daily_safety_multiplier":9,"current_basal_safety_multiplier":8,"lgsThreshold":65,"high_temptarget_raises_sensitivity":false,"low_temptarget_lowers_sensitivity":false,"sensitivity_raises_target":false,"resistance_lowers_target":false,"adv_target_adjustments":false,"exercise_mode":false,"half_basal_exercise_target":160,"maxCOB":120,"skip_neutral_temps":false,"remainingCarbsCap":90,"enableUAM":true,"A52_risk_enable":false,"SMBInterval":3,"enableSMB_with_COB":true,"enableSMB_with_temptarget":true,"allowSMB_with_high_temptarget":true,"enableSMB_always":true,"enableSMB_after_carbs":true,"maxSMBBasalMinutes":120,"maxUAMSMBBasalMinutes":90,"bolus_increment":0.05,"carbsReqThreshold":5,"current_basal":0.55,"temptargetSet":false,"autosens_max":1.6,"autosens_min":0.6,"variable_sens":131.4,"insulinDivisor":75,"TDD":20.15129523809524},"autosens_data":{"ratio":1.0089810400266102},"meal_data":{"carbs":0,"mealCOB":0,"slopeFromMaxDeviation":-0.37229999999999996,"slopeFromMinDeviation":0.7210000000000001,"lastBolusTime":1703150165846,"lastCarbTime":0},"microBolusAllowed":true,"currentTime":1703153457429,"flatBGsDetected":false,"tdd1D":20.662500000000005,"tdd7D":21.47380952380953,"tddLast24H":21.666666666666664,"tddLast4H":2.3374999999999995,"tddLast8to4H":4.700000000000001},"output":{"temp":"absolute","bg":73,"tick":-1,"eventualBG":77,"targetBG":90,"insulinReq":0,"deliverAt":"2023-12-21T10:10:57.429Z","sensitivityRatio":1.0089810400266102,"variable_sens":131.4,"predBGs":{"IOB":[73,72,71,71,71,70,71,71,71,71,72,73,73,74,75,75,76,77,77,78,78,78,79,79,79,80,80,80,80,81,81,81,81,81,81,81,81,81,82],"ZT":[73,74,74,75,76,78,79,81,82,85,87,89]},"reason":"COB: 0, Dev: -14, BGI: 1, ISF: 131, CR: 16, Target: 90, minPredBG 77, minGuardBG 70, IOBpredBG 82; Eventual BG 77 < 90, setting 0.15U\/hr. ","COB":0,"IOB":-0.138,"duration":30,"rate":0.1549395720146356,"timestamp":"2023-12-21T10:10:57.481Z"}}