{"algorithm":"OpenAPSSMBDynamicISFPlugin","input":{"glucoseStatus":{"glucose":89,"noise":0,"delta":3,"short_avgdelta":2.22,"long_avgdelta":0.65,"date":1703115339000},"currenttemp":{"temp":"absolute","duration":20,"rate":0.8,"minutesrunning":10},"iob_data":[{"iob":-0.045,"basaliob":-0.117,"bolussnooze":0,"activity":-5.0E-4,"lastBolusTime":1703105530958,"time":"2023-12-20T23:35:59.266Z","iobWithZeroTemp":{"iob":-0.045,"basaliob":-0.117,"bolussnooze":0,"activity":-5.0E-4,"lastBolusTime":1703105530958,"time":"2023-12-20T23:35:59.266Z"}},{"iob":-0.042,"basaliob":-0.106,"bolussnooze":0,"activity":-5.0E-4,"lastBolusTime":1703105530958,"time":"2023-12-20T23:40:59.266Z","iobWithZeroTemp":{"iob":-0.089,"basaliob":-0.153,"bolussnooze":0,"activity":-5.0E-4,"lastBolusTime":1703105530958,"time":"2023-12-20T23:40:59.266Z"}},{"iob":-0.04,"basaliob":-0.096,"bolussnooze":0,"activity":-4.0E-4,"lastBolusTime":1703105530958,"time":"2023-12-20T23:45:59.266Z","iobWithZeroTemp":{"iob":-0.144,"basaliob":-0.2,"bolussnooze":0,"activity":-6.0E-4,"lastBolusTime":1703105530958,"time":"2023-12-20T23:45:59.266Z"}},{"iob":-0.038,"basaliob":-0.087,"bolussnooze":0,"activity":-5.0E-4,"lastBolusTime":1703105530958,"time":"2023-12-20T23:50:59.266Z","iobWithZeroTemp":{"iob":-0.199,"basaliob":-0.248,"bolussnooze":0,"activity":-0.001,"lastBolusTime":1703105530958,"time":"2023-12-20T23:50:59.266Z"}},{"iob":-0.035,"basaliob":-0.078,"bolussnooze":0,"activity":-4.0E-4,"lastBolusTime":1703105530958,"time":"2023-12-20T23:55:59.266Z","iobWithZeroTemp":{"iob":-0.251,"basaliob":-0.294,"bolussnooze":0,"activity":-0.0012,"lastBolusTime":1703105530958,"time":"2023-12-20T23:55:59.266Z"}},{"iob":-0.034,"basaliob":-0.071,"bolussnooze":0,"activity":-5.0E-4,"lastBolusTime":1703105530958,"time":"2023-12-21T00:00:59.266Z","iobWithZeroTemp":{"iob":-0.303,"basaliob":-0.34,"bolussnooze":0,"activity":-0.0017,"lastBolusTime":1703105530958,"time":"2023-12-21T00:00:59.266Z"}},{"iob":-0.03,"basaliob":-0.063,"bolussnooze":0,"activity":-5.0E-4,"lastBolusTime":1703105530958,"time":"2023-12-21T00:05:59.266Z","iobWithZeroTemp":{"iob":-0.35,"basaliob":-0.383,"bolussnooze":0,"activity":-0.0022,"lastBolusTime":1703105530958,"time":"2023-12-21T00:05:59.266Z"}},{"iob":-0.029,"basaliob":-0.057,"bolussnooze":0,"activity":-5.0E-4,"lastBolusTime":1703105530958,"time":"2023-12-21T00:10:59.266Z","iobWithZeroTemp":{"iob":-0.398,"basaliob":-0.426,"bolussnooze":0,"activity":-0.0027,"lastBolusTime":1703105530958,"time":"2023-12-21T00:10:59.266Z"}},{"iob":-0.027,"basaliob":-0.051,"bolussnooze":0,"activity":-4.0E-4,"lastBolusTime":1703105530958,"time":"2023-12-21T00:15:59.266Z","iobWithZeroTemp":{"iob":-0.443,"basaliob":-0.467,"bolussnooze":0,"activity":-0.0031,"lastBolusTime":1703105530958,"time":"2023-12-21T00:15:59.266Z"}},{"iob":-0.024,"basaliob":-0.045,"bolussnooze":0,"activity":-4.0E-4,"lastBolusTime":1703105530958,"time":"2023-12-21T00:20:59.266Z","iobWithZeroTemp":{"iob":-0.483,"basaliob":-0.504,"bolussnooze":0,"activity":-0.0036,"lastBolusTime":1703105530958,"time":"2023-12-21T00:20:59.266Z"}},{"iob":-0.022,"basaliob":-0.04,"bolussnooze":0,"activity":-3.0E-4,"lastBolusTime":1703105530958,"time":"2023-12-21T00:25:59.266Z","iobWithZeroTemp":{"iob":-0.523,"basaliob":-0.541,"bolussnooze":0,"activity":-0.004,"lastBolusTime":1703105530958,"time":"2023-12-21T00:25:59.266Z"}},{"iob":-0.021,"basaliob":-0.036,"bolussnooze":0,"activity":-4.0E-4,"lastBolusTime":1703105530958,"time":"2023-12-21T00:30:59.266Z","iobWithZeroTemp":{"iob":-0.561,"basaliob":-0.576,"bolussnooze":0,"activity":-0.0046,"lastBolusTime":1703105530958,"time":"2023-12-21T00:30:59.266Z"}},{"iob":-0.019,"basaliob":-0.032,"bolussnooze":0,"activity":-4.0E-4,"lastBolusTime":1703105530958,"time":"2023-12-21T00:35:59.266Z","iobWithZeroTemp":{"iob":-0.595,"basaliob":-0.608,"bolussnooze":0,"activity":-0.005,"lastBolusTime":1703105530958,"time":"2023-12-21T00:35:59.266Z"}},{"iob":-0.017,"basaliob":-0.028,"bolussnooze":0,"activity":-3.0E-4,"lastBolusTime":1703105530958,"time":"2023-12-21T00:40:59.266Z","iobWithZeroTemp":{"iob":-0.627,"basaliob":-0.638,"bolussnooze":0,"activity":-0.0054,"lastBolusTime":1703105530958,"time":"2023-12-21T00:40:59.266Z"}},{"iob":-0.016,"basaliob":-0.025,"bolussnooze":0,"activity":-3.0E-4,"lastBolusTime":1703105530958,"time":"2023-12-21T00:45:59.266Z","iobWithZeroTemp":{"iob":-0.657,"basaliob":-0.666,"bolussnooze":0,"activity":-0.0059,"lastBolusTime":1703105530958,"time":"2023-12-21T00:45:59.266Z"}},{"iob":-0.014,"basaliob":-0.022,"bolussnooze":0,"activity":-3.0E-4,"lastBolusTime":1703105530958,"time":"2023-12-21T00:50:59.266Z","iobWithZeroTemp":{"iob":-0.685,"basaliob":-0.693,"bolussnooze":0,"activity":-0.0063,"lastBolusTime":1703105530958,"time":"2023-12-21T00:50:59.266Z"}},{"iob":-0.012,"basaliob":-0.019,"bolussnooze":0,"activity":-3.0E-4,"lastBolusTime":1703105530958,"time":"2023-12-21T00:55:59.266Z","iobWithZeroTemp":{"iob":-0.71,"basaliob":-0.717,"bolussnooze":0,"activity":-0.0067,"lastBolusTime":1703105530958,"time":"2023-12-21T00:55:59.266Z"}},{"iob":-0.012,"basaliob":-0.017,"bolussnooze":0,"activity":-2.0E-4,"lastBolusTime":1703105530958,"time":"2023-12-21T01:00:59.266Z","iobWithZeroTemp":{"iob":-0.735,"basaliob":-0.74,"bolussnooze":0,"activity":-0.007,"lastBolusTime":1703105530958,"time":"2023-12-21T01:00:59.266Z"}},{"iob":-0.011,"basaliob":-0.015,"bolussnooze":0,"activity":-2.0E-4,"lastBolusTime":1703105530958,"time":"2023-12-21T01:05:59.266Z","iobWithZeroTemp":{"iob":-0.757,"basaliob":-0.761,"bolussnooze":0,"activity":-0.0074,"lastBolusTime":1703105530958,"time":"2023-12-21T01:05:59.266Z"}},{"iob":-0.009,"basaliob":-0.013,"bolussnooze":0,"activity":-2.0E-4,"lastBolusTime":1703105530958,"time":"2023-12-21T01:10:59.266Z","iobWithZeroTemp":{"iob":-0.777,"basaliob":-0.781,"bolussnooze":0,"activity":-0.0078,"lastBolusTime":1703105530958,"time":"2023-12-21T01:10:59.266Z"}},{"iob":-0.008,"basaliob":-0.011,"bolussnooze":0,"activity":-2.0E-4,"lastBolusTime":1703105530958,"time":"2023-12-21T01:15:59.266Z","iobWithZeroTemp":{"iob":-0.795,"basaliob":-0.798,"bolussnooze":0,"activity":-0.0081,"lastBolusTime":1703105530958,"time":"2023-12-21T01:15:59.266Z"}},{"iob":-0.008,"basaliob":-0.01,"bolussnooze":0,"activity":-2.0E-4,"lastBolusTime":1703105530958,"time":"2023-12-21T01:20:59.266Z","iobWithZeroTemp":{"iob":-0.813,"basaliob":-0.815,"bolussnooze":0,"activity":-0.0084,"lastBolusTime":1703105530958,"time":"2023-12-21T01:20:59.266Z"}},{"iob":-0.007,"basaliob":-0.009,"bolussnooze":0,"activity":-1.0E-4,"lastBolusTime":1703105530958,"time":"2023-12-21T01:25:59.266Z","iobWithZeroTemp":{"iob":-0.828,"basaliob":-0.83,"bolussnooze":0,"activity":-0.0086,"lastBolusTime":1703105530958,"time":"2023-12-21T01:25:59.266Z"}},{"iob":-0.006,"basaliob":-0.007,"bolussnooze":0,"activity":-1.0E-4,"lastBolusTime":1703105530958,"time":"2023-12-21T01:30:59.266Z","iobWithZeroTemp":{"iob":-0.842,"basaliob":-0.843,"bolussnooze":0,"activity":-0.0089,"lastBolusTime":1703105530958,"time":"2023-12-21T01:30:59.266Z"}},{"iob":-0.005,"basaliob":-0.006,"bolussnooze":0,"activity":-1.0E-4,"lastBolusTime":1703105530958,"time":"2023-12-21T01:35:59.266Z","iobWithZeroTemp":{"iob":-0.855,"basaliob":-0.856,"bolussnooze":0,"activity":-0.0092,"lastBolusTime":1703105530958,"time":"2023-12-21T01:35:59.266Z"}},{"iob":-0.004,"basaliob":-0.005,"bolussnooze":0,"activity":-2.0E-4,"lastBolusTime":1703105530958,"time":"2023-12-21T01:40:59.266Z","iobWithZeroTemp":{"iob":-0.866,"basaliob":-0.867,"bolussnooze":0,"activity":-0.0095,"lastBolusTime":1703105530958,"time":"2023-12-21T01:40:59.266Z"}},{"iob":-0.005,"basaliob":-0.005,"bolussnooze":0,"activity":-2.0E-4,"lastBolusTime":1703105530958,"time":"2023-12-21T01:45:59.266Z","iobWithZeroTemp":{"iob":-0.879,"basaliob":-0.879,"bolussnooze":0,"activity":-0.0097,"lastBolusTime":1703105530958,"time":"2023-12-21T01:45:59.266Z"}},{"iob":-0.004,"basaliob":-0.004,"bolussnooze":0,"activity":-1.0E-4,"lastBolusTime":1703105530958,"time":"2023-12-21T01:50:59.266Z","iobWithZeroTemp":{"iob":-0.888,"basaliob":-0.888,"bolussnooze":0,"activity":-0.0098,"lastBolusTime":1703105530958,"time":"2023-12-21T01:50:59.266Z"}},{"iob":-0.003,"basaliob":-0.003,"bolussnooze":0,"activity":-1.0E-4,"lastBolusTime":1703105530958,"time":"2023-12-21T01:55:59.266Z","iobWithZeroTemp":{"iob":-0.896,"basaliob":-0.896,"bolussnooze":0,"activity":-0.01,"lastBolusTime":1703105530958,"time":"2023-12-21T01:55:59.266Z"}},{"iob":-0.003,"basaliob":-0.003,"bolussnooze":0,"activity":-1.0E-4,"lastBolusTime":1703105530958,"time":"2023-12-21T02:00:59.266Z","iobWithZeroTemp":{"iob":-0.905,"basaliob":-0.905,"bolussnooze":0,"activity":-0.0102,"lastBolusTime":1703105530958,"time":"2023-12-21T02:00:59.266Z"}},{"iob":-0.002,"basaliob":-0.002,"bolussnooze":0,"activity":-1.0E-4,"lastBolusTime":1703105530958,"time":"2023-12-21T02:05:59.266Z","iobWithZeroTemp":{"iob":-0.911,"basaliob":-0.911,"bolussnooze":0,"activity":-0.0103,"lastBolusTime":1703105530958,"time":"2023-12-21T02:05:59.266Z"}},{"iob":-0.002,"basaliob":-0.002,"bolussnooze":0,"activity":-1.0E-4,"lastBolusTime":1703105530958,"time":"2023-12-21T02:10:59.266Z","iobWithZeroTemp":{"iob":-0.918,"basaliob":-0.918,"bolussnooze":0,"activity":-0.0105,"lastBolusTime":1703105530958,"time":"2023-12-21T02:10:59.266Z"}},{"iob":-0.002,"basaliob":-0.002,"bolussnooze":0,"activity":-1.0E-4,"lastBolusTime":1703105530958,"time":"2023-12-21T02:15:59.266Z","iobWithZeroTemp":{"iob":-0.924,"basaliob":-0.924,"bolussnooze":0,"activity":-0.0106,"lastBolusTime":1703105530958,"time":"2023-12-21T02:15:59.266Z"}},{"iob":-0.001,"basaliob":-0.001,"bolussnooze":0,"activity":-1.0E-4,"lastBolusTime":1703105530958,"time":"2023-12-21T02:20:59.266Z","iobWithZeroTemp":{"iob":-0.928,"basaliob":-0.928,"bolussnooze":0,"activity":-0.0107,"lastBolusTime":1703105530958,"time":"2023-12-21T02:20:59.266Z"}},{"iob":-0.001,"basaliob":-0.001,"bolussnooze":0,"activity":0,"lastBolusTime":0,"time":"2023-12-21T02:25:59.266Z","iobWithZeroTemp":{"iob":-0.933,"basaliob":-0.933,"bolussnooze":0,"activity":-0.0108,"lastBolusTime":0,"time":"2023-12-21T02:25:59.266Z"}},{"iob":-0.001,"basaliob":-0.001,"bolussnooze":0,"activity":0,"lastBolusTime":0,"time":"2023-12-21T02:30:59.266Z","iobWithZeroTemp":{"iob":-0.937,"basaliob":-0.937,"bolussnooze":0,"activity":-0.0109,"lastBolusTime":0,"time":"2023-12-21T02:30:59.266Z"}},{"iob":-0.001,"basaliob":-0.001,"bolussnooze":0,"activity":0,"lastBolusTime":0,"time":"2023-12-21T02:35:59.266Z","iobWithZeroTemp":{"iob":-0.941,"basaliob":-0.941,"bolussnooze":0,"activity":-0.0109,"lastBolusTime":0,"time":"2023-12-21T02:35:59.266Z"}},{"iob":-0.001,"basaliob":-0.001,"bolussnooze":0,"activity":0,"lastBolusTime":0,"time":"2023-12-21T02:40:59.266Z","iobWithZeroTemp":{"iob":-0.945,"basaliob":-0.945,"bolussnooze":0,"activity":-0.011,"lastBolusTime":0,"time":"2023-12-21T02:40:59.266Z"}},{"iob":0,"basaliob":0,"bolussnooze":0,"activity":0,"lastBolusTime":0,"time":"2023-12-21T02:45:59.266Z","iobWithZeroTemp":{"iob":-0.947,"basaliob":-0.947,"bolussnooze":0,"activity":-0.0111,"lastBolusTime":0,"time":"2023-12-21T02:45:59.266Z"}},{"iob":0,"basaliob":0,"bolussnooze":0,"activity":0,"lastBolusTime":0,"time":"2023-12-21T02:50:59.266Z","iobWithZeroTemp":{"iob":-0.949,"basaliob":-0.949,"bolussnooze":0,"activity":-0.0112,"lastBolusTime":0,"time":"2023-12-21T02:50:59.266Z"}},{"iob":0,"basaliob":0,"bolussnooze":0,"activity":0,"lastBolusTime":0,"time":"2023-12-21T02:55:59.266Z","iobWithZeroTemp":{"iob":-0.952,"basaliob":-0.952,"bolussnooze":0,"activity":-0.0112,"lastBolusTime":0,"time":"2023-12-21T02:55:59.266Z"}},{"iob":0,"basaliob":0,"bolussnooze":0,"activity":0,"lastBolusTime":0,"time":"2023-12-21T03:00:59.266Z","iobWithZeroTemp":{"iob":-0.954,"basaliob":-0.954,"bolussnooze":0,"activity":-0.0113,"lastBolusTime":0,"time":"2023-12-21T03:00:59.266Z"}},{"iob":0,"basaliob":0,"bolussnooze":0,"activity":0,"lastBolusTime":0,"time":"2023-12-21T03:05:59.266Z","iobWithZeroTemp":{"iob":-0.956,"basaliob":-0.956,"bolussnooze":0,"activity":-0.0113,"lastBolusTime":0,"time":"2023-12-21T03:05:59.266Z"}},{"iob":0,"basaliob":0,"bolussnooze":0,"activity":0,"lastBolusTime":0,"time":"2023-12-21T03:10:59.266Z","iobWithZeroTemp":{"iob":-0.957,"basaliob":-0.957,"bolussnooze":0,"activity":-0.0114,"lastBolusTime":0,"time":"2023-12-21T03:10:59.266Z"}},{"iob":0,"basaliob":0,"bolussnooze":0,"activity":0,"lastBolusTime":0,"time":"2023-12-21T03:15:59.266Z","iobWithZeroTemp":{"iob":-0.959,"basaliob":-0.959,"bolussnooze":0,"activity":-0.0114,"lastBolusTime":0,"time":"2023-12-21T03:15:59.266Z"}},{"iob":0,"basaliob":0,"bolussnooze":0,"activity":0,"lastBolusTime":0,"time":"2023-12-21T03:20:59.266Z","iobWithZeroTemp":{"iob":-0.96,"basaliob":-0.96,"bolussnooze":0,"activity":-0.0115,"lastBolusTime":0,"time":"2023-12-21T03:20:59.266Z"}},{"iob":0,"basaliob":0,"bolussnooze":0,"activity":0,"lastBolusTime":0,"time":"2023-12-21T03:25:59.266Z","iobWithZeroTemp":{"iob":-0.961,"basaliob":-0.961,"bolussnooze":0,"activity":-0.0115,"lastBolusTime":0,"time":"2023-12-21T03:25:59.266Z"}},{"iob":0,"basaliob":0,"bolussnooze":0,"activity":0,"lastBolusTime":0,"time":"2023-12-21T03:30:59.266Z","iobWithZeroTemp":{"iob":-0.962,"basaliob":-0.962,"bolussnooze":0,"activity":-0.0115,"lastBolusTime":0,"time":"2023-12-21T03:30:59.266Z"}}],"profile":{"max_iob":7,"type":"current","max_daily_basal":0.8,"max_basal":5,"min_bg":80,"max_bg":90,"target_bg":85,"carb_ratio":14,"sens":57,"max_daily_safety_multiplier":9,"current_basal_safety_multiplier":8,"lgsThreshold":65,"high_temptarget_raises_sensitivity":false,"low_temptarget_lowers_sensitivity":false,"sensitivity_raises_target":false,"resistance_lowers_target":false,"adv_target_adjustments":false,"exercise_mode":false,"half_basal_exercise_target":160,"maxCOB":120,"skip_neutral_temps":false,"remainingCarbsCap":90,"enableUAM":true,"A52_risk_enable":false,"SMBInterval":3,"enableSMB_with_COB":true,"enableSMB_with_temptarget":true,"allowSMB_with_high_temptarget":true,"enableSMB_always":true,"enableSMB_after_carbs":true,"maxSMBBasalMinutes":120,"maxUAMSMBBasalMinutes":90,"bolus_increment":0.05,"carbsReqThreshold":5,"current_basal":0.7,"temptargetSet":false,"autosens_max":1.6,"autosens_min":0.6,"variable_sens":108.7,"insulinDivisor":75,"TDD":21.163935714285717},"autosens_data":{"ratio":0.9737346409649413},"meal_data":{"carbs":0,"mealCOB":0,"slopeFromMaxDeviation":0,"slopeFromMinDeviation":0.37971428571428567,"lastBolusTime":1703105530958,"lastCarbTime":0},"microBolusAllowed":true,"currentTime":1703115360920,"flatBGsDetected":false,"tdd1D":21.666666666666675,"tdd7D":21.121428571428574,"tddLast24H":20.566666666666656,"tddLast4H":3.145833333333333,"tddLast8to4H":4.1625000000000005},"output":{"temp":"absolute","bg":89,"tick":"+3","eventualBG":108,"targetBG":85,"insulinReq":0.19,"deliverAt":"2023-12-20T23:36:00.920Z","sensitivityRatio":0.9737346409649413,"variable_sens":108.7,"predBGs":{"IOB":[89,91,93,95,96,98,99,100,101,102,102,103,103,103,103,103,103,104,104,104,104,104,104,104,104,104,104,104,104,104,105],"ZT":[89,89,90,90,90,91,92],"UAM":[89,91,93,95,97,98,100,101,102,103,104,105,106,106,107,107,107,107,107,107,108]},"reason":"COB: 0, Dev: 12, BGI: 0, ISF: 109, CR: 14, Target: 85, minPredBG 106, minGuardBG 91, IOBpredBG 105, UAMpredBG 108; Eventual BG 108 >= 90,  insulinReq 0.19. Microbolusing 0.05U. temp 0.80 < 1.06U\/hr. ","COB":0,"IOB":-0.045,"units":0.05,"duration":30,"rate":1.061614248675459,"timestamp":"2023-12-20T23:36:00.942Z"}}