{"algorithm":"OpenAPSSMBDynamicISFPlugin","input":{"glucoseStatus":{"glucose":104,"noise":0,"delta":-2,"short_avgdelta":-1.89,"long_avgdelta":0.2,"date":1703184337000},"currenttemp":{"temp":"absolute","duration":50,"rate":0,"minutesrunning":10},"iob_data":[{"iob":0.492,"basaliob":-0.077,"bolussnooze":0.2143,"activity":0.0047,"lastBolusTime":1703183489807,"time":"2023-12-21T18:45:55.639Z","iobWithZeroTemp":{"iob":0.492,"basaliob":-0.077,"bolussnooze":0.2143,"activity":0.0047,"lastBolusTime":1703183489807,"time":"2023-12-21T18:45:55.639Z"}},{"iob":0.469,"basaliob":-0.076,"bolussnooze":0.1936,"activity":0.0048,"lastBolusTime":1703183489807,"time":"2023-12-21T18:50:55.639Z","iobWithZeroTemp":{"iob":0.416,"basaliob":-0.129,"bolussnooze":0.1936,"activity":0.0047,"lastBolusTime":1703183489807,"time":"2023-12-21T18:50:55.639Z"}},{"iob":0.444,"basaliob":-0.075,"bolussnooze":0.1721,"activity":0.005,"lastBolusTime":1703183489807,"time":"2023-12-21T18:55:55.639Z","iobWithZeroTemp":{"iob":0.325,"basaliob":-0.194,"bolussnooze":0.1721,"activity":0.0048,"lastBolusTime":1703183489807,"time":"2023-12-21T18:55:55.639Z"}},{"iob":0.419,"basaliob":-0.073,"bolussnooze":0.1509,"activity":0.005,"lastBolusTime":1703183489807,"time":"2023-12-21T19:00:55.639Z","iobWithZeroTemp":{"iob":0.235,"basaliob":-0.257,"bolussnooze":0.1509,"activity":0.0044,"lastBolusTime":1703183489807,"time":"2023-12-21T19:00:55.639Z"}},{"iob":0.393,"basaliob":-0.071,"bolussnooze":0.1308,"activity":0.005,"lastBolusTime":1703183489807,"time":"2023-12-21T19:05:55.639Z","iobWithZeroTemp":{"iob":0.146,"basaliob":-0.318,"bolussnooze":0.1308,"activity":0.004,"lastBolusTime":1703183489807,"time":"2023-12-21T19:05:55.639Z"}},{"iob":0.369,"basaliob":-0.068,"bolussnooze":0.1122,"activity":0.0049,"lastBolusTime":1703183489807,"time":"2023-12-21T19:10:55.639Z","iobWithZeroTemp":{"iob":0.061,"basaliob":-0.376,"bolussnooze":0.1122,"activity":0.0035,"lastBolusTime":1703183489807,"time":"2023-12-21T19:10:55.639Z"}},{"iob":0.345,"basaliob":-0.065,"bolussnooze":0.0955,"activity":0.0048,"lastBolusTime":1703183489807,"time":"2023-12-21T19:15:55.639Z","iobWithZeroTemp":{"iob":-0.021,"basaliob":-0.431,"bolussnooze":0.0955,"activity":0.0029,"lastBolusTime":1703183489807,"time":"2023-12-21T19:15:55.639Z"}},{"iob":0.321,"basaliob":-0.062,"bolussnooze":0.0805,"activity":0.0047,"lastBolusTime":1703183489807,"time":"2023-12-21T19:20:55.639Z","iobWithZeroTemp":{"iob":-0.101,"basaliob":-0.484,"bolussnooze":0.0805,"activity":0.0022,"lastBolusTime":1703183489807,"time":"2023-12-21T19:20:55.639Z"}},{"iob":0.298,"basaliob":-0.059,"bolussnooze":0.0674,"activity":0.0044,"lastBolusTime":1703183489807,"time":"2023-12-21T19:25:55.639Z","iobWithZeroTemp":{"iob":-0.177,"basaliob":-0.534,"bolussnooze":0.0674,"activity":0.0014,"lastBolusTime":1703183489807,"time":"2023-12-21T19:25:55.639Z"}},{"iob":0.277,"basaliob":-0.055,"bolussnooze":0.0559,"activity":0.0042,"lastBolusTime":1703183489807,"time":"2023-12-21T19:30:55.639Z","iobWithZeroTemp":{"iob":-0.248,"basaliob":-0.58,"bolussnooze":0.0559,"activity":6.0E-4,"lastBolusTime":1703183489807,"time":"2023-12-21T19:30:55.639Z"}},{"iob":0.256,"basaliob":-0.052,"bolussnooze":0.0461,"activity":0.004,"lastBolusTime":1703183489807,"time":"2023-12-21T19:35:55.639Z","iobWithZeroTemp":{"iob":-0.316,"basaliob":-0.624,"bolussnooze":0.0461,"activity":-2.0E-4,"lastBolusTime":1703183489807,"time":"2023-12-21T19:35:55.639Z"}},{"iob":0.236,"basaliob":-0.049,"bolussnooze":0.0377,"activity":0.0039,"lastBolusTime":1703183489807,"time":"2023-12-21T19:40:55.639Z","iobWithZeroTemp":{"iob":-0.381,"basaliob":-0.666,"bolussnooze":0.0377,"activity":-8.0E-4,"lastBolusTime":1703183489807,"time":"2023-12-21T19:40:55.639Z"}},{"iob":0.218,"basaliob":-0.045,"bolussnooze":0.0306,"activity":0.0037,"lastBolusTime":1703183489807,"time":"2023-12-21T19:45:55.639Z","iobWithZeroTemp":{"iob":-0.44,"basaliob":-0.703,"bolussnooze":0.0306,"activity":-0.0016,"lastBolusTime":1703183489807,"time":"2023-12-21T19:45:55.639Z"}},{"iob":0.2,"basaliob":-0.042,"bolussnooze":0.0247,"activity":0.0034,"lastBolusTime":1703183489807,"time":"2023-12-21T19:50:55.639Z","iobWithZeroTemp":{"iob":-0.497,"basaliob":-0.739,"bolussnooze":0.0247,"activity":-0.0025,"lastBolusTime":1703183489807,"time":"2023-12-21T19:50:55.639Z"}},{"iob":0.184,"basaliob":-0.039,"bolussnooze":0.0197,"activity":0.0032,"lastBolusTime":1703183489807,"time":"2023-12-21T19:55:55.639Z","iobWithZeroTemp":{"iob":-0.549,"basaliob":-0.772,"bolussnooze":0.0197,"activity":-0.0032,"lastBolusTime":1703183489807,"time":"2023-12-21T19:55:55.639Z"}},{"iob":0.168,"basaliob":-0.036,"bolussnooze":0.0156,"activity":0.003,"lastBolusTime":1703183489807,"time":"2023-12-21T20:00:55.639Z","iobWithZeroTemp":{"iob":-0.599,"basaliob":-0.803,"bolussnooze":0.0156,"activity":-0.0039,"lastBolusTime":1703183489807,"time":"2023-12-21T20:00:55.639Z"}},{"iob":0.153,"basaliob":-0.034,"bolussnooze":0.0122,"activity":0.0028,"lastBolusTime":1703183489807,"time":"2023-12-21T20:05:55.639Z","iobWithZeroTemp":{"iob":-0.645,"basaliob":-0.832,"bolussnooze":0.0122,"activity":-0.0046,"lastBolusTime":1703183489807,"time":"2023-12-21T20:05:55.639Z"}},{"iob":0.14,"basaliob":-0.031,"bolussnooze":0.0095,"activity":0.0026,"lastBolusTime":1703183489807,"time":"2023-12-21T20:10:55.639Z","iobWithZeroTemp":{"iob":-0.686,"basaliob":-0.857,"bolussnooze":0.0095,"activity":-0.0052,"lastBolusTime":1703183489807,"time":"2023-12-21T20:10:55.639Z"}},{"iob":0.127,"basaliob":-0.029,"bolussnooze":0.0073,"activity":0.0024,"lastBolusTime":1703183489807,"time":"2023-12-21T20:15:55.639Z","iobWithZeroTemp":{"iob":-0.726,"basaliob":-0.882,"bolussnooze":0.0073,"activity":-0.0059,"lastBolusTime":1703183489807,"time":"2023-12-21T20:15:55.639Z"}},{"iob":0.116,"basaliob":-0.026,"bolussnooze":0.0055,"activity":0.0023,"lastBolusTime":1703183489807,"time":"2023-12-21T20:20:55.639Z","iobWithZeroTemp":{"iob":-0.761,"basaliob":-0.903,"bolussnooze":0.0055,"activity":-0.0064,"lastBolusTime":1703183489807,"time":"2023-12-21T20:20:55.639Z"}},{"iob":0.105,"basaliob":-0.024,"bolussnooze":0.0041,"activity":0.0021,"lastBolusTime":1703183489807,"time":"2023-12-21T20:25:55.639Z","iobWithZeroTemp":{"iob":-0.795,"basaliob":-0.924,"bolussnooze":0.0041,"activity":-0.007,"lastBolusTime":1703183489807,"time":"2023-12-21T20:25:55.639Z"}},{"iob":0.095,"basaliob":-0.022,"bolussnooze":0.003,"activity":0.0019,"lastBolusTime":1703183489807,"time":"2023-12-21T20:30:55.639Z","iobWithZeroTemp":{"iob":-0.825,"basaliob":-0.942,"bolussnooze":0.003,"activity":-0.0075,"lastBolusTime":1703183489807,"time":"2023-12-21T20:30:55.639Z"}},{"iob":0.086,"basaliob":-0.02,"bolussnooze":0.0021,"activity":0.0017,"lastBolusTime":1703183489807,"time":"2023-12-21T20:35:55.639Z","iobWithZeroTemp":{"iob":-0.853,"basaliob":-0.959,"bolussnooze":0.0021,"activity":-0.0081,"lastBolusTime":1703183489807,"time":"2023-12-21T20:35:55.639Z"}},{"iob":0.078,"basaliob":-0.018,"bolussnooze":0.0015,"activity":0.0017,"lastBolusTime":1703183489807,"time":"2023-12-21T20:40:55.639Z","iobWithZeroTemp":{"iob":-0.878,"basaliob":-0.974,"bolussnooze":0.0015,"activity":-0.0084,"lastBolusTime":1703183489807,"time":"2023-12-21T20:40:55.639Z"}},{"iob":0.069,"basaliob":-0.017,"bolussnooze":0.001,"activity":0.0015,"lastBolusTime":1703183489807,"time":"2023-12-21T20:45:55.639Z","iobWithZeroTemp":{"iob":-0.903,"basaliob":-0.989,"bolussnooze":0.001,"activity":-0.0089,"lastBolusTime":1703183489807,"time":"2023-12-21T20:45:55.639Z"}},{"iob":0.063,"basaliob":-0.015,"bolussnooze":6.0E-4,"activity":0.0013,"lastBolusTime":1703183489807,"time":"2023-12-21T20:50:55.639Z","iobWithZeroTemp":{"iob":-0.923,"basaliob":-1.001,"bolussnooze":6.0E-4,"activity":-0.0093,"lastBolusTime":1703183489807,"time":"2023-12-21T20:50:55.639Z"}},{"iob":0.056,"basaliob":-0.014,"bolussnooze":4.0E-4,"activity":0.0012,"lastBolusTime":1703183489807,"time":"2023-12-21T20:55:55.639Z","iobWithZeroTemp":{"iob":-0.943,"basaliob":-1.013,"bolussnooze":4.0E-4,"activity":-0.0097,"lastBolusTime":1703183489807,"time":"2023-12-21T20:55:55.639Z"}},{"iob":0.051,"basaliob":-0.012,"bolussnooze":2.0E-4,"activity":0.0011,"lastBolusTime":1703183489807,"time":"2023-12-21T21:00:55.639Z","iobWithZeroTemp":{"iob":-0.959,"basaliob":-1.022,"bolussnooze":2.0E-4,"activity":-0.01,"lastBolusTime":1703183489807,"time":"2023-12-21T21:00:55.639Z"}},{"iob":0.045,"basaliob":-0.011,"bolussnooze":1.0E-4,"activity":0.0011,"lastBolusTime":1703183489807,"time":"2023-12-21T21:05:55.639Z","iobWithZeroTemp":{"iob":-0.976,"basaliob":-1.032,"bolussnooze":1.0E-4,"activity":-0.0102,"lastBolusTime":1703183489807,"time":"2023-12-21T21:05:55.639Z"}},{"iob":0.04,"basaliob":-0.01,"bolussnooze":0,"activity":9.0E-4,"lastBolusTime":1703183489807,"time":"2023-12-21T21:10:55.639Z","iobWithZeroTemp":{"iob":-0.99,"basaliob":-1.04,"bolussnooze":0,"activity":-0.0106,"lastBolusTime":1703183489807,"time":"2023-12-21T21:10:55.639Z"}},{"iob":0.036,"basaliob":-0.009,"bolussnooze":0,"activity":8.0E-4,"lastBolusTime":1703183489807,"time":"2023-12-21T21:15:55.639Z","iobWithZeroTemp":{"iob":-1.003,"basaliob":-1.048,"bolussnooze":0,"activity":-0.0109,"lastBolusTime":1703183489807,"time":"2023-12-21T21:15:55.639Z"}},{"iob":0.032,"basaliob":-0.008,"bolussnooze":0,"activity":7.0E-4,"lastBolusTime":1703183489807,"time":"2023-12-21T21:20:55.639Z","iobWithZeroTemp":{"iob":-1.015,"basaliob":-1.055,"bolussnooze":0,"activity":-0.0112,"lastBolusTime":1703183489807,"time":"2023-12-21T21:20:55.639Z"}},{"iob":0.028,"basaliob":-0.007,"bolussnooze":0,"activity":7.0E-4,"lastBolusTime":1703183489807,"time":"2023-12-21T21:25:55.639Z","iobWithZeroTemp":{"iob":-1.026,"basaliob":-1.061,"bolussnooze":0,"activity":-0.0113,"lastBolusTime":1703183489807,"time":"2023-12-21T21:25:55.639Z"}},{"iob":0.024,"basaliob":-0.007,"bolussnooze":0,"activity":7.0E-4,"lastBolusTime":1703183489807,"time":"2023-12-21T21:30:55.639Z","iobWithZeroTemp":{"iob":-1.036,"basaliob":-1.067,"bolussnooze":0,"activity":-0.0115,"lastBolusTime":1703183489807,"time":"2023-12-21T21:30:55.639Z"}},{"iob":0.021,"basaliob":-0.006,"bolussnooze":0,"activity":6.0E-4,"lastBolusTime":1703183489807,"time":"2023-12-21T21:35:55.639Z","iobWithZeroTemp":{"iob":-1.044,"basaliob":-1.071,"bolussnooze":0,"activity":-0.0117,"lastBolusTime":1703183489807,"time":"2023-12-21T21:35:55.639Z"}},{"iob":0.019,"basaliob":-0.005,"bolussnooze":0,"activity":5.0E-4,"lastBolusTime":1703183489807,"time":"2023-12-21T21:40:55.639Z","iobWithZeroTemp":{"iob":-1.051,"basaliob":-1.075,"bolussnooze":0,"activity":-0.0119,"lastBolusTime":1703183489807,"time":"2023-12-21T21:40:55.639Z"}},{"iob":0.016,"basaliob":-0.005,"bolussnooze":0,"activity":5.0E-4,"lastBolusTime":1703183489807,"time":"2023-12-21T21:45:55.639Z","iobWithZeroTemp":{"iob":-1.059,"basaliob":-1.08,"bolussnooze":0,"activity":-0.012,"lastBolusTime":1703183489807,"time":"2023-12-21T21:45:55.639Z"}},{"iob":0.015,"basaliob":-0.004,"bolussnooze":0,"activity":4.0E-4,"lastBolusTime":1703183489807,"time":"2023-12-21T21:50:55.639Z","iobWithZeroTemp":{"iob":-1.064,"basaliob":-1.083,"bolussnooze":0,"activity":-0.0122,"lastBolusTime":1703183489807,"time":"2023-12-21T21:50:55.639Z"}},{"iob":0.012,"basaliob":-0.004,"bolussnooze":0,"activity":4.0E-4,"lastBolusTime":1703183489807,"time":"2023-12-21T21:55:55.639Z","iobWithZeroTemp":{"iob":-1.07,"basaliob":-1.086,"bolussnooze":0,"activity":-0.0123,"lastBolusTime":1703183489807,"time":"2023-12-21T21:55:55.639Z"}},{"iob":0.011,"basaliob":-0.003,"bolussnooze":0,"activity":3.0E-4,"lastBolusTime":1703183489807,"time":"2023-12-21T22:00:55.639Z","iobWithZeroTemp":{"iob":-1.074,"basaliob":-1.088,"bolussnooze":0,"activity":-0.0125,"lastBolusTime":1703183489807,"time":"2023-12-21T22:00:55.639Z"}},{"iob":0.009,"basaliob":-0.003,"bolussnooze":0,"activity":3.0E-4,"lastBolusTime":1703183489807,"time":"2023-12-21T22:05:55.639Z","iobWithZeroTemp":{"iob":-1.079,"basaliob":-1.091,"bolussnooze":0,"activity":-0.0125,"lastBolusTime":1703183489807,"time":"2023-12-21T22:05:55.639Z"}},{"iob":0.007,"basaliob":-0.003,"bolussnooze":0,"activity":2.0E-4,"lastBolusTime":1703183489807,"time":"2023-12-21T22:10:55.639Z","iobWithZeroTemp":{"iob":-1.083,"basaliob":-1.093,"bolussnooze":0,"activity":-0.0127,"lastBolusTime":1703183489807,"time":"2023-12-21T22:10:55.639Z"}},{"iob":0.007,"basaliob":-0.002,"bolussnooze":0,"activity":2.0E-4,"lastBolusTime":1703183489807,"time":"2023-12-21T22:15:55.639Z","iobWithZeroTemp":{"iob":-1.085,"basaliob":-1.094,"bolussnooze":0,"activity":-0.0128,"lastBolusTime":1703183489807,"time":"2023-12-21T22:15:55.639Z"}},{"iob":0.006,"basaliob":-0.002,"bolussnooze":0,"activity":1.0E-4,"lastBolusTime":1703183489807,"time":"2023-12-21T22:20:55.639Z","iobWithZeroTemp":{"iob":-1.088,"basaliob":-1.096,"bolussnooze":0,"activity":-0.0129,"lastBolusTime":1703183489807,"time":"2023-12-21T22:20:55.639Z"}},{"iob":0.004,"basaliob":-0.002,"bolussnooze":0,"activity":2.0E-4,"lastBolusTime":1703183489807,"time":"2023-12-21T22:25:55.639Z","iobWithZeroTemp":{"iob":-1.092,"basaliob":-1.098,"bolussnooze":0,"activity":-0.0128,"lastBolusTime":1703183489807,"time":"2023-12-21T22:25:55.639Z"}},{"iob":0.003,"basaliob":-0.002,"bolussnooze":0,"activity":2.0E-4,"lastBolusTime":1703183489807,"time":"2023-12-21T22:30:55.639Z","iobWithZeroTemp":{"iob":-1.094,"basaliob":-1.099,"bolussnooze":0,"activity":-0.0129,"lastBolusTime":1703183489807,"time":"2023-12-21T22:30:55.639Z"}},{"iob":0.004,"basaliob":-0.001,"bolussnooze":0,"activity":2.0E-4,"lastBolusTime":1703183489807,"time":"2023-12-21T22:35:55.639Z","iobWithZeroTemp":{"iob":-1.094,"basaliob":-1.099,"bolussnooze":0,"activity":-0.0129,"lastBolusTime":1703183489807,"time":"2023-12-21T22:35:55.639Z"}},{"iob":0.003,"basaliob":-0.001,"bolussnooze":0,"activity":1.0E-4,"lastBolusTime":1703183489807,"time":"2023-12-21T22:40:55.639Z","iobWithZeroTemp":{"iob":-1.096,"basaliob":-1.1,"bolussnooze":0,"activity":-0.0131,"lastBolusTime":1703183489807,"time":"2023-12-21T22:40:55.639Z"}}],"profile":{"max_iob":7,"type":"current","max_daily_basal":0.8,"max_basal":5,"min_bg":80,"max_bg":90,"target_bg":85,"carb_ratio":14,"sens":57,"max_daily_safety_multiplier":9,"current_basal_safety_multiplier":8,"lgsThreshold":65,"high_temptarget_raises_sensitivity":false,"low_temptarget_lowers_sensitivity":false,"sensitivity_raises_target":false,"resistance_lowers_target":false,"adv_target_adjustments":false,"exercise_mode":false,"half_basal_exercise_target":160,"maxCOB":120,"skip_neutral_temps":false,"remainingCarbsCap":90,"enableUAM":true,"A52_risk_enable":false,"SMBInterval":3,"enableSMB_with_COB":true,"enableSMB_with_temptarget":true,"allowSMB_with_high_temptarget":true,"enableSMB_always":true,"enableSMB_after_carbs":true,"maxSMBBasalMinutes":120,"maxUAMSMBBasalMinutes":90,"bolus_increment":0.05,"carbsReqThreshold":5,"current_basal":0.8,"temptargetSet":false,"autosens_max":1.6,"autosens_min":0.6,"variable_sens":101.2,"insulinDivisor":75,"TDD":20.441695238095242},"autosens_data":{"ratio":1.0351757401042243},"meal_data":{"carbs":0,"mealCOB":0,"slopeFromMaxDeviation":-1.1053333333333333,"slopeFromMinDeviation":0.0689090909090909,"lastBolusTime":1703183489807,"lastCarbTime":0},"microBolusAllowed":true,"currentTime":1703184357651,"flatBGsDetected":false,"tdd1D":20.662500000000005,"tdd7D":21.47380952380953,"tddLast24H":22.22916666666667,"tddLast4H":3.4916666666666663,"tddLast8to4H":2.4958333333333336},"output":{"temp":"absolute","bg":104,"tick":-2,"eventualBG":56,"targetBG":85,"insulinReq":0,"deliverAt":"2023-12-21T18:45:57.651Z","sensitivityRatio":1.0351757401042243,"variable_sens":101.2,"predBGs":{"IOB":[104,102,100,98,95,93,90,88,85,83,80,78,76,73,71,69,67,65,63,61,60,58,57,55,54,53,52,51,50,49,48,47,47,46,45,45,44,44,43,43,43,42,42,42,42,42,42,41],"ZT":[104,102,99,97,94,92,90,89,87,87,86,86],"UAM":[104,102,99,97,94,91,88,86,83,80,78,75,73,71,68,66,64,62,60,58,57,55,53,52,51,49,48,47,46,45,44,44,43,42,42,41,40,40,39]},"reason":"COB: 0, Dev: 2, BGI: -2, ISF: 101, CR: 14, Target: 85, minPredBG 63, minGuardBG 37, IOBpredBG 41, UAMpredBG 39; minGuardBG 37<65 50m left and 0 ~ req 0U\/hr: no temp required","COB":0,"IOB":0.492,"timestamp":"2023-12-21T18:45:57.664Z"}}