{"algorithm":"OpenAPSSMBDynamicISFPlugin","input":{"glucoseStatus":{"glucose":84,"noise":0,"delta":-2,"short_avgdelta":-0.33,"long_avgdelta":1.2,"date":1703078438000},"currenttemp":{"temp":"absolute","duration":25,"rate":0.65,"minutesrunning":5},"iob_data":[{"iob":0.028,"basaliob":-0.092,"bolussnooze":0,"activity":-0.001,"lastBolusTime":1703077874822,"time":"2023-12-20T13:20:57.880Z","iobWithZeroTemp":{"iob":0.028,"basaliob":-0.092,"bolussnooze":0,"activity":-0.001,"lastBolusTime":1703077874822,"time":"2023-12-20T13:20:57.880Z"}},{"iob":0.033,"basaliob":-0.083,"bolussnooze":0,"activity":-7.0E-4,"lastBolusTime":1703077874822,"time":"2023-12-20T13:25:57.880Z","iobWithZeroTemp":{"iob":-0.007,"basaliob":-0.123,"bolussnooze":0,"activity":-7.0E-4,"lastBolusTime":1703077874822,"time":"2023-12-20T13:25:57.880Z"}},{"iob":0.035,"basaliob":-0.075,"bolussnooze":0,"activity":-5.0E-4,"lastBolusTime":1703077874822,"time":"2023-12-20T13:30:57.880Z","iobWithZeroTemp":{"iob":-0.054,"basaliob":-0.164,"bolussnooze":0,"activity":-7.0E-4,"lastBolusTime":1703077874822,"time":"2023-12-20T13:30:57.880Z"}},{"iob":0.037,"basaliob":-0.068,"bolussnooze":0,"activity":-3.0E-4,"lastBolusTime":1703077874822,"time":"2023-12-20T13:35:57.880Z","iobWithZeroTemp":{"iob":-0.101,"basaliob":-0.206,"bolussnooze":0,"activity":-7.0E-4,"lastBolusTime":1703077874822,"time":"2023-12-20T13:35:57.880Z"}},{"iob":0.038,"basaliob":-0.061,"bolussnooze":0,"activity":-1.0E-4,"lastBolusTime":1703077874822,"time":"2023-12-20T13:40:57.880Z","iobWithZeroTemp":{"iob":-0.147,"basaliob":-0.246,"bolussnooze":0,"activity":-8.0E-4,"lastBolusTime":1703077874822,"time":"2023-12-20T13:40:57.880Z"}},{"iob":0.039,"basaliob":-0.054,"bolussnooze":0,"activity":0,"lastBolusTime":1703077874822,"time":"2023-12-20T13:45:57.880Z","iobWithZeroTemp":{"iob":-0.192,"basaliob":-0.285,"bolussnooze":0,"activity":-0.0011,"lastBolusTime":1703077874822,"time":"2023-12-20T13:45:57.880Z"}},{"iob":0.038,"basaliob":-0.049,"bolussnooze":0,"activity":0,"lastBolusTime":1703077874822,"time":"2023-12-20T13:50:57.880Z","iobWithZeroTemp":{"iob":-0.237,"basaliob":-0.324,"bolussnooze":0,"activity":-0.0014,"lastBolusTime":1703077874822,"time":"2023-12-20T13:50:57.880Z"}},{"iob":0.039,"basaliob":-0.043,"bolussnooze":0,"activity":1.0E-4,"lastBolusTime":1703077874822,"time":"2023-12-20T13:55:57.880Z","iobWithZeroTemp":{"iob":-0.277,"basaliob":-0.359,"bolussnooze":0,"activity":-0.0017,"lastBolusTime":1703077874822,"time":"2023-12-20T13:55:57.880Z"}},{"iob":0.037,"basaliob":-0.039,"bolussnooze":0,"activity":2.0E-4,"lastBolusTime":1703077874822,"time":"2023-12-20T14:00:57.880Z","iobWithZeroTemp":{"iob":-0.319,"basaliob":-0.395,"bolussnooze":0,"activity":-0.0021,"lastBolusTime":1703077874822,"time":"2023-12-20T14:00:57.880Z"}},{"iob":0.037,"basaliob":-0.034,"bolussnooze":0,"activity":2.0E-4,"lastBolusTime":1703077874822,"time":"2023-12-20T14:05:57.880Z","iobWithZeroTemp":{"iob":-0.365,"basaliob":-0.436,"bolussnooze":0,"activity":-0.0025,"lastBolusTime":1703077874822,"time":"2023-12-20T14:05:57.880Z"}},{"iob":0.036,"basaliob":-0.03,"bolussnooze":0,"activity":3.0E-4,"lastBolusTime":1703077874822,"time":"2023-12-20T14:10:57.880Z","iobWithZeroTemp":{"iob":-0.409,"basaliob":-0.475,"bolussnooze":0,"activity":-0.0029,"lastBolusTime":1703077874822,"time":"2023-12-20T14:10:57.880Z"}},{"iob":0.034,"basaliob":-0.027,"bolussnooze":0,"activity":3.0E-4,"lastBolusTime":1703077874822,"time":"2023-12-20T14:15:57.880Z","iobWithZeroTemp":{"iob":-0.453,"basaliob":-0.514,"bolussnooze":0,"activity":-0.0033,"lastBolusTime":1703077874822,"time":"2023-12-20T14:15:57.880Z"}},{"iob":0.032,"basaliob":-0.024,"bolussnooze":0,"activity":3.0E-4,"lastBolusTime":1703077874822,"time":"2023-12-20T14:20:57.880Z","iobWithZeroTemp":{"iob":-0.494,"basaliob":-0.55,"bolussnooze":0,"activity":-0.0038,"lastBolusTime":1703077874822,"time":"2023-12-20T14:20:57.880Z"}},{"iob":0.031,"basaliob":-0.021,"bolussnooze":0,"activity":4.0E-4,"lastBolusTime":1703077874822,"time":"2023-12-20T14:25:57.880Z","iobWithZeroTemp":{"iob":-0.531,"basaliob":-0.583,"bolussnooze":0,"activity":-0.0042,"lastBolusTime":1703077874822,"time":"2023-12-20T14:25:57.880Z"}},{"iob":0.03,"basaliob":-0.018,"bolussnooze":0,"activity":3.0E-4,"lastBolusTime":1703077874822,"time":"2023-12-20T14:30:57.880Z","iobWithZeroTemp":{"iob":-0.566,"basaliob":-0.614,"bolussnooze":0,"activity":-0.0047,"lastBolusTime":1703077874822,"time":"2023-12-20T14:30:57.880Z"}},{"iob":0.028,"basaliob":-0.016,"bolussnooze":0,"activity":4.0E-4,"lastBolusTime":1703077874822,"time":"2023-12-20T14:35:57.880Z","iobWithZeroTemp":{"iob":-0.6,"basaliob":-0.644,"bolussnooze":0,"activity":-0.0051,"lastBolusTime":1703077874822,"time":"2023-12-20T14:35:57.880Z"}},{"iob":0.026,"basaliob":-0.014,"bolussnooze":0,"activity":3.0E-4,"lastBolusTime":1703077874822,"time":"2023-12-20T14:40:57.880Z","iobWithZeroTemp":{"iob":-0.632,"basaliob":-0.672,"bolussnooze":0,"activity":-0.0056,"lastBolusTime":1703077874822,"time":"2023-12-20T14:40:57.880Z"}},{"iob":0.025,"basaliob":-0.012,"bolussnooze":0,"activity":4.0E-4,"lastBolusTime":1703077874822,"time":"2023-12-20T14:45:57.880Z","iobWithZeroTemp":{"iob":-0.661,"basaliob":-0.698,"bolussnooze":0,"activity":-0.0059,"lastBolusTime":1703077874822,"time":"2023-12-20T14:45:57.880Z"}},{"iob":0.022,"basaliob":-0.011,"bolussnooze":0,"activity":3.0E-4,"lastBolusTime":1703077874822,"time":"2023-12-20T14:50:57.880Z","iobWithZeroTemp":{"iob":-0.69,"basaliob":-0.723,"bolussnooze":0,"activity":-0.0064,"lastBolusTime":1703077874822,"time":"2023-12-20T14:50:57.880Z"}},{"iob":0.021,"basaliob":-0.009,"bolussnooze":0,"activity":3.0E-4,"lastBolusTime":1703077874822,"time":"2023-12-20T14:55:57.880Z","iobWithZeroTemp":{"iob":-0.714,"basaliob":-0.744,"bolussnooze":0,"activity":-0.0068,"lastBolusTime":1703077874822,"time":"2023-12-20T14:55:57.880Z"}},{"iob":0.02,"basaliob":-0.008,"bolussnooze":0,"activity":3.0E-4,"lastBolusTime":1703077874822,"time":"2023-12-20T15:00:57.880Z","iobWithZeroTemp":{"iob":-0.737,"basaliob":-0.765,"bolussnooze":0,"activity":-0.0072,"lastBolusTime":1703077874822,"time":"2023-12-20T15:00:57.880Z"}},{"iob":0.018,"basaliob":-0.007,"bolussnooze":0,"activity":3.0E-4,"lastBolusTime":1703077874822,"time":"2023-12-20T15:05:57.880Z","iobWithZeroTemp":{"iob":-0.76,"basaliob":-0.785,"bolussnooze":0,"activity":-0.0075,"lastBolusTime":1703077874822,"time":"2023-12-20T15:05:57.880Z"}},{"iob":0.017,"basaliob":-0.006,"bolussnooze":0,"activity":3.0E-4,"lastBolusTime":1703077874822,"time":"2023-12-20T15:10:57.880Z","iobWithZeroTemp":{"iob":-0.779,"basaliob":-0.802,"bolussnooze":0,"activity":-0.0078,"lastBolusTime":1703077874822,"time":"2023-12-20T15:10:57.880Z"}},{"iob":0.015,"basaliob":-0.005,"bolussnooze":0,"activity":2.0E-4,"lastBolusTime":1703077874822,"time":"2023-12-20T15:15:57.880Z","iobWithZeroTemp":{"iob":-0.798,"basaliob":-0.818,"bolussnooze":0,"activity":-0.0082,"lastBolusTime":1703077874822,"time":"2023-12-20T15:15:57.880Z"}},{"iob":0.014,"basaliob":-0.004,"bolussnooze":0,"activity":3.0E-4,"lastBolusTime":1703077874822,"time":"2023-12-20T15:20:57.880Z","iobWithZeroTemp":{"iob":-0.815,"basaliob":-0.833,"bolussnooze":0,"activity":-0.0084,"lastBolusTime":1703077874822,"time":"2023-12-20T15:20:57.880Z"}},{"iob":0.014,"basaliob":-0.003,"bolussnooze":0,"activity":3.0E-4,"lastBolusTime":1703077874822,"time":"2023-12-20T15:25:57.880Z","iobWithZeroTemp":{"iob":-0.829,"basaliob":-0.846,"bolussnooze":0,"activity":-0.0087,"lastBolusTime":1703077874822,"time":"2023-12-20T15:25:57.880Z"}},{"iob":0.012,"basaliob":-0.003,"bolussnooze":0,"activity":2.0E-4,"lastBolusTime":1703077874822,"time":"2023-12-20T15:30:57.880Z","iobWithZeroTemp":{"iob":-0.844,"basaliob":-0.859,"bolussnooze":0,"activity":-0.009,"lastBolusTime":1703077874822,"time":"2023-12-20T15:30:57.880Z"}},{"iob":0.011,"basaliob":-0.002,"bolussnooze":0,"activity":2.0E-4,"lastBolusTime":1703077874822,"time":"2023-12-20T15:35:57.880Z","iobWithZeroTemp":{"iob":-0.857,"basaliob":-0.87,"bolussnooze":0,"activity":-0.0092,"lastBolusTime":1703077874822,"time":"2023-12-20T15:35:57.880Z"}},{"iob":0.01,"basaliob":-0.002,"bolussnooze":0,"activity":2.0E-4,"lastBolusTime":1703077874822,"time":"2023-12-20T15:40:57.880Z","iobWithZeroTemp":{"iob":-0.868,"basaliob":-0.88,"bolussnooze":0,"activity":-0.0094,"lastBolusTime":1703077874822,"time":"2023-12-20T15:40:57.880Z"}},{"iob":0.009,"basaliob":-0.002,"bolussnooze":0,"activity":1.0E-4,"lastBolusTime":1703077874822,"time":"2023-12-20T15:45:57.880Z","iobWithZeroTemp":{"iob":-0.879,"basaliob":-0.89,"bolussnooze":0,"activity":-0.0097,"lastBolusTime":1703077874822,"time":"2023-12-20T15:45:57.880Z"}},{"iob":0.009,"basaliob":-0.001,"bolussnooze":0,"activity":1.0E-4,"lastBolusTime":1703077874822,"time":"2023-12-20T15:50:57.880Z","iobWithZeroTemp":{"iob":-0.888,"basaliob":-0.898,"bolussnooze":0,"activity":-0.0099,"lastBolusTime":1703077874822,"time":"2023-12-20T15:50:57.880Z"}},{"iob":0.008,"basaliob":-0.001,"bolussnooze":0,"activity":2.0E-4,"lastBolusTime":1703077874822,"time":"2023-12-20T15:55:57.880Z","iobWithZeroTemp":{"iob":-0.897,"basaliob":-0.906,"bolussnooze":0,"activity":-0.01,"lastBolusTime":1703077874822,"time":"2023-12-20T15:55:57.880Z"}},{"iob":0.007,"basaliob":-0.001,"bolussnooze":0,"activity":2.0E-4,"lastBolusTime":1703077874822,"time":"2023-12-20T16:00:57.880Z","iobWithZeroTemp":{"iob":-0.905,"basaliob":-0.913,"bolussnooze":0,"activity":-0.0101,"lastBolusTime":1703077874822,"time":"2023-12-20T16:00:57.880Z"}},{"iob":0.006,"basaliob":-0.001,"bolussnooze":0,"activity":2.0E-4,"lastBolusTime":1703077874822,"time":"2023-12-20T16:05:57.880Z","iobWithZeroTemp":{"iob":-0.912,"basaliob":-0.919,"bolussnooze":0,"activity":-0.0103,"lastBolusTime":1703077874822,"time":"2023-12-20T16:05:57.880Z"}},{"iob":0.006,"basaliob":0,"bolussnooze":0,"activity":1.0E-4,"lastBolusTime":1703077874822,"time":"2023-12-20T16:10:57.880Z","iobWithZeroTemp":{"iob":-0.918,"basaliob":-0.924,"bolussnooze":0,"activity":-0.0105,"lastBolusTime":1703077874822,"time":"2023-12-20T16:10:57.880Z"}},{"iob":0.005,"basaliob":0,"bolussnooze":0,"activity":1.0E-4,"lastBolusTime":1703077874822,"time":"2023-12-20T16:15:57.880Z","iobWithZeroTemp":{"iob":-0.924,"basaliob":-0.929,"bolussnooze":0,"activity":-0.0106,"lastBolusTime":1703077874822,"time":"2023-12-20T16:15:57.880Z"}},{"iob":0.005,"basaliob":0,"bolussnooze":0,"activity":1.0E-4,"lastBolusTime":1703077874822,"time":"2023-12-20T16:20:57.880Z","iobWithZeroTemp":{"iob":-0.929,"basaliob":-0.934,"bolussnooze":0,"activity":-0.0107,"lastBolusTime":1703077874822,"time":"2023-12-20T16:20:57.880Z"}},{"iob":0.004,"basaliob":0,"bolussnooze":0,"activity":1.0E-4,"lastBolusTime":1703077874822,"time":"2023-12-20T16:25:57.880Z","iobWithZeroTemp":{"iob":-0.934,"basaliob":-0.938,"bolussnooze":0,"activity":-0.0108,"lastBolusTime":1703077874822,"time":"2023-12-20T16:25:57.880Z"}},{"iob":0.004,"basaliob":0,"bolussnooze":0,"activity":1.0E-4,"lastBolusTime":1703077874822,"time":"2023-12-20T16:30:57.880Z","iobWithZeroTemp":{"iob":-0.937,"basaliob":-0.941,"bolussnooze":0,"activity":-0.0109,"lastBolusTime":1703077874822,"time":"2023-12-20T16:30:57.880Z"}},{"iob":0.003,"basaliob":0,"bolussnooze":0,"activity":1.0E-4,"lastBolusTime":1703077874822,"time":"2023-12-20T16:35:57.880Z","iobWithZeroTemp":{"iob":-0.942,"basaliob":-0.945,"bolussnooze":0,"activity":-0.011,"lastBolusTime":1703077874822,"time":"2023-12-20T16:35:57.880Z"}},{"iob":0.003,"basaliob":0,"bolussnooze":0,"activity":1.0E-4,"lastBolusTime":1703077874822,"time":"2023-12-20T16:40:57.880Z","iobWithZeroTemp":{"iob":-0.945,"basaliob":-0.948,"bolussnooze":0,"activity":-0.011,"lastBolusTime":1703077874822,"time":"2023-12-20T16:40:57.880Z"}},{"iob":0.002,"basaliob":0,"bolussnooze":0,"activity":1.0E-4,"lastBolusTime":1703077874822,"time":"2023-12-20T16:45:57.880Z","iobWithZeroTemp":{"iob":-0.948,"basaliob":-0.95,"bolussnooze":0,"activity":-0.0111,"lastBolusTime":1703077874822,"time":"2023-12-20T16:45:57.880Z"}},{"iob":0.002,"basaliob":0,"bolussnooze":0,"activity":1.0E-4,"lastBolusTime":1703077874822,"time":"2023-12-20T16:50:57.880Z","iobWithZeroTemp":{"iob":-0.95,"basaliob":-0.952,"bolussnooze":0,"activity":-0.0112,"lastBolusTime":1703077874822,"time":"2023-12-20T16:50:57.880Z"}},{"iob":0.002,"basaliob":0,"bolussnooze":0,"activity":1.0E-4,"lastBolusTime":1703077874822,"time":"2023-12-20T16:55:57.880Z","iobWithZeroTemp":{"iob":-0.952,"basaliob":-0.954,"bolussnooze":0,"activity":-0.0112,"lastBolusTime":1703077874822,"time":"2023-12-20T16:55:57.880Z"}},{"iob":0.001,"basaliob":0,"bolussnooze":0,"activity":0,"lastBolusTime":1703077874822,"time":"2023-12-20T17:00:57.880Z","iobWithZeroTemp":{"iob":-0.955,"basaliob":-0.956,"bolussnooze":0,"activity":-0.0114,"lastBolusTime":1703077874822,"time":"2023-12-20T17:00:57.880Z"}},{"iob":0.001,"basaliob":0,"bolussnooze":0,"activity":0,"lastBolusTime":1703077874822,"time":"2023-12-20T17:05:57.880Z","iobWithZeroTemp":{"iob":-0.965,"basaliob":-0.966,"bolussnooze":0,"activity":-0.0114,"lastBolusTime":1703077874822,"time":"2023-12-20T17:05:57.880Z"}},{"iob":0.001,"basaliob":0,"bolussnooze":0,"activity":0,"lastBolusTime":1703077874822,"time":"2023-12-20T17:10:57.880Z","iobWithZeroTemp":{"iob":-0.974,"basaliob":-0.975,"bolussnooze":0,"activity":-0.0115,"lastBolusTime":1703077874822,"time":"2023-12-20T17:10:57.880Z"}},{"iob":0.001,"basaliob":0,"bolussnooze":0,"activity":0,"lastBolusTime":1703077874822,"time":"2023-12-20T17:15:57.880Z","iobWithZeroTemp":{"iob":-0.983,"basaliob":-0.984,"bolussnooze":0,"activity":-0.0115,"lastBolusTime":1703077874822,"time":"2023-12-20T17:15:57.880Z"}}],"profile":{"max_iob":7,"type":"current","max_daily_basal":0.8,"max_basal":4.8,"min_bg":80,"max_bg":90,"target_bg":85,"carb_ratio":16,"sens":57,"max_daily_safety_multiplier":9,"current_basal_safety_multiplier":8,"lgsThreshold":65,"high_temptarget_raises_sensitivity":false,"low_temptarget_lowers_sensitivity":false,"sensitivity_raises_target":false,"resistance_lowers_target":false,"adv_target_adjustments":false,"exercise_mode":false,"half_basal_exercise_target":160,"maxCOB":120,"skip_neutral_temps":false,"remainingCarbsCap":90,"enableUAM":true,"A52_risk_enable":false,"SMBInterval":3,"enableSMB_with_COB":true,"enableSMB_with_temptarget":true,"allowSMB_with_high_temptarget":true,"enableSMB_always":true,"enableSMB_after_carbs":true,"maxSMBBasalMinutes":120,"maxUAMSMBBasalMinutes":90,"bolus_increment":0.05,"carbsReqThreshold":5,"current_basal":0.6,"temptargetSet":false,"autosens_max":1.6,"autosens_min":0.6,"variable_sens":125.2,"insulinDivisor":75,"TDD":19.137735714285718},"autosens_data":{"ratio":0.992475481907339},"meal_data":{"carbs":0,"mealCOB":0,"slopeFromMaxDeviation":0,"slopeFromMinDeviation":0.8172000000000001,"lastBolusTime":1703077874822,"lastCarbTime":0},"microBolusAllowed":true,"currentTime":1703078460138,"flatBGsDetected":false,"tdd1D":21.666666666666675,"tdd7D":21.121428571428574,"tddLast24H":20.962500000000013,"tddLast4H":1.9375000000000004,"tddLast8to4H":3.5708333333333337},"output":{"temp":"absolute","bg":84,"tick":-2,"eventualBG":83,"targetBG":85,"insulinReq":-0.06,"deliverAt":"2023-12-20T13:21:00.138Z","sensitivityRatio":0.992475481907339,"variable_sens":125.2,"predBGs":{"IOB":[84,82,81,79,77,76,75,74,73,72,71,71,71,70,70,70,70,69,69,69,69,68,68,68,68,68,67,67,67,67,67,67,67,67,66],"ZT":[84,85,85,86,86,86,87]},"reason":"COB: 0, Dev: 3, BGI: 1, ISF: 125, CR: 16, Target: 85, minPredBG 76, minGuardBG 66, IOBpredBG 66;  insulinReq -0.06; setting 30m low temp of 0.2U\/h. ","COB":0,"IOB":0.028,"rate":0.2,"duration":30,"timestamp":"2023-12-20T13:21:00.158Z"}}