{"algorithm":"OpenAPSSMBDynamicISFPlugin","input":{"glucoseStatus":{"glucose":111,"noise":0,"delta":0,"short_avgdelta":-0.61,"long_avgdelta":-0.86,"date":1703106938000},"currenttemp":{"temp":"absolute","duration":70,"rate":0,"minutesrunning":20},"iob_data":[{"iob":0.591,"basaliob":-0.451,"bolussnooze":0.4011,"activity":0.009,"lastBolusTime":1703105530958,"time":"2023-12-20T21:16:08.383Z","iobWithZeroTemp":{"iob":0.591,"basaliob":-0.451,"bolussnooze":0.4011,"activity":0.009,"lastBolusTime":1703105530958,"time":"2023-12-20T21:16:08.383Z"}},{"iob":0.547,"basaliob":-0.429,"bolussnooze":0.3441,"activity":0.0086,"lastBolusTime":1703105530958,"time":"2023-12-20T21:21:08.383Z","iobWithZeroTemp":{"iob":0.494,"basaliob":-0.482,"bolussnooze":0.3441,"activity":0.0085,"lastBolusTime":1703105530958,"time":"2023-12-20T21:21:08.383Z"}},{"iob":0.505,"basaliob":-0.407,"bolussnooze":0.2925,"activity":0.0082,"lastBolusTime":1703105530958,"time":"2023-12-20T21:26:08.383Z","iobWithZeroTemp":{"iob":0.386,"basaliob":-0.526,"bolussnooze":0.2925,"activity":0.008,"lastBolusTime":1703105530958,"time":"2023-12-20T21:26:08.383Z"}},{"iob":0.466,"basaliob":-0.384,"bolussnooze":0.2466,"activity":0.0077,"lastBolusTime":1703105530958,"time":"2023-12-20T21:31:08.383Z","iobWithZeroTemp":{"iob":0.282,"basaliob":-0.568,"bolussnooze":0.2466,"activity":0.0071,"lastBolusTime":1703105530958,"time":"2023-12-20T21:31:08.383Z"}},{"iob":0.428,"basaliob":-0.361,"bolussnooze":0.2063,"activity":0.0072,"lastBolusTime":1703105530958,"time":"2023-12-20T21:36:08.383Z","iobWithZeroTemp":{"iob":0.181,"basaliob":-0.608,"bolussnooze":0.2063,"activity":0.0062,"lastBolusTime":1703105530958,"time":"2023-12-20T21:36:08.383Z"}},{"iob":0.393,"basaliob":-0.339,"bolussnooze":0.1713,"activity":0.0068,"lastBolusTime":1703105530958,"time":"2023-12-20T21:41:08.383Z","iobWithZeroTemp":{"iob":0.085,"basaliob":-0.647,"bolussnooze":0.1713,"activity":0.0054,"lastBolusTime":1703105530958,"time":"2023-12-20T21:41:08.383Z"}},{"iob":0.359,"basaliob":-0.317,"bolussnooze":0.1412,"activity":0.0064,"lastBolusTime":1703105530958,"time":"2023-12-20T21:46:08.383Z","iobWithZeroTemp":{"iob":-0.007,"basaliob":-0.683,"bolussnooze":0.1412,"activity":0.0045,"lastBolusTime":1703105530958,"time":"2023-12-20T21:46:08.383Z"}},{"iob":0.329,"basaliob":-0.295,"bolussnooze":0.1156,"activity":0.0059,"lastBolusTime":1703105530958,"time":"2023-12-20T21:51:08.383Z","iobWithZeroTemp":{"iob":-0.093,"basaliob":-0.717,"bolussnooze":0.1156,"activity":0.0034,"lastBolusTime":1703105530958,"time":"2023-12-20T21:51:08.383Z"}},{"iob":0.3,"basaliob":-0.274,"bolussnooze":0.094,"activity":0.0056,"lastBolusTime":1703105530958,"time":"2023-12-20T21:56:08.383Z","iobWithZeroTemp":{"iob":-0.175,"basaliob":-0.749,"bolussnooze":0.094,"activity":0.0026,"lastBolusTime":1703105530958,"time":"2023-12-20T21:56:08.383Z"}},{"iob":0.273,"basaliob":-0.254,"bolussnooze":0.0759,"activity":0.0052,"lastBolusTime":1703105530958,"time":"2023-12-20T22:01:08.383Z","iobWithZeroTemp":{"iob":-0.252,"basaliob":-0.779,"bolussnooze":0.0759,"activity":0.0016,"lastBolusTime":1703105530958,"time":"2023-12-20T22:01:08.383Z"}},{"iob":0.248,"basaliob":-0.235,"bolussnooze":0.0608,"activity":0.0048,"lastBolusTime":1703105530958,"time":"2023-12-20T22:06:08.383Z","iobWithZeroTemp":{"iob":-0.324,"basaliob":-0.807,"bolussnooze":0.0608,"activity":6.0E-4,"lastBolusTime":1703105530958,"time":"2023-12-20T22:06:08.383Z"}},{"iob":0.225,"basaliob":-0.217,"bolussnooze":0.0483,"activity":0.0045,"lastBolusTime":1703105530958,"time":"2023-12-20T22:11:08.383Z","iobWithZeroTemp":{"iob":-0.392,"basaliob":-0.834,"bolussnooze":0.0483,"activity":-2.0E-4,"lastBolusTime":1703105530958,"time":"2023-12-20T22:11:08.383Z"}},{"iob":0.205,"basaliob":-0.199,"bolussnooze":0.038,"activity":0.004,"lastBolusTime":1703105530958,"time":"2023-12-20T22:16:08.383Z","iobWithZeroTemp":{"iob":-0.453,"basaliob":-0.857,"bolussnooze":0.038,"activity":-0.0013,"lastBolusTime":1703105530958,"time":"2023-12-20T22:16:08.383Z"}},{"iob":0.185,"basaliob":-0.183,"bolussnooze":0.0296,"activity":0.0037,"lastBolusTime":1703105530958,"time":"2023-12-20T22:21:08.383Z","iobWithZeroTemp":{"iob":-0.512,"basaliob":-0.88,"bolussnooze":0.0296,"activity":-0.0022,"lastBolusTime":1703105530958,"time":"2023-12-20T22:21:08.383Z"}},{"iob":0.166,"basaliob":-0.168,"bolussnooze":0.0228,"activity":0.0034,"lastBolusTime":1703105530958,"time":"2023-12-20T22:26:08.383Z","iobWithZeroTemp":{"iob":-0.567,"basaliob":-0.901,"bolussnooze":0.0228,"activity":-0.003,"lastBolusTime":1703105530958,"time":"2023-12-20T22:26:08.383Z"}},{"iob":0.151,"basaliob":-0.153,"bolussnooze":0.0173,"activity":0.0031,"lastBolusTime":1703105530958,"time":"2023-12-20T22:31:08.383Z","iobWithZeroTemp":{"iob":-0.616,"basaliob":-0.92,"bolussnooze":0.0173,"activity":-0.0038,"lastBolusTime":1703105530958,"time":"2023-12-20T22:31:08.383Z"}},{"iob":0.135,"basaliob":-0.14,"bolussnooze":0.0129,"activity":0.0029,"lastBolusTime":1703105530958,"time":"2023-12-20T22:36:08.383Z","iobWithZeroTemp":{"iob":-0.663,"basaliob":-0.938,"bolussnooze":0.0129,"activity":-0.0045,"lastBolusTime":1703105530958,"time":"2023-12-20T22:36:08.383Z"}},{"iob":0.121,"basaliob":-0.128,"bolussnooze":0.0095,"activity":0.0026,"lastBolusTime":1703105530958,"time":"2023-12-20T22:41:08.383Z","iobWithZeroTemp":{"iob":-0.705,"basaliob":-0.954,"bolussnooze":0.0095,"activity":-0.0052,"lastBolusTime":1703105530958,"time":"2023-12-20T22:41:08.383Z"}},{"iob":0.109,"basaliob":-0.116,"bolussnooze":0.0068,"activity":0.0024,"lastBolusTime":1703105530958,"time":"2023-12-20T22:46:08.383Z","iobWithZeroTemp":{"iob":-0.744,"basaliob":-0.969,"bolussnooze":0.0068,"activity":-0.0059,"lastBolusTime":1703105530958,"time":"2023-12-20T22:46:08.383Z"}},{"iob":0.097,"basaliob":-0.105,"bolussnooze":0.0048,"activity":0.0022,"lastBolusTime":1703105530958,"time":"2023-12-20T22:51:08.383Z","iobWithZeroTemp":{"iob":-0.78,"basaliob":-0.982,"bolussnooze":0.0048,"activity":-0.0065,"lastBolusTime":1703105530958,"time":"2023-12-20T22:51:08.383Z"}},{"iob":0.087,"basaliob":-0.095,"bolussnooze":0.0032,"activity":0.002,"lastBolusTime":1703105530958,"time":"2023-12-20T22:56:08.383Z","iobWithZeroTemp":{"iob":-0.813,"basaliob":-0.995,"bolussnooze":0.0032,"activity":-0.0071,"lastBolusTime":1703105530958,"time":"2023-12-20T22:56:08.383Z"}},{"iob":0.077,"basaliob":-0.086,"bolussnooze":0.0021,"activity":0.0018,"lastBolusTime":1703105530958,"time":"2023-12-20T23:01:08.383Z","iobWithZeroTemp":{"iob":-0.843,"basaliob":-1.006,"bolussnooze":0.0021,"activity":-0.0076,"lastBolusTime":1703105530958,"time":"2023-12-20T23:01:08.383Z"}},{"iob":0.068,"basaliob":-0.078,"bolussnooze":0.0013,"activity":0.0017,"lastBolusTime":1703105530958,"time":"2023-12-20T23:06:08.383Z","iobWithZeroTemp":{"iob":-0.863,"basaliob":-1.009,"bolussnooze":0.0013,"activity":-0.008,"lastBolusTime":1703105530958,"time":"2023-12-20T23:06:08.383Z"}},{"iob":0.061,"basaliob":-0.07,"bolussnooze":7.0E-4,"activity":0.0015,"lastBolusTime":1703105530958,"time":"2023-12-20T23:11:08.383Z","iobWithZeroTemp":{"iob":-0.879,"basaliob":-1.01,"bolussnooze":7.0E-4,"activity":-0.0085,"lastBolusTime":1703105530958,"time":"2023-12-20T23:11:08.383Z"}},{"iob":0.054,"basaliob":-0.063,"bolussnooze":4.0E-4,"activity":0.0013,"lastBolusTime":1703105530958,"time":"2023-12-20T23:16:08.383Z","iobWithZeroTemp":{"iob":-0.893,"basaliob":-1.01,"bolussnooze":4.0E-4,"activity":-0.009,"lastBolusTime":1703105530958,"time":"2023-12-20T23:16:08.383Z"}},{"iob":0.047,"basaliob":-0.057,"bolussnooze":2.0E-4,"activity":0.0012,"lastBolusTime":1703105530958,"time":"2023-12-20T23:21:08.383Z","iobWithZeroTemp":{"iob":-0.907,"basaliob":-1.011,"bolussnooze":2.0E-4,"activity":-0.0093,"lastBolusTime":1703105530958,"time":"2023-12-20T23:21:08.383Z"}},{"iob":0.041,"basaliob":-0.051,"bolussnooze":1.0E-4,"activity":0.0011,"lastBolusTime":1703105530958,"time":"2023-12-20T23:26:08.383Z","iobWithZeroTemp":{"iob":-0.918,"basaliob":-1.01,"bolussnooze":1.0E-4,"activity":-0.0096,"lastBolusTime":1703105530958,"time":"2023-12-20T23:26:08.383Z"}},{"iob":0.037,"basaliob":-0.045,"bolussnooze":0,"activity":0.001,"lastBolusTime":1703105530958,"time":"2023-12-20T23:31:08.383Z","iobWithZeroTemp":{"iob":-0.926,"basaliob":-1.008,"bolussnooze":0,"activity":-0.0099,"lastBolusTime":1703105530958,"time":"2023-12-20T23:31:08.383Z"}},{"iob":0.032,"basaliob":-0.04,"bolussnooze":0,"activity":9.0E-4,"lastBolusTime":1703105530958,"time":"2023-12-20T23:36:08.383Z","iobWithZeroTemp":{"iob":-0.935,"basaliob":-1.007,"bolussnooze":0,"activity":-0.0101,"lastBolusTime":1703105530958,"time":"2023-12-20T23:36:08.383Z"}},{"iob":0.028,"basaliob":-0.036,"bolussnooze":0,"activity":8.0E-4,"lastBolusTime":1703105530958,"time":"2023-12-20T23:41:08.383Z","iobWithZeroTemp":{"iob":-0.942,"basaliob":-1.006,"bolussnooze":0,"activity":-0.0103,"lastBolusTime":1703105530958,"time":"2023-12-20T23:41:08.383Z"}},{"iob":0.024,"basaliob":-0.032,"bolussnooze":0,"activity":7.0E-4,"lastBolusTime":1703105530958,"time":"2023-12-20T23:46:08.383Z","iobWithZeroTemp":{"iob":-0.948,"basaliob":-1.004,"bolussnooze":0,"activity":-0.0106,"lastBolusTime":1703105530958,"time":"2023-12-20T23:46:08.383Z"}},{"iob":0.021,"basaliob":-0.028,"bolussnooze":0,"activity":6.0E-4,"lastBolusTime":1703105530958,"time":"2023-12-20T23:51:08.383Z","iobWithZeroTemp":{"iob":-0.953,"basaliob":-1.002,"bolussnooze":0,"activity":-0.0107,"lastBolusTime":1703105530958,"time":"2023-12-20T23:51:08.383Z"}},{"iob":0.018,"basaliob":-0.025,"bolussnooze":0,"activity":6.0E-4,"lastBolusTime":1703105530958,"time":"2023-12-20T23:56:08.383Z","iobWithZeroTemp":{"iob":-0.958,"basaliob":-1.001,"bolussnooze":0,"activity":-0.0108,"lastBolusTime":1703105530958,"time":"2023-12-20T23:56:08.383Z"}},{"iob":0.015,"basaliob":-0.022,"bolussnooze":0,"activity":4.0E-4,"lastBolusTime":1703105530958,"time":"2023-12-21T00:01:08.383Z","iobWithZeroTemp":{"iob":-0.962,"basaliob":-0.999,"bolussnooze":0,"activity":-0.0111,"lastBolusTime":1703105530958,"time":"2023-12-21T00:01:08.383Z"}},{"iob":0.013,"basaliob":-0.019,"bolussnooze":0,"activity":4.0E-4,"lastBolusTime":1703105530958,"time":"2023-12-21T00:06:08.383Z","iobWithZeroTemp":{"iob":-0.965,"basaliob":-0.997,"bolussnooze":0,"activity":-0.0112,"lastBolusTime":1703105530958,"time":"2023-12-21T00:06:08.383Z"}},{"iob":0.011,"basaliob":-0.017,"bolussnooze":0,"activity":3.0E-4,"lastBolusTime":1703105530958,"time":"2023-12-21T00:11:08.383Z","iobWithZeroTemp":{"iob":-0.967,"basaliob":-0.995,"bolussnooze":0,"activity":-0.0113,"lastBolusTime":1703105530958,"time":"2023-12-21T00:11:08.383Z"}},{"iob":0.009,"basaliob":-0.015,"bolussnooze":0,"activity":3.0E-4,"lastBolusTime":1703105530958,"time":"2023-12-21T00:16:08.383Z","iobWithZeroTemp":{"iob":-0.969,"basaliob":-0.993,"bolussnooze":0,"activity":-0.0113,"lastBolusTime":1703105530958,"time":"2023-12-21T00:16:08.383Z"}},{"iob":0.008,"basaliob":-0.013,"bolussnooze":0,"activity":2.0E-4,"lastBolusTime":1703105530958,"time":"2023-12-21T00:21:08.383Z","iobWithZeroTemp":{"iob":-0.97,"basaliob":-0.991,"bolussnooze":0,"activity":-0.0115,"lastBolusTime":1703105530958,"time":"2023-12-21T00:21:08.383Z"}},{"iob":0.007,"basaliob":-0.011,"bolussnooze":0,"activity":3.0E-4,"lastBolusTime":1703105530958,"time":"2023-12-21T00:26:08.383Z","iobWithZeroTemp":{"iob":-0.971,"basaliob":-0.989,"bolussnooze":0,"activity":-0.0114,"lastBolusTime":1703105530958,"time":"2023-12-21T00:26:08.383Z"}},{"iob":0.005,"basaliob":-0.01,"bolussnooze":0,"activity":2.0E-4,"lastBolusTime":1703105530958,"time":"2023-12-21T00:31:08.383Z","iobWithZeroTemp":{"iob":-0.973,"basaliob":-0.988,"bolussnooze":0,"activity":-0.0115,"lastBolusTime":1703105530958,"time":"2023-12-21T00:31:08.383Z"}},{"iob":0.004,"basaliob":-0.009,"bolussnooze":0,"activity":1.0E-4,"lastBolusTime":1703105530958,"time":"2023-12-21T00:36:08.383Z","iobWithZeroTemp":{"iob":-0.974,"basaliob":-0.987,"bolussnooze":0,"activity":-0.0116,"lastBolusTime":1703105530958,"time":"2023-12-21T00:36:08.383Z"}},{"iob":0.004,"basaliob":-0.007,"bolussnooze":0,"activity":2.0E-4,"lastBolusTime":1703105530958,"time":"2023-12-21T00:41:08.383Z","iobWithZeroTemp":{"iob":-0.973,"basaliob":-0.984,"bolussnooze":0,"activity":-0.0116,"lastBolusTime":1703105530958,"time":"2023-12-21T00:41:08.383Z"}},{"iob":0.003,"basaliob":-0.006,"bolussnooze":0,"activity":1.0E-4,"lastBolusTime":1703105530958,"time":"2023-12-21T00:46:08.383Z","iobWithZeroTemp":{"iob":-0.974,"basaliob":-0.983,"bolussnooze":0,"activity":-0.0117,"lastBolusTime":1703105530958,"time":"2023-12-21T00:46:08.383Z"}},{"iob":0.003,"basaliob":-0.005,"bolussnooze":0,"activity":1.0E-4,"lastBolusTime":1703105530958,"time":"2023-12-21T00:51:08.383Z","iobWithZeroTemp":{"iob":-0.973,"basaliob":-0.981,"bolussnooze":0,"activity":-0.0117,"lastBolusTime":1703105530958,"time":"2023-12-21T00:51:08.383Z"}},{"iob":0.001,"basaliob":-0.005,"bolussnooze":0,"activity":1.0E-4,"lastBolusTime":1703105530958,"time":"2023-12-21T00:56:08.383Z","iobWithZeroTemp":{"iob":-0.975,"basaliob":-0.981,"bolussnooze":0,"activity":-0.0117,"lastBolusTime":1703105530958,"time":"2023-12-21T00:56:08.383Z"}},{"iob":0.001,"basaliob":-0.004,"bolussnooze":0,"activity":1.0E-4,"lastBolusTime":1703105530958,"time":"2023-12-21T01:01:08.383Z","iobWithZeroTemp":{"iob":-0.974,"basaliob":-0.979,"bolussnooze":0,"activity":-0.0117,"lastBolusTime":1703105530958,"time":"2023-12-21T01:01:08.383Z"}},{"iob":0.001,"basaliob":-0.003,"bolussnooze":0,"activity":1.0E-4,"lastBolusTime":1703105530958,"time":"2023-12-21T01:06:08.383Z","iobWithZeroTemp":{"iob":-0.974,"basaliob":-0.978,"bolussnooze":0,"activity":-0.0117,"lastBolusTime":1703105530958,"time":"2023-12-21T01:06:08.383Z"}},{"iob":0.001,"basaliob":-0.003,"bolussnooze":0,"activity":1.0E-4,"lastBolusTime":1703105530958,"time":"2023-12-21T01:11:08.383Z","iobWithZeroTemp":{"iob":-0.973,"basaliob":-0.977,"bolussnooze":0,"activity":-0.0117,"lastBolusTime":1703105530958,"time":"2023-12-21T01:11:08.383Z"}}],"profile":{"max_iob":7,"type":"current","max_daily_basal":0.8,"max_basal":5,"min_bg":80,"max_bg":90,"target_bg":85,"carb_ratio":14,"sens":57,"max_daily_safety_multiplier":9,"current_basal_safety_multiplier":8,"lgsThreshold":65,"high_temptarget_raises_sensitivity":false,"low_temptarget_lowers_sensitivity":false,"sensitivity_raises_target":false,"resistance_lowers_target":false,"adv_target_adjustments":false,"exercise_mode":false,"half_basal_exercise_target":160,"maxCOB":120,"skip_neutral_temps":false,"remainingCarbsCap":90,"enableUAM":true,"A52_risk_enable":false,"SMBInterval":3,"enableSMB_with_COB":true,"enableSMB_with_temptarget":true,"allowSMB_with_high_temptarget":true,"enableSMB_always":true,"enableSMB_after_carbs":true,"maxSMBBasalMinutes":120,"maxUAMSMBBasalMinutes":90,"bolus_increment":0.05,"carbsReqThreshold":5,"current_basal":0.8,"temptargetSet":false,"autosens_max":1.6,"autosens_min":0.6,"variable_sens":87.7,"insulinDivisor":75,"TDD":22.589535714285716},"autosens_data":{"ratio":1.0054954345620555},"meal_data":{"carbs":0,"mealCOB":0,"slopeFromMaxDeviation":-0.5811999999999999,"slopeFromMinDeviation":0.29100000000000004,"lastBolusTime":1703105530958,"lastCarbTime":0},"microBolusAllowed":true,"currentTime":1703106970049,"flatBGsDetected":false,"tdd1D":21.666666666666675,"tdd7D":21.121428571428574,"tddLast24H":21.23749999999999,"tddLast4H":4.745833333333332,"tddLast8to4H":2.829166666666667},"output":{"temp":"absolute","bg":111,"tick":"+0","eventualBG":79,"targetBG":85,"insulinReq":0,"deliverAt":"2023-12-20T21:16:10.049Z","sensitivityRatio":1.0054954345620555,"variable_sens":87.7,"predBGs":{"IOB":[111,110,109,108,107,105,104,102,101,99,97,95,93,91,89,87,86,84,83,81,80,79,78,77,76,76,75,74,74,73,73,72,72,72,71,71,71,71,71,70],"ZT":[111,107,103,100,96,93,91,88,87,85,84,84,84,85],"UAM":[111,110,108,106,104,101,97,94,91,89,86,84,81,79,77,75,73,71,70,68,67,66,65,64,63,62,61,60,60,59,58,58,58,57,57,57,56,56,56,56,56,56,55]},"reason":"COB: 0, Dev: 20, BGI: -4, ISF: 88, CR: 14, Target: 85, minPredBG 70, minGuardBG 55, IOBpredBG 70, UAMpredBG 55; minGuardBG 55<65 70m left and 0 ~ req 0U\/hr: no temp required","COB":0,"IOB":0.591,"timestamp":"2023-12-20T21:16:10.054Z"}}