{"algorithm":"OpenAPSSMBDynamicISFPlugin","input":{"glucoseStatus":{"glucose":85,"noise":0,"delta":-1,"short_avgdelta":-1.17,"long_avgdelta":-0.38,"date":1703086238000},"currenttemp":{"temp":"absolute","duration":25,"rate":0.1,"minutesrunning":5},"iob_data":[{"iob":-0.029,"basaliob":-0.395,"bolussnooze":0.048,"activity":0.0012,"lastBolusTime":1703085376915,"time":"2023-12-20T15:31:06.292Z","iobWithZeroTemp":{"iob":-0.029,"basaliob":-0.395,"bolussnooze":0.048,"activity":0.0012,"lastBolusTime":1703085376915,"time":"2023-12-20T15:31:06.292Z"}},{"iob":-0.034,"basaliob":-0.374,"bolussnooze":0.0386,"activity":9.0E-4,"lastBolusTime":1703085376915,"time":"2023-12-20T15:36:06.292Z","iobWithZeroTemp":{"iob":-0.081,"basaliob":-0.421,"bolussnooze":0.0386,"activity":9.0E-4,"lastBolusTime":1703085376915,"time":"2023-12-20T15:36:06.292Z"}},{"iob":-0.038,"basaliob":-0.353,"bolussnooze":0.0308,"activity":7.0E-4,"lastBolusTime":1703085376915,"time":"2023-12-20T15:41:06.292Z","iobWithZeroTemp":{"iob":-0.142,"basaliob":-0.457,"bolussnooze":0.0308,"activity":5.0E-4,"lastBolusTime":1703085376915,"time":"2023-12-20T15:41:06.292Z"}},{"iob":-0.041,"basaliob":-0.332,"bolussnooze":0.0244,"activity":4.0E-4,"lastBolusTime":1703085376915,"time":"2023-12-20T15:46:06.292Z","iobWithZeroTemp":{"iob":-0.202,"basaliob":-0.493,"bolussnooze":0.0244,"activity":-1.0E-4,"lastBolusTime":1703085376915,"time":"2023-12-20T15:46:06.292Z"}},{"iob":-0.044,"basaliob":-0.312,"bolussnooze":0.0191,"activity":3.0E-4,"lastBolusTime":1703085376915,"time":"2023-12-20T15:51:06.292Z","iobWithZeroTemp":{"iob":-0.26,"basaliob":-0.528,"bolussnooze":0.0191,"activity":-5.0E-4,"lastBolusTime":1703085376915,"time":"2023-12-20T15:51:06.292Z"}},{"iob":-0.044,"basaliob":-0.291,"bolussnooze":0.0148,"activity":2.0E-4,"lastBolusTime":1703085376915,"time":"2023-12-20T15:56:06.292Z","iobWithZeroTemp":{"iob":-0.313,"basaliob":-0.56,"bolussnooze":0.0148,"activity":-0.001,"lastBolusTime":1703085376915,"time":"2023-12-20T15:56:06.292Z"}},{"iob":-0.044,"basaliob":-0.271,"bolussnooze":0.0113,"activity":0,"lastBolusTime":1703085376915,"time":"2023-12-20T16:01:06.292Z","iobWithZeroTemp":{"iob":-0.364,"basaliob":-0.591,"bolussnooze":0.0113,"activity":-0.0017,"lastBolusTime":1703085376915,"time":"2023-12-20T16:01:06.292Z"}},{"iob":-0.044,"basaliob":-0.252,"bolussnooze":0.0085,"activity":-1.0E-4,"lastBolusTime":1703085376915,"time":"2023-12-20T16:06:06.292Z","iobWithZeroTemp":{"iob":-0.413,"basaliob":-0.621,"bolussnooze":0.0085,"activity":-0.0023,"lastBolusTime":1703085376915,"time":"2023-12-20T16:06:06.292Z"}},{"iob":-0.044,"basaliob":-0.234,"bolussnooze":0.0063,"activity":-2.0E-4,"lastBolusTime":1703085376915,"time":"2023-12-20T16:11:06.292Z","iobWithZeroTemp":{"iob":-0.46,"basaliob":-0.65,"bolussnooze":0.0063,"activity":-0.0029,"lastBolusTime":1703085376915,"time":"2023-12-20T16:11:06.292Z"}},{"iob":-0.042,"basaliob":-0.216,"bolussnooze":0.0046,"activity":-2.0E-4,"lastBolusTime":1703085376915,"time":"2023-12-20T16:16:06.292Z","iobWithZeroTemp":{"iob":-0.501,"basaliob":-0.675,"bolussnooze":0.0046,"activity":-0.0034,"lastBolusTime":1703085376915,"time":"2023-12-20T16:16:06.292Z"}},{"iob":-0.042,"basaliob":-0.2,"bolussnooze":0.0033,"activity":-2.0E-4,"lastBolusTime":1703085376915,"time":"2023-12-20T16:21:06.292Z","iobWithZeroTemp":{"iob":-0.543,"basaliob":-0.701,"bolussnooze":0.0033,"activity":-0.0039,"lastBolusTime":1703085376915,"time":"2023-12-20T16:21:06.292Z"}},{"iob":-0.04,"basaliob":-0.184,"bolussnooze":0.0022,"activity":-3.0E-4,"lastBolusTime":1703085376915,"time":"2023-12-20T16:26:06.292Z","iobWithZeroTemp":{"iob":-0.58,"basaliob":-0.724,"bolussnooze":0.0022,"activity":-0.0045,"lastBolusTime":1703085376915,"time":"2023-12-20T16:26:06.292Z"}},{"iob":-0.038,"basaliob":-0.169,"bolussnooze":0.0015,"activity":-3.0E-4,"lastBolusTime":1703085376915,"time":"2023-12-20T16:31:06.292Z","iobWithZeroTemp":{"iob":-0.614,"basaliob":-0.745,"bolussnooze":0.0015,"activity":-0.0049,"lastBolusTime":1703085376915,"time":"2023-12-20T16:31:06.292Z"}},{"iob":-0.037,"basaliob":-0.155,"bolussnooze":9.0E-4,"activity":-3.0E-4,"lastBolusTime":1703085376915,"time":"2023-12-20T16:36:06.292Z","iobWithZeroTemp":{"iob":-0.647,"basaliob":-0.765,"bolussnooze":9.0E-4,"activity":-0.0054,"lastBolusTime":1703085376915,"time":"2023-12-20T16:36:06.292Z"}},{"iob":-0.035,"basaliob":-0.142,"bolussnooze":5.0E-4,"activity":-3.0E-4,"lastBolusTime":1703085376915,"time":"2023-12-20T16:41:06.292Z","iobWithZeroTemp":{"iob":-0.676,"basaliob":-0.783,"bolussnooze":5.0E-4,"activity":-0.0059,"lastBolusTime":1703085376915,"time":"2023-12-20T16:41:06.292Z"}},{"iob":-0.033,"basaliob":-0.13,"bolussnooze":3.0E-4,"activity":-4.0E-4,"lastBolusTime":1703085376915,"time":"2023-12-20T16:46:06.292Z","iobWithZeroTemp":{"iob":-0.704,"basaliob":-0.801,"bolussnooze":3.0E-4,"activity":-0.0064,"lastBolusTime":1703085376915,"time":"2023-12-20T16:46:06.292Z"}},{"iob":-0.031,"basaliob":-0.118,"bolussnooze":1.0E-4,"activity":-4.0E-4,"lastBolusTime":1703085376915,"time":"2023-12-20T16:51:06.292Z","iobWithZeroTemp":{"iob":-0.729,"basaliob":-0.816,"bolussnooze":1.0E-4,"activity":-0.0068,"lastBolusTime":1703085376915,"time":"2023-12-20T16:51:06.292Z"}},{"iob":-0.029,"basaliob":-0.107,"bolussnooze":0,"activity":-3.0E-4,"lastBolusTime":1703085376915,"time":"2023-12-20T16:56:06.292Z","iobWithZeroTemp":{"iob":-0.752,"basaliob":-0.83,"bolussnooze":0,"activity":-0.0071,"lastBolusTime":1703085376915,"time":"2023-12-20T16:56:06.292Z"}},{"iob":-0.028,"basaliob":-0.098,"bolussnooze":0,"activity":-4.0E-4,"lastBolusTime":1703085376915,"time":"2023-12-20T17:01:06.292Z","iobWithZeroTemp":{"iob":-0.774,"basaliob":-0.844,"bolussnooze":0,"activity":-0.0076,"lastBolusTime":1703085376915,"time":"2023-12-20T17:01:06.292Z"}},{"iob":-0.026,"basaliob":-0.089,"bolussnooze":0,"activity":-4.0E-4,"lastBolusTime":1703085376915,"time":"2023-12-20T17:06:06.292Z","iobWithZeroTemp":{"iob":-0.802,"basaliob":-0.865,"bolussnooze":0,"activity":-0.008,"lastBolusTime":1703085376915,"time":"2023-12-20T17:06:06.292Z"}},{"iob":-0.024,"basaliob":-0.08,"bolussnooze":0,"activity":-3.0E-4,"lastBolusTime":1703085376915,"time":"2023-12-20T17:11:06.292Z","iobWithZeroTemp":{"iob":-0.827,"basaliob":-0.883,"bolussnooze":0,"activity":-0.0083,"lastBolusTime":1703085376915,"time":"2023-12-20T17:11:06.292Z"}},{"iob":-0.022,"basaliob":-0.072,"bolussnooze":0,"activity":-3.0E-4,"lastBolusTime":1703085376915,"time":"2023-12-20T17:16:06.292Z","iobWithZeroTemp":{"iob":-0.851,"basaliob":-0.901,"bolussnooze":0,"activity":-0.0086,"lastBolusTime":1703085376915,"time":"2023-12-20T17:16:06.292Z"}},{"iob":-0.02,"basaliob":-0.065,"bolussnooze":0,"activity":-3.0E-4,"lastBolusTime":1703085376915,"time":"2023-12-20T17:21:06.292Z","iobWithZeroTemp":{"iob":-0.874,"basaliob":-0.919,"bolussnooze":0,"activity":-0.009,"lastBolusTime":1703085376915,"time":"2023-12-20T17:21:06.292Z"}},{"iob":-0.019,"basaliob":-0.059,"bolussnooze":0,"activity":-2.0E-4,"lastBolusTime":1703085376915,"time":"2023-12-20T17:26:06.292Z","iobWithZeroTemp":{"iob":-0.895,"basaliob":-0.935,"bolussnooze":0,"activity":-0.0092,"lastBolusTime":1703085376915,"time":"2023-12-20T17:26:06.292Z"}},{"iob":-0.018,"basaliob":-0.053,"bolussnooze":0,"activity":-2.0E-4,"lastBolusTime":1703085376915,"time":"2023-12-20T17:31:06.292Z","iobWithZeroTemp":{"iob":-0.915,"basaliob":-0.95,"bolussnooze":0,"activity":-0.0095,"lastBolusTime":1703085376915,"time":"2023-12-20T17:31:06.292Z"}},{"iob":-0.016,"basaliob":-0.047,"bolussnooze":0,"activity":-2.0E-4,"lastBolusTime":1703085376915,"time":"2023-12-20T17:36:06.292Z","iobWithZeroTemp":{"iob":-0.932,"basaliob":-0.963,"bolussnooze":0,"activity":-0.0098,"lastBolusTime":1703085376915,"time":"2023-12-20T17:36:06.292Z"}},{"iob":-0.015,"basaliob":-0.042,"bolussnooze":0,"activity":-3.0E-4,"lastBolusTime":1703085376915,"time":"2023-12-20T17:41:06.292Z","iobWithZeroTemp":{"iob":-0.949,"basaliob":-0.976,"bolussnooze":0,"activity":-0.0102,"lastBolusTime":1703085376915,"time":"2023-12-20T17:41:06.292Z"}},{"iob":-0.014,"basaliob":-0.038,"bolussnooze":0,"activity":-3.0E-4,"lastBolusTime":1703085376915,"time":"2023-12-20T17:46:06.292Z","iobWithZeroTemp":{"iob":-0.964,"basaliob":-0.988,"bolussnooze":0,"activity":-0.0105,"lastBolusTime":1703085376915,"time":"2023-12-20T17:46:06.292Z"}},{"iob":-0.013,"basaliob":-0.034,"bolussnooze":0,"activity":-2.0E-4,"lastBolusTime":1703085376915,"time":"2023-12-20T17:51:06.292Z","iobWithZeroTemp":{"iob":-0.978,"basaliob":-0.999,"bolussnooze":0,"activity":-0.0107,"lastBolusTime":1703085376915,"time":"2023-12-20T17:51:06.292Z"}},{"iob":-0.012,"basaliob":-0.03,"bolussnooze":0,"activity":-2.0E-4,"lastBolusTime":1703085376915,"time":"2023-12-20T17:56:06.292Z","iobWithZeroTemp":{"iob":-0.991,"basaliob":-1.009,"bolussnooze":0,"activity":-0.0109,"lastBolusTime":1703085376915,"time":"2023-12-20T17:56:06.292Z"}},{"iob":-0.01,"basaliob":-0.026,"bolussnooze":0,"activity":-2.0E-4,"lastBolusTime":1703085376915,"time":"2023-12-20T18:01:06.292Z","iobWithZeroTemp":{"iob":-1.002,"basaliob":-1.018,"bolussnooze":0,"activity":-0.0111,"lastBolusTime":1703085376915,"time":"2023-12-20T18:01:06.292Z"}},{"iob":-0.009,"basaliob":-0.023,"bolussnooze":0,"activity":-2.0E-4,"lastBolusTime":1703085376915,"time":"2023-12-20T18:06:06.292Z","iobWithZeroTemp":{"iob":-1.012,"basaliob":-1.026,"bolussnooze":0,"activity":-0.0113,"lastBolusTime":1703085376915,"time":"2023-12-20T18:06:06.292Z"}},{"iob":-0.009,"basaliob":-0.021,"bolussnooze":0,"activity":-1.0E-4,"lastBolusTime":1703085376915,"time":"2023-12-20T18:11:06.292Z","iobWithZeroTemp":{"iob":-1.023,"basaliob":-1.035,"bolussnooze":0,"activity":-0.0114,"lastBolusTime":1703085376915,"time":"2023-12-20T18:11:06.292Z"}},{"iob":-0.008,"basaliob":-0.018,"bolussnooze":0,"activity":-2.0E-4,"lastBolusTime":1703085376915,"time":"2023-12-20T18:16:06.292Z","iobWithZeroTemp":{"iob":-1.032,"basaliob":-1.042,"bolussnooze":0,"activity":-0.0117,"lastBolusTime":1703085376915,"time":"2023-12-20T18:16:06.292Z"}},{"iob":-0.007,"basaliob":-0.016,"bolussnooze":0,"activity":-1.0E-4,"lastBolusTime":1703085376915,"time":"2023-12-20T18:21:06.292Z","iobWithZeroTemp":{"iob":-1.039,"basaliob":-1.048,"bolussnooze":0,"activity":-0.0118,"lastBolusTime":1703085376915,"time":"2023-12-20T18:21:06.292Z"}},{"iob":-0.007,"basaliob":-0.014,"bolussnooze":0,"activity":-2.0E-4,"lastBolusTime":1703085376915,"time":"2023-12-20T18:26:06.292Z","iobWithZeroTemp":{"iob":-1.047,"basaliob":-1.054,"bolussnooze":0,"activity":-0.012,"lastBolusTime":1703085376915,"time":"2023-12-20T18:26:06.292Z"}},{"iob":-0.006,"basaliob":-0.012,"bolussnooze":0,"activity":-1.0E-4,"lastBolusTime":1703085376915,"time":"2023-12-20T18:31:06.292Z","iobWithZeroTemp":{"iob":-1.053,"basaliob":-1.059,"bolussnooze":0,"activity":-0.0121,"lastBolusTime":1703085376915,"time":"2023-12-20T18:31:06.292Z"}},{"iob":-0.006,"basaliob":-0.011,"bolussnooze":0,"activity":-1.0E-4,"lastBolusTime":1703085376915,"time":"2023-12-20T18:36:06.292Z","iobWithZeroTemp":{"iob":-1.06,"basaliob":-1.065,"bolussnooze":0,"activity":-0.0122,"lastBolusTime":1703085376915,"time":"2023-12-20T18:36:06.292Z"}},{"iob":-0.005,"basaliob":-0.009,"bolussnooze":0,"activity":-1.0E-4,"lastBolusTime":1703085376915,"time":"2023-12-20T18:41:06.292Z","iobWithZeroTemp":{"iob":-1.064,"basaliob":-1.068,"bolussnooze":0,"activity":-0.0123,"lastBolusTime":1703085376915,"time":"2023-12-20T18:41:06.292Z"}},{"iob":-0.004,"basaliob":-0.008,"bolussnooze":0,"activity":-1.0E-4,"lastBolusTime":1703085376915,"time":"2023-12-20T18:46:06.292Z","iobWithZeroTemp":{"iob":-1.069,"basaliob":-1.073,"bolussnooze":0,"activity":-0.0125,"lastBolusTime":1703085376915,"time":"2023-12-20T18:46:06.292Z"}},{"iob":-0.004,"basaliob":-0.007,"bolussnooze":0,"activity":-1.0E-4,"lastBolusTime":1703085376915,"time":"2023-12-20T18:51:06.292Z","iobWithZeroTemp":{"iob":-1.073,"basaliob":-1.076,"bolussnooze":0,"activity":-0.0126,"lastBolusTime":1703085376915,"time":"2023-12-20T18:51:06.292Z"}},{"iob":-0.004,"basaliob":-0.006,"bolussnooze":0,"activity":-1.0E-4,"lastBolusTime":1703085376915,"time":"2023-12-20T18:56:06.292Z","iobWithZeroTemp":{"iob":-1.077,"basaliob":-1.079,"bolussnooze":0,"activity":-0.0126,"lastBolusTime":1703085376915,"time":"2023-12-20T18:56:06.292Z"}},{"iob":-0.003,"basaliob":-0.005,"bolussnooze":0,"activity":-1.0E-4,"lastBolusTime":1703085376915,"time":"2023-12-20T19:01:06.292Z","iobWithZeroTemp":{"iob":-1.08,"basaliob":-1.082,"bolussnooze":0,"activity":-0.0127,"lastBolusTime":1703085376915,"time":"2023-12-20T19:01:06.292Z"}},{"iob":-0.002,"basaliob":-0.004,"bolussnooze":0,"activity":0,"lastBolusTime":1703085376915,"time":"2023-12-20T19:06:06.292Z","iobWithZeroTemp":{"iob":-1.083,"basaliob":-1.085,"bolussnooze":0,"activity":-0.0127,"lastBolusTime":1703085376915,"time":"2023-12-20T19:06:06.292Z"}},{"iob":-0.002,"basaliob":-0.003,"bolussnooze":0,"activity":0,"lastBolusTime":1703085376915,"time":"2023-12-20T19:11:06.292Z","iobWithZeroTemp":{"iob":-1.086,"basaliob":-1.087,"bolussnooze":0,"activity":-0.0128,"lastBolusTime":1703085376915,"time":"2023-12-20T19:11:06.292Z"}},{"iob":-0.002,"basaliob":-0.003,"bolussnooze":0,"activity":0,"lastBolusTime":1703085376915,"time":"2023-12-20T19:16:06.292Z","iobWithZeroTemp":{"iob":-1.088,"basaliob":-1.089,"bolussnooze":0,"activity":-0.0128,"lastBolusTime":1703085376915,"time":"2023-12-20T19:16:06.292Z"}},{"iob":-0.001,"basaliob":-0.002,"bolussnooze":0,"activity":-1.0E-4,"lastBolusTime":1703085376915,"time":"2023-12-20T19:21:06.292Z","iobWithZeroTemp":{"iob":-1.089,"basaliob":-1.09,"bolussnooze":0,"activity":-0.013,"lastBolusTime":1703085376915,"time":"2023-12-20T19:21:06.292Z"}},{"iob":-0.001,"basaliob":-0.002,"bolussnooze":0,"activity":-1.0E-4,"lastBolusTime":1703085376915,"time":"2023-12-20T19:26:06.292Z","iobWithZeroTemp":{"iob":-1.092,"basaliob":-1.093,"bolussnooze":0,"activity":-0.0131,"lastBolusTime":1703085376915,"time":"2023-12-20T19:26:06.292Z"}}],"profile":{"max_iob":7,"type":"current","max_daily_basal":0.8,"max_basal":5,"min_bg":80,"max_bg":90,"target_bg":85,"carb_ratio":16,"sens":57,"max_daily_safety_multiplier":9,"current_basal_safety_multiplier":8,"lgsThreshold":65,"high_temptarget_raises_sensitivity":false,"low_temptarget_lowers_sensitivity":false,"sensitivity_raises_target":false,"resistance_lowers_target":false,"adv_target_adjustments":false,"exercise_mode":false,"half_basal_exercise_target":160,"maxCOB":120,"skip_neutral_temps":false,"remainingCarbsCap":90,"enableUAM":true,"A52_risk_enable":false,"SMBInterval":3,"enableSMB_with_COB":true,"enableSMB_with_temptarget":true,"allowSMB_with_high_temptarget":true,"enableSMB_always":true,"enableSMB_after_carbs":true,"maxSMBBasalMinutes":120,"maxUAMSMBBasalMinutes":90,"bolus_increment":0.05,"carbsReqThreshold":5,"current_basal":0.7,"temptargetSet":false,"autosens_max":1.6,"autosens_min":0.6,"variable_sens":123.3,"insulinDivisor":75,"TDD":19.268085714285718},"autosens_data":{"ratio":1.0052981625521364},"meal_data":{"carbs":0,"mealCOB":0,"slopeFromMaxDeviation":-0.641,"slopeFromMinDeviation":0.0612,"lastBolusTime":1703085376915,"lastCarbTime":0},"microBolusAllowed":true,"currentTime":1703086268208,"flatBGsDetected":false,"tdd1D":21.666666666666675,"tdd7D":21.121428571428574,"tddLast24H":21.23333333333334,"tddLast4H":2.7833333333333337,"tddLast8to4H":1.816666666666667},"output":{"temp":"absolute","bg":85,"tick":-1,"eventualBG":91,"targetBG":85,"insulinReq":-0.02,"deliverAt":"2023-12-20T15:31:08.208Z","sensitivityRatio":1.0052981625521364,"variable_sens":123.3,"predBGs":{"IOB":[85,84,83,82,82,81,81,81,81,81,81,81,81,81,82,82,82,82,82,83,83,83,83,83,84,84,84,84,84,84,84,85,85,85,85,85,85,85,85,85,85,85,85,85,85,85,85,86],"ZT":[85,84,84,83,83,84,84,85]},"reason":"COB: 0, Dev: 2, BGI: -1, ISF: 123, CR: 16, Target: 85, minPredBG 82, minGuardBG 81, IOBpredBG 86; Eventual BG 91 >= 90,  insulinReq -0.02. temp 0.10 < 0.66U\/hr. ","COB":0,"IOB":-0.029,"duration":30,"rate":0.6637087137864954,"timestamp":"2023-12-20T15:31:08.214Z"}}