{"algorithm":"OpenAPSSMBDynamicISFPlugin","input":{"glucoseStatus":{"glucose":65,"noise":0,"delta":0,"short_avgdelta":-1.06,"long_avgdelta":-1.67,"date":1703134836000},"currenttemp":{"temp":"absolute","duration":85,"rate":0,"minutesrunning":35},"iob_data":[{"iob":0.512,"basaliob":-0.769,"bolussnooze":0.1419,"activity":0.0129,"lastBolusTime":1703131207590,"time":"2023-12-21T05:00:53.056Z","iobWithZeroTemp":{"iob":0.512,"basaliob":-0.769,"bolussnooze":0.1419,"activity":0.0129,"lastBolusTime":1703131207590,"time":"2023-12-21T05:00:53.056Z"}},{"iob":0.451,"basaliob":-0.725,"bolussnooze":0.1136,"activity":0.0115,"lastBolusTime":1703131207590,"time":"2023-12-21T05:05:53.056Z","iobWithZeroTemp":{"iob":0.414,"basaliob":-0.762,"bolussnooze":0.1136,"activity":0.0115,"lastBolusTime":1703131207590,"time":"2023-12-21T05:05:53.056Z"}},{"iob":0.396,"basaliob":-0.681,"bolussnooze":0.0902,"activity":0.0103,"lastBolusTime":1703131207590,"time":"2023-12-21T05:10:53.056Z","iobWithZeroTemp":{"iob":0.314,"basaliob":-0.763,"bolussnooze":0.0902,"activity":0.0101,"lastBolusTime":1703131207590,"time":"2023-12-21T05:10:53.056Z"}},{"iob":0.348,"basaliob":-0.637,"bolussnooze":0.0709,"activity":0.0092,"lastBolusTime":1703131207590,"time":"2023-12-21T05:15:53.056Z","iobWithZeroTemp":{"iob":0.221,"basaliob":-0.764,"bolussnooze":0.0709,"activity":0.0088,"lastBolusTime":1703131207590,"time":"2023-12-21T05:15:53.056Z"}},{"iob":0.304,"basaliob":-0.595,"bolussnooze":0.0552,"activity":0.0082,"lastBolusTime":1703131207590,"time":"2023-12-21T05:20:53.056Z","iobWithZeroTemp":{"iob":0.134,"basaliob":-0.765,"bolussnooze":0.0552,"activity":0.0075,"lastBolusTime":1703131207590,"time":"2023-12-21T05:20:53.056Z"}},{"iob":0.266,"basaliob":-0.553,"bolussnooze":0.0425,"activity":0.0073,"lastBolusTime":1703131207590,"time":"2023-12-21T05:25:53.056Z","iobWithZeroTemp":{"iob":0.054,"basaliob":-0.765,"bolussnooze":0.0425,"activity":0.0063,"lastBolusTime":1703131207590,"time":"2023-12-21T05:25:53.056Z"}},{"iob":0.23,"basaliob":-0.514,"bolussnooze":0.0323,"activity":0.0065,"lastBolusTime":1703131207590,"time":"2023-12-21T05:30:53.056Z","iobWithZeroTemp":{"iob":-0.022,"basaliob":-0.766,"bolussnooze":0.0323,"activity":0.0052,"lastBolusTime":1703131207590,"time":"2023-12-21T05:30:53.056Z"}},{"iob":0.201,"basaliob":-0.475,"bolussnooze":0.0242,"activity":0.0058,"lastBolusTime":1703131207590,"time":"2023-12-21T05:35:53.056Z","iobWithZeroTemp":{"iob":-0.089,"basaliob":-0.765,"bolussnooze":0.0242,"activity":0.0041,"lastBolusTime":1703131207590,"time":"2023-12-21T05:35:53.056Z"}},{"iob":0.173,"basaliob":-0.439,"bolussnooze":0.0179,"activity":0.0051,"lastBolusTime":1703131207590,"time":"2023-12-21T05:40:53.056Z","iobWithZeroTemp":{"iob":-0.153,"basaliob":-0.765,"bolussnooze":0.0179,"activity":0.003,"lastBolusTime":1703131207590,"time":"2023-12-21T05:40:53.056Z"}},{"iob":0.148,"basaliob":-0.405,"bolussnooze":0.013,"activity":0.0045,"lastBolusTime":1703131207590,"time":"2023-12-21T05:45:53.056Z","iobWithZeroTemp":{"iob":-0.213,"basaliob":-0.766,"bolussnooze":0.013,"activity":0.002,"lastBolusTime":1703131207590,"time":"2023-12-21T05:45:53.056Z"}},{"iob":0.128,"basaliob":-0.372,"bolussnooze":0.0092,"activity":0.004,"lastBolusTime":1703131207590,"time":"2023-12-21T05:50:53.056Z","iobWithZeroTemp":{"iob":-0.265,"basaliob":-0.765,"bolussnooze":0.0092,"activity":0.0011,"lastBolusTime":1703131207590,"time":"2023-12-21T05:50:53.056Z"}},{"iob":0.109,"basaliob":-0.341,"bolussnooze":0.0064,"activity":0.0036,"lastBolusTime":1703131207590,"time":"2023-12-21T05:55:53.056Z","iobWithZeroTemp":{"iob":-0.315,"basaliob":-0.765,"bolussnooze":0.0064,"activity":3.0E-4,"lastBolusTime":1703131207590,"time":"2023-12-21T05:55:53.056Z"}},{"iob":0.092,"basaliob":-0.313,"bolussnooze":0.0043,"activity":0.0032,"lastBolusTime":1703131207590,"time":"2023-12-21T06:00:53.056Z","iobWithZeroTemp":{"iob":-0.36,"basaliob":-0.765,"bolussnooze":0.0043,"activity":-5.0E-4,"lastBolusTime":1703131207590,"time":"2023-12-21T06:00:53.056Z"}},{"iob":0.077,"basaliob":-0.286,"bolussnooze":0.0029,"activity":0.0027,"lastBolusTime":1703131207590,"time":"2023-12-21T06:05:53.056Z","iobWithZeroTemp":{"iob":-0.402,"basaliob":-0.765,"bolussnooze":0.0029,"activity":-0.0013,"lastBolusTime":1703131207590,"time":"2023-12-21T06:05:53.056Z"}},{"iob":0.064,"basaliob":-0.261,"bolussnooze":0.0019,"activity":0.0024,"lastBolusTime":1703131207590,"time":"2023-12-21T06:10:53.056Z","iobWithZeroTemp":{"iob":-0.44,"basaliob":-0.765,"bolussnooze":0.0019,"activity":-0.002,"lastBolusTime":1703131207590,"time":"2023-12-21T06:10:53.056Z"}},{"iob":0.054,"basaliob":-0.237,"bolussnooze":0.0012,"activity":0.0021,"lastBolusTime":1703131207590,"time":"2023-12-21T06:15:53.056Z","iobWithZeroTemp":{"iob":-0.473,"basaliob":-0.764,"bolussnooze":0.0012,"activity":-0.0026,"lastBolusTime":1703131207590,"time":"2023-12-21T06:15:53.056Z"}},{"iob":0.043,"basaliob":-0.216,"bolussnooze":7.0E-4,"activity":0.0018,"lastBolusTime":1703131207590,"time":"2023-12-21T06:20:53.056Z","iobWithZeroTemp":{"iob":-0.505,"basaliob":-0.764,"bolussnooze":7.0E-4,"activity":-0.0033,"lastBolusTime":1703131207590,"time":"2023-12-21T06:20:53.056Z"}},{"iob":0.035,"basaliob":-0.196,"bolussnooze":4.0E-4,"activity":0.0016,"lastBolusTime":1703131207590,"time":"2023-12-21T06:25:53.056Z","iobWithZeroTemp":{"iob":-0.533,"basaliob":-0.764,"bolussnooze":4.0E-4,"activity":-0.0038,"lastBolusTime":1703131207590,"time":"2023-12-21T06:25:53.056Z"}},{"iob":0.028,"basaliob":-0.177,"bolussnooze":2.0E-4,"activity":0.0014,"lastBolusTime":1703131207590,"time":"2023-12-21T06:30:53.056Z","iobWithZeroTemp":{"iob":-0.558,"basaliob":-0.763,"bolussnooze":2.0E-4,"activity":-0.0043,"lastBolusTime":1703131207590,"time":"2023-12-21T06:30:53.056Z"}},{"iob":0.022,"basaliob":-0.16,"bolussnooze":1.0E-4,"activity":0.0011,"lastBolusTime":1703131207590,"time":"2023-12-21T06:35:53.056Z","iobWithZeroTemp":{"iob":-0.581,"basaliob":-0.763,"bolussnooze":1.0E-4,"activity":-0.0049,"lastBolusTime":1703131207590,"time":"2023-12-21T06:35:53.056Z"}},{"iob":0.016,"basaliob":-0.145,"bolussnooze":0,"activity":0.001,"lastBolusTime":1703131207590,"time":"2023-12-21T06:40:53.056Z","iobWithZeroTemp":{"iob":-0.602,"basaliob":-0.763,"bolussnooze":0,"activity":-0.0052,"lastBolusTime":1703131207590,"time":"2023-12-21T06:40:53.056Z"}},{"iob":0.012,"basaliob":-0.13,"bolussnooze":0,"activity":8.0E-4,"lastBolusTime":1703131207590,"time":"2023-12-21T06:45:53.056Z","iobWithZeroTemp":{"iob":-0.621,"basaliob":-0.763,"bolussnooze":0,"activity":-0.0057,"lastBolusTime":1703131207590,"time":"2023-12-21T06:45:53.056Z"}},{"iob":0.008,"basaliob":-0.117,"bolussnooze":0,"activity":7.0E-4,"lastBolusTime":1703131207590,"time":"2023-12-21T06:50:53.056Z","iobWithZeroTemp":{"iob":-0.637,"basaliob":-0.762,"bolussnooze":0,"activity":-0.006,"lastBolusTime":1703131207590,"time":"2023-12-21T06:50:53.056Z"}},{"iob":0.004,"basaliob":-0.105,"bolussnooze":0,"activity":6.0E-4,"lastBolusTime":1703131207590,"time":"2023-12-21T06:55:53.056Z","iobWithZeroTemp":{"iob":-0.653,"basaliob":-0.762,"bolussnooze":0,"activity":-0.0063,"lastBolusTime":1703131207590,"time":"2023-12-21T06:55:53.056Z"}},{"iob":0.002,"basaliob":-0.094,"bolussnooze":0,"activity":5.0E-4,"lastBolusTime":1703131207590,"time":"2023-12-21T07:00:53.056Z","iobWithZeroTemp":{"iob":-0.666,"basaliob":-0.762,"bolussnooze":0,"activity":-0.0066,"lastBolusTime":1703131207590,"time":"2023-12-21T07:00:53.056Z"}},{"iob":-0.001,"basaliob":-0.084,"bolussnooze":0,"activity":4.0E-4,"lastBolusTime":1703131207590,"time":"2023-12-21T07:05:53.056Z","iobWithZeroTemp":{"iob":-0.679,"basaliob":-0.762,"bolussnooze":0,"activity":-0.0069,"lastBolusTime":1703131207590,"time":"2023-12-21T07:05:53.056Z"}},{"iob":-0.003,"basaliob":-0.075,"bolussnooze":0,"activity":4.0E-4,"lastBolusTime":1703131207590,"time":"2023-12-21T07:10:53.056Z","iobWithZeroTemp":{"iob":-0.69,"basaliob":-0.762,"bolussnooze":0,"activity":-0.0071,"lastBolusTime":1703131207590,"time":"2023-12-21T07:10:53.056Z"}},{"iob":-0.004,"basaliob":-0.067,"bolussnooze":0,"activity":2.0E-4,"lastBolusTime":1703131207590,"time":"2023-12-21T07:15:53.056Z","iobWithZeroTemp":{"iob":-0.699,"basaliob":-0.762,"bolussnooze":0,"activity":-0.0074,"lastBolusTime":1703131207590,"time":"2023-12-21T07:15:53.056Z"}},{"iob":-0.004,"basaliob":-0.058,"bolussnooze":0,"activity":2.0E-4,"lastBolusTime":1703131207590,"time":"2023-12-21T07:20:53.056Z","iobWithZeroTemp":{"iob":-0.706,"basaliob":-0.76,"bolussnooze":0,"activity":-0.0076,"lastBolusTime":1703131207590,"time":"2023-12-21T07:20:53.056Z"}},{"iob":-0.006,"basaliob":-0.052,"bolussnooze":0,"activity":2.0E-4,"lastBolusTime":1703131207590,"time":"2023-12-21T07:25:53.056Z","iobWithZeroTemp":{"iob":-0.714,"basaliob":-0.76,"bolussnooze":0,"activity":-0.0077,"lastBolusTime":1703131207590,"time":"2023-12-21T07:25:53.056Z"}},{"iob":-0.006,"basaliob":-0.046,"bolussnooze":0,"activity":2.0E-4,"lastBolusTime":1703131207590,"time":"2023-12-21T07:30:53.056Z","iobWithZeroTemp":{"iob":-0.72,"basaliob":-0.76,"bolussnooze":0,"activity":-0.0079,"lastBolusTime":1703131207590,"time":"2023-12-21T07:30:53.056Z"}},{"iob":-0.007,"basaliob":-0.041,"bolussnooze":0,"activity":1.0E-4,"lastBolusTime":1703131207590,"time":"2023-12-21T07:35:53.056Z","iobWithZeroTemp":{"iob":-0.727,"basaliob":-0.761,"bolussnooze":0,"activity":-0.0081,"lastBolusTime":1703131207590,"time":"2023-12-21T07:35:53.056Z"}},{"iob":-0.008,"basaliob":-0.036,"bolussnooze":0,"activity":1.0E-4,"lastBolusTime":1703131207590,"time":"2023-12-21T07:40:53.056Z","iobWithZeroTemp":{"iob":-0.732,"basaliob":-0.76,"bolussnooze":0,"activity":-0.0082,"lastBolusTime":1703131207590,"time":"2023-12-21T07:40:53.056Z"}},{"iob":-0.008,"basaliob":-0.032,"bolussnooze":0,"activity":1.0E-4,"lastBolusTime":1703131207590,"time":"2023-12-21T07:45:53.056Z","iobWithZeroTemp":{"iob":-0.737,"basaliob":-0.761,"bolussnooze":0,"activity":-0.0083,"lastBolusTime":1703131207590,"time":"2023-12-21T07:45:53.056Z"}},{"iob":-0.008,"basaliob":-0.028,"bolussnooze":0,"activity":0,"lastBolusTime":1703131207590,"time":"2023-12-21T07:50:53.056Z","iobWithZeroTemp":{"iob":-0.74,"basaliob":-0.76,"bolussnooze":0,"activity":-0.0085,"lastBolusTime":1703131207590,"time":"2023-12-21T07:50:53.056Z"}},{"iob":-0.008,"basaliob":-0.024,"bolussnooze":0,"activity":-1.0E-4,"lastBolusTime":1703131207590,"time":"2023-12-21T07:55:53.056Z","iobWithZeroTemp":{"iob":-0.744,"basaliob":-0.76,"bolussnooze":0,"activity":-0.0086,"lastBolusTime":1703131207590,"time":"2023-12-21T07:55:53.056Z"}},{"iob":-0.008,"basaliob":-0.021,"bolussnooze":0,"activity":0,"lastBolusTime":1703131207590,"time":"2023-12-21T08:00:53.056Z","iobWithZeroTemp":{"iob":-0.747,"basaliob":-0.76,"bolussnooze":0,"activity":-0.0086,"lastBolusTime":1703131207590,"time":"2023-12-21T08:00:53.056Z"}},{"iob":-0.007,"basaliob":-0.018,"bolussnooze":0,"activity":0,"lastBolusTime":1703131207590,"time":"2023-12-21T08:05:53.056Z","iobWithZeroTemp":{"iob":-0.748,"basaliob":-0.759,"bolussnooze":0,"activity":-0.0087,"lastBolusTime":1703131207590,"time":"2023-12-21T08:05:53.056Z"}},{"iob":-0.007,"basaliob":-0.016,"bolussnooze":0,"activity":-1.0E-4,"lastBolusTime":1703131207590,"time":"2023-12-21T08:10:53.056Z","iobWithZeroTemp":{"iob":-0.751,"basaliob":-0.76,"bolussnooze":0,"activity":-0.0088,"lastBolusTime":1703131207590,"time":"2023-12-21T08:10:53.056Z"}},{"iob":-0.007,"basaliob":-0.014,"bolussnooze":0,"activity":-1.0E-4,"lastBolusTime":1703131207590,"time":"2023-12-21T08:15:53.056Z","iobWithZeroTemp":{"iob":-0.753,"basaliob":-0.76,"bolussnooze":0,"activity":-0.0089,"lastBolusTime":1703131207590,"time":"2023-12-21T08:15:53.056Z"}},{"iob":-0.007,"basaliob":-0.012,"bolussnooze":0,"activity":-1.0E-4,"lastBolusTime":1703131207590,"time":"2023-12-21T08:20:53.056Z","iobWithZeroTemp":{"iob":-0.755,"basaliob":-0.76,"bolussnooze":0,"activity":-0.0089,"lastBolusTime":1703131207590,"time":"2023-12-21T08:20:53.056Z"}},{"iob":-0.006,"basaliob":-0.01,"bolussnooze":0,"activity":-1.0E-4,"lastBolusTime":1703131207590,"time":"2023-12-21T08:25:53.056Z","iobWithZeroTemp":{"iob":-0.755,"basaliob":-0.759,"bolussnooze":0,"activity":-0.009,"lastBolusTime":1703131207590,"time":"2023-12-21T08:25:53.056Z"}},{"iob":-0.005,"basaliob":-0.008,"bolussnooze":0,"activity":-1.0E-4,"lastBolusTime":1703131207590,"time":"2023-12-21T08:30:53.056Z","iobWithZeroTemp":{"iob":-0.756,"basaliob":-0.759,"bolussnooze":0,"activity":-0.009,"lastBolusTime":1703131207590,"time":"2023-12-21T08:30:53.056Z"}},{"iob":-0.005,"basaliob":-0.007,"bolussnooze":0,"activity":-1.0E-4,"lastBolusTime":1703131207590,"time":"2023-12-21T08:35:53.056Z","iobWithZeroTemp":{"iob":-0.757,"basaliob":-0.759,"bolussnooze":0,"activity":-0.009,"lastBolusTime":1703131207590,"time":"2023-12-21T08:35:53.056Z"}},{"iob":-0.005,"basaliob":-0.006,"bolussnooze":0,"activity":-1.0E-4,"lastBolusTime":1703131207590,"time":"2023-12-21T08:40:53.056Z","iobWithZeroTemp":{"iob":-0.758,"basaliob":-0.759,"bolussnooze":0,"activity":-0.0091,"lastBolusTime":1703131207590,"time":"2023-12-21T08:40:53.056Z"}},{"iob":-0.004,"basaliob":-0.005,"bolussnooze":0,"activity":-1.0E-4,"lastBolusTime":1703131207590,"time":"2023-12-21T08:45:53.056Z","iobWithZeroTemp":{"iob":-0.758,"basaliob":-0.759,"bolussnooze":0,"activity":-0.0091,"lastBolusTime":1703131207590,"time":"2023-12-21T08:45:53.056Z"}},{"iob":-0.003,"basaliob":-0.004,"bolussnooze":0,"activity":-1.0E-4,"lastBolusTime":1703131207590,"time":"2023-12-21T08:50:53.056Z","iobWithZeroTemp":{"iob":-0.758,"basaliob":-0.759,"bolussnooze":0,"activity":-0.0091,"lastBolusTime":1703131207590,"time":"2023-12-21T08:50:53.056Z"}},{"iob":-0.003,"basaliob":-0.003,"bolussnooze":0,"activity":-1.0E-4,"lastBolusTime":1703131207590,"time":"2023-12-21T08:55:53.056Z","iobWithZeroTemp":{"iob":-0.759,"basaliob":-0.759,"bolussnooze":0,"activity":-0.0091,"lastBolusTime":1703131207590,"time":"2023-12-21T08:55:53.056Z"}}],"profile":{"max_iob":7,"type":"current","max_daily_basal":0.8,"max_basal":4.4,"min_bg":80,"max_bg":90,"target_bg":85,"carb_ratio":14,"sens":57,"max_daily_safety_multiplier":9,"current_basal_safety_multiplier":8,"lgsThreshold":65,"high_temptarget_raises_sensitivity":false,"low_temptarget_lowers_sensitivity":false,"sensitivity_raises_target":false,"resistance_lowers_target":false,"adv_target_adjustments":false,"exercise_mode":false,"half_basal_exercise_target":160,"maxCOB":120,"skip_neutral_temps":false,"remainingCarbsCap":90,"enableUAM":true,"A52_risk_enable":false,"SMBInterval":3,"enableSMB_with_COB":true,"enableSMB_with_temptarget":true,"allowSMB_with_high_temptarget":true,"enableSMB_always":true,"enableSMB_after_carbs":true,"maxSMBBasalMinutes":120,"maxUAMSMBBasalMinutes":90,"bolus_increment":0.05,"carbsReqThreshold":5,"current_basal":0.55,"temptargetSet":false,"autosens_max":1.6,"autosens_min":0.6,"variable_sens":117.7,"insulinDivisor":75,"TDD":24.49941071428572},"autosens_data":{"ratio":1.0897305827978805},"meal_data":{"carbs":0,"mealCOB":0,"slopeFromMaxDeviation":-0.24199999999999997,"slopeFromMinDeviation":1.7654285714285713,"lastBolusTime":1703131207590,"lastCarbTime":0},"microBolusAllowed":true,"currentTime":1703134854903,"flatBGsDetected":false,"tdd1D":21.666666666666675,"tdd7D":21.121428571428574,"tddLast24H":23.016666666666666,"tddLast4H":5.879166666666667,"tddLast8to4H":3.3999999999999995},"output":{"temp":"absolute","bg":65,"tick":"+0","eventualBG":44,"targetBG":85,"insulinReq":0,"deliverAt":"2023-12-21T05:00:54.903Z","sensitivityRatio":1.0897305827978805,"variable_sens":117.7,"predBGs":{"IOB":[65,63,62,60,59,58,56,55,53,51,49,47,44,41,39],"ZT":[65,57,50,43,39,39,39,39,39,39,39,39,39,39,39,39,39,39,39,39,39,39,39,44,49,54,59,63,68,72,76,80,85],"UAM":[65,63,62,60,59,57,55,53,51,49,46,43,40,39]},"reason":"COB: 0, Dev: 39, BGI: -8, ISF: 118, CR: 14, Target: 85, minPredBG 24, minGuardBG 21, IOBpredBG 39, UAMpredBG 39; 6 add'l carbs req w\/in 5m; minGuardBG 21<65 85m left and 0 ~ req 0U\/hr: no temp required","COB":0,"IOB":0.512,"carbsReq":6,"carbsReqWithin":5,"timestamp":"2023-12-21T05:00:54.915Z"}}