{"algorithm":"OpenAPSSMBDynamicISFPlugin","input":{"glucoseStatus":{"glucose":70,"noise":0,"delta":0,"short_avgdelta":-0.56,"long_avgdelta":-0.28,"date":1703164837000},"currenttemp":{"temp":"absolute","duration":25,"rate":0,"minutesrunning":5},"iob_data":[{"iob":-0.168,"basaliob":-0.209,"bolussnooze":0,"activity":-0.0018,"lastBolusTime":1703160072925,"time":"2023-12-21T13:21:02.333Z","iobWithZeroTemp":{"iob":-0.168,"basaliob":-0.209,"bolussnooze":0,"activity":-0.0018,"lastBolusTime":1703160072925,"time":"2023-12-21T13:21:02.333Z"}},{"iob":-0.159,"basaliob":-0.196,"bolussnooze":0,"activity":-0.0019,"lastBolusTime":1703160072925,"time":"2023-12-21T13:26:02.333Z","iobWithZeroTemp":{"iob":-0.199,"basaliob":-0.236,"bolussnooze":0,"activity":-0.0019,"lastBolusTime":1703160072925,"time":"2023-12-21T13:26:02.333Z"}},{"iob":-0.15,"basaliob":-0.184,"bolussnooze":0,"activity":-0.0018,"lastBolusTime":1703160072925,"time":"2023-12-21T13:31:02.333Z","iobWithZeroTemp":{"iob":-0.239,"basaliob":-0.273,"bolussnooze":0,"activity":-0.002,"lastBolusTime":1703160072925,"time":"2023-12-21T13:31:02.333Z"}},{"iob":-0.14,"basaliob":-0.171,"bolussnooze":0,"activity":-0.0018,"lastBolusTime":1703160072925,"time":"2023-12-21T13:36:02.333Z","iobWithZeroTemp":{"iob":-0.278,"basaliob":-0.309,"bolussnooze":0,"activity":-0.0022,"lastBolusTime":1703160072925,"time":"2023-12-21T13:36:02.333Z"}},{"iob":-0.131,"basaliob":-0.159,"bolussnooze":0,"activity":-0.0018,"lastBolusTime":1703160072925,"time":"2023-12-21T13:41:02.333Z","iobWithZeroTemp":{"iob":-0.316,"basaliob":-0.344,"bolussnooze":0,"activity":-0.0025,"lastBolusTime":1703160072925,"time":"2023-12-21T13:41:02.333Z"}},{"iob":-0.123,"basaliob":-0.148,"bolussnooze":0,"activity":-0.0018,"lastBolusTime":1703160072925,"time":"2023-12-21T13:46:02.333Z","iobWithZeroTemp":{"iob":-0.354,"basaliob":-0.379,"bolussnooze":0,"activity":-0.0029,"lastBolusTime":1703160072925,"time":"2023-12-21T13:46:02.333Z"}},{"iob":-0.115,"basaliob":-0.137,"bolussnooze":0,"activity":-0.0017,"lastBolusTime":1703160072925,"time":"2023-12-21T13:51:02.333Z","iobWithZeroTemp":{"iob":-0.39,"basaliob":-0.412,"bolussnooze":0,"activity":-0.0031,"lastBolusTime":1703160072925,"time":"2023-12-21T13:51:02.333Z"}},{"iob":-0.106,"basaliob":-0.126,"bolussnooze":0,"activity":-0.0016,"lastBolusTime":1703160072925,"time":"2023-12-21T13:56:02.333Z","iobWithZeroTemp":{"iob":-0.422,"basaliob":-0.442,"bolussnooze":0,"activity":-0.0034,"lastBolusTime":1703160072925,"time":"2023-12-21T13:56:02.333Z"}},{"iob":-0.098,"basaliob":-0.116,"bolussnooze":0,"activity":-0.0015,"lastBolusTime":1703160072925,"time":"2023-12-21T14:01:02.333Z","iobWithZeroTemp":{"iob":-0.454,"basaliob":-0.472,"bolussnooze":0,"activity":-0.0038,"lastBolusTime":1703160072925,"time":"2023-12-21T14:01:02.333Z"}},{"iob":-0.091,"basaliob":-0.107,"bolussnooze":0,"activity":-0.0014,"lastBolusTime":1703160072925,"time":"2023-12-21T14:06:02.333Z","iobWithZeroTemp":{"iob":-0.493,"basaliob":-0.509,"bolussnooze":0,"activity":-0.0041,"lastBolusTime":1703160072925,"time":"2023-12-21T14:06:02.333Z"}},{"iob":-0.083,"basaliob":-0.098,"bolussnooze":0,"activity":-0.0014,"lastBolusTime":1703160072925,"time":"2023-12-21T14:11:02.333Z","iobWithZeroTemp":{"iob":-0.528,"basaliob":-0.543,"bolussnooze":0,"activity":-0.0046,"lastBolusTime":1703160072925,"time":"2023-12-21T14:11:02.333Z"}},{"iob":-0.077,"basaliob":-0.09,"bolussnooze":0,"activity":-0.0013,"lastBolusTime":1703160072925,"time":"2023-12-21T14:16:02.333Z","iobWithZeroTemp":{"iob":-0.564,"basaliob":-0.577,"bolussnooze":0,"activity":-0.0049,"lastBolusTime":1703160072925,"time":"2023-12-21T14:16:02.333Z"}},{"iob":-0.07,"basaliob":-0.082,"bolussnooze":0,"activity":-0.0012,"lastBolusTime":1703160072925,"time":"2023-12-21T14:21:02.333Z","iobWithZeroTemp":{"iob":-0.596,"basaliob":-0.608,"bolussnooze":0,"activity":-0.0053,"lastBolusTime":1703160072925,"time":"2023-12-21T14:21:02.333Z"}},{"iob":-0.065,"basaliob":-0.075,"bolussnooze":0,"activity":-0.0012,"lastBolusTime":1703160072925,"time":"2023-12-21T14:26:02.333Z","iobWithZeroTemp":{"iob":-0.627,"basaliob":-0.637,"bolussnooze":0,"activity":-0.0058,"lastBolusTime":1703160072925,"time":"2023-12-21T14:26:02.333Z"}},{"iob":-0.059,"basaliob":-0.068,"bolussnooze":0,"activity":-0.0011,"lastBolusTime":1703160072925,"time":"2023-12-21T14:31:02.333Z","iobWithZeroTemp":{"iob":-0.655,"basaliob":-0.664,"bolussnooze":0,"activity":-0.0061,"lastBolusTime":1703160072925,"time":"2023-12-21T14:31:02.333Z"}},{"iob":-0.054,"basaliob":-0.062,"bolussnooze":0,"activity":-0.001,"lastBolusTime":1703160072925,"time":"2023-12-21T14:36:02.333Z","iobWithZeroTemp":{"iob":-0.682,"basaliob":-0.69,"bolussnooze":0,"activity":-0.0065,"lastBolusTime":1703160072925,"time":"2023-12-21T14:36:02.333Z"}},{"iob":-0.049,"basaliob":-0.056,"bolussnooze":0,"activity":-9.0E-4,"lastBolusTime":1703160072925,"time":"2023-12-21T14:41:02.333Z","iobWithZeroTemp":{"iob":-0.707,"basaliob":-0.714,"bolussnooze":0,"activity":-0.0068,"lastBolusTime":1703160072925,"time":"2023-12-21T14:41:02.333Z"}},{"iob":-0.045,"basaliob":-0.051,"bolussnooze":0,"activity":-8.0E-4,"lastBolusTime":1703160072925,"time":"2023-12-21T14:46:02.333Z","iobWithZeroTemp":{"iob":-0.731,"basaliob":-0.737,"bolussnooze":0,"activity":-0.0071,"lastBolusTime":1703160072925,"time":"2023-12-21T14:46:02.333Z"}},{"iob":-0.04,"basaliob":-0.046,"bolussnooze":0,"activity":-8.0E-4,"lastBolusTime":1703160072925,"time":"2023-12-21T14:51:02.333Z","iobWithZeroTemp":{"iob":-0.752,"basaliob":-0.758,"bolussnooze":0,"activity":-0.0075,"lastBolusTime":1703160072925,"time":"2023-12-21T14:51:02.333Z"}},{"iob":-0.036,"basaliob":-0.041,"bolussnooze":0,"activity":-8.0E-4,"lastBolusTime":1703160072925,"time":"2023-12-21T14:56:02.333Z","iobWithZeroTemp":{"iob":-0.771,"basaliob":-0.776,"bolussnooze":0,"activity":-0.0079,"lastBolusTime":1703160072925,"time":"2023-12-21T14:56:02.333Z"}},{"iob":-0.033,"basaliob":-0.037,"bolussnooze":0,"activity":-7.0E-4,"lastBolusTime":1703160072925,"time":"2023-12-21T15:01:02.333Z","iobWithZeroTemp":{"iob":-0.79,"basaliob":-0.794,"bolussnooze":0,"activity":-0.0082,"lastBolusTime":1703160072925,"time":"2023-12-21T15:01:02.333Z"}},{"iob":-0.029,"basaliob":-0.033,"bolussnooze":0,"activity":-6.0E-4,"lastBolusTime":1703160072925,"time":"2023-12-21T15:06:02.333Z","iobWithZeroTemp":{"iob":-0.807,"basaliob":-0.811,"bolussnooze":0,"activity":-0.0084,"lastBolusTime":1703160072925,"time":"2023-12-21T15:06:02.333Z"}},{"iob":-0.027,"basaliob":-0.03,"bolussnooze":0,"activity":-6.0E-4,"lastBolusTime":1703160072925,"time":"2023-12-21T15:11:02.333Z","iobWithZeroTemp":{"iob":-0.823,"basaliob":-0.826,"bolussnooze":0,"activity":-0.0087,"lastBolusTime":1703160072925,"time":"2023-12-21T15:11:02.333Z"}},{"iob":-0.024,"basaliob":-0.027,"bolussnooze":0,"activity":-5.0E-4,"lastBolusTime":1703160072925,"time":"2023-12-21T15:16:02.333Z","iobWithZeroTemp":{"iob":-0.837,"basaliob":-0.84,"bolussnooze":0,"activity":-0.0089,"lastBolusTime":1703160072925,"time":"2023-12-21T15:16:02.333Z"}},{"iob":-0.022,"basaliob":-0.024,"bolussnooze":0,"activity":-4.0E-4,"lastBolusTime":1703160072925,"time":"2023-12-21T15:21:02.333Z","iobWithZeroTemp":{"iob":-0.851,"basaliob":-0.853,"bolussnooze":0,"activity":-0.0091,"lastBolusTime":1703160072925,"time":"2023-12-21T15:21:02.333Z"}},{"iob":-0.019,"basaliob":-0.021,"bolussnooze":0,"activity":-4.0E-4,"lastBolusTime":1703160072925,"time":"2023-12-21T15:26:02.333Z","iobWithZeroTemp":{"iob":-0.862,"basaliob":-0.864,"bolussnooze":0,"activity":-0.0094,"lastBolusTime":1703160072925,"time":"2023-12-21T15:26:02.333Z"}},{"iob":-0.017,"basaliob":-0.019,"bolussnooze":0,"activity":-3.0E-4,"lastBolusTime":1703160072925,"time":"2023-12-21T15:31:02.333Z","iobWithZeroTemp":{"iob":-0.873,"basaliob":-0.875,"bolussnooze":0,"activity":-0.0095,"lastBolusTime":1703160072925,"time":"2023-12-21T15:31:02.333Z"}},{"iob":-0.016,"basaliob":-0.017,"bolussnooze":0,"activity":-4.0E-4,"lastBolusTime":1703160072925,"time":"2023-12-21T15:36:02.333Z","iobWithZeroTemp":{"iob":-0.883,"basaliob":-0.884,"bolussnooze":0,"activity":-0.0098,"lastBolusTime":1703160072925,"time":"2023-12-21T15:36:02.333Z"}},{"iob":-0.014,"basaliob":-0.015,"bolussnooze":0,"activity":-4.0E-4,"lastBolusTime":1703160072925,"time":"2023-12-21T15:41:02.333Z","iobWithZeroTemp":{"iob":-0.892,"basaliob":-0.893,"bolussnooze":0,"activity":-0.01,"lastBolusTime":1703160072925,"time":"2023-12-21T15:41:02.333Z"}},{"iob":-0.012,"basaliob":-0.013,"bolussnooze":0,"activity":-3.0E-4,"lastBolusTime":1703160072925,"time":"2023-12-21T15:46:02.333Z","iobWithZeroTemp":{"iob":-0.9,"basaliob":-0.901,"bolussnooze":0,"activity":-0.0101,"lastBolusTime":1703160072925,"time":"2023-12-21T15:46:02.333Z"}},{"iob":-0.011,"basaliob":-0.012,"bolussnooze":0,"activity":-3.0E-4,"lastBolusTime":1703160072925,"time":"2023-12-21T15:51:02.333Z","iobWithZeroTemp":{"iob":-0.908,"basaliob":-0.909,"bolussnooze":0,"activity":-0.0103,"lastBolusTime":1703160072925,"time":"2023-12-21T15:51:02.333Z"}},{"iob":-0.009,"basaliob":-0.01,"bolussnooze":0,"activity":-3.0E-4,"lastBolusTime":1703160072925,"time":"2023-12-21T15:56:02.333Z","iobWithZeroTemp":{"iob":-0.914,"basaliob":-0.915,"bolussnooze":0,"activity":-0.0105,"lastBolusTime":1703160072925,"time":"2023-12-21T15:56:02.333Z"}},{"iob":-0.008,"basaliob":-0.009,"bolussnooze":0,"activity":-2.0E-4,"lastBolusTime":1703160072925,"time":"2023-12-21T16:01:02.333Z","iobWithZeroTemp":{"iob":-0.92,"basaliob":-0.921,"bolussnooze":0,"activity":-0.0105,"lastBolusTime":1703160072925,"time":"2023-12-21T16:01:02.333Z"}},{"iob":-0.007,"basaliob":-0.008,"bolussnooze":0,"activity":-2.0E-4,"lastBolusTime":1703160072925,"time":"2023-12-21T16:06:02.333Z","iobWithZeroTemp":{"iob":-0.925,"basaliob":-0.926,"bolussnooze":0,"activity":-0.0107,"lastBolusTime":1703160072925,"time":"2023-12-21T16:06:02.333Z"}},{"iob":-0.007,"basaliob":-0.007,"bolussnooze":0,"activity":-2.0E-4,"lastBolusTime":1703160072925,"time":"2023-12-21T16:11:02.333Z","iobWithZeroTemp":{"iob":-0.931,"basaliob":-0.931,"bolussnooze":0,"activity":-0.0108,"lastBolusTime":1703160072925,"time":"2023-12-21T16:11:02.333Z"}},{"iob":-0.006,"basaliob":-0.006,"bolussnooze":0,"activity":-2.0E-4,"lastBolusTime":1703160072925,"time":"2023-12-21T16:16:02.333Z","iobWithZeroTemp":{"iob":-0.935,"basaliob":-0.935,"bolussnooze":0,"activity":-0.0109,"lastBolusTime":1703160072925,"time":"2023-12-21T16:16:02.333Z"}},{"iob":-0.005,"basaliob":-0.005,"bolussnooze":0,"activity":-2.0E-4,"lastBolusTime":1703160072925,"time":"2023-12-21T16:21:02.333Z","iobWithZeroTemp":{"iob":-0.939,"basaliob":-0.939,"bolussnooze":0,"activity":-0.011,"lastBolusTime":1703160072925,"time":"2023-12-21T16:21:02.333Z"}},{"iob":-0.004,"basaliob":-0.004,"bolussnooze":0,"activity":-1.0E-4,"lastBolusTime":1703160072925,"time":"2023-12-21T16:26:02.333Z","iobWithZeroTemp":{"iob":-0.942,"basaliob":-0.942,"bolussnooze":0,"activity":-0.011,"lastBolusTime":1703160072925,"time":"2023-12-21T16:26:02.333Z"}},{"iob":-0.004,"basaliob":-0.004,"bolussnooze":0,"activity":-1.0E-4,"lastBolusTime":1703160072925,"time":"2023-12-21T16:31:02.333Z","iobWithZeroTemp":{"iob":-0.945,"basaliob":-0.945,"bolussnooze":0,"activity":-0.0111,"lastBolusTime":1703160072925,"time":"2023-12-21T16:31:02.333Z"}},{"iob":-0.003,"basaliob":-0.003,"bolussnooze":0,"activity":-1.0E-4,"lastBolusTime":1703160072925,"time":"2023-12-21T16:36:02.333Z","iobWithZeroTemp":{"iob":-0.948,"basaliob":-0.948,"bolussnooze":0,"activity":-0.0112,"lastBolusTime":1703160072925,"time":"2023-12-21T16:36:02.333Z"}},{"iob":-0.003,"basaliob":-0.003,"bolussnooze":0,"activity":-1.0E-4,"lastBolusTime":1703160072925,"time":"2023-12-21T16:41:02.333Z","iobWithZeroTemp":{"iob":-0.951,"basaliob":-0.951,"bolussnooze":0,"activity":-0.0112,"lastBolusTime":1703160072925,"time":"2023-12-21T16:41:02.333Z"}},{"iob":-0.002,"basaliob":-0.002,"bolussnooze":0,"activity":-1.0E-4,"lastBolusTime":1703160072925,"time":"2023-12-21T16:46:02.333Z","iobWithZeroTemp":{"iob":-0.952,"basaliob":-0.952,"bolussnooze":0,"activity":-0.0113,"lastBolusTime":1703160072925,"time":"2023-12-21T16:46:02.333Z"}},{"iob":-0.002,"basaliob":-0.002,"bolussnooze":0,"activity":-1.0E-4,"lastBolusTime":1703160072925,"time":"2023-12-21T16:51:02.333Z","iobWithZeroTemp":{"iob":-0.954,"basaliob":-0.954,"bolussnooze":0,"activity":-0.0114,"lastBolusTime":1703160072925,"time":"2023-12-21T16:51:02.333Z"}},{"iob":-0.002,"basaliob":-0.002,"bolussnooze":0,"activity":-1.0E-4,"lastBolusTime":1703160072925,"time":"2023-12-21T16:56:02.333Z","iobWithZeroTemp":{"iob":-0.956,"basaliob":-0.956,"bolussnooze":0,"activity":-0.0114,"lastBolusTime":1703160072925,"time":"2023-12-21T16:56:02.333Z"}},{"iob":-0.001,"basaliob":-0.001,"bolussnooze":0,"activity":-1.0E-4,"lastBolusTime":1703160072925,"time":"2023-12-21T17:01:02.333Z","iobWithZeroTemp":{"iob":-0.957,"basaliob":-0.957,"bolussnooze":0,"activity":-0.0115,"lastBolusTime":1703160072925,"time":"2023-12-21T17:01:02.333Z"}},{"iob":-0.001,"basaliob":-0.001,"bolussnooze":0,"activity":0,"lastBolusTime":1703160072925,"time":"2023-12-21T17:06:02.333Z","iobWithZeroTemp":{"iob":-0.967,"basaliob":-0.967,"bolussnooze":0,"activity":-0.0114,"lastBolusTime":1703160072925,"time":"2023-12-21T17:06:02.333Z"}},{"iob":-0.001,"basaliob":-0.001,"bolussnooze":0,"activity":0,"lastBolusTime":1703160072925,"time":"2023-12-21T17:11:02.333Z","iobWithZeroTemp":{"iob":-0.976,"basaliob":-0.976,"bolussnooze":0,"activity":-0.0115,"lastBolusTime":1703160072925,"time":"2023-12-21T17:11:02.333Z"}},{"iob":-0.001,"basaliob":-0.001,"bolussnooze":0,"activity":0,"lastBolusTime":1703160072925,"time":"2023-12-21T17:16:02.333Z","iobWithZeroTemp":{"iob":-0.985,"basaliob":-0.985,"bolussnooze":0,"activity":-0.0115,"lastBolusTime":1703160072925,"time":"2023-12-21T17:16:02.333Z"}}],"profile":{"max_iob":7,"type":"current","max_daily_basal":0.8,"max_basal":4.8,"min_bg":80,"max_bg":90,"target_bg":85,"carb_ratio":16,"sens":57,"max_daily_safety_multiplier":9,"current_basal_safety_multiplier":8,"lgsThreshold":65,"high_temptarget_raises_sensitivity":false,"low_temptarget_lowers_sensitivity":false,"sensitivity_raises_target":false,"resistance_lowers_target":false,"adv_target_adjustments":false,"exercise_mode":false,"half_basal_exercise_target":160,"maxCOB":120,"skip_neutral_temps":false,"remainingCarbsCap":90,"enableUAM":true,"A52_risk_enable":false,"SMBInterval":3,"enableSMB_with_COB":true,"enableSMB_with_temptarget":true,"allowSMB_with_high_temptarget":true,"enableSMB_always":true,"enableSMB_after_carbs":true,"maxSMBBasalMinutes":120,"maxUAMSMBBasalMinutes":90,"bolus_increment":0.05,"carbsReqThreshold":5,"current_basal":0.6,"temptargetSet":false,"autosens_max":1.6,"autosens_min":0.6,"variable_sens":148.4,"insulinDivisor":75,"TDD":18.402295238095242},"autosens_data":{"ratio":1.0074287615034925},"meal_data":{"carbs":0,"mealCOB":0,"slopeFromMaxDeviation":-0.261,"slopeFromMinDeviation":0.12470000000000002,"lastBolusTime":1703160072925,"lastCarbTime":0},"microBolusAllowed":true,"currentTime":1703164863613,"flatBGsDetected":false,"tdd1D":20.662500000000005,"tdd7D":21.47380952380953,"tddLast24H":21.633333333333333,"tddLast4H":1.804166666666667,"tddLast8to4H":3},"output":{"temp":"absolute","bg":70,"tick":"+0","eventualBG":85,"targetBG":85,"insulinReq":-0.04,"deliverAt":"2023-12-21T13:21:03.613Z","sensitivityRatio":1.0074287615034925,"variable_sens":148.4,"predBGs":{"IOB":[70,70,69,69,69,70,70,71,71,72,72,73,74,75,76,77,77,78,79,79,80,80,80,81,81,81,82,82,82,82,83,83,83,83,83,83,84],"ZT":[70,71,73,74,76,77,79,82,84]},"reason":"COB: 0, Dev: -10, BGI: 1, ISF: 148, CR: 16, Target: 85, minPredBG 79, minGuardBG 69, IOBpredBG 84;  insulinReq -0.04. temp 0.00 < 0.52U\/hr. ","COB":0,"IOB":-0.168,"duration":30,"rate":0.5244572569020955,"timestamp":"2023-12-21T13:21:03.621Z"}}