{"algorithm":"OpenAPSSMBDynamicISFPlugin","input":{"glucoseStatus":{"glucose":78,"noise":0,"delta":-2,"short_avgdelta":-1.61,"long_avgdelta":-0.92,"date":1703159137000},"currenttemp":{"temp":"absolute","duration":5,"rate":0.5,"minutesrunning":25},"iob_data":[{"iob":-0.107,"basaliob":-0.214,"bolussnooze":0,"activity":-0.0014,"lastBolusTime":1703156175815,"time":"2023-12-21T11:46:07.503Z","iobWithZeroTemp":{"iob":-0.107,"basaliob":-0.214,"bolussnooze":0,"activity":-0.0014,"lastBolusTime":1703156175815,"time":"2023-12-21T11:46:07.503Z"}},{"iob":-0.1,"basaliob":-0.199,"bolussnooze":0,"activity":-0.0014,"lastBolusTime":1703156175815,"time":"2023-12-21T11:51:07.503Z","iobWithZeroTemp":{"iob":-0.137,"basaliob":-0.236,"bolussnooze":0,"activity":-0.0014,"lastBolusTime":1703156175815,"time":"2023-12-21T11:51:07.503Z"}},{"iob":-0.093,"basaliob":-0.185,"bolussnooze":0,"activity":-0.0014,"lastBolusTime":1703156175815,"time":"2023-12-21T11:56:07.503Z","iobWithZeroTemp":{"iob":-0.175,"basaliob":-0.267,"bolussnooze":0,"activity":-0.0016,"lastBolusTime":1703156175815,"time":"2023-12-21T11:56:07.503Z"}},{"iob":-0.087,"basaliob":-0.172,"bolussnooze":0,"activity":-0.0012,"lastBolusTime":1703156175815,"time":"2023-12-21T12:01:07.503Z","iobWithZeroTemp":{"iob":-0.214,"basaliob":-0.299,"bolussnooze":0,"activity":-0.0016,"lastBolusTime":1703156175815,"time":"2023-12-21T12:01:07.503Z"}},{"iob":-0.08,"basaliob":-0.159,"bolussnooze":0,"activity":-0.0012,"lastBolusTime":1703156175815,"time":"2023-12-21T12:06:07.503Z","iobWithZeroTemp":{"iob":-0.254,"basaliob":-0.333,"bolussnooze":0,"activity":-0.0019,"lastBolusTime":1703156175815,"time":"2023-12-21T12:06:07.503Z"}},{"iob":-0.074,"basaliob":-0.146,"bolussnooze":0,"activity":-0.0012,"lastBolusTime":1703156175815,"time":"2023-12-21T12:11:07.503Z","iobWithZeroTemp":{"iob":-0.294,"basaliob":-0.366,"bolussnooze":0,"activity":-0.0022,"lastBolusTime":1703156175815,"time":"2023-12-21T12:11:07.503Z"}},{"iob":-0.069,"basaliob":-0.135,"bolussnooze":0,"activity":-0.0012,"lastBolusTime":1703156175815,"time":"2023-12-21T12:16:07.503Z","iobWithZeroTemp":{"iob":-0.333,"basaliob":-0.399,"bolussnooze":0,"activity":-0.0026,"lastBolusTime":1703156175815,"time":"2023-12-21T12:16:07.503Z"}},{"iob":-0.063,"basaliob":-0.124,"bolussnooze":0,"activity":-0.001,"lastBolusTime":1703156175815,"time":"2023-12-21T12:21:07.503Z","iobWithZeroTemp":{"iob":-0.369,"basaliob":-0.43,"bolussnooze":0,"activity":-0.0028,"lastBolusTime":1703156175815,"time":"2023-12-21T12:21:07.503Z"}},{"iob":-0.057,"basaliob":-0.113,"bolussnooze":0,"activity":-0.001,"lastBolusTime":1703156175815,"time":"2023-12-21T12:26:07.503Z","iobWithZeroTemp":{"iob":-0.403,"basaliob":-0.459,"bolussnooze":0,"activity":-0.0032,"lastBolusTime":1703156175815,"time":"2023-12-21T12:26:07.503Z"}},{"iob":-0.053,"basaliob":-0.104,"bolussnooze":0,"activity":-0.001,"lastBolusTime":1703156175815,"time":"2023-12-21T12:31:07.503Z","iobWithZeroTemp":{"iob":-0.437,"basaliob":-0.488,"bolussnooze":0,"activity":-0.0036,"lastBolusTime":1703156175815,"time":"2023-12-21T12:31:07.503Z"}},{"iob":-0.049,"basaliob":-0.095,"bolussnooze":0,"activity":-8.0E-4,"lastBolusTime":1703156175815,"time":"2023-12-21T12:36:07.503Z","iobWithZeroTemp":{"iob":-0.469,"basaliob":-0.515,"bolussnooze":0,"activity":-0.0038,"lastBolusTime":1703156175815,"time":"2023-12-21T12:36:07.503Z"}},{"iob":-0.044,"basaliob":-0.086,"bolussnooze":0,"activity":-8.0E-4,"lastBolusTime":1703156175815,"time":"2023-12-21T12:41:07.503Z","iobWithZeroTemp":{"iob":-0.498,"basaliob":-0.54,"bolussnooze":0,"activity":-0.0043,"lastBolusTime":1703156175815,"time":"2023-12-21T12:41:07.503Z"}},{"iob":-0.041,"basaliob":-0.079,"bolussnooze":0,"activity":-8.0E-4,"lastBolusTime":1703156175815,"time":"2023-12-21T12:46:07.503Z","iobWithZeroTemp":{"iob":-0.526,"basaliob":-0.564,"bolussnooze":0,"activity":-0.0047,"lastBolusTime":1703156175815,"time":"2023-12-21T12:46:07.503Z"}},{"iob":-0.036,"basaliob":-0.071,"bolussnooze":0,"activity":-7.0E-4,"lastBolusTime":1703156175815,"time":"2023-12-21T12:51:07.503Z","iobWithZeroTemp":{"iob":-0.551,"basaliob":-0.586,"bolussnooze":0,"activity":-0.005,"lastBolusTime":1703156175815,"time":"2023-12-21T12:51:07.503Z"}},{"iob":-0.034,"basaliob":-0.065,"bolussnooze":0,"activity":-7.0E-4,"lastBolusTime":1703156175815,"time":"2023-12-21T12:56:07.503Z","iobWithZeroTemp":{"iob":-0.577,"basaliob":-0.608,"bolussnooze":0,"activity":-0.0054,"lastBolusTime":1703156175815,"time":"2023-12-21T12:56:07.503Z"}},{"iob":-0.031,"basaliob":-0.059,"bolussnooze":0,"activity":-6.0E-4,"lastBolusTime":1703156175815,"time":"2023-12-21T13:01:07.503Z","iobWithZeroTemp":{"iob":-0.599,"basaliob":-0.627,"bolussnooze":0,"activity":-0.0057,"lastBolusTime":1703156175815,"time":"2023-12-21T13:01:07.503Z"}},{"iob":-0.027,"basaliob":-0.053,"bolussnooze":0,"activity":-6.0E-4,"lastBolusTime":1703156175815,"time":"2023-12-21T13:06:07.503Z","iobWithZeroTemp":{"iob":-0.619,"basaliob":-0.645,"bolussnooze":0,"activity":-0.006,"lastBolusTime":1703156175815,"time":"2023-12-21T13:06:07.503Z"}},{"iob":-0.025,"basaliob":-0.048,"bolussnooze":0,"activity":-5.0E-4,"lastBolusTime":1703156175815,"time":"2023-12-21T13:11:07.503Z","iobWithZeroTemp":{"iob":-0.639,"basaliob":-0.662,"bolussnooze":0,"activity":-0.0063,"lastBolusTime":1703156175815,"time":"2023-12-21T13:11:07.503Z"}},{"iob":-0.022,"basaliob":-0.043,"bolussnooze":0,"activity":-5.0E-4,"lastBolusTime":1703156175815,"time":"2023-12-21T13:16:07.503Z","iobWithZeroTemp":{"iob":-0.656,"basaliob":-0.677,"bolussnooze":0,"activity":-0.0066,"lastBolusTime":1703156175815,"time":"2023-12-21T13:16:07.503Z"}},{"iob":-0.02,"basaliob":-0.039,"bolussnooze":0,"activity":-4.0E-4,"lastBolusTime":1703156175815,"time":"2023-12-21T13:21:07.503Z","iobWithZeroTemp":{"iob":-0.673,"basaliob":-0.692,"bolussnooze":0,"activity":-0.0068,"lastBolusTime":1703156175815,"time":"2023-12-21T13:21:07.503Z"}},{"iob":-0.018,"basaliob":-0.035,"bolussnooze":0,"activity":-4.0E-4,"lastBolusTime":1703156175815,"time":"2023-12-21T13:26:07.503Z","iobWithZeroTemp":{"iob":-0.688,"basaliob":-0.705,"bolussnooze":0,"activity":-0.0071,"lastBolusTime":1703156175815,"time":"2023-12-21T13:26:07.503Z"}},{"iob":-0.016,"basaliob":-0.031,"bolussnooze":0,"activity":-4.0E-4,"lastBolusTime":1703156175815,"time":"2023-12-21T13:31:07.503Z","iobWithZeroTemp":{"iob":-0.702,"basaliob":-0.717,"bolussnooze":0,"activity":-0.0074,"lastBolusTime":1703156175815,"time":"2023-12-21T13:31:07.503Z"}},{"iob":-0.015,"basaliob":-0.028,"bolussnooze":0,"activity":-3.0E-4,"lastBolusTime":1703156175815,"time":"2023-12-21T13:36:07.503Z","iobWithZeroTemp":{"iob":-0.715,"basaliob":-0.728,"bolussnooze":0,"activity":-0.0076,"lastBolusTime":1703156175815,"time":"2023-12-21T13:36:07.503Z"}},{"iob":-0.013,"basaliob":-0.025,"bolussnooze":0,"activity":-3.0E-4,"lastBolusTime":1703156175815,"time":"2023-12-21T13:41:07.503Z","iobWithZeroTemp":{"iob":-0.726,"basaliob":-0.738,"bolussnooze":0,"activity":-0.0078,"lastBolusTime":1703156175815,"time":"2023-12-21T13:41:07.503Z"}},{"iob":-0.012,"basaliob":-0.022,"bolussnooze":0,"activity":-2.0E-4,"lastBolusTime":1703156175815,"time":"2023-12-21T13:46:07.503Z","iobWithZeroTemp":{"iob":-0.737,"basaliob":-0.747,"bolussnooze":0,"activity":-0.0079,"lastBolusTime":1703156175815,"time":"2023-12-21T13:46:07.503Z"}},{"iob":-0.01,"basaliob":-0.019,"bolussnooze":0,"activity":-3.0E-4,"lastBolusTime":1703156175815,"time":"2023-12-21T13:51:07.503Z","iobWithZeroTemp":{"iob":-0.746,"basaliob":-0.755,"bolussnooze":0,"activity":-0.0082,"lastBolusTime":1703156175815,"time":"2023-12-21T13:51:07.503Z"}},{"iob":-0.009,"basaliob":-0.017,"bolussnooze":0,"activity":-2.0E-4,"lastBolusTime":1703156175815,"time":"2023-12-21T13:56:07.503Z","iobWithZeroTemp":{"iob":-0.755,"basaliob":-0.763,"bolussnooze":0,"activity":-0.0083,"lastBolusTime":1703156175815,"time":"2023-12-21T13:56:07.503Z"}},{"iob":-0.008,"basaliob":-0.015,"bolussnooze":0,"activity":-2.0E-4,"lastBolusTime":1703156175815,"time":"2023-12-21T14:01:07.503Z","iobWithZeroTemp":{"iob":-0.763,"basaliob":-0.77,"bolussnooze":0,"activity":-0.0085,"lastBolusTime":1703156175815,"time":"2023-12-21T14:01:07.503Z"}},{"iob":-0.007,"basaliob":-0.013,"bolussnooze":0,"activity":-1.0E-4,"lastBolusTime":1703156175815,"time":"2023-12-21T14:06:07.503Z","iobWithZeroTemp":{"iob":-0.779,"basaliob":-0.785,"bolussnooze":0,"activity":-0.0086,"lastBolusTime":1703156175815,"time":"2023-12-21T14:06:07.503Z"}},{"iob":-0.006,"basaliob":-0.012,"bolussnooze":0,"activity":-2.0E-4,"lastBolusTime":1703156175815,"time":"2023-12-21T14:11:07.503Z","iobWithZeroTemp":{"iob":-0.793,"basaliob":-0.799,"bolussnooze":0,"activity":-0.0088,"lastBolusTime":1703156175815,"time":"2023-12-21T14:11:07.503Z"}},{"iob":-0.005,"basaliob":-0.01,"bolussnooze":0,"activity":-2.0E-4,"lastBolusTime":1703156175815,"time":"2023-12-21T14:16:07.503Z","iobWithZeroTemp":{"iob":-0.807,"basaliob":-0.812,"bolussnooze":0,"activity":-0.009,"lastBolusTime":1703156175815,"time":"2023-12-21T14:16:07.503Z"}},{"iob":-0.005,"basaliob":-0.009,"bolussnooze":0,"activity":-1.0E-4,"lastBolusTime":1703156175815,"time":"2023-12-21T14:21:07.503Z","iobWithZeroTemp":{"iob":-0.821,"basaliob":-0.825,"bolussnooze":0,"activity":-0.0091,"lastBolusTime":1703156175815,"time":"2023-12-21T14:21:07.503Z"}},{"iob":-0.004,"basaliob":-0.008,"bolussnooze":0,"activity":-1.0E-4,"lastBolusTime":1703156175815,"time":"2023-12-21T14:26:07.503Z","iobWithZeroTemp":{"iob":-0.832,"basaliob":-0.836,"bolussnooze":0,"activity":-0.0093,"lastBolusTime":1703156175815,"time":"2023-12-21T14:26:07.503Z"}},{"iob":-0.004,"basaliob":-0.007,"bolussnooze":0,"activity":-1.0E-4,"lastBolusTime":1703156175815,"time":"2023-12-21T14:31:07.503Z","iobWithZeroTemp":{"iob":-0.844,"basaliob":-0.847,"bolussnooze":0,"activity":-0.0094,"lastBolusTime":1703156175815,"time":"2023-12-21T14:31:07.503Z"}},{"iob":-0.003,"basaliob":-0.006,"bolussnooze":0,"activity":-1.0E-4,"lastBolusTime":1703156175815,"time":"2023-12-21T14:36:07.503Z","iobWithZeroTemp":{"iob":-0.855,"basaliob":-0.858,"bolussnooze":0,"activity":-0.0096,"lastBolusTime":1703156175815,"time":"2023-12-21T14:36:07.503Z"}},{"iob":-0.003,"basaliob":-0.005,"bolussnooze":0,"activity":-1.0E-4,"lastBolusTime":1703156175815,"time":"2023-12-21T14:41:07.503Z","iobWithZeroTemp":{"iob":-0.865,"basaliob":-0.867,"bolussnooze":0,"activity":-0.0098,"lastBolusTime":1703156175815,"time":"2023-12-21T14:41:07.503Z"}},{"iob":-0.002,"basaliob":-0.004,"bolussnooze":0,"activity":0,"lastBolusTime":1703156175815,"time":"2023-12-21T14:46:07.503Z","iobWithZeroTemp":{"iob":-0.874,"basaliob":-0.876,"bolussnooze":0,"activity":-0.0098,"lastBolusTime":1703156175815,"time":"2023-12-21T14:46:07.503Z"}},{"iob":-0.002,"basaliob":-0.004,"bolussnooze":0,"activity":0,"lastBolusTime":1703156175815,"time":"2023-12-21T14:51:07.503Z","iobWithZeroTemp":{"iob":-0.882,"basaliob":-0.884,"bolussnooze":0,"activity":-0.01,"lastBolusTime":1703156175815,"time":"2023-12-21T14:51:07.503Z"}},{"iob":-0.002,"basaliob":-0.003,"bolussnooze":0,"activity":-1.0E-4,"lastBolusTime":1703156175815,"time":"2023-12-21T14:56:07.503Z","iobWithZeroTemp":{"iob":-0.891,"basaliob":-0.892,"bolussnooze":0,"activity":-0.0102,"lastBolusTime":1703156175815,"time":"2023-12-21T14:56:07.503Z"}},{"iob":-0.002,"basaliob":-0.003,"bolussnooze":0,"activity":-1.0E-4,"lastBolusTime":1703156175815,"time":"2023-12-21T15:01:07.503Z","iobWithZeroTemp":{"iob":-0.898,"basaliob":-0.899,"bolussnooze":0,"activity":-0.0103,"lastBolusTime":1703156175815,"time":"2023-12-21T15:01:07.503Z"}},{"iob":-0.001,"basaliob":-0.002,"bolussnooze":0,"activity":-1.0E-4,"lastBolusTime":1703156175815,"time":"2023-12-21T15:06:07.503Z","iobWithZeroTemp":{"iob":-0.904,"basaliob":-0.905,"bolussnooze":0,"activity":-0.0105,"lastBolusTime":1703156175815,"time":"2023-12-21T15:06:07.503Z"}},{"iob":-0.001,"basaliob":-0.002,"bolussnooze":0,"activity":-1.0E-4,"lastBolusTime":1703156175815,"time":"2023-12-21T15:11:07.503Z","iobWithZeroTemp":{"iob":-0.91,"basaliob":-0.911,"bolussnooze":0,"activity":-0.0106,"lastBolusTime":1703156175815,"time":"2023-12-21T15:11:07.503Z"}},{"iob":-0.001,"basaliob":-0.002,"bolussnooze":0,"activity":-1.0E-4,"lastBolusTime":1703156175815,"time":"2023-12-21T15:16:07.503Z","iobWithZeroTemp":{"iob":-0.916,"basaliob":-0.917,"bolussnooze":0,"activity":-0.0107,"lastBolusTime":1703156175815,"time":"2023-12-21T15:16:07.503Z"}},{"iob":0,"basaliob":-0.001,"bolussnooze":0,"activity":0,"lastBolusTime":1703156175815,"time":"2023-12-21T15:21:07.503Z","iobWithZeroTemp":{"iob":-0.92,"basaliob":-0.921,"bolussnooze":0,"activity":-0.0107,"lastBolusTime":1703156175815,"time":"2023-12-21T15:21:07.503Z"}},{"iob":-0.001,"basaliob":-0.001,"bolussnooze":0,"activity":0,"lastBolusTime":1703156175815,"time":"2023-12-21T15:26:07.503Z","iobWithZeroTemp":{"iob":-0.926,"basaliob":-0.926,"bolussnooze":0,"activity":-0.0108,"lastBolusTime":1703156175815,"time":"2023-12-21T15:26:07.503Z"}},{"iob":-0.001,"basaliob":-0.001,"bolussnooze":0,"activity":0,"lastBolusTime":1703156175815,"time":"2023-12-21T15:31:07.503Z","iobWithZeroTemp":{"iob":-0.93,"basaliob":-0.93,"bolussnooze":0,"activity":-0.0108,"lastBolusTime":1703156175815,"time":"2023-12-21T15:31:07.503Z"}},{"iob":-0.001,"basaliob":-0.001,"bolussnooze":0,"activity":0,"lastBolusTime":1703156175815,"time":"2023-12-21T15:36:07.503Z","iobWithZeroTemp":{"iob":-0.934,"basaliob":-0.934,"bolussnooze":0,"activity":-0.0109,"lastBolusTime":1703156175815,"time":"2023-12-21T15:36:07.503Z"}},{"iob":-0.001,"basaliob":-0.001,"bolussnooze":0,"activity":0,"lastBolusTime":1703156175815,"time":"2023-12-21T15:41:07.503Z","iobWithZeroTemp":{"iob":-0.938,"basaliob":-0.938,"bolussnooze":0,"activity":-0.011,"lastBolusTime":1703156175815,"time":"2023-12-21T15:41:07.503Z"}}],"profile":{"max_iob":7,"type":"current","max_daily_basal":0.8,"max_basal":4.4,"min_bg":90,"max_bg":90,"target_bg":90,"carb_ratio":16,"sens":57,"max_daily_safety_multiplier":9,"current_basal_safety_multiplier":8,"lgsThreshold":65,"high_temptarget_raises_sensitivity":false,"low_temptarget_lowers_sensitivity":false,"sensitivity_raises_target":false,"resistance_lowers_target":false,"adv_target_adjustments":false,"exercise_mode":false,"half_basal_exercise_target":160,"maxCOB":120,"skip_neutral_temps":false,"remainingCarbsCap":90,"enableUAM":true,"A52_risk_enable":false,"SMBInterval":3,"enableSMB_with_COB":true,"enableSMB_with_temptarget":true,"allowSMB_with_high_temptarget":true,"enableSMB_always":true,"enableSMB_after_carbs":true,"maxSMBBasalMinutes":120,"maxUAMSMBBasalMinutes":90,"bolus_increment":0.05,"carbsReqThreshold":5,"current_basal":0.55,"temptargetSet":false,"autosens_max":1.6,"autosens_min":0.6,"variable_sens":137.8,"insulinDivisor":75,"TDD":18.319795238095242},"autosens_data":{"ratio":1.01616032819603},"meal_data":{"carbs":0,"mealCOB":0,"slopeFromMaxDeviation":-0.42081818181818176,"slopeFromMinDeviation":0.00483333333333332,"lastBolusTime":1703156175815,"lastCarbTime":0},"microBolusAllowed":true,"currentTime":1703159169604,"flatBGsDetected":false,"tdd1D":20.662500000000005,"tdd7D":21.47380952380953,"tddLast24H":21.820833333333326,"tddLast4H":1.9749999999999996,"tddLast8to4H":2.4625000000000004},"output":{"temp":"absolute","bg":78,"tick":-2,"eventualBG":82,"targetBG":90,"insulinReq":0,"deliverAt":"2023-12-21T11:46:09.604Z","sensitivityRatio":1.01616032819603,"variable_sens":137.8,"predBGs":{"IOB":[78,76,75,73,72,71,71,70,70,70,70,71,71,72,72,73,73,74,74,75,75,75,75,76,76,76,76,76,76,76,77],"ZT":[78,79,80,81,82,83,85,86,88,90]},"reason":"COB: 0, Dev: -11, BGI: 1, ISF: 138, CR: 16, Target: 90, minPredBG 74, minGuardBG 70, IOBpredBG 77; Eventual BG 82 < 90, setting 0.32U\/hr. ","COB":0,"IOB":-0.107,"duration":30,"rate":0.31888818050781664,"timestamp":"2023-12-21T11:46:09.624Z"}}