{"algorithm":"OpenAPSSMBDynamicISFPlugin","input":{"glucoseStatus":{"glucose":81,"noise":0,"delta":-2,"short_avgdelta":-1.44,"long_avgdelta":-0.74,"date":1703157937000},"currenttemp":{"temp":"absolute","duration":25,"rate":0.5,"minutesrunning":5},"iob_data":[{"iob":-0.119,"basaliob":-0.259,"bolussnooze":0,"activity":-0.0015,"lastBolusTime":1703156175815,"time":"2023-12-21T11:26:05.123Z","iobWithZeroTemp":{"iob":-0.119,"basaliob":-0.259,"bolussnooze":0,"activity":-0.0015,"lastBolusTime":1703156175815,"time":"2023-12-21T11:26:05.123Z"}},{"iob":-0.111,"basaliob":-0.243,"bolussnooze":0,"activity":-0.0014,"lastBolusTime":1703156175815,"time":"2023-12-21T11:31:05.123Z","iobWithZeroTemp":{"iob":-0.148,"basaliob":-0.28,"bolussnooze":0,"activity":-0.0014,"lastBolusTime":1703156175815,"time":"2023-12-21T11:31:05.123Z"}},{"iob":-0.105,"basaliob":-0.228,"bolussnooze":0,"activity":-0.0014,"lastBolusTime":1703156175815,"time":"2023-12-21T11:36:05.123Z","iobWithZeroTemp":{"iob":-0.187,"basaliob":-0.31,"bolussnooze":0,"activity":-0.0016,"lastBolusTime":1703156175815,"time":"2023-12-21T11:36:05.123Z"}},{"iob":-0.098,"basaliob":-0.213,"bolussnooze":0,"activity":-0.0014,"lastBolusTime":1703156175815,"time":"2023-12-21T11:41:05.123Z","iobWithZeroTemp":{"iob":-0.225,"basaliob":-0.34,"bolussnooze":0,"activity":-0.0018,"lastBolusTime":1703156175815,"time":"2023-12-21T11:41:05.123Z"}},{"iob":-0.091,"basaliob":-0.198,"bolussnooze":0,"activity":-0.0013,"lastBolusTime":1703156175815,"time":"2023-12-21T11:46:05.123Z","iobWithZeroTemp":{"iob":-0.261,"basaliob":-0.368,"bolussnooze":0,"activity":-0.002,"lastBolusTime":1703156175815,"time":"2023-12-21T11:46:05.123Z"}},{"iob":-0.084,"basaliob":-0.184,"bolussnooze":0,"activity":-0.0013,"lastBolusTime":1703156175815,"time":"2023-12-21T11:51:05.123Z","iobWithZeroTemp":{"iob":-0.296,"basaliob":-0.396,"bolussnooze":0,"activity":-0.0023,"lastBolusTime":1703156175815,"time":"2023-12-21T11:51:05.123Z"}},{"iob":-0.078,"basaliob":-0.17,"bolussnooze":0,"activity":-0.0013,"lastBolusTime":1703156175815,"time":"2023-12-21T11:56:05.123Z","iobWithZeroTemp":{"iob":-0.33,"basaliob":-0.422,"bolussnooze":0,"activity":-0.0026,"lastBolusTime":1703156175815,"time":"2023-12-21T11:56:05.123Z"}},{"iob":-0.072,"basaliob":-0.157,"bolussnooze":0,"activity":-0.0011,"lastBolusTime":1703156175815,"time":"2023-12-21T12:01:05.123Z","iobWithZeroTemp":{"iob":-0.362,"basaliob":-0.447,"bolussnooze":0,"activity":-0.0028,"lastBolusTime":1703156175815,"time":"2023-12-21T12:01:05.123Z"}},{"iob":-0.066,"basaliob":-0.145,"bolussnooze":0,"activity":-0.0011,"lastBolusTime":1703156175815,"time":"2023-12-21T12:06:05.123Z","iobWithZeroTemp":{"iob":-0.397,"basaliob":-0.476,"bolussnooze":0,"activity":-0.0032,"lastBolusTime":1703156175815,"time":"2023-12-21T12:06:05.123Z"}},{"iob":-0.061,"basaliob":-0.133,"bolussnooze":0,"activity":-0.0011,"lastBolusTime":1703156175815,"time":"2023-12-21T12:11:05.123Z","iobWithZeroTemp":{"iob":-0.43,"basaliob":-0.502,"bolussnooze":0,"activity":-0.0036,"lastBolusTime":1703156175815,"time":"2023-12-21T12:11:05.123Z"}},{"iob":-0.055,"basaliob":-0.122,"bolussnooze":0,"activity":-0.001,"lastBolusTime":1703156175815,"time":"2023-12-21T12:16:05.123Z","iobWithZeroTemp":{"iob":-0.46,"basaliob":-0.527,"bolussnooze":0,"activity":-0.0039,"lastBolusTime":1703156175815,"time":"2023-12-21T12:16:05.123Z"}},{"iob":-0.051,"basaliob":-0.112,"bolussnooze":0,"activity":-9.0E-4,"lastBolusTime":1703156175815,"time":"2023-12-21T12:21:05.123Z","iobWithZeroTemp":{"iob":-0.491,"basaliob":-0.552,"bolussnooze":0,"activity":-0.0042,"lastBolusTime":1703156175815,"time":"2023-12-21T12:21:05.123Z"}},{"iob":-0.046,"basaliob":-0.102,"bolussnooze":0,"activity":-8.0E-4,"lastBolusTime":1703156175815,"time":"2023-12-21T12:26:05.123Z","iobWithZeroTemp":{"iob":-0.518,"basaliob":-0.574,"bolussnooze":0,"activity":-0.0045,"lastBolusTime":1703156175815,"time":"2023-12-21T12:26:05.123Z"}},{"iob":-0.042,"basaliob":-0.093,"bolussnooze":0,"activity":-8.0E-4,"lastBolusTime":1703156175815,"time":"2023-12-21T12:31:05.123Z","iobWithZeroTemp":{"iob":-0.544,"basaliob":-0.595,"bolussnooze":0,"activity":-0.0049,"lastBolusTime":1703156175815,"time":"2023-12-21T12:31:05.123Z"}},{"iob":-0.039,"basaliob":-0.085,"bolussnooze":0,"activity":-7.0E-4,"lastBolusTime":1703156175815,"time":"2023-12-21T12:36:05.123Z","iobWithZeroTemp":{"iob":-0.57,"basaliob":-0.616,"bolussnooze":0,"activity":-0.0052,"lastBolusTime":1703156175815,"time":"2023-12-21T12:36:05.123Z"}},{"iob":-0.035,"basaliob":-0.077,"bolussnooze":0,"activity":-7.0E-4,"lastBolusTime":1703156175815,"time":"2023-12-21T12:41:05.123Z","iobWithZeroTemp":{"iob":-0.592,"basaliob":-0.634,"bolussnooze":0,"activity":-0.0056,"lastBolusTime":1703156175815,"time":"2023-12-21T12:41:05.123Z"}},{"iob":-0.032,"basaliob":-0.07,"bolussnooze":0,"activity":-7.0E-4,"lastBolusTime":1703156175815,"time":"2023-12-21T12:46:05.123Z","iobWithZeroTemp":{"iob":-0.613,"basaliob":-0.651,"bolussnooze":0,"activity":-0.006,"lastBolusTime":1703156175815,"time":"2023-12-21T12:46:05.123Z"}},{"iob":-0.029,"basaliob":-0.064,"bolussnooze":0,"activity":-6.0E-4,"lastBolusTime":1703156175815,"time":"2023-12-21T12:51:05.123Z","iobWithZeroTemp":{"iob":-0.633,"basaliob":-0.668,"bolussnooze":0,"activity":-0.0062,"lastBolusTime":1703156175815,"time":"2023-12-21T12:51:05.123Z"}},{"iob":-0.026,"basaliob":-0.057,"bolussnooze":0,"activity":-6.0E-4,"lastBolusTime":1703156175815,"time":"2023-12-21T12:56:05.123Z","iobWithZeroTemp":{"iob":-0.651,"basaliob":-0.682,"bolussnooze":0,"activity":-0.0066,"lastBolusTime":1703156175815,"time":"2023-12-21T12:56:05.123Z"}},{"iob":-0.024,"basaliob":-0.052,"bolussnooze":0,"activity":-5.0E-4,"lastBolusTime":1703156175815,"time":"2023-12-21T13:01:05.123Z","iobWithZeroTemp":{"iob":-0.668,"basaliob":-0.696,"bolussnooze":0,"activity":-0.0068,"lastBolusTime":1703156175815,"time":"2023-12-21T13:01:05.123Z"}},{"iob":-0.021,"basaliob":-0.047,"bolussnooze":0,"activity":-5.0E-4,"lastBolusTime":1703156175815,"time":"2023-12-21T13:06:05.123Z","iobWithZeroTemp":{"iob":-0.683,"basaliob":-0.709,"bolussnooze":0,"activity":-0.0071,"lastBolusTime":1703156175815,"time":"2023-12-21T13:06:05.123Z"}},{"iob":-0.019,"basaliob":-0.042,"bolussnooze":0,"activity":-4.0E-4,"lastBolusTime":1703156175815,"time":"2023-12-21T13:11:05.123Z","iobWithZeroTemp":{"iob":-0.698,"basaliob":-0.721,"bolussnooze":0,"activity":-0.0073,"lastBolusTime":1703156175815,"time":"2023-12-21T13:11:05.123Z"}},{"iob":-0.017,"basaliob":-0.038,"bolussnooze":0,"activity":-4.0E-4,"lastBolusTime":1703156175815,"time":"2023-12-21T13:16:05.123Z","iobWithZeroTemp":{"iob":-0.71,"basaliob":-0.731,"bolussnooze":0,"activity":-0.0075,"lastBolusTime":1703156175815,"time":"2023-12-21T13:16:05.123Z"}},{"iob":-0.015,"basaliob":-0.034,"bolussnooze":0,"activity":-4.0E-4,"lastBolusTime":1703156175815,"time":"2023-12-21T13:21:05.123Z","iobWithZeroTemp":{"iob":-0.722,"basaliob":-0.741,"bolussnooze":0,"activity":-0.0078,"lastBolusTime":1703156175815,"time":"2023-12-21T13:21:05.123Z"}},{"iob":-0.013,"basaliob":-0.03,"bolussnooze":0,"activity":-3.0E-4,"lastBolusTime":1703156175815,"time":"2023-12-21T13:26:05.123Z","iobWithZeroTemp":{"iob":-0.733,"basaliob":-0.75,"bolussnooze":0,"activity":-0.0079,"lastBolusTime":1703156175815,"time":"2023-12-21T13:26:05.123Z"}},{"iob":-0.012,"basaliob":-0.027,"bolussnooze":0,"activity":-3.0E-4,"lastBolusTime":1703156175815,"time":"2023-12-21T13:31:05.123Z","iobWithZeroTemp":{"iob":-0.743,"basaliob":-0.758,"bolussnooze":0,"activity":-0.0081,"lastBolusTime":1703156175815,"time":"2023-12-21T13:31:05.123Z"}},{"iob":-0.011,"basaliob":-0.024,"bolussnooze":0,"activity":-3.0E-4,"lastBolusTime":1703156175815,"time":"2023-12-21T13:36:05.123Z","iobWithZeroTemp":{"iob":-0.752,"basaliob":-0.765,"bolussnooze":0,"activity":-0.0083,"lastBolusTime":1703156175815,"time":"2023-12-21T13:36:05.123Z"}},{"iob":-0.009,"basaliob":-0.021,"bolussnooze":0,"activity":-2.0E-4,"lastBolusTime":1703156175815,"time":"2023-12-21T13:41:05.123Z","iobWithZeroTemp":{"iob":-0.76,"basaliob":-0.772,"bolussnooze":0,"activity":-0.0084,"lastBolusTime":1703156175815,"time":"2023-12-21T13:41:05.123Z"}},{"iob":-0.009,"basaliob":-0.019,"bolussnooze":0,"activity":-2.0E-4,"lastBolusTime":1703156175815,"time":"2023-12-21T13:46:05.123Z","iobWithZeroTemp":{"iob":-0.768,"basaliob":-0.778,"bolussnooze":0,"activity":-0.0086,"lastBolusTime":1703156175815,"time":"2023-12-21T13:46:05.123Z"}},{"iob":-0.008,"basaliob":-0.017,"bolussnooze":0,"activity":-2.0E-4,"lastBolusTime":1703156175815,"time":"2023-12-21T13:51:05.123Z","iobWithZeroTemp":{"iob":-0.775,"basaliob":-0.784,"bolussnooze":0,"activity":-0.0087,"lastBolusTime":1703156175815,"time":"2023-12-21T13:51:05.123Z"}},{"iob":-0.007,"basaliob":-0.015,"bolussnooze":0,"activity":-2.0E-4,"lastBolusTime":1703156175815,"time":"2023-12-21T13:56:05.123Z","iobWithZeroTemp":{"iob":-0.781,"basaliob":-0.789,"bolussnooze":0,"activity":-0.0089,"lastBolusTime":1703156175815,"time":"2023-12-21T13:56:05.123Z"}},{"iob":-0.006,"basaliob":-0.013,"bolussnooze":0,"activity":-1.0E-4,"lastBolusTime":1703156175815,"time":"2023-12-21T14:01:05.123Z","iobWithZeroTemp":{"iob":-0.786,"basaliob":-0.793,"bolussnooze":0,"activity":-0.0089,"lastBolusTime":1703156175815,"time":"2023-12-21T14:01:05.123Z"}},{"iob":-0.005,"basaliob":-0.011,"bolussnooze":0,"activity":-1.0E-4,"lastBolusTime":1703156175815,"time":"2023-12-21T14:06:05.123Z","iobWithZeroTemp":{"iob":-0.799,"basaliob":-0.805,"bolussnooze":0,"activity":-0.009,"lastBolusTime":1703156175815,"time":"2023-12-21T14:06:05.123Z"}},{"iob":-0.004,"basaliob":-0.01,"bolussnooze":0,"activity":-2.0E-4,"lastBolusTime":1703156175815,"time":"2023-12-21T14:11:05.123Z","iobWithZeroTemp":{"iob":-0.811,"basaliob":-0.817,"bolussnooze":0,"activity":-0.0093,"lastBolusTime":1703156175815,"time":"2023-12-21T14:11:05.123Z"}},{"iob":-0.004,"basaliob":-0.009,"bolussnooze":0,"activity":-1.0E-4,"lastBolusTime":1703156175815,"time":"2023-12-21T14:16:05.123Z","iobWithZeroTemp":{"iob":-0.824,"basaliob":-0.829,"bolussnooze":0,"activity":-0.0093,"lastBolusTime":1703156175815,"time":"2023-12-21T14:16:05.123Z"}},{"iob":-0.004,"basaliob":-0.008,"bolussnooze":0,"activity":-1.0E-4,"lastBolusTime":1703156175815,"time":"2023-12-21T14:21:05.123Z","iobWithZeroTemp":{"iob":-0.836,"basaliob":-0.84,"bolussnooze":0,"activity":-0.0095,"lastBolusTime":1703156175815,"time":"2023-12-21T14:21:05.123Z"}},{"iob":-0.002,"basaliob":-0.006,"bolussnooze":0,"activity":-1.0E-4,"lastBolusTime":1703156175815,"time":"2023-12-21T14:26:05.123Z","iobWithZeroTemp":{"iob":-0.845,"basaliob":-0.849,"bolussnooze":0,"activity":-0.0096,"lastBolusTime":1703156175815,"time":"2023-12-21T14:26:05.123Z"}},{"iob":-0.003,"basaliob":-0.006,"bolussnooze":0,"activity":-1.0E-4,"lastBolusTime":1703156175815,"time":"2023-12-21T14:31:05.123Z","iobWithZeroTemp":{"iob":-0.856,"basaliob":-0.859,"bolussnooze":0,"activity":-0.0098,"lastBolusTime":1703156175815,"time":"2023-12-21T14:31:05.123Z"}},{"iob":-0.002,"basaliob":-0.005,"bolussnooze":0,"activity":0,"lastBolusTime":1703156175815,"time":"2023-12-21T14:36:05.123Z","iobWithZeroTemp":{"iob":-0.865,"basaliob":-0.868,"bolussnooze":0,"activity":-0.0098,"lastBolusTime":1703156175815,"time":"2023-12-21T14:36:05.123Z"}},{"iob":-0.002,"basaliob":-0.004,"bolussnooze":0,"activity":0,"lastBolusTime":1703156175815,"time":"2023-12-21T14:41:05.123Z","iobWithZeroTemp":{"iob":-0.874,"basaliob":-0.876,"bolussnooze":0,"activity":-0.0099,"lastBolusTime":1703156175815,"time":"2023-12-21T14:41:05.123Z"}},{"iob":-0.001,"basaliob":-0.003,"bolussnooze":0,"activity":0,"lastBolusTime":1703156175815,"time":"2023-12-21T14:46:05.123Z","iobWithZeroTemp":{"iob":-0.882,"basaliob":-0.884,"bolussnooze":0,"activity":-0.01,"lastBolusTime":1703156175815,"time":"2023-12-21T14:46:05.123Z"}},{"iob":-0.001,"basaliob":-0.003,"bolussnooze":0,"activity":0,"lastBolusTime":1703156175815,"time":"2023-12-21T14:51:05.123Z","iobWithZeroTemp":{"iob":-0.889,"basaliob":-0.891,"bolussnooze":0,"activity":-0.0102,"lastBolusTime":1703156175815,"time":"2023-12-21T14:51:05.123Z"}},{"iob":-0.001,"basaliob":-0.002,"bolussnooze":0,"activity":-1.0E-4,"lastBolusTime":1703156175815,"time":"2023-12-21T14:56:05.123Z","iobWithZeroTemp":{"iob":-0.897,"basaliob":-0.898,"bolussnooze":0,"activity":-0.0104,"lastBolusTime":1703156175815,"time":"2023-12-21T14:56:05.123Z"}},{"iob":-0.001,"basaliob":-0.002,"bolussnooze":0,"activity":-1.0E-4,"lastBolusTime":1703156175815,"time":"2023-12-21T15:01:05.123Z","iobWithZeroTemp":{"iob":-0.903,"basaliob":-0.904,"bolussnooze":0,"activity":-0.0105,"lastBolusTime":1703156175815,"time":"2023-12-21T15:01:05.123Z"}},{"iob":-0.001,"basaliob":-0.002,"bolussnooze":0,"activity":-1.0E-4,"lastBolusTime":1703156175815,"time":"2023-12-21T15:06:05.123Z","iobWithZeroTemp":{"iob":-0.909,"basaliob":-0.91,"bolussnooze":0,"activity":-0.0106,"lastBolusTime":1703156175815,"time":"2023-12-21T15:06:05.123Z"}},{"iob":0,"basaliob":-0.001,"bolussnooze":0,"activity":-1.0E-4,"lastBolusTime":1703156175815,"time":"2023-12-21T15:11:05.123Z","iobWithZeroTemp":{"iob":-0.914,"basaliob":-0.915,"bolussnooze":0,"activity":-0.0107,"lastBolusTime":1703156175815,"time":"2023-12-21T15:11:05.123Z"}},{"iob":0,"basaliob":-0.001,"bolussnooze":0,"activity":0,"lastBolusTime":1703156175815,"time":"2023-12-21T15:16:05.123Z","iobWithZeroTemp":{"iob":-0.919,"basaliob":-0.92,"bolussnooze":0,"activity":-0.0107,"lastBolusTime":1703156175815,"time":"2023-12-21T15:16:05.123Z"}},{"iob":0,"basaliob":-0.001,"bolussnooze":0,"activity":0,"lastBolusTime":1703156175815,"time":"2023-12-21T15:21:05.123Z","iobWithZeroTemp":{"iob":-0.924,"basaliob":-0.925,"bolussnooze":0,"activity":-0.0108,"lastBolusTime":1703156175815,"time":"2023-12-21T15:21:05.123Z"}}],"profile":{"max_iob":7,"type":"current","max_daily_basal":0.8,"max_basal":4.4,"min_bg":90,"max_bg":90,"target_bg":90,"carb_ratio":16,"sens":57,"max_daily_safety_multiplier":9,"current_basal_safety_multiplier":8,"lgsThreshold":65,"high_temptarget_raises_sensitivity":false,"low_temptarget_lowers_sensitivity":false,"sensitivity_raises_target":false,"resistance_lowers_target":false,"adv_target_adjustments":false,"exercise_mode":false,"half_basal_exercise_target":160,"maxCOB":120,"skip_neutral_temps":false,"remainingCarbsCap":90,"enableUAM":true,"A52_risk_enable":false,"SMBInterval":3,"enableSMB_with_COB":true,"enableSMB_with_temptarget":true,"allowSMB_with_high_temptarget":true,"enableSMB_always":true,"enableSMB_after_carbs":true,"maxSMBBasalMinutes":120,"maxUAMSMBBasalMinutes":90,"bolus_increment":0.05,"carbsReqThreshold":5,"current_basal":0.55,"temptargetSet":false,"autosens_max":1.6,"autosens_min":0.6,"variable_sens":126.7,"insulinDivisor":75,"TDD":19.40054523809524},"autosens_data":{"ratio":1.0194589200576556},"meal_data":{"carbs":0,"mealCOB":0,"slopeFromMaxDeviation":-0.6654285714285713,"slopeFromMinDeviation":0,"lastBolusTime":1703156175815,"lastCarbTime":0},"microBolusAllowed":true,"currentTime":1703157966816,"flatBGsDetected":false,"tdd1D":20.662500000000005,"tdd7D":21.47380952380953,"tddLast24H":21.891666666666662,"tddLast4H":1.8458333333333328,"tddLast8to4H":4.583333333333334},"output":{"temp":"absolute","bg":81,"tick":-2,"eventualBG":86,"targetBG":90,"insulinReq":0,"deliverAt":"2023-12-21T11:26:06.816Z","sensitivityRatio":1.0194589200576556,"variable_sens":126.7,"predBGs":{"IOB":[81,79,78,77,75,75,74,74,74,74,74,74,75,75,76,76,77,77,78,78,78,79,79,79,80,80,80,80,80,80,81],"ZT":[81,82,83,84,85,86,88,89]},"reason":"COB: 0, Dev: -10, BGI: 1, ISF: 127, CR: 16, Target: 90, minPredBG 78, minGuardBG 74, IOBpredBG 81; Eventual BG 86 < 90, temp 0.5 ~< req 0.44U\/hr. ","COB":0,"IOB":-0.119,"timestamp":"2023-12-21T11:26:06.824Z"}}