{"algorithm":"OpenAPSSMBDynamicISFPlugin","input":{"glucoseStatus":{"glucose":103,"noise":0,"delta":0,"short_avgdelta":-0.11,"long_avgdelta":-1.57,"date":1703198138000},"currenttemp":{"temp":"absolute","duration":0,"rate":0},"iob_data":[{"iob":0.244,"basaliob":-0.462,"bolussnooze":0.2532,"activity":0.0046,"lastBolusTime":1703197492050,"time":"2023-12-21T22:36:01.595Z","iobWithZeroTemp":{"iob":0.244,"basaliob":-0.462,"bolussnooze":0.2532,"activity":0.0046,"lastBolusTime":1703197492050,"time":"2023-12-21T22:36:01.595Z"}},{"iob":0.222,"basaliob":-0.437,"bolussnooze":0.2277,"activity":0.0042,"lastBolusTime":1703197492050,"time":"2023-12-21T22:41:01.595Z","iobWithZeroTemp":{"iob":0.169,"basaliob":-0.49,"bolussnooze":0.2277,"activity":0.0041,"lastBolusTime":1703197492050,"time":"2023-12-21T22:41:01.595Z"}},{"iob":0.202,"basaliob":-0.411,"bolussnooze":0.2016,"activity":0.0039,"lastBolusTime":1703197492050,"time":"2023-12-21T22:46:01.595Z","iobWithZeroTemp":{"iob":0.083,"basaliob":-0.53,"bolussnooze":0.2016,"activity":0.0037,"lastBolusTime":1703197492050,"time":"2023-12-21T22:46:01.595Z"}},{"iob":0.183,"basaliob":-0.386,"bolussnooze":0.1761,"activity":0.0037,"lastBolusTime":1703197492050,"time":"2023-12-21T22:51:01.595Z","iobWithZeroTemp":{"iob":-0.001,"basaliob":-0.57,"bolussnooze":0.1761,"activity":0.0031,"lastBolusTime":1703197492050,"time":"2023-12-21T22:51:01.595Z"}},{"iob":0.165,"basaliob":-0.361,"bolussnooze":0.1521,"activity":0.0034,"lastBolusTime":1703197492050,"time":"2023-12-21T22:56:01.595Z","iobWithZeroTemp":{"iob":-0.082,"basaliob":-0.608,"bolussnooze":0.1521,"activity":0.0024,"lastBolusTime":1703197492050,"time":"2023-12-21T22:56:01.595Z"}},{"iob":0.149,"basaliob":-0.337,"bolussnooze":0.1301,"activity":0.0031,"lastBolusTime":1703197492050,"time":"2023-12-21T23:01:01.595Z","iobWithZeroTemp":{"iob":-0.159,"basaliob":-0.645,"bolussnooze":0.1301,"activity":0.0017,"lastBolusTime":1703197492050,"time":"2023-12-21T23:01:01.595Z"}},{"iob":0.135,"basaliob":-0.313,"bolussnooze":0.1103,"activity":0.0028,"lastBolusTime":1703197492050,"time":"2023-12-21T23:06:01.595Z","iobWithZeroTemp":{"iob":-0.223,"basaliob":-0.671,"bolussnooze":0.1103,"activity":9.0E-4,"lastBolusTime":1703197492050,"time":"2023-12-21T23:06:01.595Z"}},{"iob":0.122,"basaliob":-0.29,"bolussnooze":0.0928,"activity":0.0026,"lastBolusTime":1703197492050,"time":"2023-12-21T23:11:01.595Z","iobWithZeroTemp":{"iob":-0.284,"basaliob":-0.696,"bolussnooze":0.0928,"activity":2.0E-4,"lastBolusTime":1703197492050,"time":"2023-12-21T23:11:01.595Z"}},{"iob":0.109,"basaliob":-0.269,"bolussnooze":0.0775,"activity":0.0024,"lastBolusTime":1703197492050,"time":"2023-12-21T23:16:01.595Z","iobWithZeroTemp":{"iob":-0.342,"basaliob":-0.72,"bolussnooze":0.0775,"activity":-6.0E-4,"lastBolusTime":1703197492050,"time":"2023-12-21T23:16:01.595Z"}},{"iob":0.098,"basaliob":-0.248,"bolussnooze":0.0642,"activity":0.0022,"lastBolusTime":1703197492050,"time":"2023-12-21T23:21:01.595Z","iobWithZeroTemp":{"iob":-0.395,"basaliob":-0.741,"bolussnooze":0.0642,"activity":-0.0013,"lastBolusTime":1703197492050,"time":"2023-12-21T23:21:01.595Z"}},{"iob":0.087,"basaliob":-0.229,"bolussnooze":0.0529,"activity":0.002,"lastBolusTime":1703197492050,"time":"2023-12-21T23:26:01.595Z","iobWithZeroTemp":{"iob":-0.446,"basaliob":-0.762,"bolussnooze":0.0529,"activity":-0.002,"lastBolusTime":1703197492050,"time":"2023-12-21T23:26:01.595Z"}},{"iob":0.078,"basaliob":-0.21,"bolussnooze":0.0433,"activity":0.0018,"lastBolusTime":1703197492050,"time":"2023-12-21T23:31:01.595Z","iobWithZeroTemp":{"iob":-0.492,"basaliob":-0.78,"bolussnooze":0.0433,"activity":-0.0027,"lastBolusTime":1703197492050,"time":"2023-12-21T23:31:01.595Z"}},{"iob":0.069,"basaliob":-0.193,"bolussnooze":0.0352,"activity":0.0016,"lastBolusTime":1703197492050,"time":"2023-12-21T23:36:01.595Z","iobWithZeroTemp":{"iob":-0.536,"basaliob":-0.798,"bolussnooze":0.0352,"activity":-0.0034,"lastBolusTime":1703197492050,"time":"2023-12-21T23:36:01.595Z"}},{"iob":0.061,"basaliob":-0.177,"bolussnooze":0.0284,"activity":0.0015,"lastBolusTime":1703197492050,"time":"2023-12-21T23:41:01.595Z","iobWithZeroTemp":{"iob":-0.576,"basaliob":-0.814,"bolussnooze":0.0284,"activity":-0.004,"lastBolusTime":1703197492050,"time":"2023-12-21T23:41:01.595Z"}},{"iob":0.054,"basaliob":-0.162,"bolussnooze":0.0228,"activity":0.0014,"lastBolusTime":1703197492050,"time":"2023-12-21T23:46:01.595Z","iobWithZeroTemp":{"iob":-0.613,"basaliob":-0.829,"bolussnooze":0.0228,"activity":-0.0045,"lastBolusTime":1703197492050,"time":"2023-12-21T23:46:01.595Z"}},{"iob":0.048,"basaliob":-0.147,"bolussnooze":0.0182,"activity":0.0012,"lastBolusTime":1703197492050,"time":"2023-12-21T23:51:01.595Z","iobWithZeroTemp":{"iob":-0.647,"basaliob":-0.842,"bolussnooze":0.0182,"activity":-0.0052,"lastBolusTime":1703197492050,"time":"2023-12-21T23:51:01.595Z"}},{"iob":0.042,"basaliob":-0.134,"bolussnooze":0.0144,"activity":0.0011,"lastBolusTime":1703197492050,"time":"2023-12-21T23:56:01.595Z","iobWithZeroTemp":{"iob":-0.678,"basaliob":-0.854,"bolussnooze":0.0144,"activity":-0.0057,"lastBolusTime":1703197492050,"time":"2023-12-21T23:56:01.595Z"}},{"iob":0.037,"basaliob":-0.122,"bolussnooze":0.0112,"activity":0.001,"lastBolusTime":1703197492050,"time":"2023-12-22T00:01:01.595Z","iobWithZeroTemp":{"iob":-0.707,"basaliob":-0.866,"bolussnooze":0.0112,"activity":-0.0062,"lastBolusTime":1703197492050,"time":"2023-12-22T00:01:01.595Z"}},{"iob":0.032,"basaliob":-0.111,"bolussnooze":0.0087,"activity":9.0E-4,"lastBolusTime":1703197492050,"time":"2023-12-22T00:06:01.595Z","iobWithZeroTemp":{"iob":-0.733,"basaliob":-0.876,"bolussnooze":0.0087,"activity":-0.0066,"lastBolusTime":1703197492050,"time":"2023-12-22T00:06:01.595Z"}},{"iob":0.028,"basaliob":-0.1,"bolussnooze":0.0066,"activity":8.0E-4,"lastBolusTime":1703197492050,"time":"2023-12-22T00:11:01.595Z","iobWithZeroTemp":{"iob":-0.757,"basaliob":-0.885,"bolussnooze":0.0066,"activity":-0.0071,"lastBolusTime":1703197492050,"time":"2023-12-22T00:11:01.595Z"}},{"iob":0.024,"basaliob":-0.091,"bolussnooze":0.005,"activity":8.0E-4,"lastBolusTime":1703197492050,"time":"2023-12-22T00:16:01.595Z","iobWithZeroTemp":{"iob":-0.78,"basaliob":-0.895,"bolussnooze":0.005,"activity":-0.0074,"lastBolusTime":1703197492050,"time":"2023-12-22T00:16:01.595Z"}},{"iob":0.021,"basaliob":-0.082,"bolussnooze":0.0037,"activity":6.0E-4,"lastBolusTime":1703197492050,"time":"2023-12-22T00:21:01.595Z","iobWithZeroTemp":{"iob":-0.799,"basaliob":-0.902,"bolussnooze":0.0037,"activity":-0.0079,"lastBolusTime":1703197492050,"time":"2023-12-22T00:21:01.595Z"}},{"iob":0.018,"basaliob":-0.074,"bolussnooze":0.0026,"activity":6.0E-4,"lastBolusTime":1703197492050,"time":"2023-12-22T00:26:01.595Z","iobWithZeroTemp":{"iob":-0.817,"basaliob":-0.909,"bolussnooze":0.0026,"activity":-0.0082,"lastBolusTime":1703197492050,"time":"2023-12-22T00:26:01.595Z"}},{"iob":0.014,"basaliob":-0.067,"bolussnooze":0.0019,"activity":5.0E-4,"lastBolusTime":1703197492050,"time":"2023-12-22T00:31:01.595Z","iobWithZeroTemp":{"iob":-0.835,"basaliob":-0.916,"bolussnooze":0.0019,"activity":-0.0085,"lastBolusTime":1703197492050,"time":"2023-12-22T00:31:01.595Z"}},{"iob":0.012,"basaliob":-0.06,"bolussnooze":0.0013,"activity":4.0E-4,"lastBolusTime":1703197492050,"time":"2023-12-22T00:36:01.595Z","iobWithZeroTemp":{"iob":-0.85,"basaliob":-0.922,"bolussnooze":0.0013,"activity":-0.0089,"lastBolusTime":1703197492050,"time":"2023-12-22T00:36:01.595Z"}},{"iob":0.01,"basaliob":-0.054,"bolussnooze":8.0E-4,"activity":4.0E-4,"lastBolusTime":1703197492050,"time":"2023-12-22T00:41:01.595Z","iobWithZeroTemp":{"iob":-0.863,"basaliob":-0.927,"bolussnooze":8.0E-4,"activity":-0.0091,"lastBolusTime":1703197492050,"time":"2023-12-22T00:41:01.595Z"}},{"iob":0.009,"basaliob":-0.048,"bolussnooze":5.0E-4,"activity":3.0E-4,"lastBolusTime":1703197492050,"time":"2023-12-22T00:46:01.595Z","iobWithZeroTemp":{"iob":-0.874,"basaliob":-0.931,"bolussnooze":5.0E-4,"activity":-0.0094,"lastBolusTime":1703197492050,"time":"2023-12-22T00:46:01.595Z"}},{"iob":0.007,"basaliob":-0.043,"bolussnooze":3.0E-4,"activity":3.0E-4,"lastBolusTime":1703197492050,"time":"2023-12-22T00:51:01.595Z","iobWithZeroTemp":{"iob":-0.886,"basaliob":-0.936,"bolussnooze":3.0E-4,"activity":-0.0096,"lastBolusTime":1703197492050,"time":"2023-12-22T00:51:01.595Z"}},{"iob":0.006,"basaliob":-0.038,"bolussnooze":1.0E-4,"activity":2.0E-4,"lastBolusTime":1703197492050,"time":"2023-12-22T00:56:01.595Z","iobWithZeroTemp":{"iob":-0.895,"basaliob":-0.939,"bolussnooze":1.0E-4,"activity":-0.0099,"lastBolusTime":1703197492050,"time":"2023-12-22T00:56:01.595Z"}},{"iob":0.004,"basaliob":-0.034,"bolussnooze":1.0E-4,"activity":2.0E-4,"lastBolusTime":1703197492050,"time":"2023-12-22T01:01:01.595Z","iobWithZeroTemp":{"iob":-0.905,"basaliob":-0.943,"bolussnooze":1.0E-4,"activity":-0.01,"lastBolusTime":1703197492050,"time":"2023-12-22T01:01:01.595Z"}},{"iob":0.004,"basaliob":-0.03,"bolussnooze":0,"activity":2.0E-4,"lastBolusTime":1703197492050,"time":"2023-12-22T01:06:01.595Z","iobWithZeroTemp":{"iob":-0.912,"basaliob":-0.946,"bolussnooze":0,"activity":-0.0102,"lastBolusTime":1703197492050,"time":"2023-12-22T01:06:01.595Z"}},{"iob":0.002,"basaliob":-0.027,"bolussnooze":0,"activity":1.0E-4,"lastBolusTime":1703197492050,"time":"2023-12-22T01:11:01.595Z","iobWithZeroTemp":{"iob":-0.92,"basaliob":-0.949,"bolussnooze":0,"activity":-0.0104,"lastBolusTime":1703197492050,"time":"2023-12-22T01:11:01.595Z"}},{"iob":0.002,"basaliob":-0.024,"bolussnooze":0,"activity":1.0E-4,"lastBolusTime":1703197492050,"time":"2023-12-22T01:16:01.595Z","iobWithZeroTemp":{"iob":-0.925,"basaliob":-0.951,"bolussnooze":0,"activity":-0.0105,"lastBolusTime":1703197492050,"time":"2023-12-22T01:16:01.595Z"}},{"iob":0.001,"basaliob":-0.021,"bolussnooze":0,"activity":1.0E-4,"lastBolusTime":1703197492050,"time":"2023-12-22T01:21:01.595Z","iobWithZeroTemp":{"iob":-0.931,"basaliob":-0.953,"bolussnooze":0,"activity":-0.0107,"lastBolusTime":1703197492050,"time":"2023-12-22T01:21:01.595Z"}},{"iob":0.001,"basaliob":-0.018,"bolussnooze":0,"activity":1.0E-4,"lastBolusTime":1703197492050,"time":"2023-12-22T01:26:01.595Z","iobWithZeroTemp":{"iob":-0.935,"basaliob":-0.954,"bolussnooze":0,"activity":-0.0108,"lastBolusTime":1703197492050,"time":"2023-12-22T01:26:01.595Z"}},{"iob":0,"basaliob":-0.016,"bolussnooze":0,"activity":1.0E-4,"lastBolusTime":1703197492050,"time":"2023-12-22T01:31:01.595Z","iobWithZeroTemp":{"iob":-0.94,"basaliob":-0.956,"bolussnooze":0,"activity":-0.0108,"lastBolusTime":1703197492050,"time":"2023-12-22T01:31:01.595Z"}},{"iob":0,"basaliob":-0.014,"bolussnooze":0,"activity":0,"lastBolusTime":1703197492050,"time":"2023-12-22T01:36:01.595Z","iobWithZeroTemp":{"iob":-0.944,"basaliob":-0.958,"bolussnooze":0,"activity":-0.011,"lastBolusTime":1703197492050,"time":"2023-12-22T01:36:01.595Z"}},{"iob":0,"basaliob":-0.012,"bolussnooze":0,"activity":1.0E-4,"lastBolusTime":1703197492050,"time":"2023-12-22T01:41:01.595Z","iobWithZeroTemp":{"iob":-0.947,"basaliob":-0.959,"bolussnooze":0,"activity":-0.011,"lastBolusTime":1703197492050,"time":"2023-12-22T01:41:01.595Z"}},{"iob":0,"basaliob":-0.01,"bolussnooze":0,"activity":0,"lastBolusTime":1703197492050,"time":"2023-12-22T01:46:01.595Z","iobWithZeroTemp":{"iob":-0.949,"basaliob":-0.959,"bolussnooze":0,"activity":-0.0112,"lastBolusTime":1703197492050,"time":"2023-12-22T01:46:01.595Z"}},{"iob":0,"basaliob":-0.009,"bolussnooze":0,"activity":0,"lastBolusTime":1703197492050,"time":"2023-12-22T01:51:01.595Z","iobWithZeroTemp":{"iob":-0.952,"basaliob":-0.961,"bolussnooze":0,"activity":-0.0112,"lastBolusTime":1703197492050,"time":"2023-12-22T01:51:01.595Z"}},{"iob":-0.001,"basaliob":-0.008,"bolussnooze":0,"activity":0,"lastBolusTime":1703197492050,"time":"2023-12-22T01:56:01.595Z","iobWithZeroTemp":{"iob":-0.955,"basaliob":-0.962,"bolussnooze":0,"activity":-0.0113,"lastBolusTime":1703197492050,"time":"2023-12-22T01:56:01.595Z"}},{"iob":-0.001,"basaliob":-0.007,"bolussnooze":0,"activity":0,"lastBolusTime":1703197492050,"time":"2023-12-22T02:01:01.595Z","iobWithZeroTemp":{"iob":-0.957,"basaliob":-0.963,"bolussnooze":0,"activity":-0.0113,"lastBolusTime":1703197492050,"time":"2023-12-22T02:01:01.595Z"}},{"iob":-0.001,"basaliob":-0.006,"bolussnooze":0,"activity":0,"lastBolusTime":1703197492050,"time":"2023-12-22T02:06:01.595Z","iobWithZeroTemp":{"iob":-0.958,"basaliob":-0.963,"bolussnooze":0,"activity":-0.0114,"lastBolusTime":1703197492050,"time":"2023-12-22T02:06:01.595Z"}},{"iob":0,"basaliob":-0.005,"bolussnooze":0,"activity":-1.0E-4,"lastBolusTime":1703197492050,"time":"2023-12-22T02:11:01.595Z","iobWithZeroTemp":{"iob":-0.959,"basaliob":-0.964,"bolussnooze":0,"activity":-0.0115,"lastBolusTime":1703197492050,"time":"2023-12-22T02:11:01.595Z"}},{"iob":0,"basaliob":-0.004,"bolussnooze":0,"activity":-1.0E-4,"lastBolusTime":1703197492050,"time":"2023-12-22T02:16:01.595Z","iobWithZeroTemp":{"iob":-0.96,"basaliob":-0.964,"bolussnooze":0,"activity":-0.0116,"lastBolusTime":1703197492050,"time":"2023-12-22T02:16:01.595Z"}},{"iob":0,"basaliob":-0.003,"bolussnooze":0,"activity":0,"lastBolusTime":1703197492050,"time":"2023-12-22T02:21:01.595Z","iobWithZeroTemp":{"iob":-0.961,"basaliob":-0.964,"bolussnooze":0,"activity":-0.0115,"lastBolusTime":1703197492050,"time":"2023-12-22T02:21:01.595Z"}},{"iob":0,"basaliob":-0.003,"bolussnooze":0,"activity":0,"lastBolusTime":1703197492050,"time":"2023-12-22T02:26:01.595Z","iobWithZeroTemp":{"iob":-0.962,"basaliob":-0.965,"bolussnooze":0,"activity":-0.0115,"lastBolusTime":1703197492050,"time":"2023-12-22T02:26:01.595Z"}},{"iob":0,"basaliob":-0.002,"bolussnooze":0,"activity":0,"lastBolusTime":1703197492050,"time":"2023-12-22T02:31:01.595Z","iobWithZeroTemp":{"iob":-0.963,"basaliob":-0.965,"bolussnooze":0,"activity":-0.0115,"lastBolusTime":1703197492050,"time":"2023-12-22T02:31:01.595Z"}}],"profile":{"max_iob":7,"type":"current","max_daily_basal":0.8,"max_basal":5,"min_bg":80,"max_bg":90,"target_bg":85,"carb_ratio":14,"sens":57,"max_daily_safety_multiplier":9,"current_basal_safety_multiplier":8,"lgsThreshold":65,"high_temptarget_raises_sensitivity":false,"low_temptarget_lowers_sensitivity":false,"sensitivity_raises_target":false,"resistance_lowers_target":false,"adv_target_adjustments":false,"exercise_mode":false,"half_basal_exercise_target":160,"maxCOB":120,"skip_neutral_temps":false,"remainingCarbsCap":90,"enableUAM":true,"A52_risk_enable":false,"SMBInterval":3,"enableSMB_with_COB":true,"enableSMB_with_temptarget":true,"allowSMB_with_high_temptarget":true,"enableSMB_always":true,"enableSMB_after_carbs":true,"maxSMBBasalMinutes":120,"maxUAMSMBBasalMinutes":90,"bolus_increment":0.05,"carbsReqThreshold":5,"current_basal":0.8,"temptargetSet":false,"autosens_max":1.6,"autosens_min":0.6,"variable_sens":97.2,"insulinDivisor":75,"TDD":21.41767023809524},"autosens_data":{"ratio":1.000637542964852},"meal_data":{"carbs":0,"mealCOB":0,"slopeFromMaxDeviation":0,"slopeFromMinDeviation":0.5566,"lastBolusTime":1703197492050,"lastCarbTime":0},"microBolusAllowed":true,"currentTime":1703198163295,"flatBGsDetected":false,"tdd1D":20.662500000000005,"tdd7D":21.47380952380953,"tddLast24H":21.487500000000004,"tddLast4H":3.8708333333333327,"tddLast8to4H":3.2541666666666664},"output":{"temp":"absolute","bg":103,"tick":"+0","eventualBG":92,"targetBG":85,"insulinReq":0.06,"deliverAt":"2023-12-21T22:36:03.295Z","sensitivityRatio":1.000637542964852,"variable_sens":97.2,"predBGs":{"IOB":[103,103,102,102,102,101,101,100,100,99,98,97,96,96,95,94,94,93,92,92,92,91,91,91,90,90,90,90,90,89],"ZT":[103,101,99,97,95,94,93,93,93,93],"UAM":[103,103,102,102,102,101,100,100,99,98,98,97,96,95,94,93,93,92,92,91,91,90,90,90,89,89,89,89,89,89,88]},"reason":"COB: 0, Dev: 13, BGI: -2, ISF: 97, CR: 14, Target: 85, minPredBG 91, minGuardBG 88, IOBpredBG 89, UAMpredBG 88; Eventual BG 92 >= 90,  insulinReq 0.06. no temp, setting 0.92U\/hr. ","COB":0,"IOB":0.244,"duration":30,"rate":0.9205100343718816,"timestamp":"2023-12-21T22:36:03.359Z"}}