{"algorithm":"OpenAPSSMBDynamicISFPlugin","input":{"glucoseStatus":{"glucose":72,"noise":0,"delta":-6,"short_avgdelta":-4.61,"long_avgdelta":-1.18,"date":1703069437000},"currenttemp":{"temp":"absolute","duration":25,"rate":0.1,"minutesrunning":5},"iob_data":[{"iob":-0.162,"basaliob":-0.286,"bolussnooze":0,"activity":-0.0014,"lastBolusTime":1703068266114,"time":"2023-12-20T10:50:54.697Z","iobWithZeroTemp":{"iob":-0.162,"basaliob":-0.286,"bolussnooze":0,"activity":-0.0014,"lastBolusTime":1703068266114,"time":"2023-12-20T10:50:54.697Z"}},{"iob":-0.155,"basaliob":-0.272,"bolussnooze":0,"activity":-0.0015,"lastBolusTime":1703068266114,"time":"2023-12-20T10:55:54.697Z","iobWithZeroTemp":{"iob":-0.192,"basaliob":-0.309,"bolussnooze":0,"activity":-0.0015,"lastBolusTime":1703068266114,"time":"2023-12-20T10:55:54.697Z"}},{"iob":-0.146,"basaliob":-0.257,"bolussnooze":0,"activity":-0.0016,"lastBolusTime":1703068266114,"time":"2023-12-20T11:00:54.697Z","iobWithZeroTemp":{"iob":-0.228,"basaliob":-0.339,"bolussnooze":0,"activity":-0.0018,"lastBolusTime":1703068266114,"time":"2023-12-20T11:00:54.697Z"}},{"iob":-0.138,"basaliob":-0.242,"bolussnooze":0,"activity":-0.0016,"lastBolusTime":1703068266114,"time":"2023-12-20T11:05:54.697Z","iobWithZeroTemp":{"iob":-0.265,"basaliob":-0.369,"bolussnooze":0,"activity":-0.002,"lastBolusTime":1703068266114,"time":"2023-12-20T11:05:54.697Z"}},{"iob":-0.13,"basaliob":-0.227,"bolussnooze":0,"activity":-0.0017,"lastBolusTime":1703068266114,"time":"2023-12-20T11:10:54.697Z","iobWithZeroTemp":{"iob":-0.3,"basaliob":-0.397,"bolussnooze":0,"activity":-0.0024,"lastBolusTime":1703068266114,"time":"2023-12-20T11:10:54.697Z"}},{"iob":-0.123,"basaliob":-0.213,"bolussnooze":0,"activity":-0.0016,"lastBolusTime":1703068266114,"time":"2023-12-20T11:15:54.697Z","iobWithZeroTemp":{"iob":-0.335,"basaliob":-0.425,"bolussnooze":0,"activity":-0.0026,"lastBolusTime":1703068266114,"time":"2023-12-20T11:15:54.697Z"}},{"iob":-0.114,"basaliob":-0.198,"bolussnooze":0,"activity":-0.0016,"lastBolusTime":1703068266114,"time":"2023-12-20T11:20:54.697Z","iobWithZeroTemp":{"iob":-0.366,"basaliob":-0.45,"bolussnooze":0,"activity":-0.0029,"lastBolusTime":1703068266114,"time":"2023-12-20T11:20:54.697Z"}},{"iob":-0.107,"basaliob":-0.185,"bolussnooze":0,"activity":-0.0015,"lastBolusTime":1703068266114,"time":"2023-12-20T11:25:54.697Z","iobWithZeroTemp":{"iob":-0.397,"basaliob":-0.475,"bolussnooze":0,"activity":-0.0032,"lastBolusTime":1703068266114,"time":"2023-12-20T11:25:54.697Z"}},{"iob":-0.099,"basaliob":-0.171,"bolussnooze":0,"activity":-0.0015,"lastBolusTime":1703068266114,"time":"2023-12-20T11:30:54.697Z","iobWithZeroTemp":{"iob":-0.425,"basaliob":-0.497,"bolussnooze":0,"activity":-0.0036,"lastBolusTime":1703068266114,"time":"2023-12-20T11:30:54.697Z"}},{"iob":-0.092,"basaliob":-0.159,"bolussnooze":0,"activity":-0.0014,"lastBolusTime":1703068266114,"time":"2023-12-20T11:35:54.697Z","iobWithZeroTemp":{"iob":-0.453,"basaliob":-0.52,"bolussnooze":0,"activity":-0.0039,"lastBolusTime":1703068266114,"time":"2023-12-20T11:35:54.697Z"}},{"iob":-0.085,"basaliob":-0.146,"bolussnooze":0,"activity":-0.0014,"lastBolusTime":1703068266114,"time":"2023-12-20T11:40:54.697Z","iobWithZeroTemp":{"iob":-0.478,"basaliob":-0.539,"bolussnooze":0,"activity":-0.0043,"lastBolusTime":1703068266114,"time":"2023-12-20T11:40:54.697Z"}},{"iob":-0.079,"basaliob":-0.135,"bolussnooze":0,"activity":-0.0012,"lastBolusTime":1703068266114,"time":"2023-12-20T11:45:54.697Z","iobWithZeroTemp":{"iob":-0.503,"basaliob":-0.559,"bolussnooze":0,"activity":-0.0045,"lastBolusTime":1703068266114,"time":"2023-12-20T11:45:54.697Z"}},{"iob":-0.072,"basaliob":-0.124,"bolussnooze":0,"activity":-0.0012,"lastBolusTime":1703068266114,"time":"2023-12-20T11:50:54.697Z","iobWithZeroTemp":{"iob":-0.524,"basaliob":-0.576,"bolussnooze":0,"activity":-0.0049,"lastBolusTime":1703068266114,"time":"2023-12-20T11:50:54.697Z"}},{"iob":-0.067,"basaliob":-0.114,"bolussnooze":0,"activity":-0.0012,"lastBolusTime":1703068266114,"time":"2023-12-20T11:55:54.697Z","iobWithZeroTemp":{"iob":-0.546,"basaliob":-0.593,"bolussnooze":0,"activity":-0.0052,"lastBolusTime":1703068266114,"time":"2023-12-20T11:55:54.697Z"}},{"iob":-0.061,"basaliob":-0.104,"bolussnooze":0,"activity":-0.001,"lastBolusTime":1703068266114,"time":"2023-12-20T12:00:54.697Z","iobWithZeroTemp":{"iob":-0.565,"basaliob":-0.608,"bolussnooze":0,"activity":-0.0054,"lastBolusTime":1703068266114,"time":"2023-12-20T12:00:54.697Z"}},{"iob":-0.056,"basaliob":-0.095,"bolussnooze":0,"activity":-0.001,"lastBolusTime":1703068266114,"time":"2023-12-20T12:05:54.697Z","iobWithZeroTemp":{"iob":-0.587,"basaliob":-0.626,"bolussnooze":0,"activity":-0.0057,"lastBolusTime":1703068266114,"time":"2023-12-20T12:05:54.697Z"}},{"iob":-0.051,"basaliob":-0.087,"bolussnooze":0,"activity":-9.0E-4,"lastBolusTime":1703068266114,"time":"2023-12-20T12:10:54.697Z","iobWithZeroTemp":{"iob":-0.608,"basaliob":-0.644,"bolussnooze":0,"activity":-0.006,"lastBolusTime":1703068266114,"time":"2023-12-20T12:10:54.697Z"}},{"iob":-0.046,"basaliob":-0.079,"bolussnooze":0,"activity":-9.0E-4,"lastBolusTime":1703068266114,"time":"2023-12-20T12:15:54.697Z","iobWithZeroTemp":{"iob":-0.626,"basaliob":-0.659,"bolussnooze":0,"activity":-0.0063,"lastBolusTime":1703068266114,"time":"2023-12-20T12:15:54.697Z"}},{"iob":-0.042,"basaliob":-0.072,"bolussnooze":0,"activity":-8.0E-4,"lastBolusTime":1703068266114,"time":"2023-12-20T12:20:54.697Z","iobWithZeroTemp":{"iob":-0.644,"basaliob":-0.674,"bolussnooze":0,"activity":-0.0065,"lastBolusTime":1703068266114,"time":"2023-12-20T12:20:54.697Z"}},{"iob":-0.039,"basaliob":-0.066,"bolussnooze":0,"activity":-8.0E-4,"lastBolusTime":1703068266114,"time":"2023-12-20T12:25:54.697Z","iobWithZeroTemp":{"iob":-0.662,"basaliob":-0.689,"bolussnooze":0,"activity":-0.0069,"lastBolusTime":1703068266114,"time":"2023-12-20T12:25:54.697Z"}},{"iob":-0.035,"basaliob":-0.059,"bolussnooze":0,"activity":-7.0E-4,"lastBolusTime":1703068266114,"time":"2023-12-20T12:30:54.697Z","iobWithZeroTemp":{"iob":-0.677,"basaliob":-0.701,"bolussnooze":0,"activity":-0.0071,"lastBolusTime":1703068266114,"time":"2023-12-20T12:30:54.697Z"}},{"iob":-0.032,"basaliob":-0.054,"bolussnooze":0,"activity":-6.0E-4,"lastBolusTime":1703068266114,"time":"2023-12-20T12:35:54.697Z","iobWithZeroTemp":{"iob":-0.691,"basaliob":-0.713,"bolussnooze":0,"activity":-0.0072,"lastBolusTime":1703068266114,"time":"2023-12-20T12:35:54.697Z"}},{"iob":-0.028,"basaliob":-0.048,"bolussnooze":0,"activity":-6.0E-4,"lastBolusTime":1703068266114,"time":"2023-12-20T12:40:54.697Z","iobWithZeroTemp":{"iob":-0.704,"basaliob":-0.724,"bolussnooze":0,"activity":-0.0075,"lastBolusTime":1703068266114,"time":"2023-12-20T12:40:54.697Z"}},{"iob":-0.026,"basaliob":-0.044,"bolussnooze":0,"activity":-5.0E-4,"lastBolusTime":1703068266114,"time":"2023-12-20T12:45:54.697Z","iobWithZeroTemp":{"iob":-0.716,"basaliob":-0.734,"bolussnooze":0,"activity":-0.0077,"lastBolusTime":1703068266114,"time":"2023-12-20T12:45:54.697Z"}},{"iob":-0.023,"basaliob":-0.039,"bolussnooze":0,"activity":-5.0E-4,"lastBolusTime":1703068266114,"time":"2023-12-20T12:50:54.697Z","iobWithZeroTemp":{"iob":-0.727,"basaliob":-0.743,"bolussnooze":0,"activity":-0.0079,"lastBolusTime":1703068266114,"time":"2023-12-20T12:50:54.697Z"}},{"iob":-0.021,"basaliob":-0.035,"bolussnooze":0,"activity":-5.0E-4,"lastBolusTime":1703068266114,"time":"2023-12-20T12:55:54.697Z","iobWithZeroTemp":{"iob":-0.738,"basaliob":-0.752,"bolussnooze":0,"activity":-0.0081,"lastBolusTime":1703068266114,"time":"2023-12-20T12:55:54.697Z"}},{"iob":-0.019,"basaliob":-0.032,"bolussnooze":0,"activity":-4.0E-4,"lastBolusTime":1703068266114,"time":"2023-12-20T13:00:54.697Z","iobWithZeroTemp":{"iob":-0.747,"basaliob":-0.76,"bolussnooze":0,"activity":-0.0082,"lastBolusTime":1703068266114,"time":"2023-12-20T13:00:54.697Z"}},{"iob":-0.017,"basaliob":-0.028,"bolussnooze":0,"activity":-3.0E-4,"lastBolusTime":1703068266114,"time":"2023-12-20T13:05:54.697Z","iobWithZeroTemp":{"iob":-0.755,"basaliob":-0.766,"bolussnooze":0,"activity":-0.0083,"lastBolusTime":1703068266114,"time":"2023-12-20T13:05:54.697Z"}},{"iob":-0.015,"basaliob":-0.025,"bolussnooze":0,"activity":-4.0E-4,"lastBolusTime":1703068266114,"time":"2023-12-20T13:10:54.697Z","iobWithZeroTemp":{"iob":-0.763,"basaliob":-0.773,"bolussnooze":0,"activity":-0.0086,"lastBolusTime":1703068266114,"time":"2023-12-20T13:10:54.697Z"}},{"iob":-0.013,"basaliob":-0.022,"bolussnooze":0,"activity":-3.0E-4,"lastBolusTime":1703068266114,"time":"2023-12-20T13:15:54.697Z","iobWithZeroTemp":{"iob":-0.769,"basaliob":-0.778,"bolussnooze":0,"activity":-0.0087,"lastBolusTime":1703068266114,"time":"2023-12-20T13:15:54.697Z"}},{"iob":-0.012,"basaliob":-0.02,"bolussnooze":0,"activity":-3.0E-4,"lastBolusTime":1703068266114,"time":"2023-12-20T13:20:54.697Z","iobWithZeroTemp":{"iob":-0.776,"basaliob":-0.784,"bolussnooze":0,"activity":-0.0088,"lastBolusTime":1703068266114,"time":"2023-12-20T13:20:54.697Z"}},{"iob":-0.011,"basaliob":-0.018,"bolussnooze":0,"activity":-2.0E-4,"lastBolusTime":1703068266114,"time":"2023-12-20T13:25:54.697Z","iobWithZeroTemp":{"iob":-0.782,"basaliob":-0.789,"bolussnooze":0,"activity":-0.0089,"lastBolusTime":1703068266114,"time":"2023-12-20T13:25:54.697Z"}},{"iob":-0.01,"basaliob":-0.016,"bolussnooze":0,"activity":-2.0E-4,"lastBolusTime":1703068266114,"time":"2023-12-20T13:30:54.697Z","iobWithZeroTemp":{"iob":-0.788,"basaliob":-0.794,"bolussnooze":0,"activity":-0.009,"lastBolusTime":1703068266114,"time":"2023-12-20T13:30:54.697Z"}},{"iob":-0.009,"basaliob":-0.014,"bolussnooze":0,"activity":-2.0E-4,"lastBolusTime":1703068266114,"time":"2023-12-20T13:35:54.697Z","iobWithZeroTemp":{"iob":-0.793,"basaliob":-0.798,"bolussnooze":0,"activity":-0.0091,"lastBolusTime":1703068266114,"time":"2023-12-20T13:35:54.697Z"}},{"iob":-0.007,"basaliob":-0.012,"bolussnooze":0,"activity":-2.0E-4,"lastBolusTime":1703068266114,"time":"2023-12-20T13:40:54.697Z","iobWithZeroTemp":{"iob":-0.796,"basaliob":-0.801,"bolussnooze":0,"activity":-0.0092,"lastBolusTime":1703068266114,"time":"2023-12-20T13:40:54.697Z"}},{"iob":-0.007,"basaliob":-0.011,"bolussnooze":0,"activity":-2.0E-4,"lastBolusTime":1703068266114,"time":"2023-12-20T13:45:54.697Z","iobWithZeroTemp":{"iob":-0.8,"basaliob":-0.804,"bolussnooze":0,"activity":-0.0093,"lastBolusTime":1703068266114,"time":"2023-12-20T13:45:54.697Z"}},{"iob":-0.005,"basaliob":-0.009,"bolussnooze":0,"activity":-2.0E-4,"lastBolusTime":1703068266114,"time":"2023-12-20T13:50:54.697Z","iobWithZeroTemp":{"iob":-0.803,"basaliob":-0.807,"bolussnooze":0,"activity":-0.0094,"lastBolusTime":1703068266114,"time":"2023-12-20T13:50:54.697Z"}},{"iob":-0.005,"basaliob":-0.008,"bolussnooze":0,"activity":-1.0E-4,"lastBolusTime":1703068266114,"time":"2023-12-20T13:55:54.697Z","iobWithZeroTemp":{"iob":-0.806,"basaliob":-0.809,"bolussnooze":0,"activity":-0.0094,"lastBolusTime":1703068266114,"time":"2023-12-20T13:55:54.697Z"}},{"iob":-0.004,"basaliob":-0.007,"bolussnooze":0,"activity":-1.0E-4,"lastBolusTime":1703068266114,"time":"2023-12-20T14:00:54.697Z","iobWithZeroTemp":{"iob":-0.809,"basaliob":-0.812,"bolussnooze":0,"activity":-0.0095,"lastBolusTime":1703068266114,"time":"2023-12-20T14:00:54.697Z"}},{"iob":-0.004,"basaliob":-0.006,"bolussnooze":0,"activity":-1.0E-4,"lastBolusTime":1703068266114,"time":"2023-12-20T14:05:54.697Z","iobWithZeroTemp":{"iob":-0.82,"basaliob":-0.822,"bolussnooze":0,"activity":-0.0096,"lastBolusTime":1703068266114,"time":"2023-12-20T14:05:54.697Z"}},{"iob":-0.003,"basaliob":-0.005,"bolussnooze":0,"activity":-1.0E-4,"lastBolusTime":1703068266114,"time":"2023-12-20T14:10:54.697Z","iobWithZeroTemp":{"iob":-0.83,"basaliob":-0.832,"bolussnooze":0,"activity":-0.0096,"lastBolusTime":1703068266114,"time":"2023-12-20T14:10:54.697Z"}},{"iob":-0.002,"basaliob":-0.004,"bolussnooze":0,"activity":0,"lastBolusTime":1703068266114,"time":"2023-12-20T14:15:54.697Z","iobWithZeroTemp":{"iob":-0.839,"basaliob":-0.841,"bolussnooze":0,"activity":-0.0096,"lastBolusTime":1703068266114,"time":"2023-12-20T14:15:54.697Z"}},{"iob":-0.003,"basaliob":-0.004,"bolussnooze":0,"activity":-1.0E-4,"lastBolusTime":1703068266114,"time":"2023-12-20T14:20:54.697Z","iobWithZeroTemp":{"iob":-0.85,"basaliob":-0.851,"bolussnooze":0,"activity":-0.0098,"lastBolusTime":1703068266114,"time":"2023-12-20T14:20:54.697Z"}},{"iob":-0.002,"basaliob":-0.003,"bolussnooze":0,"activity":-1.0E-4,"lastBolusTime":1703068266114,"time":"2023-12-20T14:25:54.697Z","iobWithZeroTemp":{"iob":-0.858,"basaliob":-0.859,"bolussnooze":0,"activity":-0.0099,"lastBolusTime":1703068266114,"time":"2023-12-20T14:25:54.697Z"}},{"iob":-0.002,"basaliob":-0.003,"bolussnooze":0,"activity":-1.0E-4,"lastBolusTime":1703068266114,"time":"2023-12-20T14:30:54.697Z","iobWithZeroTemp":{"iob":-0.867,"basaliob":-0.868,"bolussnooze":0,"activity":-0.0101,"lastBolusTime":1703068266114,"time":"2023-12-20T14:30:54.697Z"}},{"iob":-0.001,"basaliob":-0.002,"bolussnooze":0,"activity":-1.0E-4,"lastBolusTime":1703068266114,"time":"2023-12-20T14:35:54.697Z","iobWithZeroTemp":{"iob":-0.874,"basaliob":-0.875,"bolussnooze":0,"activity":-0.0102,"lastBolusTime":1703068266114,"time":"2023-12-20T14:35:54.697Z"}},{"iob":-0.001,"basaliob":-0.002,"bolussnooze":0,"activity":-1.0E-4,"lastBolusTime":1703068266114,"time":"2023-12-20T14:40:54.697Z","iobWithZeroTemp":{"iob":-0.882,"basaliob":-0.883,"bolussnooze":0,"activity":-0.0103,"lastBolusTime":1703068266114,"time":"2023-12-20T14:40:54.697Z"}},{"iob":-0.001,"basaliob":-0.002,"bolussnooze":0,"activity":-1.0E-4,"lastBolusTime":1703068266114,"time":"2023-12-20T14:45:54.697Z","iobWithZeroTemp":{"iob":-0.889,"basaliob":-0.89,"bolussnooze":0,"activity":-0.0104,"lastBolusTime":1703068266114,"time":"2023-12-20T14:45:54.697Z"}}],"profile":{"max_iob":7,"type":"current","max_daily_basal":0.8,"max_basal":4.4,"min_bg":90,"max_bg":90,"target_bg":90,"carb_ratio":16,"sens":57,"max_daily_safety_multiplier":9,"current_basal_safety_multiplier":8,"lgsThreshold":65,"high_temptarget_raises_sensitivity":false,"low_temptarget_lowers_sensitivity":false,"sensitivity_raises_target":false,"resistance_lowers_target":false,"adv_target_adjustments":false,"exercise_mode":false,"half_basal_exercise_target":160,"maxCOB":120,"skip_neutral_temps":false,"remainingCarbsCap":90,"enableUAM":true,"A52_risk_enable":false,"SMBInterval":3,"enableSMB_with_COB":true,"enableSMB_with_temptarget":true,"allowSMB_with_high_temptarget":true,"enableSMB_always":true,"enableSMB_after_carbs":true,"maxSMBBasalMinutes":120,"maxUAMSMBBasalMinutes":90,"bolus_increment":0.05,"carbsReqThreshold":5,"current_basal":0.55,"temptargetSet":false,"autosens_max":1.6,"autosens_min":0.6,"variable_sens":133.9,"insulinDivisor":75,"TDD":19.97263571428572},"autosens_data":{"ratio":0.9942509299966182},"meal_data":{"carbs":0,"mealCOB":0,"slopeFromMaxDeviation":-1.1016666666666666,"slopeFromMinDeviation":0.24085714285714288,"lastBolusTime":1703068266114,"lastCarbTime":0},"microBolusAllowed":true,"currentTime":1703069456812,"flatBGsDetected":false,"tdd1D":21.666666666666675,"tdd7D":21.121428571428574,"tddLast24H":21.000000000000004,"tddLast4H":1.9666666666666668,"tddLast8to4H":4.908333333333333},"output":{"temp":"absolute","bg":72,"tick":-6,"eventualBG":81,"targetBG":90,"insulinReq":0,"deliverAt":"2023-12-20T10:50:56.812Z","sensitivityRatio":0.9942509299966182,"variable_sens":133.9,"predBGs":{"IOB":[72,67,62,58,55,52,50,48,47,47,47,48,49,50,51,52,53,54,54,55,56,56,57,57,58,58,58,59,59,59,60,60,60,60,60,60,61],"ZT":[72,73,74,75,76,78,80,81,83,86,88,90]},"reason":"COB: 0, Dev: -13, BGI: 1, ISF: 134, CR: 16, Target: 90, minPredBG 57, minGuardBG 47, IOBpredBG 61; minGuardBG 47<65","COB":0,"IOB":-0.162,"duration":30,"rate":0,"timestamp":"2023-12-20T10:50:56.837Z"}}