{"algorithm":"OpenAPSSMBDynamicISFPlugin","input":{"glucoseStatus":{"glucose":80,"noise":0,"delta":0,"short_avgdelta":0.22,"long_avgdelta":1.85,"date":1703136936000},"currenttemp":{"temp":"absolute","duration":25,"rate":0,"minutesrunning":5},"iob_data":[{"iob":0.106,"basaliob":-0.565,"bolussnooze":0.0238,"activity":0.0052,"lastBolusTime":1703131207590,"time":"2023-12-21T05:36:12.284Z","iobWithZeroTemp":{"iob":0.106,"basaliob":-0.565,"bolussnooze":0.0238,"activity":0.0052,"lastBolusTime":1703131207590,"time":"2023-12-21T05:36:12.284Z"}},{"iob":0.083,"basaliob":-0.525,"bolussnooze":0.0175,"activity":0.0044,"lastBolusTime":1703131207590,"time":"2023-12-21T05:41:12.284Z","iobWithZeroTemp":{"iob":0.046,"basaliob":-0.562,"bolussnooze":0.0175,"activity":0.0044,"lastBolusTime":1703131207590,"time":"2023-12-21T05:41:12.284Z"}},{"iob":0.063,"basaliob":-0.487,"bolussnooze":0.0127,"activity":0.0038,"lastBolusTime":1703131207590,"time":"2023-12-21T05:46:12.284Z","iobWithZeroTemp":{"iob":-0.019,"basaliob":-0.569,"bolussnooze":0.0127,"activity":0.0036,"lastBolusTime":1703131207590,"time":"2023-12-21T05:46:12.284Z"}},{"iob":0.045,"basaliob":-0.451,"bolussnooze":0.009,"activity":0.0032,"lastBolusTime":1703131207590,"time":"2023-12-21T05:51:12.284Z","iobWithZeroTemp":{"iob":-0.082,"basaliob":-0.578,"bolussnooze":0.009,"activity":0.0028,"lastBolusTime":1703131207590,"time":"2023-12-21T05:51:12.284Z"}},{"iob":0.031,"basaliob":-0.416,"bolussnooze":0.0062,"activity":0.0027,"lastBolusTime":1703131207590,"time":"2023-12-21T05:56:12.284Z","iobWithZeroTemp":{"iob":-0.139,"basaliob":-0.586,"bolussnooze":0.0062,"activity":0.002,"lastBolusTime":1703131207590,"time":"2023-12-21T05:56:12.284Z"}},{"iob":0.019,"basaliob":-0.383,"bolussnooze":0.0042,"activity":0.0022,"lastBolusTime":1703131207590,"time":"2023-12-21T06:01:12.284Z","iobWithZeroTemp":{"iob":-0.193,"basaliob":-0.595,"bolussnooze":0.0042,"activity":0.0012,"lastBolusTime":1703131207590,"time":"2023-12-21T06:01:12.284Z"}},{"iob":0.009,"basaliob":-0.352,"bolussnooze":0.0028,"activity":0.0019,"lastBolusTime":1703131207590,"time":"2023-12-21T06:06:12.284Z","iobWithZeroTemp":{"iob":-0.243,"basaliob":-0.604,"bolussnooze":0.0028,"activity":6.0E-4,"lastBolusTime":1703131207590,"time":"2023-12-21T06:06:12.284Z"}},{"iob":0,"basaliob":-0.323,"bolussnooze":0.0018,"activity":0.0016,"lastBolusTime":1703131207590,"time":"2023-12-21T06:11:12.284Z","iobWithZeroTemp":{"iob":-0.29,"basaliob":-0.613,"bolussnooze":0.0018,"activity":-1.0E-4,"lastBolusTime":1703131207590,"time":"2023-12-21T06:11:12.284Z"}},{"iob":-0.007,"basaliob":-0.296,"bolussnooze":0.0012,"activity":0.0012,"lastBolusTime":1703131207590,"time":"2023-12-21T06:16:12.284Z","iobWithZeroTemp":{"iob":-0.333,"basaliob":-0.622,"bolussnooze":0.0012,"activity":-9.0E-4,"lastBolusTime":1703131207590,"time":"2023-12-21T06:16:12.284Z"}},{"iob":-0.013,"basaliob":-0.27,"bolussnooze":7.0E-4,"activity":0.001,"lastBolusTime":1703131207590,"time":"2023-12-21T06:21:12.284Z","iobWithZeroTemp":{"iob":-0.374,"basaliob":-0.631,"bolussnooze":7.0E-4,"activity":-0.0015,"lastBolusTime":1703131207590,"time":"2023-12-21T06:21:12.284Z"}},{"iob":-0.018,"basaliob":-0.247,"bolussnooze":4.0E-4,"activity":8.0E-4,"lastBolusTime":1703131207590,"time":"2023-12-21T06:26:12.284Z","iobWithZeroTemp":{"iob":-0.411,"basaliob":-0.64,"bolussnooze":4.0E-4,"activity":-0.0021,"lastBolusTime":1703131207590,"time":"2023-12-21T06:26:12.284Z"}},{"iob":-0.022,"basaliob":-0.225,"bolussnooze":2.0E-4,"activity":6.0E-4,"lastBolusTime":1703131207590,"time":"2023-12-21T06:31:12.284Z","iobWithZeroTemp":{"iob":-0.446,"basaliob":-0.649,"bolussnooze":2.0E-4,"activity":-0.0027,"lastBolusTime":1703131207590,"time":"2023-12-21T06:31:12.284Z"}},{"iob":-0.024,"basaliob":-0.204,"bolussnooze":1.0E-4,"activity":4.0E-4,"lastBolusTime":1703131207590,"time":"2023-12-21T06:36:12.284Z","iobWithZeroTemp":{"iob":-0.476,"basaliob":-0.656,"bolussnooze":1.0E-4,"activity":-0.0033,"lastBolusTime":1703131207590,"time":"2023-12-21T06:36:12.284Z"}},{"iob":-0.026,"basaliob":-0.185,"bolussnooze":0,"activity":3.0E-4,"lastBolusTime":1703131207590,"time":"2023-12-21T06:41:12.284Z","iobWithZeroTemp":{"iob":-0.505,"basaliob":-0.664,"bolussnooze":0,"activity":-0.0037,"lastBolusTime":1703131207590,"time":"2023-12-21T06:41:12.284Z"}},{"iob":-0.026,"basaliob":-0.167,"bolussnooze":0,"activity":2.0E-4,"lastBolusTime":1703131207590,"time":"2023-12-21T06:46:12.284Z","iobWithZeroTemp":{"iob":-0.53,"basaliob":-0.671,"bolussnooze":0,"activity":-0.0042,"lastBolusTime":1703131207590,"time":"2023-12-21T06:46:12.284Z"}},{"iob":-0.027,"basaliob":-0.151,"bolussnooze":0,"activity":1.0E-4,"lastBolusTime":1703131207590,"time":"2023-12-21T06:51:12.284Z","iobWithZeroTemp":{"iob":-0.554,"basaliob":-0.678,"bolussnooze":0,"activity":-0.0046,"lastBolusTime":1703131207590,"time":"2023-12-21T06:51:12.284Z"}},{"iob":-0.028,"basaliob":-0.136,"bolussnooze":0,"activity":1.0E-4,"lastBolusTime":1703131207590,"time":"2023-12-21T06:56:12.284Z","iobWithZeroTemp":{"iob":-0.576,"basaliob":-0.684,"bolussnooze":0,"activity":-0.005,"lastBolusTime":1703131207590,"time":"2023-12-21T06:56:12.284Z"}},{"iob":-0.028,"basaliob":-0.123,"bolussnooze":0,"activity":0,"lastBolusTime":1703131207590,"time":"2023-12-21T07:01:12.284Z","iobWithZeroTemp":{"iob":-0.596,"basaliob":-0.691,"bolussnooze":0,"activity":-0.0054,"lastBolusTime":1703131207590,"time":"2023-12-21T07:01:12.284Z"}},{"iob":-0.027,"basaliob":-0.11,"bolussnooze":0,"activity":-1.0E-4,"lastBolusTime":1703131207590,"time":"2023-12-21T07:06:12.284Z","iobWithZeroTemp":{"iob":-0.613,"basaliob":-0.696,"bolussnooze":0,"activity":-0.0058,"lastBolusTime":1703131207590,"time":"2023-12-21T07:06:12.284Z"}},{"iob":-0.027,"basaliob":-0.099,"bolussnooze":0,"activity":-1.0E-4,"lastBolusTime":1703131207590,"time":"2023-12-21T07:11:12.284Z","iobWithZeroTemp":{"iob":-0.63,"basaliob":-0.702,"bolussnooze":0,"activity":-0.0061,"lastBolusTime":1703131207590,"time":"2023-12-21T07:11:12.284Z"}},{"iob":-0.025,"basaliob":-0.087,"bolussnooze":0,"activity":-1.0E-4,"lastBolusTime":1703131207590,"time":"2023-12-21T07:16:12.284Z","iobWithZeroTemp":{"iob":-0.643,"basaliob":-0.705,"bolussnooze":0,"activity":-0.0063,"lastBolusTime":1703131207590,"time":"2023-12-21T07:16:12.284Z"}},{"iob":-0.025,"basaliob":-0.078,"bolussnooze":0,"activity":-1.0E-4,"lastBolusTime":1703131207590,"time":"2023-12-21T07:21:12.284Z","iobWithZeroTemp":{"iob":-0.658,"basaliob":-0.711,"bolussnooze":0,"activity":-0.0066,"lastBolusTime":1703131207590,"time":"2023-12-21T07:21:12.284Z"}},{"iob":-0.024,"basaliob":-0.07,"bolussnooze":0,"activity":-2.0E-4,"lastBolusTime":1703131207590,"time":"2023-12-21T07:26:12.284Z","iobWithZeroTemp":{"iob":-0.669,"basaliob":-0.715,"bolussnooze":0,"activity":-0.0069,"lastBolusTime":1703131207590,"time":"2023-12-21T07:26:12.284Z"}},{"iob":-0.023,"basaliob":-0.062,"bolussnooze":0,"activity":-1.0E-4,"lastBolusTime":1703131207590,"time":"2023-12-21T07:31:12.284Z","iobWithZeroTemp":{"iob":-0.68,"basaliob":-0.719,"bolussnooze":0,"activity":-0.007,"lastBolusTime":1703131207590,"time":"2023-12-21T07:31:12.284Z"}},{"iob":-0.022,"basaliob":-0.055,"bolussnooze":0,"activity":-2.0E-4,"lastBolusTime":1703131207590,"time":"2023-12-21T07:36:12.284Z","iobWithZeroTemp":{"iob":-0.69,"basaliob":-0.723,"bolussnooze":0,"activity":-0.0073,"lastBolusTime":1703131207590,"time":"2023-12-21T07:36:12.284Z"}},{"iob":-0.021,"basaliob":-0.049,"bolussnooze":0,"activity":-2.0E-4,"lastBolusTime":1703131207590,"time":"2023-12-21T07:41:12.284Z","iobWithZeroTemp":{"iob":-0.699,"basaliob":-0.727,"bolussnooze":0,"activity":-0.0075,"lastBolusTime":1703131207590,"time":"2023-12-21T07:41:12.284Z"}},{"iob":-0.02,"basaliob":-0.043,"bolussnooze":0,"activity":-3.0E-4,"lastBolusTime":1703131207590,"time":"2023-12-21T07:46:12.284Z","iobWithZeroTemp":{"iob":-0.707,"basaliob":-0.73,"bolussnooze":0,"activity":-0.0078,"lastBolusTime":1703131207590,"time":"2023-12-21T07:46:12.284Z"}},{"iob":-0.019,"basaliob":-0.038,"bolussnooze":0,"activity":-3.0E-4,"lastBolusTime":1703131207590,"time":"2023-12-21T07:51:12.284Z","iobWithZeroTemp":{"iob":-0.714,"basaliob":-0.733,"bolussnooze":0,"activity":-0.0079,"lastBolusTime":1703131207590,"time":"2023-12-21T07:51:12.284Z"}},{"iob":-0.018,"basaliob":-0.034,"bolussnooze":0,"activity":-3.0E-4,"lastBolusTime":1703131207590,"time":"2023-12-21T07:56:12.284Z","iobWithZeroTemp":{"iob":-0.72,"basaliob":-0.736,"bolussnooze":0,"activity":-0.0081,"lastBolusTime":1703131207590,"time":"2023-12-21T07:56:12.284Z"}},{"iob":-0.017,"basaliob":-0.03,"bolussnooze":0,"activity":-3.0E-4,"lastBolusTime":1703131207590,"time":"2023-12-21T08:01:12.284Z","iobWithZeroTemp":{"iob":-0.725,"basaliob":-0.738,"bolussnooze":0,"activity":-0.0082,"lastBolusTime":1703131207590,"time":"2023-12-21T08:01:12.284Z"}},{"iob":-0.015,"basaliob":-0.026,"bolussnooze":0,"activity":-2.0E-4,"lastBolusTime":1703131207590,"time":"2023-12-21T08:06:12.284Z","iobWithZeroTemp":{"iob":-0.729,"basaliob":-0.74,"bolussnooze":0,"activity":-0.0083,"lastBolusTime":1703131207590,"time":"2023-12-21T08:06:12.284Z"}},{"iob":-0.015,"basaliob":-0.023,"bolussnooze":0,"activity":-2.0E-4,"lastBolusTime":1703131207590,"time":"2023-12-21T08:11:12.284Z","iobWithZeroTemp":{"iob":-0.735,"basaliob":-0.743,"bolussnooze":0,"activity":-0.0084,"lastBolusTime":1703131207590,"time":"2023-12-21T08:11:12.284Z"}},{"iob":-0.013,"basaliob":-0.02,"bolussnooze":0,"activity":-3.0E-4,"lastBolusTime":1703131207590,"time":"2023-12-21T08:16:12.284Z","iobWithZeroTemp":{"iob":-0.737,"basaliob":-0.744,"bolussnooze":0,"activity":-0.0086,"lastBolusTime":1703131207590,"time":"2023-12-21T08:16:12.284Z"}},{"iob":-0.012,"basaliob":-0.017,"bolussnooze":0,"activity":-2.0E-4,"lastBolusTime":1703131207590,"time":"2023-12-21T08:21:12.284Z","iobWithZeroTemp":{"iob":-0.741,"basaliob":-0.746,"bolussnooze":0,"activity":-0.0086,"lastBolusTime":1703131207590,"time":"2023-12-21T08:21:12.284Z"}},{"iob":-0.011,"basaliob":-0.015,"bolussnooze":0,"activity":-2.0E-4,"lastBolusTime":1703131207590,"time":"2023-12-21T08:26:12.284Z","iobWithZeroTemp":{"iob":-0.743,"basaliob":-0.747,"bolussnooze":0,"activity":-0.0087,"lastBolusTime":1703131207590,"time":"2023-12-21T08:26:12.284Z"}},{"iob":-0.01,"basaliob":-0.013,"bolussnooze":0,"activity":-2.0E-4,"lastBolusTime":1703131207590,"time":"2023-12-21T08:31:12.284Z","iobWithZeroTemp":{"iob":-0.746,"basaliob":-0.749,"bolussnooze":0,"activity":-0.0087,"lastBolusTime":1703131207590,"time":"2023-12-21T08:31:12.284Z"}},{"iob":-0.009,"basaliob":-0.011,"bolussnooze":0,"activity":-2.0E-4,"lastBolusTime":1703131207590,"time":"2023-12-21T08:36:12.284Z","iobWithZeroTemp":{"iob":-0.748,"basaliob":-0.75,"bolussnooze":0,"activity":-0.0088,"lastBolusTime":1703131207590,"time":"2023-12-21T08:36:12.284Z"}},{"iob":-0.008,"basaliob":-0.009,"bolussnooze":0,"activity":-2.0E-4,"lastBolusTime":1703131207590,"time":"2023-12-21T08:41:12.284Z","iobWithZeroTemp":{"iob":-0.749,"basaliob":-0.75,"bolussnooze":0,"activity":-0.0089,"lastBolusTime":1703131207590,"time":"2023-12-21T08:41:12.284Z"}},{"iob":-0.007,"basaliob":-0.008,"bolussnooze":0,"activity":-2.0E-4,"lastBolusTime":1703131207590,"time":"2023-12-21T08:46:12.284Z","iobWithZeroTemp":{"iob":-0.751,"basaliob":-0.752,"bolussnooze":0,"activity":-0.0089,"lastBolusTime":1703131207590,"time":"2023-12-21T08:46:12.284Z"}},{"iob":-0.006,"basaliob":-0.007,"bolussnooze":0,"activity":-1.0E-4,"lastBolusTime":1703131207590,"time":"2023-12-21T08:51:12.284Z","iobWithZeroTemp":{"iob":-0.752,"basaliob":-0.753,"bolussnooze":0,"activity":-0.0089,"lastBolusTime":1703131207590,"time":"2023-12-21T08:51:12.284Z"}},{"iob":-0.006,"basaliob":-0.006,"bolussnooze":0,"activity":-2.0E-4,"lastBolusTime":1703131207590,"time":"2023-12-21T08:56:12.284Z","iobWithZeroTemp":{"iob":-0.754,"basaliob":-0.754,"bolussnooze":0,"activity":-0.009,"lastBolusTime":1703131207590,"time":"2023-12-21T08:56:12.284Z"}},{"iob":-0.005,"basaliob":-0.005,"bolussnooze":0,"activity":-2.0E-4,"lastBolusTime":1703131207590,"time":"2023-12-21T09:01:12.284Z","iobWithZeroTemp":{"iob":-0.754,"basaliob":-0.754,"bolussnooze":0,"activity":-0.0091,"lastBolusTime":1703131207590,"time":"2023-12-21T09:01:12.284Z"}},{"iob":-0.004,"basaliob":-0.004,"bolussnooze":0,"activity":-1.0E-4,"lastBolusTime":1703131207590,"time":"2023-12-21T09:06:12.284Z","iobWithZeroTemp":{"iob":-0.755,"basaliob":-0.755,"bolussnooze":0,"activity":-0.009,"lastBolusTime":1703131207590,"time":"2023-12-21T09:06:12.284Z"}},{"iob":-0.003,"basaliob":-0.003,"bolussnooze":0,"activity":-1.0E-4,"lastBolusTime":1703131207590,"time":"2023-12-21T09:11:12.284Z","iobWithZeroTemp":{"iob":-0.755,"basaliob":-0.755,"bolussnooze":0,"activity":-0.009,"lastBolusTime":1703131207590,"time":"2023-12-21T09:11:12.284Z"}},{"iob":-0.003,"basaliob":-0.003,"bolussnooze":0,"activity":-1.0E-4,"lastBolusTime":1703131207590,"time":"2023-12-21T09:16:12.284Z","iobWithZeroTemp":{"iob":-0.756,"basaliob":-0.756,"bolussnooze":0,"activity":-0.0091,"lastBolusTime":1703131207590,"time":"2023-12-21T09:16:12.284Z"}},{"iob":-0.002,"basaliob":-0.002,"bolussnooze":0,"activity":-1.0E-4,"lastBolusTime":1703131207590,"time":"2023-12-21T09:21:12.284Z","iobWithZeroTemp":{"iob":-0.756,"basaliob":-0.756,"bolussnooze":0,"activity":-0.0091,"lastBolusTime":1703131207590,"time":"2023-12-21T09:21:12.284Z"}},{"iob":-0.002,"basaliob":-0.002,"bolussnooze":0,"activity":-1.0E-4,"lastBolusTime":1703131207590,"time":"2023-12-21T09:26:12.284Z","iobWithZeroTemp":{"iob":-0.757,"basaliob":-0.757,"bolussnooze":0,"activity":-0.0091,"lastBolusTime":1703131207590,"time":"2023-12-21T09:26:12.284Z"}},{"iob":-0.001,"basaliob":-0.001,"bolussnooze":0,"activity":-1.0E-4,"lastBolusTime":0,"time":"2023-12-21T09:31:12.284Z","iobWithZeroTemp":{"iob":-0.757,"basaliob":-0.757,"bolussnooze":0,"activity":-0.0091,"lastBolusTime":0,"time":"2023-12-21T09:31:12.284Z"}}],"profile":{"max_iob":7,"type":"current","max_daily_basal":0.8,"max_basal":4.4,"min_bg":80,"max_bg":90,"target_bg":85,"carb_ratio":14,"sens":57,"max_daily_safety_multiplier":9,"current_basal_safety_multiplier":8,"lgsThreshold":65,"high_temptarget_raises_sensitivity":false,"low_temptarget_lowers_sensitivity":false,"sensitivity_raises_target":false,"resistance_lowers_target":false,"adv_target_adjustments":false,"exercise_mode":false,"half_basal_exercise_target":160,"maxCOB":120,"skip_neutral_temps":false,"remainingCarbsCap":90,"enableUAM":true,"A52_risk_enable":false,"SMBInterval":3,"enableSMB_with_COB":true,"enableSMB_with_temptarget":true,"allowSMB_with_high_temptarget":true,"enableSMB_always":true,"enableSMB_after_carbs":true,"maxSMBBasalMinutes":120,"maxUAMSMBBasalMinutes":90,"bolus_increment":0.05,"carbsReqThreshold":5,"current_basal":0.55,"temptargetSet":false,"autosens_max":1.6,"autosens_min":0.6,"variable_sens":106.6,"insulinDivisor":75,"TDD":23.25861071428572},"autosens_data":{"ratio":0.9611092323300644},"meal_data":{"carbs":0,"mealCOB":0,"slopeFromMaxDeviation":-0.923,"slopeFromMinDeviation":0.02399999999999999,"lastBolusTime":1703131207590,"lastCarbTime":0},"microBolusAllowed":true,"currentTime":1703136973818,"flatBGsDetected":false,"tdd1D":21.666666666666675,"tdd7D":21.121428571428574,"tddLast24H":20.300000000000004,"tddLast4H":4.187500000000001,"tddLast8to4H":5.258333333333333},"output":{"temp":"absolute","bg":80,"tick":"+0","eventualBG":86,"targetBG":85,"insulinReq":-0.08,"deliverAt":"2023-12-21T05:36:13.818Z","sensitivityRatio":0.9611092323300644,"variable_sens":106.6,"predBGs":{"IOB":[80,80,80,80,80,80,80,81,81,81,81,80,80,80,80,80,80,80,80,80,80,80,80,80,80,80,80,80,80,81,81,81,81,81,81,81,82],"ZT":[80,77,75,73,71,70,69,69,69,70,70,72,73,75,77,79,82,85],"UAM":[80,79,78,76,74,72,71,70,69,68,68,67,67,67,67,66,66,66,66,66,66,66,67,67,67,67,67,67,67,67,68,68,68,68,68,68,68,69]},"reason":"COB: 0, Dev: 17, BGI: -3, ISF: 107, CR: 14, Target: 85, minPredBG 76, minGuardBG 66, IOBpredBG 82, UAMpredBG 69;  insulinReq -0.08; setting 30m low temp of 0.19U\/h. ","COB":0,"IOB":0.106,"rate":0.19,"duration":30,"timestamp":"2023-12-21T05:36:13.838Z"}}