{"algorithm":"OpenAPSSMBDynamicISFPlugin","input":{"glucoseStatus":{"glucose":89,"noise":0,"delta":-1,"short_avgdelta":-1.28,"long_avgdelta":-1.57,"date":1703176536000},"currenttemp":{"temp":"absolute","duration":25,"rate":0.05,"minutesrunning":5},"iob_data":[{"iob":-0.037,"basaliob":-0.165,"bolussnooze":0.0031,"activity":9.0E-4,"lastBolusTime":1703172077902,"time":"2023-12-21T16:36:03.020Z","iobWithZeroTemp":{"iob":-0.037,"basaliob":-0.165,"bolussnooze":0.0031,"activity":9.0E-4,"lastBolusTime":1703172077902,"time":"2023-12-21T16:36:03.020Z"}},{"iob":-0.04,"basaliob":-0.157,"bolussnooze":0.0021,"activity":6.0E-4,"lastBolusTime":1703172077902,"time":"2023-12-21T16:41:03.020Z","iobWithZeroTemp":{"iob":-0.087,"basaliob":-0.204,"bolussnooze":0.0021,"activity":6.0E-4,"lastBolusTime":1703172077902,"time":"2023-12-21T16:41:03.020Z"}},{"iob":-0.042,"basaliob":-0.149,"bolussnooze":0.0014,"activity":4.0E-4,"lastBolusTime":1703172077902,"time":"2023-12-21T16:46:03.020Z","iobWithZeroTemp":{"iob":-0.146,"basaliob":-0.253,"bolussnooze":0.0014,"activity":2.0E-4,"lastBolusTime":1703172077902,"time":"2023-12-21T16:46:03.020Z"}},{"iob":-0.044,"basaliob":-0.141,"bolussnooze":9.0E-4,"activity":2.0E-4,"lastBolusTime":1703172077902,"time":"2023-12-21T16:51:03.020Z","iobWithZeroTemp":{"iob":-0.205,"basaliob":-0.302,"bolussnooze":9.0E-4,"activity":-3.0E-4,"lastBolusTime":1703172077902,"time":"2023-12-21T16:51:03.020Z"}},{"iob":-0.044,"basaliob":-0.132,"bolussnooze":5.0E-4,"activity":0,"lastBolusTime":1703172077902,"time":"2023-12-21T16:56:03.020Z","iobWithZeroTemp":{"iob":-0.26,"basaliob":-0.348,"bolussnooze":5.0E-4,"activity":-8.0E-4,"lastBolusTime":1703172077902,"time":"2023-12-21T16:56:03.020Z"}},{"iob":-0.045,"basaliob":-0.124,"bolussnooze":3.0E-4,"activity":0,"lastBolusTime":1703172077902,"time":"2023-12-21T17:01:03.020Z","iobWithZeroTemp":{"iob":-0.314,"basaliob":-0.393,"bolussnooze":3.0E-4,"activity":-0.0012,"lastBolusTime":1703172077902,"time":"2023-12-21T17:01:03.020Z"}},{"iob":-0.044,"basaliob":-0.116,"bolussnooze":1.0E-4,"activity":-1.0E-4,"lastBolusTime":1703172077902,"time":"2023-12-21T17:06:03.020Z","iobWithZeroTemp":{"iob":-0.372,"basaliob":-0.444,"bolussnooze":1.0E-4,"activity":-0.0018,"lastBolusTime":1703172077902,"time":"2023-12-21T17:06:03.020Z"}},{"iob":-0.043,"basaliob":-0.108,"bolussnooze":0,"activity":-2.0E-4,"lastBolusTime":1703172077902,"time":"2023-12-21T17:11:03.020Z","iobWithZeroTemp":{"iob":-0.428,"basaliob":-0.493,"bolussnooze":0,"activity":-0.0024,"lastBolusTime":1703172077902,"time":"2023-12-21T17:11:03.020Z"}},{"iob":-0.042,"basaliob":-0.1,"bolussnooze":0,"activity":-3.0E-4,"lastBolusTime":1703172077902,"time":"2023-12-21T17:16:03.020Z","iobWithZeroTemp":{"iob":-0.482,"basaliob":-0.54,"bolussnooze":0,"activity":-0.003,"lastBolusTime":1703172077902,"time":"2023-12-21T17:16:03.020Z"}},{"iob":-0.041,"basaliob":-0.093,"bolussnooze":0,"activity":-3.0E-4,"lastBolusTime":1703172077902,"time":"2023-12-21T17:21:03.020Z","iobWithZeroTemp":{"iob":-0.532,"basaliob":-0.584,"bolussnooze":0,"activity":-0.0036,"lastBolusTime":1703172077902,"time":"2023-12-21T17:21:03.020Z"}},{"iob":-0.039,"basaliob":-0.086,"bolussnooze":0,"activity":-4.0E-4,"lastBolusTime":1703172077902,"time":"2023-12-21T17:26:03.020Z","iobWithZeroTemp":{"iob":-0.579,"basaliob":-0.626,"bolussnooze":0,"activity":-0.0042,"lastBolusTime":1703172077902,"time":"2023-12-21T17:26:03.020Z"}},{"iob":-0.037,"basaliob":-0.079,"bolussnooze":0,"activity":-4.0E-4,"lastBolusTime":1703172077902,"time":"2023-12-21T17:31:03.020Z","iobWithZeroTemp":{"iob":-0.623,"basaliob":-0.665,"bolussnooze":0,"activity":-0.0048,"lastBolusTime":1703172077902,"time":"2023-12-21T17:31:03.020Z"}},{"iob":-0.036,"basaliob":-0.073,"bolussnooze":0,"activity":-3.0E-4,"lastBolusTime":1703172077902,"time":"2023-12-21T17:36:03.020Z","iobWithZeroTemp":{"iob":-0.665,"basaliob":-0.702,"bolussnooze":0,"activity":-0.0053,"lastBolusTime":1703172077902,"time":"2023-12-21T17:36:03.020Z"}},{"iob":-0.034,"basaliob":-0.067,"bolussnooze":0,"activity":-4.0E-4,"lastBolusTime":1703172077902,"time":"2023-12-21T17:41:03.020Z","iobWithZeroTemp":{"iob":-0.704,"basaliob":-0.737,"bolussnooze":0,"activity":-0.0059,"lastBolusTime":1703172077902,"time":"2023-12-21T17:41:03.020Z"}},{"iob":-0.033,"basaliob":-0.062,"bolussnooze":0,"activity":-4.0E-4,"lastBolusTime":1703172077902,"time":"2023-12-21T17:46:03.020Z","iobWithZeroTemp":{"iob":-0.741,"basaliob":-0.77,"bolussnooze":0,"activity":-0.0064,"lastBolusTime":1703172077902,"time":"2023-12-21T17:46:03.020Z"}},{"iob":-0.03,"basaliob":-0.056,"bolussnooze":0,"activity":-4.0E-4,"lastBolusTime":1703172077902,"time":"2023-12-21T17:51:03.020Z","iobWithZeroTemp":{"iob":-0.773,"basaliob":-0.799,"bolussnooze":0,"activity":-0.007,"lastBolusTime":1703172077902,"time":"2023-12-21T17:51:03.020Z"}},{"iob":-0.028,"basaliob":-0.051,"bolussnooze":0,"activity":-3.0E-4,"lastBolusTime":1703172077902,"time":"2023-12-21T17:56:03.020Z","iobWithZeroTemp":{"iob":-0.803,"basaliob":-0.826,"bolussnooze":0,"activity":-0.0073,"lastBolusTime":1703172077902,"time":"2023-12-21T17:56:03.020Z"}},{"iob":-0.027,"basaliob":-0.047,"bolussnooze":0,"activity":-4.0E-4,"lastBolusTime":1703172077902,"time":"2023-12-21T18:01:03.020Z","iobWithZeroTemp":{"iob":-0.833,"basaliob":-0.853,"bolussnooze":0,"activity":-0.0079,"lastBolusTime":1703172077902,"time":"2023-12-21T18:01:03.020Z"}},{"iob":-0.025,"basaliob":-0.043,"bolussnooze":0,"activity":-3.0E-4,"lastBolusTime":1703172077902,"time":"2023-12-21T18:06:03.020Z","iobWithZeroTemp":{"iob":-0.859,"basaliob":-0.877,"bolussnooze":0,"activity":-0.0083,"lastBolusTime":1703172077902,"time":"2023-12-21T18:06:03.020Z"}},{"iob":-0.023,"basaliob":-0.039,"bolussnooze":0,"activity":-4.0E-4,"lastBolusTime":1703172077902,"time":"2023-12-21T18:11:03.020Z","iobWithZeroTemp":{"iob":-0.882,"basaliob":-0.898,"bolussnooze":0,"activity":-0.0088,"lastBolusTime":1703172077902,"time":"2023-12-21T18:11:03.020Z"}},{"iob":-0.021,"basaliob":-0.035,"bolussnooze":0,"activity":-3.0E-4,"lastBolusTime":1703172077902,"time":"2023-12-21T18:16:03.020Z","iobWithZeroTemp":{"iob":-0.904,"basaliob":-0.918,"bolussnooze":0,"activity":-0.0091,"lastBolusTime":1703172077902,"time":"2023-12-21T18:16:03.020Z"}},{"iob":-0.02,"basaliob":-0.032,"bolussnooze":0,"activity":-3.0E-4,"lastBolusTime":1703172077902,"time":"2023-12-21T18:21:03.020Z","iobWithZeroTemp":{"iob":-0.925,"basaliob":-0.937,"bolussnooze":0,"activity":-0.0095,"lastBolusTime":1703172077902,"time":"2023-12-21T18:21:03.020Z"}},{"iob":-0.019,"basaliob":-0.029,"bolussnooze":0,"activity":-3.0E-4,"lastBolusTime":1703172077902,"time":"2023-12-21T18:26:03.020Z","iobWithZeroTemp":{"iob":-0.944,"basaliob":-0.954,"bolussnooze":0,"activity":-0.0098,"lastBolusTime":1703172077902,"time":"2023-12-21T18:26:03.020Z"}},{"iob":-0.017,"basaliob":-0.026,"bolussnooze":0,"activity":-2.0E-4,"lastBolusTime":1703172077902,"time":"2023-12-21T18:31:03.020Z","iobWithZeroTemp":{"iob":-0.96,"basaliob":-0.969,"bolussnooze":0,"activity":-0.01,"lastBolusTime":1703172077902,"time":"2023-12-21T18:31:03.020Z"}},{"iob":-0.015,"basaliob":-0.023,"bolussnooze":0,"activity":-3.0E-4,"lastBolusTime":1703172077902,"time":"2023-12-21T18:36:03.020Z","iobWithZeroTemp":{"iob":-0.975,"basaliob":-0.983,"bolussnooze":0,"activity":-0.0105,"lastBolusTime":1703172077902,"time":"2023-12-21T18:36:03.020Z"}},{"iob":-0.014,"basaliob":-0.021,"bolussnooze":0,"activity":-3.0E-4,"lastBolusTime":1703172077902,"time":"2023-12-21T18:41:03.020Z","iobWithZeroTemp":{"iob":-0.989,"basaliob":-0.996,"bolussnooze":0,"activity":-0.0107,"lastBolusTime":1703172077902,"time":"2023-12-21T18:41:03.020Z"}},{"iob":-0.013,"basaliob":-0.019,"bolussnooze":0,"activity":-2.0E-4,"lastBolusTime":1703172077902,"time":"2023-12-21T18:46:03.020Z","iobWithZeroTemp":{"iob":-1.002,"basaliob":-1.008,"bolussnooze":0,"activity":-0.0109,"lastBolusTime":1703172077902,"time":"2023-12-21T18:46:03.020Z"}},{"iob":-0.012,"basaliob":-0.017,"bolussnooze":0,"activity":-2.0E-4,"lastBolusTime":1703172077902,"time":"2023-12-21T18:51:03.020Z","iobWithZeroTemp":{"iob":-1.013,"basaliob":-1.018,"bolussnooze":0,"activity":-0.0112,"lastBolusTime":1703172077902,"time":"2023-12-21T18:51:03.020Z"}},{"iob":-0.011,"basaliob":-0.015,"bolussnooze":0,"activity":-2.0E-4,"lastBolusTime":1703172077902,"time":"2023-12-21T18:56:03.020Z","iobWithZeroTemp":{"iob":-1.024,"basaliob":-1.028,"bolussnooze":0,"activity":-0.0114,"lastBolusTime":1703172077902,"time":"2023-12-21T18:56:03.020Z"}},{"iob":-0.01,"basaliob":-0.013,"bolussnooze":0,"activity":-2.0E-4,"lastBolusTime":1703172077902,"time":"2023-12-21T19:01:03.020Z","iobWithZeroTemp":{"iob":-1.033,"basaliob":-1.036,"bolussnooze":0,"activity":-0.0116,"lastBolusTime":1703172077902,"time":"2023-12-21T19:01:03.020Z"}},{"iob":-0.009,"basaliob":-0.012,"bolussnooze":0,"activity":-2.0E-4,"lastBolusTime":1703172077902,"time":"2023-12-21T19:06:03.020Z","iobWithZeroTemp":{"iob":-1.041,"basaliob":-1.044,"bolussnooze":0,"activity":-0.0118,"lastBolusTime":1703172077902,"time":"2023-12-21T19:06:03.020Z"}},{"iob":-0.009,"basaliob":-0.011,"bolussnooze":0,"activity":-2.0E-4,"lastBolusTime":1703172077902,"time":"2023-12-21T19:11:03.020Z","iobWithZeroTemp":{"iob":-1.05,"basaliob":-1.052,"bolussnooze":0,"activity":-0.012,"lastBolusTime":1703172077902,"time":"2023-12-21T19:11:03.020Z"}},{"iob":-0.007,"basaliob":-0.009,"bolussnooze":0,"activity":-1.0E-4,"lastBolusTime":1703172077902,"time":"2023-12-21T19:16:03.020Z","iobWithZeroTemp":{"iob":-1.055,"basaliob":-1.057,"bolussnooze":0,"activity":-0.012,"lastBolusTime":1703172077902,"time":"2023-12-21T19:16:03.020Z"}},{"iob":-0.007,"basaliob":-0.008,"bolussnooze":0,"activity":-1.0E-4,"lastBolusTime":1703172077902,"time":"2023-12-21T19:21:03.020Z","iobWithZeroTemp":{"iob":-1.062,"basaliob":-1.063,"bolussnooze":0,"activity":-0.0122,"lastBolusTime":1703172077902,"time":"2023-12-21T19:21:03.020Z"}},{"iob":-0.006,"basaliob":-0.007,"bolussnooze":0,"activity":-1.0E-4,"lastBolusTime":1703172077902,"time":"2023-12-21T19:26:03.020Z","iobWithZeroTemp":{"iob":-1.067,"basaliob":-1.068,"bolussnooze":0,"activity":-0.0123,"lastBolusTime":1703172077902,"time":"2023-12-21T19:26:03.020Z"}},{"iob":-0.006,"basaliob":-0.007,"bolussnooze":0,"activity":-2.0E-4,"lastBolusTime":1703172077902,"time":"2023-12-21T19:31:03.020Z","iobWithZeroTemp":{"iob":-1.072,"basaliob":-1.073,"bolussnooze":0,"activity":-0.0125,"lastBolusTime":1703172077902,"time":"2023-12-21T19:31:03.020Z"}},{"iob":-0.005,"basaliob":-0.006,"bolussnooze":0,"activity":-1.0E-4,"lastBolusTime":1703172077902,"time":"2023-12-21T19:36:03.020Z","iobWithZeroTemp":{"iob":-1.076,"basaliob":-1.077,"bolussnooze":0,"activity":-0.0125,"lastBolusTime":1703172077902,"time":"2023-12-21T19:36:03.020Z"}},{"iob":-0.004,"basaliob":-0.005,"bolussnooze":0,"activity":-1.0E-4,"lastBolusTime":1703172077902,"time":"2023-12-21T19:41:03.020Z","iobWithZeroTemp":{"iob":-1.079,"basaliob":-1.08,"bolussnooze":0,"activity":-0.0126,"lastBolusTime":1703172077902,"time":"2023-12-21T19:41:03.020Z"}},{"iob":-0.004,"basaliob":-0.004,"bolussnooze":0,"activity":-1.0E-4,"lastBolusTime":1703172077902,"time":"2023-12-21T19:46:03.020Z","iobWithZeroTemp":{"iob":-1.083,"basaliob":-1.083,"bolussnooze":0,"activity":-0.0127,"lastBolusTime":1703172077902,"time":"2023-12-21T19:46:03.020Z"}},{"iob":-0.004,"basaliob":-0.004,"bolussnooze":0,"activity":-1.0E-4,"lastBolusTime":1703172077902,"time":"2023-12-21T19:51:03.020Z","iobWithZeroTemp":{"iob":-1.087,"basaliob":-1.087,"bolussnooze":0,"activity":-0.0128,"lastBolusTime":1703172077902,"time":"2023-12-21T19:51:03.020Z"}},{"iob":-0.003,"basaliob":-0.003,"bolussnooze":0,"activity":-1.0E-4,"lastBolusTime":1703172077902,"time":"2023-12-21T19:56:03.020Z","iobWithZeroTemp":{"iob":-1.089,"basaliob":-1.089,"bolussnooze":0,"activity":-0.0129,"lastBolusTime":1703172077902,"time":"2023-12-21T19:56:03.020Z"}},{"iob":-0.003,"basaliob":-0.003,"bolussnooze":0,"activity":-1.0E-4,"lastBolusTime":1703172077902,"time":"2023-12-21T20:01:03.020Z","iobWithZeroTemp":{"iob":-1.091,"basaliob":-1.091,"bolussnooze":0,"activity":-0.013,"lastBolusTime":1703172077902,"time":"2023-12-21T20:01:03.020Z"}},{"iob":-0.003,"basaliob":-0.003,"bolussnooze":0,"activity":-1.0E-4,"lastBolusTime":1703172077902,"time":"2023-12-21T20:06:03.020Z","iobWithZeroTemp":{"iob":-1.093,"basaliob":-1.093,"bolussnooze":0,"activity":-0.013,"lastBolusTime":1703172077902,"time":"2023-12-21T20:06:03.020Z"}},{"iob":-0.002,"basaliob":-0.002,"bolussnooze":0,"activity":-1.0E-4,"lastBolusTime":1703172077902,"time":"2023-12-21T20:11:03.020Z","iobWithZeroTemp":{"iob":-1.094,"basaliob":-1.094,"bolussnooze":0,"activity":-0.0131,"lastBolusTime":1703172077902,"time":"2023-12-21T20:11:03.020Z"}},{"iob":-0.002,"basaliob":-0.002,"bolussnooze":0,"activity":-1.0E-4,"lastBolusTime":1703172077902,"time":"2023-12-21T20:16:03.020Z","iobWithZeroTemp":{"iob":-1.096,"basaliob":-1.096,"bolussnooze":0,"activity":-0.0131,"lastBolusTime":1703172077902,"time":"2023-12-21T20:16:03.020Z"}},{"iob":-0.002,"basaliob":-0.002,"bolussnooze":0,"activity":0,"lastBolusTime":1703172077902,"time":"2023-12-21T20:21:03.020Z","iobWithZeroTemp":{"iob":-1.098,"basaliob":-1.098,"bolussnooze":0,"activity":-0.0131,"lastBolusTime":1703172077902,"time":"2023-12-21T20:21:03.020Z"}},{"iob":-0.001,"basaliob":-0.001,"bolussnooze":0,"activity":0,"lastBolusTime":1703172077902,"time":"2023-12-21T20:26:03.020Z","iobWithZeroTemp":{"iob":-1.098,"basaliob":-1.098,"bolussnooze":0,"activity":-0.0131,"lastBolusTime":1703172077902,"time":"2023-12-21T20:26:03.020Z"}},{"iob":-0.001,"basaliob":-0.001,"bolussnooze":0,"activity":0,"lastBolusTime":1703172077902,"time":"2023-12-21T20:31:03.020Z","iobWithZeroTemp":{"iob":-1.099,"basaliob":-1.099,"bolussnooze":0,"activity":-0.0131,"lastBolusTime":1703172077902,"time":"2023-12-21T20:31:03.020Z"}}],"profile":{"max_iob":7,"type":"current","max_daily_basal":0.8,"max_basal":5,"min_bg":80,"max_bg":90,"target_bg":85,"carb_ratio":14,"sens":57,"max_daily_safety_multiplier":9,"current_basal_safety_multiplier":8,"lgsThreshold":65,"high_temptarget_raises_sensitivity":false,"low_temptarget_lowers_sensitivity":false,"sensitivity_raises_target":false,"resistance_lowers_target":false,"adv_target_adjustments":false,"exercise_mode":false,"half_basal_exercise_target":160,"maxCOB":120,"skip_neutral_temps":false,"remainingCarbsCap":90,"enableUAM":true,"A52_risk_enable":false,"SMBInterval":3,"enableSMB_with_COB":true,"enableSMB_with_temptarget":true,"allowSMB_with_high_temptarget":true,"enableSMB_always":true,"enableSMB_after_carbs":true,"maxSMBBasalMinutes":120,"maxUAMSMBBasalMinutes":90,"bolus_increment":0.05,"carbsReqThreshold":5,"current_basal":0.7,"temptargetSet":false,"autosens_max":1.6,"autosens_min":0.6,"variable_sens":121.3,"insulinDivisor":75,"TDD":18.96082023809524},"autosens_data":{"ratio":1.0074287615034931},"meal_data":{"carbs":0,"mealCOB":0,"slopeFromMaxDeviation":-0.25329999999999997,"slopeFromMinDeviation":0.16500000000000004,"lastBolusTime":1703172077902,"lastCarbTime":0},"microBolusAllowed":true,"currentTime":1703176564591,"flatBGsDetected":false,"tdd1D":20.662500000000005,"tdd7D":21.47380952380953,"tddLast24H":21.63333333333335,"tddLast4H":2.687499999999999,"tddLast8to4H":1.8791666666666664},"output":{"temp":"absolute","bg":89,"tick":-1,"eventualBG":87,"targetBG":85,"insulinReq":0.02,"deliverAt":"2023-12-21T16:36:04.591Z","sensitivityRatio":1.0074287615034931,"variable_sens":121.3,"predBGs":{"IOB":[89,88,87,86,85,85,85,85,84,84,84,85,85,85,85,86,86,86,86,86,87,87,87,87,87,88,88,88,88,88,88,88,89],"ZT":[89,88,88,88,88,89,89]},"reason":"COB: 0, Dev: -6, BGI: -1, ISF: 121, CR: 14, Target: 85, minPredBG 87, minGuardBG 84, IOBpredBG 89;  insulinReq 0.02. temp 0.05 < 0.75U\/hr. ","COB":0,"IOB":-0.037,"duration":30,"rate":0.7452001330524451,"timestamp":"2023-12-21T16:36:04.597Z"}}