{"algorithm":"OpenAPSSMBDynamicISFPlugin","input":{"glucoseStatus":{"glucose":120,"noise":0,"delta":4,"short_avgdelta":4.28,"long_avgdelta":4.18,"date":1703140237000},"currenttemp":{"temp":"absolute","duration":25,"rate":0,"minutesrunning":5},"iob_data":[{"iob":1.035,"basaliob":-0.358,"bolussnooze":2.0E-4,"activity":0.0074,"lastBolusTime":1703139966562,"time":"2023-12-21T06:30:57.966Z","iobWithZeroTemp":{"iob":1.035,"basaliob":-0.358,"bolussnooze":2.0E-4,"activity":0.0074,"lastBolusTime":1703139966562,"time":"2023-12-21T06:30:57.966Z"}},{"iob":0.996,"basaliob":-0.333,"bolussnooze":1.0E-4,"activity":0.0084,"lastBolusTime":1703139966562,"time":"2023-12-21T06:35:57.966Z","iobWithZeroTemp":{"iob":0.959,"basaliob":-0.37,"bolussnooze":1.0E-4,"activity":0.0084,"lastBolusTime":1703139966562,"time":"2023-12-21T06:35:57.966Z"}},{"iob":0.953,"basaliob":-0.309,"bolussnooze":0,"activity":0.009,"lastBolusTime":1703139966562,"time":"2023-12-21T06:40:57.966Z","iobWithZeroTemp":{"iob":0.871,"basaliob":-0.391,"bolussnooze":0,"activity":0.0088,"lastBolusTime":1703139966562,"time":"2023-12-21T06:40:57.966Z"}},{"iob":0.906,"basaliob":-0.287,"bolussnooze":0,"activity":0.0095,"lastBolusTime":1703139966562,"time":"2023-12-21T06:45:57.966Z","iobWithZeroTemp":{"iob":0.779,"basaliob":-0.414,"bolussnooze":0,"activity":0.0091,"lastBolusTime":1703139966562,"time":"2023-12-21T06:45:57.966Z"}},{"iob":0.859,"basaliob":-0.265,"bolussnooze":0,"activity":0.0097,"lastBolusTime":1703139966562,"time":"2023-12-21T06:50:57.966Z","iobWithZeroTemp":{"iob":0.689,"basaliob":-0.435,"bolussnooze":0,"activity":0.009,"lastBolusTime":1703139966562,"time":"2023-12-21T06:50:57.966Z"}},{"iob":0.81,"basaliob":-0.244,"bolussnooze":0,"activity":0.0097,"lastBolusTime":1703139966562,"time":"2023-12-21T06:55:57.966Z","iobWithZeroTemp":{"iob":0.598,"basaliob":-0.456,"bolussnooze":0,"activity":0.0087,"lastBolusTime":1703139966562,"time":"2023-12-21T06:55:57.966Z"}},{"iob":0.761,"basaliob":-0.225,"bolussnooze":0,"activity":0.0097,"lastBolusTime":1703139966562,"time":"2023-12-21T07:00:57.966Z","iobWithZeroTemp":{"iob":0.509,"basaliob":-0.477,"bolussnooze":0,"activity":0.0084,"lastBolusTime":1703139966562,"time":"2023-12-21T07:00:57.966Z"}},{"iob":0.714,"basaliob":-0.206,"bolussnooze":0,"activity":0.0095,"lastBolusTime":1703139966562,"time":"2023-12-21T07:05:57.966Z","iobWithZeroTemp":{"iob":0.424,"basaliob":-0.496,"bolussnooze":0,"activity":0.0078,"lastBolusTime":1703139966562,"time":"2023-12-21T07:05:57.966Z"}},{"iob":0.667,"basaliob":-0.189,"bolussnooze":0,"activity":0.0093,"lastBolusTime":1703139966562,"time":"2023-12-21T07:10:57.966Z","iobWithZeroTemp":{"iob":0.341,"basaliob":-0.515,"bolussnooze":0,"activity":0.0072,"lastBolusTime":1703139966562,"time":"2023-12-21T07:10:57.966Z"}},{"iob":0.621,"basaliob":-0.173,"bolussnooze":0,"activity":0.009,"lastBolusTime":1703139966562,"time":"2023-12-21T07:15:57.966Z","iobWithZeroTemp":{"iob":0.26,"basaliob":-0.534,"bolussnooze":0,"activity":0.0065,"lastBolusTime":1703139966562,"time":"2023-12-21T07:15:57.966Z"}},{"iob":0.578,"basaliob":-0.157,"bolussnooze":0,"activity":0.0087,"lastBolusTime":1703139966562,"time":"2023-12-21T07:20:57.966Z","iobWithZeroTemp":{"iob":0.185,"basaliob":-0.55,"bolussnooze":0,"activity":0.0058,"lastBolusTime":1703139966562,"time":"2023-12-21T07:20:57.966Z"}},{"iob":0.535,"basaliob":-0.143,"bolussnooze":0,"activity":0.0083,"lastBolusTime":1703139966562,"time":"2023-12-21T07:25:57.966Z","iobWithZeroTemp":{"iob":0.111,"basaliob":-0.567,"bolussnooze":0,"activity":0.005,"lastBolusTime":1703139966562,"time":"2023-12-21T07:25:57.966Z"}},{"iob":0.495,"basaliob":-0.13,"bolussnooze":0,"activity":0.0079,"lastBolusTime":1703139966562,"time":"2023-12-21T07:30:57.966Z","iobWithZeroTemp":{"iob":0.043,"basaliob":-0.582,"bolussnooze":0,"activity":0.0042,"lastBolusTime":1703139966562,"time":"2023-12-21T07:30:57.966Z"}},{"iob":0.456,"basaliob":-0.118,"bolussnooze":0,"activity":0.0075,"lastBolusTime":1703139966562,"time":"2023-12-21T07:35:57.966Z","iobWithZeroTemp":{"iob":-0.023,"basaliob":-0.597,"bolussnooze":0,"activity":0.0035,"lastBolusTime":1703139966562,"time":"2023-12-21T07:35:57.966Z"}},{"iob":0.42,"basaliob":-0.107,"bolussnooze":0,"activity":0.0071,"lastBolusTime":1703139966562,"time":"2023-12-21T07:40:57.966Z","iobWithZeroTemp":{"iob":-0.084,"basaliob":-0.611,"bolussnooze":0,"activity":0.0027,"lastBolusTime":1703139966562,"time":"2023-12-21T07:40:57.966Z"}},{"iob":0.386,"basaliob":-0.097,"bolussnooze":0,"activity":0.0066,"lastBolusTime":1703139966562,"time":"2023-12-21T07:45:57.966Z","iobWithZeroTemp":{"iob":-0.141,"basaliob":-0.624,"bolussnooze":0,"activity":0.0019,"lastBolusTime":1703139966562,"time":"2023-12-21T07:45:57.966Z"}},{"iob":0.353,"basaliob":-0.088,"bolussnooze":0,"activity":0.0062,"lastBolusTime":1703139966562,"time":"2023-12-21T07:50:57.966Z","iobWithZeroTemp":{"iob":-0.195,"basaliob":-0.636,"bolussnooze":0,"activity":0.0011,"lastBolusTime":1703139966562,"time":"2023-12-21T07:50:57.966Z"}},{"iob":0.323,"basaliob":-0.079,"bolussnooze":0,"activity":0.0058,"lastBolusTime":1703139966562,"time":"2023-12-21T07:55:57.966Z","iobWithZeroTemp":{"iob":-0.245,"basaliob":-0.647,"bolussnooze":0,"activity":4.0E-4,"lastBolusTime":1703139966562,"time":"2023-12-21T07:55:57.966Z"}},{"iob":0.295,"basaliob":-0.071,"bolussnooze":0,"activity":0.0054,"lastBolusTime":1703139966562,"time":"2023-12-21T08:00:57.966Z","iobWithZeroTemp":{"iob":-0.291,"basaliob":-0.657,"bolussnooze":0,"activity":-3.0E-4,"lastBolusTime":1703139966562,"time":"2023-12-21T08:00:57.966Z"}},{"iob":0.269,"basaliob":-0.064,"bolussnooze":0,"activity":0.005,"lastBolusTime":1703139966562,"time":"2023-12-21T08:05:57.966Z","iobWithZeroTemp":{"iob":-0.334,"basaliob":-0.667,"bolussnooze":0,"activity":-0.001,"lastBolusTime":1703139966562,"time":"2023-12-21T08:05:57.966Z"}},{"iob":0.245,"basaliob":-0.057,"bolussnooze":0,"activity":0.0046,"lastBolusTime":1703139966562,"time":"2023-12-21T08:10:57.966Z","iobWithZeroTemp":{"iob":-0.373,"basaliob":-0.675,"bolussnooze":0,"activity":-0.0016,"lastBolusTime":1703139966562,"time":"2023-12-21T08:10:57.966Z"}},{"iob":0.223,"basaliob":-0.051,"bolussnooze":0,"activity":0.0043,"lastBolusTime":1703139966562,"time":"2023-12-21T08:15:57.966Z","iobWithZeroTemp":{"iob":-0.41,"basaliob":-0.684,"bolussnooze":0,"activity":-0.0022,"lastBolusTime":1703139966562,"time":"2023-12-21T08:15:57.966Z"}},{"iob":0.202,"basaliob":-0.046,"bolussnooze":0,"activity":0.004,"lastBolusTime":1703139966562,"time":"2023-12-21T08:20:57.966Z","iobWithZeroTemp":{"iob":-0.443,"basaliob":-0.691,"bolussnooze":0,"activity":-0.0027,"lastBolusTime":1703139966562,"time":"2023-12-21T08:20:57.966Z"}},{"iob":0.182,"basaliob":-0.041,"bolussnooze":0,"activity":0.0037,"lastBolusTime":1703139966562,"time":"2023-12-21T08:25:57.966Z","iobWithZeroTemp":{"iob":-0.475,"basaliob":-0.698,"bolussnooze":0,"activity":-0.0032,"lastBolusTime":1703139966562,"time":"2023-12-21T08:25:57.966Z"}},{"iob":0.165,"basaliob":-0.036,"bolussnooze":0,"activity":0.0033,"lastBolusTime":1703139966562,"time":"2023-12-21T08:30:57.966Z","iobWithZeroTemp":{"iob":-0.503,"basaliob":-0.704,"bolussnooze":0,"activity":-0.0038,"lastBolusTime":1703139966562,"time":"2023-12-21T08:30:57.966Z"}},{"iob":0.149,"basaliob":-0.032,"bolussnooze":0,"activity":0.0031,"lastBolusTime":1703139966562,"time":"2023-12-21T08:35:57.966Z","iobWithZeroTemp":{"iob":-0.529,"basaliob":-0.71,"bolussnooze":0,"activity":-0.0042,"lastBolusTime":1703139966562,"time":"2023-12-21T08:35:57.966Z"}},{"iob":0.135,"basaliob":-0.028,"bolussnooze":0,"activity":0.0028,"lastBolusTime":1703139966562,"time":"2023-12-21T08:40:57.966Z","iobWithZeroTemp":{"iob":-0.552,"basaliob":-0.715,"bolussnooze":0,"activity":-0.0047,"lastBolusTime":1703139966562,"time":"2023-12-21T08:40:57.966Z"}},{"iob":0.121,"basaliob":-0.025,"bolussnooze":0,"activity":0.0026,"lastBolusTime":1703139966562,"time":"2023-12-21T08:45:57.966Z","iobWithZeroTemp":{"iob":-0.574,"basaliob":-0.72,"bolussnooze":0,"activity":-0.005,"lastBolusTime":1703139966562,"time":"2023-12-21T08:45:57.966Z"}},{"iob":0.109,"basaliob":-0.022,"bolussnooze":0,"activity":0.0023,"lastBolusTime":1703139966562,"time":"2023-12-21T08:50:57.966Z","iobWithZeroTemp":{"iob":-0.593,"basaliob":-0.724,"bolussnooze":0,"activity":-0.0055,"lastBolusTime":1703139966562,"time":"2023-12-21T08:50:57.966Z"}},{"iob":0.098,"basaliob":-0.019,"bolussnooze":0,"activity":0.0021,"lastBolusTime":1703139966562,"time":"2023-12-21T08:55:57.966Z","iobWithZeroTemp":{"iob":-0.61,"basaliob":-0.727,"bolussnooze":0,"activity":-0.0058,"lastBolusTime":1703139966562,"time":"2023-12-21T08:55:57.966Z"}},{"iob":0.087,"basaliob":-0.017,"bolussnooze":0,"activity":0.002,"lastBolusTime":1703139966562,"time":"2023-12-21T09:00:57.966Z","iobWithZeroTemp":{"iob":-0.627,"basaliob":-0.731,"bolussnooze":0,"activity":-0.0061,"lastBolusTime":1703139966562,"time":"2023-12-21T09:00:57.966Z"}},{"iob":0.078,"basaliob":-0.015,"bolussnooze":0,"activity":0.0018,"lastBolusTime":1703139966562,"time":"2023-12-21T09:05:57.966Z","iobWithZeroTemp":{"iob":-0.642,"basaliob":-0.735,"bolussnooze":0,"activity":-0.0064,"lastBolusTime":1703139966562,"time":"2023-12-21T09:05:57.966Z"}},{"iob":0.07,"basaliob":-0.013,"bolussnooze":0,"activity":0.0016,"lastBolusTime":1703139966562,"time":"2023-12-21T09:10:57.966Z","iobWithZeroTemp":{"iob":-0.654,"basaliob":-0.737,"bolussnooze":0,"activity":-0.0067,"lastBolusTime":1703139966562,"time":"2023-12-21T09:10:57.966Z"}},{"iob":0.062,"basaliob":-0.011,"bolussnooze":0,"activity":0.0015,"lastBolusTime":1703139966562,"time":"2023-12-21T09:15:57.966Z","iobWithZeroTemp":{"iob":-0.667,"basaliob":-0.74,"bolussnooze":0,"activity":-0.0069,"lastBolusTime":1703139966562,"time":"2023-12-21T09:15:57.966Z"}},{"iob":0.055,"basaliob":-0.01,"bolussnooze":0,"activity":0.0013,"lastBolusTime":1703139966562,"time":"2023-12-21T09:20:57.966Z","iobWithZeroTemp":{"iob":-0.677,"basaliob":-0.742,"bolussnooze":0,"activity":-0.0072,"lastBolusTime":1703139966562,"time":"2023-12-21T09:20:57.966Z"}},{"iob":0.048,"basaliob":-0.009,"bolussnooze":0,"activity":0.0012,"lastBolusTime":1703139966562,"time":"2023-12-21T09:25:57.966Z","iobWithZeroTemp":{"iob":-0.688,"basaliob":-0.745,"bolussnooze":0,"activity":-0.0073,"lastBolusTime":1703139966562,"time":"2023-12-21T09:25:57.966Z"}},{"iob":0.043,"basaliob":-0.007,"bolussnooze":0,"activity":0.0011,"lastBolusTime":1703139966562,"time":"2023-12-21T09:30:57.966Z","iobWithZeroTemp":{"iob":-0.696,"basaliob":-0.746,"bolussnooze":0,"activity":-0.0075,"lastBolusTime":1703139966562,"time":"2023-12-21T09:30:57.966Z"}},{"iob":0.038,"basaliob":-0.006,"bolussnooze":0,"activity":0.001,"lastBolusTime":1703139966562,"time":"2023-12-21T09:35:57.966Z","iobWithZeroTemp":{"iob":-0.703,"basaliob":-0.747,"bolussnooze":0,"activity":-0.0077,"lastBolusTime":1703139966562,"time":"2023-12-21T09:35:57.966Z"}},{"iob":0.034,"basaliob":-0.005,"bolussnooze":0,"activity":8.0E-4,"lastBolusTime":1703139966562,"time":"2023-12-21T09:40:57.966Z","iobWithZeroTemp":{"iob":-0.71,"basaliob":-0.749,"bolussnooze":0,"activity":-0.0079,"lastBolusTime":1703139966562,"time":"2023-12-21T09:40:57.966Z"}},{"iob":0.029,"basaliob":-0.005,"bolussnooze":0,"activity":8.0E-4,"lastBolusTime":1703139966562,"time":"2023-12-21T09:45:57.966Z","iobWithZeroTemp":{"iob":-0.717,"basaliob":-0.751,"bolussnooze":0,"activity":-0.008,"lastBolusTime":1703139966562,"time":"2023-12-21T09:45:57.966Z"}},{"iob":0.025,"basaliob":-0.004,"bolussnooze":0,"activity":7.0E-4,"lastBolusTime":1703139966562,"time":"2023-12-21T09:50:57.966Z","iobWithZeroTemp":{"iob":-0.723,"basaliob":-0.752,"bolussnooze":0,"activity":-0.0081,"lastBolusTime":1703139966562,"time":"2023-12-21T09:50:57.966Z"}},{"iob":0.022,"basaliob":-0.003,"bolussnooze":0,"activity":6.0E-4,"lastBolusTime":1703139966562,"time":"2023-12-21T09:55:57.966Z","iobWithZeroTemp":{"iob":-0.727,"basaliob":-0.752,"bolussnooze":0,"activity":-0.0083,"lastBolusTime":1703139966562,"time":"2023-12-21T09:55:57.966Z"}},{"iob":0.019,"basaliob":-0.003,"bolussnooze":0,"activity":6.0E-4,"lastBolusTime":1703139966562,"time":"2023-12-21T10:00:57.966Z","iobWithZeroTemp":{"iob":-0.732,"basaliob":-0.754,"bolussnooze":0,"activity":-0.0083,"lastBolusTime":1703139966562,"time":"2023-12-21T10:00:57.966Z"}},{"iob":0.017,"basaliob":-0.002,"bolussnooze":0,"activity":5.0E-4,"lastBolusTime":1703139966562,"time":"2023-12-21T10:05:57.966Z","iobWithZeroTemp":{"iob":-0.735,"basaliob":-0.754,"bolussnooze":0,"activity":-0.0084,"lastBolusTime":1703139966562,"time":"2023-12-21T10:05:57.966Z"}},{"iob":0.014,"basaliob":-0.002,"bolussnooze":0,"activity":4.0E-4,"lastBolusTime":1703139966562,"time":"2023-12-21T10:10:57.966Z","iobWithZeroTemp":{"iob":-0.739,"basaliob":-0.755,"bolussnooze":0,"activity":-0.0086,"lastBolusTime":1703139966562,"time":"2023-12-21T10:10:57.966Z"}},{"iob":0.012,"basaliob":-0.002,"bolussnooze":0,"activity":4.0E-4,"lastBolusTime":1703139966562,"time":"2023-12-21T10:15:57.966Z","iobWithZeroTemp":{"iob":-0.742,"basaliob":-0.756,"bolussnooze":0,"activity":-0.0086,"lastBolusTime":1703139966562,"time":"2023-12-21T10:15:57.966Z"}},{"iob":0.01,"basaliob":-0.001,"bolussnooze":0,"activity":3.0E-4,"lastBolusTime":1703139966562,"time":"2023-12-21T10:20:57.966Z","iobWithZeroTemp":{"iob":-0.745,"basaliob":-0.756,"bolussnooze":0,"activity":-0.0087,"lastBolusTime":1703139966562,"time":"2023-12-21T10:20:57.966Z"}},{"iob":0.009,"basaliob":-0.001,"bolussnooze":0,"activity":3.0E-4,"lastBolusTime":1703139966562,"time":"2023-12-21T10:25:57.966Z","iobWithZeroTemp":{"iob":-0.747,"basaliob":-0.757,"bolussnooze":0,"activity":-0.0087,"lastBolusTime":1703139966562,"time":"2023-12-21T10:25:57.966Z"}}],"profile":{"max_iob":7,"type":"current","max_daily_basal":0.8,"max_basal":4.4,"min_bg":90,"max_bg":90,"target_bg":90,"carb_ratio":16,"sens":57,"max_daily_safety_multiplier":9,"current_basal_safety_multiplier":8,"lgsThreshold":65,"high_temptarget_raises_sensitivity":false,"low_temptarget_lowers_sensitivity":false,"sensitivity_raises_target":false,"resistance_lowers_target":false,"adv_target_adjustments":false,"exercise_mode":false,"half_basal_exercise_target":160,"maxCOB":120,"skip_neutral_temps":false,"remainingCarbsCap":90,"enableUAM":true,"A52_risk_enable":false,"SMBInterval":3,"enableSMB_with_COB":true,"enableSMB_with_temptarget":true,"allowSMB_with_high_temptarget":true,"enableSMB_always":true,"enableSMB_after_carbs":true,"maxSMBBasalMinutes":120,"maxUAMSMBBasalMinutes":90,"bolus_increment":0.05,"carbsReqThreshold":5,"current_basal":0.55,"temptargetSet":false,"autosens_max":1.6,"autosens_min":0.6,"variable_sens":76.1,"insulinDivisor":75,"TDD":24.74654523809524},"autosens_data":{"ratio":1.0208171637653842},"meal_data":{"carbs":0,"mealCOB":0,"slopeFromMaxDeviation":0,"slopeFromMinDeviation":0.5014444444444445,"lastBolusTime":1703139966562,"lastCarbTime":0},"microBolusAllowed":true,"currentTime":1703140259737,"flatBGsDetected":false,"tdd1D":20.662500000000005,"tdd7D":21.47380952380953,"tddLast24H":21.920833333333338,"tddLast4H":5.595833333333334,"tddLast8to4H":4.833333333333333},"output":{"temp":"absolute","bg":120,"tick":"+4","eventualBG":169,"targetBG":90,"insulinReq":0.41,"deliverAt":"2023-12-21T06:30:59.737Z","sensitivityRatio":1.0208171637653842,"variable_sens":76.1,"predBGs":{"IOB":[120,123,126,128,129,129,129,128,127,126,123,121,117,114,111,109,106,103,101,99,97,95,93,91,89,88,86,85,84,82,81,80,79,79,78,77,77,76,76,75,75,74,74,74,73],"ZT":[120,117,114,110,107,103,99,96,92,89,86,83,81,79,77,76,75,74,74,74,75,75,77,78,80,82,84,86,88],"UAM":[120,124,127,130,133,135,137,139,141,143,145,147,149,150,152,154,155,157,158,160,161,163,164,165,166,167,168,169,170,170,171,171,171,172,171,171,171,171,170,170,170,169]},"reason":"COB: 0, Dev: 41, BGI: -3, ISF: 76, CR: 16, Target: 90, minPredBG 121, minGuardBG 124, IOBpredBG 73, UAMpredBG 169; Eventual BG 169 >= 90,  insulinReq 0.41; setting 60m low temp of 0U\/h. Microbolusing 0.2U. ","COB":0,"IOB":1.035,"units":0.2,"rate":0,"duration":60,"timestamp":"2023-12-21T06:30:59.747Z"}}