{"algorithm":"OpenAPSSMBDynamicISFPlugin","input":{"glucoseStatus":{"glucose":89,"noise":0,"delta":-1,"short_avgdelta":-0.89,"long_avgdelta":0.44,"date":1703151337000},"currenttemp":{"temp":"absolute","duration":25,"rate":0.15,"minutesrunning":5},"iob_data":[{"iob":0.017,"basaliob":-0.16,"bolussnooze":0,"activity":0,"lastBolusTime":1703150165846,"time":"2023-12-21T09:36:04.046Z","iobWithZeroTemp":{"iob":0.017,"basaliob":-0.16,"bolussnooze":0,"activity":0,"lastBolusTime":1703150165846,"time":"2023-12-21T09:36:04.046Z"}},{"iob":0.016,"basaliob":-0.147,"bolussnooze":0,"activity":1.0E-4,"lastBolusTime":1703150165846,"time":"2023-12-21T09:41:04.046Z","iobWithZeroTemp":{"iob":-0.021,"basaliob":-0.184,"bolussnooze":0,"activity":1.0E-4,"lastBolusTime":1703150165846,"time":"2023-12-21T09:41:04.046Z"}},{"iob":0.016,"basaliob":-0.135,"bolussnooze":0,"activity":1.0E-4,"lastBolusTime":1703150165846,"time":"2023-12-21T09:46:04.046Z","iobWithZeroTemp":{"iob":-0.066,"basaliob":-0.217,"bolussnooze":0,"activity":-1.0E-4,"lastBolusTime":1703150165846,"time":"2023-12-21T09:46:04.046Z"}},{"iob":0.016,"basaliob":-0.123,"bolussnooze":0,"activity":1.0E-4,"lastBolusTime":1703150165846,"time":"2023-12-21T09:51:04.046Z","iobWithZeroTemp":{"iob":-0.111,"basaliob":-0.25,"bolussnooze":0,"activity":-3.0E-4,"lastBolusTime":1703150165846,"time":"2023-12-21T09:51:04.046Z"}},{"iob":0.015,"basaliob":-0.112,"bolussnooze":0,"activity":1.0E-4,"lastBolusTime":1703150165846,"time":"2023-12-21T09:56:04.046Z","iobWithZeroTemp":{"iob":-0.155,"basaliob":-0.282,"bolussnooze":0,"activity":-6.0E-4,"lastBolusTime":1703150165846,"time":"2023-12-21T09:56:04.046Z"}},{"iob":0.014,"basaliob":-0.102,"bolussnooze":0,"activity":2.0E-4,"lastBolusTime":1703150165846,"time":"2023-12-21T10:01:04.046Z","iobWithZeroTemp":{"iob":-0.198,"basaliob":-0.314,"bolussnooze":0,"activity":-8.0E-4,"lastBolusTime":1703150165846,"time":"2023-12-21T10:01:04.046Z"}},{"iob":0.013,"basaliob":-0.093,"bolussnooze":0,"activity":1.0E-4,"lastBolusTime":1703150165846,"time":"2023-12-21T10:06:04.046Z","iobWithZeroTemp":{"iob":-0.239,"basaliob":-0.345,"bolussnooze":0,"activity":-0.0012,"lastBolusTime":1703150165846,"time":"2023-12-21T10:06:04.046Z"}},{"iob":0.012,"basaliob":-0.085,"bolussnooze":0,"activity":1.0E-4,"lastBolusTime":1703150165846,"time":"2023-12-21T10:11:04.046Z","iobWithZeroTemp":{"iob":-0.278,"basaliob":-0.375,"bolussnooze":0,"activity":-0.0016,"lastBolusTime":1703150165846,"time":"2023-12-21T10:11:04.046Z"}},{"iob":0.011,"basaliob":-0.077,"bolussnooze":0,"activity":2.0E-4,"lastBolusTime":1703150165846,"time":"2023-12-21T10:16:04.046Z","iobWithZeroTemp":{"iob":-0.315,"basaliob":-0.403,"bolussnooze":0,"activity":-0.0019,"lastBolusTime":1703150165846,"time":"2023-12-21T10:16:04.046Z"}},{"iob":0.011,"basaliob":-0.069,"bolussnooze":0,"activity":2.0E-4,"lastBolusTime":1703150165846,"time":"2023-12-21T10:21:04.046Z","iobWithZeroTemp":{"iob":-0.35,"basaliob":-0.43,"bolussnooze":0,"activity":-0.0023,"lastBolusTime":1703150165846,"time":"2023-12-21T10:21:04.046Z"}},{"iob":0.01,"basaliob":-0.063,"bolussnooze":0,"activity":1.0E-4,"lastBolusTime":1703150165846,"time":"2023-12-21T10:26:04.046Z","iobWithZeroTemp":{"iob":-0.383,"basaliob":-0.456,"bolussnooze":0,"activity":-0.0028,"lastBolusTime":1703150165846,"time":"2023-12-21T10:26:04.046Z"}},{"iob":0.01,"basaliob":-0.056,"bolussnooze":0,"activity":1.0E-4,"lastBolusTime":1703150165846,"time":"2023-12-21T10:31:04.046Z","iobWithZeroTemp":{"iob":-0.414,"basaliob":-0.48,"bolussnooze":0,"activity":-0.0032,"lastBolusTime":1703150165846,"time":"2023-12-21T10:31:04.046Z"}},{"iob":0.009,"basaliob":-0.051,"bolussnooze":0,"activity":1.0E-4,"lastBolusTime":1703150165846,"time":"2023-12-21T10:36:04.046Z","iobWithZeroTemp":{"iob":-0.443,"basaliob":-0.503,"bolussnooze":0,"activity":-0.0036,"lastBolusTime":1703150165846,"time":"2023-12-21T10:36:04.046Z"}},{"iob":0.009,"basaliob":-0.045,"bolussnooze":0,"activity":1.0E-4,"lastBolusTime":1703150165846,"time":"2023-12-21T10:41:04.046Z","iobWithZeroTemp":{"iob":-0.47,"basaliob":-0.524,"bolussnooze":0,"activity":-0.0039,"lastBolusTime":1703150165846,"time":"2023-12-21T10:41:04.046Z"}},{"iob":0.007,"basaliob":-0.041,"bolussnooze":0,"activity":1.0E-4,"lastBolusTime":1703150165846,"time":"2023-12-21T10:46:04.046Z","iobWithZeroTemp":{"iob":-0.497,"basaliob":-0.545,"bolussnooze":0,"activity":-0.0043,"lastBolusTime":1703150165846,"time":"2023-12-21T10:46:04.046Z"}},{"iob":0.008,"basaliob":-0.036,"bolussnooze":0,"activity":1.0E-4,"lastBolusTime":1703150165846,"time":"2023-12-21T10:51:04.046Z","iobWithZeroTemp":{"iob":-0.519,"basaliob":-0.563,"bolussnooze":0,"activity":-0.0046,"lastBolusTime":1703150165846,"time":"2023-12-21T10:51:04.046Z"}},{"iob":0.007,"basaliob":-0.032,"bolussnooze":0,"activity":1.0E-4,"lastBolusTime":1703150165846,"time":"2023-12-21T10:56:04.046Z","iobWithZeroTemp":{"iob":-0.541,"basaliob":-0.58,"bolussnooze":0,"activity":-0.005,"lastBolusTime":1703150165846,"time":"2023-12-21T10:56:04.046Z"}},{"iob":0.006,"basaliob":-0.029,"bolussnooze":0,"activity":1.0E-4,"lastBolusTime":1703150165846,"time":"2023-12-21T11:01:04.046Z","iobWithZeroTemp":{"iob":-0.562,"basaliob":-0.597,"bolussnooze":0,"activity":-0.0053,"lastBolusTime":1703150165846,"time":"2023-12-21T11:01:04.046Z"}},{"iob":0.005,"basaliob":-0.026,"bolussnooze":0,"activity":1.0E-4,"lastBolusTime":1703150165846,"time":"2023-12-21T11:06:04.046Z","iobWithZeroTemp":{"iob":-0.581,"basaliob":-0.612,"bolussnooze":0,"activity":-0.0056,"lastBolusTime":1703150165846,"time":"2023-12-21T11:06:04.046Z"}},{"iob":0.005,"basaliob":-0.023,"bolussnooze":0,"activity":0,"lastBolusTime":1703150165846,"time":"2023-12-21T11:11:04.046Z","iobWithZeroTemp":{"iob":-0.598,"basaliob":-0.626,"bolussnooze":0,"activity":-0.006,"lastBolusTime":1703150165846,"time":"2023-12-21T11:11:04.046Z"}},{"iob":0.005,"basaliob":-0.02,"bolussnooze":0,"activity":1.0E-4,"lastBolusTime":1703150165846,"time":"2023-12-21T11:16:04.046Z","iobWithZeroTemp":{"iob":-0.613,"basaliob":-0.638,"bolussnooze":0,"activity":-0.0061,"lastBolusTime":1703150165846,"time":"2023-12-21T11:16:04.046Z"}},{"iob":0.004,"basaliob":-0.018,"bolussnooze":0,"activity":1.0E-4,"lastBolusTime":1703150165846,"time":"2023-12-21T11:21:04.046Z","iobWithZeroTemp":{"iob":-0.629,"basaliob":-0.651,"bolussnooze":0,"activity":-0.0064,"lastBolusTime":1703150165846,"time":"2023-12-21T11:21:04.046Z"}},{"iob":0.004,"basaliob":-0.016,"bolussnooze":0,"activity":1.0E-4,"lastBolusTime":1703150165846,"time":"2023-12-21T11:26:04.046Z","iobWithZeroTemp":{"iob":-0.641,"basaliob":-0.661,"bolussnooze":0,"activity":-0.0066,"lastBolusTime":1703150165846,"time":"2023-12-21T11:26:04.046Z"}},{"iob":0.004,"basaliob":-0.014,"bolussnooze":0,"activity":0,"lastBolusTime":1703150165846,"time":"2023-12-21T11:31:04.046Z","iobWithZeroTemp":{"iob":-0.653,"basaliob":-0.671,"bolussnooze":0,"activity":-0.0069,"lastBolusTime":1703150165846,"time":"2023-12-21T11:31:04.046Z"}},{"iob":0.004,"basaliob":-0.012,"bolussnooze":0,"activity":1.0E-4,"lastBolusTime":1703150165846,"time":"2023-12-21T11:36:04.046Z","iobWithZeroTemp":{"iob":-0.664,"basaliob":-0.68,"bolussnooze":0,"activity":-0.007,"lastBolusTime":1703150165846,"time":"2023-12-21T11:36:04.046Z"}},{"iob":0.004,"basaliob":-0.01,"bolussnooze":0,"activity":0,"lastBolusTime":1703150165846,"time":"2023-12-21T11:41:04.046Z","iobWithZeroTemp":{"iob":-0.674,"basaliob":-0.688,"bolussnooze":0,"activity":-0.0073,"lastBolusTime":1703150165846,"time":"2023-12-21T11:41:04.046Z"}},{"iob":0.004,"basaliob":-0.009,"bolussnooze":0,"activity":0,"lastBolusTime":1703150165846,"time":"2023-12-21T11:46:04.046Z","iobWithZeroTemp":{"iob":-0.683,"basaliob":-0.696,"bolussnooze":0,"activity":-0.0075,"lastBolusTime":1703150165846,"time":"2023-12-21T11:46:04.046Z"}},{"iob":0.003,"basaliob":-0.008,"bolussnooze":0,"activity":1.0E-4,"lastBolusTime":1703150165846,"time":"2023-12-21T11:51:04.046Z","iobWithZeroTemp":{"iob":-0.692,"basaliob":-0.703,"bolussnooze":0,"activity":-0.0075,"lastBolusTime":1703150165846,"time":"2023-12-21T11:51:04.046Z"}},{"iob":0.003,"basaliob":-0.007,"bolussnooze":0,"activity":0,"lastBolusTime":1703150165846,"time":"2023-12-21T11:56:04.046Z","iobWithZeroTemp":{"iob":-0.699,"basaliob":-0.709,"bolussnooze":0,"activity":-0.0078,"lastBolusTime":1703150165846,"time":"2023-12-21T11:56:04.046Z"}},{"iob":0.003,"basaliob":-0.006,"bolussnooze":0,"activity":0,"lastBolusTime":1703150165846,"time":"2023-12-21T12:01:04.046Z","iobWithZeroTemp":{"iob":-0.705,"basaliob":-0.714,"bolussnooze":0,"activity":-0.0079,"lastBolusTime":1703150165846,"time":"2023-12-21T12:01:04.046Z"}},{"iob":0.003,"basaliob":-0.005,"bolussnooze":0,"activity":0,"lastBolusTime":1703150165846,"time":"2023-12-21T12:06:04.046Z","iobWithZeroTemp":{"iob":-0.715,"basaliob":-0.723,"bolussnooze":0,"activity":-0.0081,"lastBolusTime":1703150165846,"time":"2023-12-21T12:06:04.046Z"}},{"iob":0.003,"basaliob":-0.004,"bolussnooze":0,"activity":1.0E-4,"lastBolusTime":1703150165846,"time":"2023-12-21T12:11:04.046Z","iobWithZeroTemp":{"iob":-0.725,"basaliob":-0.732,"bolussnooze":0,"activity":-0.0081,"lastBolusTime":1703150165846,"time":"2023-12-21T12:11:04.046Z"}},{"iob":0.002,"basaliob":-0.004,"bolussnooze":0,"activity":1.0E-4,"lastBolusTime":1703150165846,"time":"2023-12-21T12:16:04.046Z","iobWithZeroTemp":{"iob":-0.735,"basaliob":-0.741,"bolussnooze":0,"activity":-0.0082,"lastBolusTime":1703150165846,"time":"2023-12-21T12:16:04.046Z"}},{"iob":0.002,"basaliob":-0.003,"bolussnooze":0,"activity":0,"lastBolusTime":1703150165846,"time":"2023-12-21T12:21:04.046Z","iobWithZeroTemp":{"iob":-0.743,"basaliob":-0.748,"bolussnooze":0,"activity":-0.0084,"lastBolusTime":1703150165846,"time":"2023-12-21T12:21:04.046Z"}},{"iob":0.002,"basaliob":-0.003,"bolussnooze":0,"activity":0,"lastBolusTime":1703150165846,"time":"2023-12-21T12:26:04.046Z","iobWithZeroTemp":{"iob":-0.75,"basaliob":-0.755,"bolussnooze":0,"activity":-0.0085,"lastBolusTime":1703150165846,"time":"2023-12-21T12:26:04.046Z"}},{"iob":0.002,"basaliob":-0.002,"bolussnooze":0,"activity":0,"lastBolusTime":1703150165846,"time":"2023-12-21T12:31:04.046Z","iobWithZeroTemp":{"iob":-0.757,"basaliob":-0.761,"bolussnooze":0,"activity":-0.0087,"lastBolusTime":1703150165846,"time":"2023-12-21T12:31:04.046Z"}},{"iob":0.002,"basaliob":-0.002,"bolussnooze":0,"activity":0,"lastBolusTime":1703150165846,"time":"2023-12-21T12:36:04.046Z","iobWithZeroTemp":{"iob":-0.764,"basaliob":-0.768,"bolussnooze":0,"activity":-0.0088,"lastBolusTime":1703150165846,"time":"2023-12-21T12:36:04.046Z"}},{"iob":0.001,"basaliob":-0.002,"bolussnooze":0,"activity":0,"lastBolusTime":1703150165846,"time":"2023-12-21T12:41:04.046Z","iobWithZeroTemp":{"iob":-0.771,"basaliob":-0.774,"bolussnooze":0,"activity":-0.0089,"lastBolusTime":1703150165846,"time":"2023-12-21T12:41:04.046Z"}},{"iob":0.002,"basaliob":-0.001,"bolussnooze":0,"activity":1.0E-4,"lastBolusTime":1703150165846,"time":"2023-12-21T12:46:04.046Z","iobWithZeroTemp":{"iob":-0.775,"basaliob":-0.778,"bolussnooze":0,"activity":-0.0089,"lastBolusTime":1703150165846,"time":"2023-12-21T12:46:04.046Z"}},{"iob":0.001,"basaliob":-0.001,"bolussnooze":0,"activity":1.0E-4,"lastBolusTime":1703150165846,"time":"2023-12-21T12:51:04.046Z","iobWithZeroTemp":{"iob":-0.781,"basaliob":-0.783,"bolussnooze":0,"activity":-0.0089,"lastBolusTime":1703150165846,"time":"2023-12-21T12:51:04.046Z"}},{"iob":0.001,"basaliob":-0.001,"bolussnooze":0,"activity":1.0E-4,"lastBolusTime":1703150165846,"time":"2023-12-21T12:56:04.046Z","iobWithZeroTemp":{"iob":-0.786,"basaliob":-0.788,"bolussnooze":0,"activity":-0.009,"lastBolusTime":1703150165846,"time":"2023-12-21T12:56:04.046Z"}},{"iob":0.001,"basaliob":-0.001,"bolussnooze":0,"activity":1.0E-4,"lastBolusTime":1703150165846,"time":"2023-12-21T13:01:04.046Z","iobWithZeroTemp":{"iob":-0.79,"basaliob":-0.792,"bolussnooze":0,"activity":-0.0091,"lastBolusTime":1703150165846,"time":"2023-12-21T13:01:04.046Z"}},{"iob":0,"basaliob":-0.001,"bolussnooze":0,"activity":0,"lastBolusTime":1703150165846,"time":"2023-12-21T13:06:04.046Z","iobWithZeroTemp":{"iob":-0.795,"basaliob":-0.796,"bolussnooze":0,"activity":-0.0093,"lastBolusTime":1703150165846,"time":"2023-12-21T13:06:04.046Z"}},{"iob":0,"basaliob":-0.001,"bolussnooze":0,"activity":0,"lastBolusTime":1703150165846,"time":"2023-12-21T13:11:04.046Z","iobWithZeroTemp":{"iob":-0.798,"basaliob":-0.799,"bolussnooze":0,"activity":-0.0093,"lastBolusTime":1703150165846,"time":"2023-12-21T13:11:04.046Z"}},{"iob":0,"basaliob":-0.001,"bolussnooze":0,"activity":0,"lastBolusTime":1703150165846,"time":"2023-12-21T13:16:04.046Z","iobWithZeroTemp":{"iob":-0.801,"basaliob":-0.802,"bolussnooze":0,"activity":-0.0094,"lastBolusTime":1703150165846,"time":"2023-12-21T13:16:04.046Z"}},{"iob":0.001,"basaliob":0,"bolussnooze":0,"activity":0,"lastBolusTime":1703150165846,"time":"2023-12-21T13:21:04.046Z","iobWithZeroTemp":{"iob":-0.803,"basaliob":-0.804,"bolussnooze":0,"activity":-0.0095,"lastBolusTime":1703150165846,"time":"2023-12-21T13:21:04.046Z"}},{"iob":0.001,"basaliob":0,"bolussnooze":0,"activity":0,"lastBolusTime":1703150165846,"time":"2023-12-21T13:26:04.046Z","iobWithZeroTemp":{"iob":-0.806,"basaliob":-0.807,"bolussnooze":0,"activity":-0.0095,"lastBolusTime":1703150165846,"time":"2023-12-21T13:26:04.046Z"}},{"iob":0.001,"basaliob":0,"bolussnooze":0,"activity":0,"lastBolusTime":1703150165846,"time":"2023-12-21T13:31:04.046Z","iobWithZeroTemp":{"iob":-0.808,"basaliob":-0.809,"bolussnooze":0,"activity":-0.0096,"lastBolusTime":1703150165846,"time":"2023-12-21T13:31:04.046Z"}}],"profile":{"max_iob":7,"type":"current","max_daily_basal":0.8,"max_basal":4.4,"min_bg":90,"max_bg":90,"target_bg":90,"carb_ratio":16,"sens":57,"max_daily_safety_multiplier":9,"current_basal_safety_multiplier":8,"lgsThreshold":65,"high_temptarget_raises_sensitivity":false,"low_temptarget_lowers_sensitivity":false,"sensitivity_raises_target":false,"resistance_lowers_target":false,"adv_target_adjustments":false,"exercise_mode":false,"half_basal_exercise_target":160,"maxCOB":120,"skip_neutral_temps":false,"remainingCarbsCap":90,"enableUAM":true,"A52_risk_enable":false,"SMBInterval":3,"enableSMB_with_COB":true,"enableSMB_with_temptarget":true,"allowSMB_with_high_temptarget":true,"enableSMB_always":true,"enableSMB_after_carbs":true,"maxSMBBasalMinutes":120,"maxUAMSMBBasalMinutes":90,"bolus_increment":0.05,"carbsReqThreshold":5,"current_basal":0.55,"temptargetSet":false,"autosens_max":1.6,"autosens_min":0.6,"variable_sens":110.9,"insulinDivisor":75,"TDD":20.736220238095243},"autosens_data":{"ratio":1.0130557711497947},"meal_data":{"carbs":0,"mealCOB":0,"slopeFromMaxDeviation":-0.7072499999999999,"slopeFromMinDeviation":0.10112499999999999,"lastBolusTime":1703150165846,"lastCarbTime":0},"microBolusAllowed":true,"currentTime":1703151365745,"flatBGsDetected":false,"tdd1D":20.662500000000005,"tdd7D":21.47380952380953,"tddLast24H":21.75416666666667,"tddLast4H":2.9791666666666665,"tddLast8to4H":4.187500000000001},"output":{"temp":"absolute","bg":89,"tick":-1,"eventualBG":90,"targetBG":90,"insulinReq":-0.07,"deliverAt":"2023-12-21T09:36:05.745Z","sensitivityRatio":1.0130557711497947,"variable_sens":110.9,"predBGs":{"IOB":[89,88,87,86,86,85,84,84,84,83,83,83,83,83,83,82],"ZT":[89,89,89,89,89,90,90,91,91]},"reason":"COB: 0, Dev: 3, BGI: 0, ISF: 111, CR: 16, Target: 90, minPredBG 82, minGuardBG 82, IOBpredBG 82; Eventual BG 90 >= 90,  insulinReq -0.07; setting 30m low temp of 0.09U\/h. ","COB":0,"IOB":0.017,"rate":0.09,"duration":30,"timestamp":"2023-12-21T09:36:05.765Z"}}