{"algorithm":"OpenAPSSMBDynamicISFPlugin","input":{"glucoseStatus":{"glucose":166,"noise":0,"delta":2,"short_avgdelta":3,"long_avgdelta":3.99,"date":1703191237000},"currenttemp":{"temp":"absolute","duration":27,"rate":3.75,"minutesrunning":3},"iob_data":[{"iob":0.3,"basaliob":-0.498,"bolussnooze":0,"activity":-0.0055,"lastBolusTime":1703191093987,"time":"2023-12-21T20:41:11.796Z","iobWithZeroTemp":{"iob":0.3,"basaliob":-0.498,"bolussnooze":0,"activity":-0.0055,"lastBolusTime":1703191093987,"time":"2023-12-21T20:41:11.796Z"}},{"iob":0.323,"basaliob":-0.461,"bolussnooze":0,"activity":-0.0037,"lastBolusTime":1703191093987,"time":"2023-12-21T20:46:11.796Z","iobWithZeroTemp":{"iob":0.27,"basaliob":-0.514,"bolussnooze":0,"activity":-0.0038,"lastBolusTime":1703191093987,"time":"2023-12-21T20:46:11.796Z"}},{"iob":0.337,"basaliob":-0.426,"bolussnooze":0,"activity":-0.0022,"lastBolusTime":1703191093987,"time":"2023-12-21T20:51:11.796Z","iobWithZeroTemp":{"iob":0.218,"basaliob":-0.545,"bolussnooze":0,"activity":-0.0024,"lastBolusTime":1703191093987,"time":"2023-12-21T20:51:11.796Z"}},{"iob":0.346,"basaliob":-0.392,"bolussnooze":0,"activity":-0.001,"lastBolusTime":1703191093987,"time":"2023-12-21T20:56:11.796Z","iobWithZeroTemp":{"iob":0.162,"basaliob":-0.576,"bolussnooze":0,"activity":-0.0016,"lastBolusTime":1703191093987,"time":"2023-12-21T20:56:11.796Z"}},{"iob":0.348,"basaliob":-0.361,"bolussnooze":0,"activity":0,"lastBolusTime":1703191093987,"time":"2023-12-21T21:01:11.796Z","iobWithZeroTemp":{"iob":0.101,"basaliob":-0.608,"bolussnooze":0,"activity":-0.001,"lastBolusTime":1703191093987,"time":"2023-12-21T21:01:11.796Z"}},{"iob":0.346,"basaliob":-0.331,"bolussnooze":0,"activity":7.0E-4,"lastBolusTime":1703191093987,"time":"2023-12-21T21:06:11.796Z","iobWithZeroTemp":{"iob":0.038,"basaliob":-0.639,"bolussnooze":0,"activity":-7.0E-4,"lastBolusTime":1703191093987,"time":"2023-12-21T21:06:11.796Z"}},{"iob":0.341,"basaliob":-0.303,"bolussnooze":0,"activity":0.0014,"lastBolusTime":1703191093987,"time":"2023-12-21T21:11:11.796Z","iobWithZeroTemp":{"iob":-0.025,"basaliob":-0.669,"bolussnooze":0,"activity":-5.0E-4,"lastBolusTime":1703191093987,"time":"2023-12-21T21:11:11.796Z"}},{"iob":0.332,"basaliob":-0.277,"bolussnooze":0,"activity":0.0019,"lastBolusTime":1703191093987,"time":"2023-12-21T21:16:11.796Z","iobWithZeroTemp":{"iob":-0.09,"basaliob":-0.699,"bolussnooze":0,"activity":-6.0E-4,"lastBolusTime":1703191093987,"time":"2023-12-21T21:16:11.796Z"}},{"iob":0.321,"basaliob":-0.253,"bolussnooze":0,"activity":0.0023,"lastBolusTime":1703191093987,"time":"2023-12-21T21:21:11.796Z","iobWithZeroTemp":{"iob":-0.154,"basaliob":-0.728,"bolussnooze":0,"activity":-7.0E-4,"lastBolusTime":1703191093987,"time":"2023-12-21T21:21:11.796Z"}},{"iob":0.31,"basaliob":-0.23,"bolussnooze":0,"activity":0.0026,"lastBolusTime":1703191093987,"time":"2023-12-21T21:26:11.796Z","iobWithZeroTemp":{"iob":-0.215,"basaliob":-0.755,"bolussnooze":0,"activity":-0.001,"lastBolusTime":1703191093987,"time":"2023-12-21T21:26:11.796Z"}},{"iob":0.296,"basaliob":-0.209,"bolussnooze":0,"activity":0.0028,"lastBolusTime":1703191093987,"time":"2023-12-21T21:31:11.796Z","iobWithZeroTemp":{"iob":-0.276,"basaliob":-0.781,"bolussnooze":0,"activity":-0.0014,"lastBolusTime":1703191093987,"time":"2023-12-21T21:31:11.796Z"}},{"iob":0.282,"basaliob":-0.19,"bolussnooze":0,"activity":0.0029,"lastBolusTime":1703191093987,"time":"2023-12-21T21:36:11.796Z","iobWithZeroTemp":{"iob":-0.335,"basaliob":-0.807,"bolussnooze":0,"activity":-0.0018,"lastBolusTime":1703191093987,"time":"2023-12-21T21:36:11.796Z"}},{"iob":0.267,"basaliob":-0.172,"bolussnooze":0,"activity":0.003,"lastBolusTime":1703191093987,"time":"2023-12-21T21:41:11.796Z","iobWithZeroTemp":{"iob":-0.391,"basaliob":-0.83,"bolussnooze":0,"activity":-0.0023,"lastBolusTime":1703191093987,"time":"2023-12-21T21:41:11.796Z"}},{"iob":0.253,"basaliob":-0.155,"bolussnooze":0,"activity":0.0029,"lastBolusTime":1703191093987,"time":"2023-12-21T21:46:11.796Z","iobWithZeroTemp":{"iob":-0.444,"basaliob":-0.852,"bolussnooze":0,"activity":-0.003,"lastBolusTime":1703191093987,"time":"2023-12-21T21:46:11.796Z"}},{"iob":0.238,"basaliob":-0.14,"bolussnooze":0,"activity":0.003,"lastBolusTime":1703191093987,"time":"2023-12-21T21:51:11.796Z","iobWithZeroTemp":{"iob":-0.495,"basaliob":-0.873,"bolussnooze":0,"activity":-0.0034,"lastBolusTime":1703191093987,"time":"2023-12-21T21:51:11.796Z"}},{"iob":0.223,"basaliob":-0.126,"bolussnooze":0,"activity":0.0029,"lastBolusTime":1703191093987,"time":"2023-12-21T21:56:11.796Z","iobWithZeroTemp":{"iob":-0.544,"basaliob":-0.893,"bolussnooze":0,"activity":-0.004,"lastBolusTime":1703191093987,"time":"2023-12-21T21:56:11.796Z"}},{"iob":0.209,"basaliob":-0.113,"bolussnooze":0,"activity":0.0029,"lastBolusTime":1703191093987,"time":"2023-12-21T22:01:11.796Z","iobWithZeroTemp":{"iob":-0.589,"basaliob":-0.911,"bolussnooze":0,"activity":-0.0045,"lastBolusTime":1703191093987,"time":"2023-12-21T22:01:11.796Z"}},{"iob":0.194,"basaliob":-0.102,"bolussnooze":0,"activity":0.0028,"lastBolusTime":1703191093987,"time":"2023-12-21T22:06:11.796Z","iobWithZeroTemp":{"iob":-0.632,"basaliob":-0.928,"bolussnooze":0,"activity":-0.005,"lastBolusTime":1703191093987,"time":"2023-12-21T22:06:11.796Z"}},{"iob":0.181,"basaliob":-0.091,"bolussnooze":0,"activity":0.0027,"lastBolusTime":1703191093987,"time":"2023-12-21T22:11:11.796Z","iobWithZeroTemp":{"iob":-0.672,"basaliob":-0.944,"bolussnooze":0,"activity":-0.0056,"lastBolusTime":1703191093987,"time":"2023-12-21T22:11:11.796Z"}},{"iob":0.169,"basaliob":-0.081,"bolussnooze":0,"activity":0.0025,"lastBolusTime":1703191093987,"time":"2023-12-21T22:16:11.796Z","iobWithZeroTemp":{"iob":-0.708,"basaliob":-0.958,"bolussnooze":0,"activity":-0.0062,"lastBolusTime":1703191093987,"time":"2023-12-21T22:16:11.796Z"}},{"iob":0.155,"basaliob":-0.073,"bolussnooze":0,"activity":0.0024,"lastBolusTime":1703191093987,"time":"2023-12-21T22:21:11.796Z","iobWithZeroTemp":{"iob":-0.745,"basaliob":-0.973,"bolussnooze":0,"activity":-0.0067,"lastBolusTime":1703191093987,"time":"2023-12-21T22:21:11.796Z"}},{"iob":0.143,"basaliob":-0.065,"bolussnooze":0,"activity":0.0023,"lastBolusTime":1703191093987,"time":"2023-12-21T22:26:11.796Z","iobWithZeroTemp":{"iob":-0.777,"basaliob":-0.985,"bolussnooze":0,"activity":-0.0071,"lastBolusTime":1703191093987,"time":"2023-12-21T22:26:11.796Z"}},{"iob":0.133,"basaliob":-0.057,"bolussnooze":0,"activity":0.0022,"lastBolusTime":1703191093987,"time":"2023-12-21T22:31:11.796Z","iobWithZeroTemp":{"iob":-0.806,"basaliob":-0.996,"bolussnooze":0,"activity":-0.0076,"lastBolusTime":1703191093987,"time":"2023-12-21T22:31:11.796Z"}},{"iob":0.122,"basaliob":-0.051,"bolussnooze":0,"activity":0.002,"lastBolusTime":1703191093987,"time":"2023-12-21T22:36:11.796Z","iobWithZeroTemp":{"iob":-0.834,"basaliob":-1.007,"bolussnooze":0,"activity":-0.0081,"lastBolusTime":1703191093987,"time":"2023-12-21T22:36:11.796Z"}},{"iob":0.112,"basaliob":-0.045,"bolussnooze":0,"activity":0.002,"lastBolusTime":1703191093987,"time":"2023-12-21T22:41:11.796Z","iobWithZeroTemp":{"iob":-0.86,"basaliob":-1.017,"bolussnooze":0,"activity":-0.0084,"lastBolusTime":1703191093987,"time":"2023-12-21T22:41:11.796Z"}},{"iob":0.103,"basaliob":-0.039,"bolussnooze":0,"activity":0.0018,"lastBolusTime":1703191093987,"time":"2023-12-21T22:46:11.796Z","iobWithZeroTemp":{"iob":-0.883,"basaliob":-1.025,"bolussnooze":0,"activity":-0.0088,"lastBolusTime":1703191093987,"time":"2023-12-21T22:46:11.796Z"}},{"iob":0.094,"basaliob":-0.035,"bolussnooze":0,"activity":0.0017,"lastBolusTime":1703191093987,"time":"2023-12-21T22:51:11.796Z","iobWithZeroTemp":{"iob":-0.905,"basaliob":-1.034,"bolussnooze":0,"activity":-0.0092,"lastBolusTime":1703191093987,"time":"2023-12-21T22:51:11.796Z"}},{"iob":0.086,"basaliob":-0.03,"bolussnooze":0,"activity":0.0016,"lastBolusTime":1703191093987,"time":"2023-12-21T22:56:11.796Z","iobWithZeroTemp":{"iob":-0.924,"basaliob":-1.04,"bolussnooze":0,"activity":-0.0095,"lastBolusTime":1703191093987,"time":"2023-12-21T22:56:11.796Z"}},{"iob":0.079,"basaliob":-0.026,"bolussnooze":0,"activity":0.0015,"lastBolusTime":1703191093987,"time":"2023-12-21T23:01:11.796Z","iobWithZeroTemp":{"iob":-0.942,"basaliob":-1.047,"bolussnooze":0,"activity":-0.0098,"lastBolusTime":1703191093987,"time":"2023-12-21T23:01:11.796Z"}},{"iob":0.071,"basaliob":-0.023,"bolussnooze":0,"activity":0.0013,"lastBolusTime":1703191093987,"time":"2023-12-21T23:06:11.796Z","iobWithZeroTemp":{"iob":-0.951,"basaliob":-1.045,"bolussnooze":0,"activity":-0.0102,"lastBolusTime":1703191093987,"time":"2023-12-21T23:06:11.796Z"}},{"iob":0.064,"basaliob":-0.02,"bolussnooze":0,"activity":0.0012,"lastBolusTime":1703191093987,"time":"2023-12-21T23:11:11.796Z","iobWithZeroTemp":{"iob":-0.958,"basaliob":-1.042,"bolussnooze":0,"activity":-0.0105,"lastBolusTime":1703191093987,"time":"2023-12-21T23:11:11.796Z"}},{"iob":0.059,"basaliob":-0.017,"bolussnooze":0,"activity":0.0012,"lastBolusTime":1703191093987,"time":"2023-12-21T23:16:11.796Z","iobWithZeroTemp":{"iob":-0.963,"basaliob":-1.039,"bolussnooze":0,"activity":-0.0106,"lastBolusTime":1703191093987,"time":"2023-12-21T23:16:11.796Z"}},{"iob":0.053,"basaliob":-0.015,"bolussnooze":0,"activity":0.001,"lastBolusTime":1703191093987,"time":"2023-12-21T23:21:11.796Z","iobWithZeroTemp":{"iob":-0.968,"basaliob":-1.036,"bolussnooze":0,"activity":-0.0109,"lastBolusTime":1703191093987,"time":"2023-12-21T23:21:11.796Z"}},{"iob":0.047,"basaliob":-0.013,"bolussnooze":0,"activity":0.001,"lastBolusTime":1703191093987,"time":"2023-12-21T23:26:11.796Z","iobWithZeroTemp":{"iob":-0.973,"basaliob":-1.033,"bolussnooze":0,"activity":-0.011,"lastBolusTime":1703191093987,"time":"2023-12-21T23:26:11.796Z"}},{"iob":0.043,"basaliob":-0.011,"bolussnooze":0,"activity":9.0E-4,"lastBolusTime":1703191093987,"time":"2023-12-21T23:31:11.796Z","iobWithZeroTemp":{"iob":-0.975,"basaliob":-1.029,"bolussnooze":0,"activity":-0.0111,"lastBolusTime":1703191093987,"time":"2023-12-21T23:31:11.796Z"}},{"iob":0.039,"basaliob":-0.009,"bolussnooze":0,"activity":8.0E-4,"lastBolusTime":1703191093987,"time":"2023-12-21T23:36:11.796Z","iobWithZeroTemp":{"iob":-0.977,"basaliob":-1.025,"bolussnooze":0,"activity":-0.0113,"lastBolusTime":1703191093987,"time":"2023-12-21T23:36:11.796Z"}},{"iob":0.035,"basaliob":-0.007,"bolussnooze":0,"activity":7.0E-4,"lastBolusTime":1703191093987,"time":"2023-12-21T23:41:11.796Z","iobWithZeroTemp":{"iob":-0.979,"basaliob":-1.021,"bolussnooze":0,"activity":-0.0114,"lastBolusTime":1703191093987,"time":"2023-12-21T23:41:11.796Z"}},{"iob":0.032,"basaliob":-0.006,"bolussnooze":0,"activity":7.0E-4,"lastBolusTime":1703191093987,"time":"2023-12-21T23:46:11.796Z","iobWithZeroTemp":{"iob":-0.98,"basaliob":-1.018,"bolussnooze":0,"activity":-0.0114,"lastBolusTime":1703191093987,"time":"2023-12-21T23:46:11.796Z"}},{"iob":0.028,"basaliob":-0.005,"bolussnooze":0,"activity":6.0E-4,"lastBolusTime":1703191093987,"time":"2023-12-21T23:51:11.796Z","iobWithZeroTemp":{"iob":-0.982,"basaliob":-1.015,"bolussnooze":0,"activity":-0.0116,"lastBolusTime":1703191093987,"time":"2023-12-21T23:51:11.796Z"}},{"iob":0.025,"basaliob":-0.004,"bolussnooze":0,"activity":6.0E-4,"lastBolusTime":1703191093987,"time":"2023-12-21T23:56:11.796Z","iobWithZeroTemp":{"iob":-0.982,"basaliob":-1.011,"bolussnooze":0,"activity":-0.0116,"lastBolusTime":1703191093987,"time":"2023-12-21T23:56:11.796Z"}},{"iob":0.023,"basaliob":-0.003,"bolussnooze":0,"activity":6.0E-4,"lastBolusTime":1703191093987,"time":"2023-12-22T00:01:11.796Z","iobWithZeroTemp":{"iob":-0.982,"basaliob":-1.008,"bolussnooze":0,"activity":-0.0116,"lastBolusTime":1703191093987,"time":"2023-12-22T00:01:11.796Z"}},{"iob":0.019,"basaliob":-0.003,"bolussnooze":0,"activity":5.0E-4,"lastBolusTime":1703191093987,"time":"2023-12-22T00:06:11.796Z","iobWithZeroTemp":{"iob":-0.983,"basaliob":-1.005,"bolussnooze":0,"activity":-0.0117,"lastBolusTime":1703191093987,"time":"2023-12-22T00:06:11.796Z"}},{"iob":0.017,"basaliob":-0.002,"bolussnooze":0,"activity":4.0E-4,"lastBolusTime":1703191093987,"time":"2023-12-22T00:11:11.796Z","iobWithZeroTemp":{"iob":-0.983,"basaliob":-1.002,"bolussnooze":0,"activity":-0.0117,"lastBolusTime":1703191093987,"time":"2023-12-22T00:11:11.796Z"}},{"iob":0.015,"basaliob":-0.002,"bolussnooze":0,"activity":4.0E-4,"lastBolusTime":1703191093987,"time":"2023-12-22T00:16:11.796Z","iobWithZeroTemp":{"iob":-0.983,"basaliob":-1,"bolussnooze":0,"activity":-0.0117,"lastBolusTime":1703191093987,"time":"2023-12-22T00:16:11.796Z"}},{"iob":0.014,"basaliob":-0.001,"bolussnooze":0,"activity":3.0E-4,"lastBolusTime":1703191093987,"time":"2023-12-22T00:21:11.796Z","iobWithZeroTemp":{"iob":-0.981,"basaliob":-0.996,"bolussnooze":0,"activity":-0.0118,"lastBolusTime":1703191093987,"time":"2023-12-22T00:21:11.796Z"}},{"iob":0.012,"basaliob":-0.001,"bolussnooze":0,"activity":3.0E-4,"lastBolusTime":1703191093987,"time":"2023-12-22T00:26:11.796Z","iobWithZeroTemp":{"iob":-0.981,"basaliob":-0.994,"bolussnooze":0,"activity":-0.0118,"lastBolusTime":1703191093987,"time":"2023-12-22T00:26:11.796Z"}},{"iob":0.01,"basaliob":-0.001,"bolussnooze":0,"activity":3.0E-4,"lastBolusTime":1703191093987,"time":"2023-12-22T00:31:11.796Z","iobWithZeroTemp":{"iob":-0.981,"basaliob":-0.992,"bolussnooze":0,"activity":-0.0118,"lastBolusTime":1703191093987,"time":"2023-12-22T00:31:11.796Z"}},{"iob":0.009,"basaliob":0,"bolussnooze":0,"activity":3.0E-4,"lastBolusTime":1703191093987,"time":"2023-12-22T00:36:11.796Z","iobWithZeroTemp":{"iob":-0.98,"basaliob":-0.989,"bolussnooze":0,"activity":-0.0118,"lastBolusTime":1703191093987,"time":"2023-12-22T00:36:11.796Z"}}],"profile":{"max_iob":7,"type":"current","max_daily_basal":0.8,"max_basal":5,"min_bg":80,"max_bg":90,"target_bg":85,"carb_ratio":14,"sens":57,"max_daily_safety_multiplier":9,"current_basal_safety_multiplier":8,"lgsThreshold":65,"high_temptarget_raises_sensitivity":false,"low_temptarget_lowers_sensitivity":false,"sensitivity_raises_target":false,"resistance_lowers_target":false,"adv_target_adjustments":false,"exercise_mode":false,"half_basal_exercise_target":160,"maxCOB":120,"skip_neutral_temps":false,"remainingCarbsCap":90,"enableUAM":true,"A52_risk_enable":false,"SMBInterval":3,"enableSMB_with_COB":true,"enableSMB_with_temptarget":true,"allowSMB_with_high_temptarget":true,"enableSMB_always":true,"enableSMB_after_carbs":true,"maxSMBBasalMinutes":120,"maxUAMSMBBasalMinutes":90,"bolus_increment":0.05,"carbsReqThreshold":5,"current_basal":0.8,"temptargetSet":false,"autosens_max":1.6,"autosens_min":0.6,"variable_sens":76.7,"insulinDivisor":75,"TDD":20.107570238095242},"autosens_data":{"ratio":0.9505765605943011},"meal_data":{"carbs":0,"mealCOB":0,"slopeFromMaxDeviation":-0.3860000000000001,"slopeFromMinDeviation":0.38825,"lastBolusTime":1703191093987,"lastCarbTime":0},"microBolusAllowed":true,"currentTime":1703191273463,"flatBGsDetected":false,"tdd1D":20.662500000000005,"tdd7D":21.47380952380953,"tddLast24H":20.41250000000001,"tddLast4H":3.166666666666667,"tddLast8to4H":2.691666666666666},"output":{"temp":"absolute","bg":166,"tick":"+2","eventualBG":148,"targetBG":85,"insulinReq":0.82,"deliverAt":"2023-12-21T20:41:13.463Z","sensitivityRatio":0.9505765605943011,"variable_sens":76.7,"predBGs":{"IOB":[166,168,169,170,170,170,170,169,169,168,167,166,165,163,162,161,160,159,158,157,156,155,154,153,152,151,151,150,149,149,148,148,147,147,146,146,146,145,145,145,145,144,144,144,144,144,144,143],"ZT":[166,168,170,170,171,171,172,172,172,172,173,173]},"reason":"COB: 0, Dev: 5, BGI: 2, ISF: 77, CR: 14, Target: 85, minPredBG 156, minGuardBG 143, IOBpredBG 143; Eventual BG 148 >= 90,  insulinReq 0.82. Waiting 0m 0s to microbolus again. temp 3.75 >~ req 2.4U\/hr. ","COB":0,"IOB":0.3,"timestamp":"2023-12-21T20:41:13.480Z"}}