{"algorithm":"OpenAPSSMBDynamicISFPlugin","input":{"glucoseStatus":{"glucose":142,"noise":0,"delta":3,"short_avgdelta":2.5,"long_avgdelta":1.61,"date":1703189437000},"currenttemp":{"temp":"absolute","duration":25,"rate":1.15,"minutesrunning":5},"iob_data":[{"iob":1.398,"basaliob":-0.69,"bolussnooze":0.9944,"activity":0.016,"lastBolusTime":1703189276155,"time":"2023-12-21T20:11:05.778Z","iobWithZeroTemp":{"iob":1.398,"basaliob":-0.69,"bolussnooze":0.9944,"activity":0.016,"lastBolusTime":1703189276155,"time":"2023-12-21T20:11:05.778Z"}},{"iob":1.318,"basaliob":-0.652,"bolussnooze":0.8785,"activity":0.016,"lastBolusTime":1703189276155,"time":"2023-12-21T20:16:05.778Z","iobWithZeroTemp":{"iob":1.265,"basaliob":-0.705,"bolussnooze":0.8785,"activity":0.0159,"lastBolusTime":1703189276155,"time":"2023-12-21T20:16:05.778Z"}},{"iob":1.239,"basaliob":-0.614,"bolussnooze":0.7659,"activity":0.0159,"lastBolusTime":1703189276155,"time":"2023-12-21T20:21:05.778Z","iobWithZeroTemp":{"iob":1.12,"basaliob":-0.733,"bolussnooze":0.7659,"activity":0.0157,"lastBolusTime":1703189276155,"time":"2023-12-21T20:21:05.778Z"}},{"iob":1.159,"basaliob":-0.577,"bolussnooze":0.6602,"activity":0.0156,"lastBolusTime":1703189276155,"time":"2023-12-21T20:26:05.778Z","iobWithZeroTemp":{"iob":0.975,"basaliob":-0.761,"bolussnooze":0.6602,"activity":0.015,"lastBolusTime":1703189276155,"time":"2023-12-21T20:26:05.778Z"}},{"iob":1.082,"basaliob":-0.54,"bolussnooze":0.5633,"activity":0.0152,"lastBolusTime":1703189276155,"time":"2023-12-21T20:31:05.778Z","iobWithZeroTemp":{"iob":0.835,"basaliob":-0.787,"bolussnooze":0.5633,"activity":0.0142,"lastBolusTime":1703189276155,"time":"2023-12-21T20:31:05.778Z"}},{"iob":1.008,"basaliob":-0.503,"bolussnooze":0.4762,"activity":0.0147,"lastBolusTime":1703189276155,"time":"2023-12-21T20:36:05.778Z","iobWithZeroTemp":{"iob":0.7,"basaliob":-0.811,"bolussnooze":0.4762,"activity":0.0133,"lastBolusTime":1703189276155,"time":"2023-12-21T20:36:05.778Z"}},{"iob":0.936,"basaliob":-0.468,"bolussnooze":0.3992,"activity":0.0141,"lastBolusTime":1703189276155,"time":"2023-12-21T20:41:05.778Z","iobWithZeroTemp":{"iob":0.57,"basaliob":-0.834,"bolussnooze":0.3992,"activity":0.0122,"lastBolusTime":1703189276155,"time":"2023-12-21T20:41:05.778Z"}},{"iob":0.866,"basaliob":-0.435,"bolussnooze":0.3319,"activity":0.0135,"lastBolusTime":1703189276155,"time":"2023-12-21T20:46:05.778Z","iobWithZeroTemp":{"iob":0.444,"basaliob":-0.857,"bolussnooze":0.3319,"activity":0.011,"lastBolusTime":1703189276155,"time":"2023-12-21T20:46:05.778Z"}},{"iob":0.801,"basaliob":-0.402,"bolussnooze":0.2739,"activity":0.0129,"lastBolusTime":1703189276155,"time":"2023-12-21T20:51:05.778Z","iobWithZeroTemp":{"iob":0.326,"basaliob":-0.877,"bolussnooze":0.2739,"activity":0.0099,"lastBolusTime":1703189276155,"time":"2023-12-21T20:51:05.778Z"}},{"iob":0.737,"basaliob":-0.372,"bolussnooze":0.2242,"activity":0.0122,"lastBolusTime":1703189276155,"time":"2023-12-21T20:56:05.778Z","iobWithZeroTemp":{"iob":0.212,"basaliob":-0.897,"bolussnooze":0.2242,"activity":0.0086,"lastBolusTime":1703189276155,"time":"2023-12-21T20:56:05.778Z"}},{"iob":0.679,"basaliob":-0.342,"bolussnooze":0.1822,"activity":0.0115,"lastBolusTime":1703189276155,"time":"2023-12-21T21:01:05.778Z","iobWithZeroTemp":{"iob":0.107,"basaliob":-0.914,"bolussnooze":0.1822,"activity":0.0073,"lastBolusTime":1703189276155,"time":"2023-12-21T21:01:05.778Z"}},{"iob":0.623,"basaliob":-0.315,"bolussnooze":0.147,"activity":0.0109,"lastBolusTime":1703189276155,"time":"2023-12-21T21:06:05.778Z","iobWithZeroTemp":{"iob":0.006,"basaliob":-0.932,"bolussnooze":0.147,"activity":0.0062,"lastBolusTime":1703189276155,"time":"2023-12-21T21:06:05.778Z"}},{"iob":0.57,"basaliob":-0.289,"bolussnooze":0.1176,"activity":0.0102,"lastBolusTime":1703189276155,"time":"2023-12-21T21:11:05.778Z","iobWithZeroTemp":{"iob":-0.088,"basaliob":-0.947,"bolussnooze":0.1176,"activity":0.0049,"lastBolusTime":1703189276155,"time":"2023-12-21T21:11:05.778Z"}},{"iob":0.521,"basaliob":-0.265,"bolussnooze":0.0934,"activity":0.0095,"lastBolusTime":1703189276155,"time":"2023-12-21T21:16:05.778Z","iobWithZeroTemp":{"iob":-0.176,"basaliob":-0.962,"bolussnooze":0.0934,"activity":0.0036,"lastBolusTime":1703189276155,"time":"2023-12-21T21:16:05.778Z"}},{"iob":0.476,"basaliob":-0.242,"bolussnooze":0.0735,"activity":0.0088,"lastBolusTime":1703189276155,"time":"2023-12-21T21:21:05.778Z","iobWithZeroTemp":{"iob":-0.257,"basaliob":-0.975,"bolussnooze":0.0735,"activity":0.0024,"lastBolusTime":1703189276155,"time":"2023-12-21T21:21:05.778Z"}},{"iob":0.433,"basaliob":-0.221,"bolussnooze":0.0574,"activity":0.0082,"lastBolusTime":1703189276155,"time":"2023-12-21T21:26:05.778Z","iobWithZeroTemp":{"iob":-0.334,"basaliob":-0.988,"bolussnooze":0.0574,"activity":0.0013,"lastBolusTime":1703189276155,"time":"2023-12-21T21:26:05.778Z"}},{"iob":0.394,"basaliob":-0.201,"bolussnooze":0.0444,"activity":0.0076,"lastBolusTime":1703189276155,"time":"2023-12-21T21:31:05.778Z","iobWithZeroTemp":{"iob":-0.404,"basaliob":-0.999,"bolussnooze":0.0444,"activity":2.0E-4,"lastBolusTime":1703189276155,"time":"2023-12-21T21:31:05.778Z"}},{"iob":0.357,"basaliob":-0.183,"bolussnooze":0.0341,"activity":0.0071,"lastBolusTime":1703189276155,"time":"2023-12-21T21:36:05.778Z","iobWithZeroTemp":{"iob":-0.469,"basaliob":-1.009,"bolussnooze":0.0341,"activity":-7.0E-4,"lastBolusTime":1703189276155,"time":"2023-12-21T21:36:05.778Z"}},{"iob":0.323,"basaliob":-0.166,"bolussnooze":0.0259,"activity":0.0064,"lastBolusTime":1703189276155,"time":"2023-12-21T21:41:05.778Z","iobWithZeroTemp":{"iob":-0.53,"basaliob":-1.019,"bolussnooze":0.0259,"activity":-0.0019,"lastBolusTime":1703189276155,"time":"2023-12-21T21:41:05.778Z"}},{"iob":0.292,"basaliob":-0.15,"bolussnooze":0.0196,"activity":0.006,"lastBolusTime":1703189276155,"time":"2023-12-21T21:46:05.778Z","iobWithZeroTemp":{"iob":-0.585,"basaliob":-1.027,"bolussnooze":0.0196,"activity":-0.0027,"lastBolusTime":1703189276155,"time":"2023-12-21T21:46:05.778Z"}},{"iob":0.263,"basaliob":-0.136,"bolussnooze":0.0147,"activity":0.0055,"lastBolusTime":1703189276155,"time":"2023-12-21T21:51:05.778Z","iobWithZeroTemp":{"iob":-0.637,"basaliob":-1.036,"bolussnooze":0.0147,"activity":-0.0036,"lastBolusTime":1703189276155,"time":"2023-12-21T21:51:05.778Z"}},{"iob":0.237,"basaliob":-0.122,"bolussnooze":0.0109,"activity":0.0051,"lastBolusTime":1703189276155,"time":"2023-12-21T21:56:05.778Z","iobWithZeroTemp":{"iob":-0.683,"basaliob":-1.042,"bolussnooze":0.0109,"activity":-0.0043,"lastBolusTime":1703189276155,"time":"2023-12-21T21:56:05.778Z"}},{"iob":0.213,"basaliob":-0.11,"bolussnooze":0.008,"activity":0.0046,"lastBolusTime":1703189276155,"time":"2023-12-21T22:01:05.778Z","iobWithZeroTemp":{"iob":-0.726,"basaliob":-1.049,"bolussnooze":0.008,"activity":-0.0052,"lastBolusTime":1703189276155,"time":"2023-12-21T22:01:05.778Z"}},{"iob":0.191,"basaliob":-0.099,"bolussnooze":0.0058,"activity":0.0042,"lastBolusTime":1703189276155,"time":"2023-12-21T22:06:05.778Z","iobWithZeroTemp":{"iob":-0.765,"basaliob":-1.055,"bolussnooze":0.0058,"activity":-0.0059,"lastBolusTime":1703189276155,"time":"2023-12-21T22:06:05.778Z"}},{"iob":0.171,"basaliob":-0.089,"bolussnooze":0.0041,"activity":0.0038,"lastBolusTime":1703189276155,"time":"2023-12-21T22:11:05.778Z","iobWithZeroTemp":{"iob":-0.801,"basaliob":-1.061,"bolussnooze":0.0041,"activity":-0.0066,"lastBolusTime":1703189276155,"time":"2023-12-21T22:11:05.778Z"}},{"iob":0.153,"basaliob":-0.079,"bolussnooze":0.0029,"activity":0.0035,"lastBolusTime":1703189276155,"time":"2023-12-21T22:16:05.778Z","iobWithZeroTemp":{"iob":-0.833,"basaliob":-1.065,"bolussnooze":0.0029,"activity":-0.0071,"lastBolusTime":1703189276155,"time":"2023-12-21T22:16:05.778Z"}},{"iob":0.136,"basaliob":-0.071,"bolussnooze":0.0019,"activity":0.0032,"lastBolusTime":1703189276155,"time":"2023-12-21T22:21:05.778Z","iobWithZeroTemp":{"iob":-0.863,"basaliob":-1.07,"bolussnooze":0.0019,"activity":-0.0077,"lastBolusTime":1703189276155,"time":"2023-12-21T22:21:05.778Z"}},{"iob":0.121,"basaliob":-0.063,"bolussnooze":0.0012,"activity":0.0029,"lastBolusTime":1703189276155,"time":"2023-12-21T22:26:05.778Z","iobWithZeroTemp":{"iob":-0.889,"basaliob":-1.073,"bolussnooze":0.0012,"activity":-0.0082,"lastBolusTime":1703189276155,"time":"2023-12-21T22:26:05.778Z"}},{"iob":0.107,"basaliob":-0.056,"bolussnooze":7.0E-4,"activity":0.0026,"lastBolusTime":1703189276155,"time":"2023-12-21T22:31:05.778Z","iobWithZeroTemp":{"iob":-0.914,"basaliob":-1.077,"bolussnooze":7.0E-4,"activity":-0.0087,"lastBolusTime":1703189276155,"time":"2023-12-21T22:31:05.778Z"}},{"iob":0.095,"basaliob":-0.05,"bolussnooze":4.0E-4,"activity":0.0024,"lastBolusTime":1703189276155,"time":"2023-12-21T22:36:05.778Z","iobWithZeroTemp":{"iob":-0.935,"basaliob":-1.08,"bolussnooze":4.0E-4,"activity":-0.0091,"lastBolusTime":1703189276155,"time":"2023-12-21T22:36:05.778Z"}},{"iob":0.084,"basaliob":-0.044,"bolussnooze":2.0E-4,"activity":0.0021,"lastBolusTime":1703189276155,"time":"2023-12-21T22:41:05.778Z","iobWithZeroTemp":{"iob":-0.955,"basaliob":-1.083,"bolussnooze":2.0E-4,"activity":-0.0096,"lastBolusTime":1703189276155,"time":"2023-12-21T22:41:05.778Z"}},{"iob":0.073,"basaliob":-0.039,"bolussnooze":1.0E-4,"activity":0.0019,"lastBolusTime":1703189276155,"time":"2023-12-21T22:46:05.778Z","iobWithZeroTemp":{"iob":-0.974,"basaliob":-1.086,"bolussnooze":1.0E-4,"activity":-0.01,"lastBolusTime":1703189276155,"time":"2023-12-21T22:46:05.778Z"}},{"iob":0.065,"basaliob":-0.034,"bolussnooze":0,"activity":0.0017,"lastBolusTime":1703189276155,"time":"2023-12-21T22:51:05.778Z","iobWithZeroTemp":{"iob":-0.989,"basaliob":-1.088,"bolussnooze":0,"activity":-0.0103,"lastBolusTime":1703189276155,"time":"2023-12-21T22:51:05.778Z"}},{"iob":0.056,"basaliob":-0.03,"bolussnooze":0,"activity":0.0015,"lastBolusTime":1703189276155,"time":"2023-12-21T22:56:05.778Z","iobWithZeroTemp":{"iob":-1.004,"basaliob":-1.09,"bolussnooze":0,"activity":-0.0107,"lastBolusTime":1703189276155,"time":"2023-12-21T22:56:05.778Z"}},{"iob":0.049,"basaliob":-0.026,"bolussnooze":0,"activity":0.0014,"lastBolusTime":1703189276155,"time":"2023-12-21T23:01:05.778Z","iobWithZeroTemp":{"iob":-1.016,"basaliob":-1.091,"bolussnooze":0,"activity":-0.0109,"lastBolusTime":1703189276155,"time":"2023-12-21T23:01:05.778Z"}},{"iob":0.043,"basaliob":-0.023,"bolussnooze":0,"activity":0.0013,"lastBolusTime":1703189276155,"time":"2023-12-21T23:06:05.778Z","iobWithZeroTemp":{"iob":-1.019,"basaliob":-1.085,"bolussnooze":0,"activity":-0.0111,"lastBolusTime":1703189276155,"time":"2023-12-21T23:06:05.778Z"}},{"iob":0.037,"basaliob":-0.02,"bolussnooze":0,"activity":0.001,"lastBolusTime":1703189276155,"time":"2023-12-21T23:11:05.778Z","iobWithZeroTemp":{"iob":-1.021,"basaliob":-1.078,"bolussnooze":0,"activity":-0.0115,"lastBolusTime":1703189276155,"time":"2023-12-21T23:11:05.778Z"}},{"iob":0.032,"basaliob":-0.017,"bolussnooze":0,"activity":0.001,"lastBolusTime":1703189276155,"time":"2023-12-21T23:16:05.778Z","iobWithZeroTemp":{"iob":-1.022,"basaliob":-1.071,"bolussnooze":0,"activity":-0.0115,"lastBolusTime":1703189276155,"time":"2023-12-21T23:16:05.778Z"}},{"iob":0.027,"basaliob":-0.015,"bolussnooze":0,"activity":9.0E-4,"lastBolusTime":1703189276155,"time":"2023-12-21T23:21:05.778Z","iobWithZeroTemp":{"iob":-1.023,"basaliob":-1.065,"bolussnooze":0,"activity":-0.0117,"lastBolusTime":1703189276155,"time":"2023-12-21T23:21:05.778Z"}},{"iob":0.023,"basaliob":-0.013,"bolussnooze":0,"activity":7.0E-4,"lastBolusTime":1703189276155,"time":"2023-12-21T23:26:05.778Z","iobWithZeroTemp":{"iob":-1.022,"basaliob":-1.058,"bolussnooze":0,"activity":-0.0119,"lastBolusTime":1703189276155,"time":"2023-12-21T23:26:05.778Z"}},{"iob":0.02,"basaliob":-0.011,"bolussnooze":0,"activity":6.0E-4,"lastBolusTime":1703189276155,"time":"2023-12-21T23:31:05.778Z","iobWithZeroTemp":{"iob":-1.021,"basaliob":-1.052,"bolussnooze":0,"activity":-0.012,"lastBolusTime":1703189276155,"time":"2023-12-21T23:31:05.778Z"}},{"iob":0.017,"basaliob":-0.009,"bolussnooze":0,"activity":6.0E-4,"lastBolusTime":1703189276155,"time":"2023-12-21T23:36:05.778Z","iobWithZeroTemp":{"iob":-1.019,"basaliob":-1.045,"bolussnooze":0,"activity":-0.012,"lastBolusTime":1703189276155,"time":"2023-12-21T23:36:05.778Z"}},{"iob":0.014,"basaliob":-0.008,"bolussnooze":0,"activity":5.0E-4,"lastBolusTime":1703189276155,"time":"2023-12-21T23:41:05.778Z","iobWithZeroTemp":{"iob":-1.018,"basaliob":-1.04,"bolussnooze":0,"activity":-0.0121,"lastBolusTime":1703189276155,"time":"2023-12-21T23:41:05.778Z"}},{"iob":0.012,"basaliob":-0.006,"bolussnooze":0,"activity":5.0E-4,"lastBolusTime":1703189276155,"time":"2023-12-21T23:46:05.778Z","iobWithZeroTemp":{"iob":-1.015,"basaliob":-1.033,"bolussnooze":0,"activity":-0.012,"lastBolusTime":1703189276155,"time":"2023-12-21T23:46:05.778Z"}},{"iob":0.01,"basaliob":-0.005,"bolussnooze":0,"activity":4.0E-4,"lastBolusTime":1703189276155,"time":"2023-12-21T23:51:05.778Z","iobWithZeroTemp":{"iob":-1.013,"basaliob":-1.028,"bolussnooze":0,"activity":-0.0121,"lastBolusTime":1703189276155,"time":"2023-12-21T23:51:05.778Z"}},{"iob":0.009,"basaliob":-0.004,"bolussnooze":0,"activity":3.0E-4,"lastBolusTime":1703189276155,"time":"2023-12-21T23:56:05.778Z","iobWithZeroTemp":{"iob":-1.01,"basaliob":-1.023,"bolussnooze":0,"activity":-0.0122,"lastBolusTime":1703189276155,"time":"2023-12-21T23:56:05.778Z"}},{"iob":0.006,"basaliob":-0.004,"bolussnooze":0,"activity":3.0E-4,"lastBolusTime":1703189276155,"time":"2023-12-22T00:01:05.778Z","iobWithZeroTemp":{"iob":-1.009,"basaliob":-1.019,"bolussnooze":0,"activity":-0.0122,"lastBolusTime":1703189276155,"time":"2023-12-22T00:01:05.778Z"}},{"iob":0.006,"basaliob":-0.003,"bolussnooze":0,"activity":3.0E-4,"lastBolusTime":1703189276155,"time":"2023-12-22T00:06:05.778Z","iobWithZeroTemp":{"iob":-1.005,"basaliob":-1.014,"bolussnooze":0,"activity":-0.0121,"lastBolusTime":1703189276155,"time":"2023-12-22T00:06:05.778Z"}}],"profile":{"max_iob":7,"type":"current","max_daily_basal":0.8,"max_basal":5,"min_bg":80,"max_bg":90,"target_bg":85,"carb_ratio":14,"sens":57,"max_daily_safety_multiplier":9,"current_basal_safety_multiplier":8,"lgsThreshold":65,"high_temptarget_raises_sensitivity":false,"low_temptarget_lowers_sensitivity":false,"sensitivity_raises_target":false,"resistance_lowers_target":false,"adv_target_adjustments":false,"exercise_mode":false,"half_basal_exercise_target":160,"maxCOB":120,"skip_neutral_temps":false,"remainingCarbsCap":90,"enableUAM":true,"A52_risk_enable":false,"SMBInterval":3,"enableSMB_with_COB":true,"enableSMB_with_temptarget":true,"allowSMB_with_high_temptarget":true,"enableSMB_always":true,"enableSMB_after_carbs":true,"maxSMBBasalMinutes":120,"maxUAMSMBBasalMinutes":90,"bolus_increment":0.05,"carbsReqThreshold":5,"current_basal":0.8,"temptargetSet":false,"autosens_max":1.6,"autosens_min":0.6,"variable_sens":72.6,"insulinDivisor":75,"TDD":23.32919523809524},"autosens_data":{"ratio":1.0893114535979596},"meal_data":{"carbs":0,"mealCOB":0,"slopeFromMaxDeviation":-0.5685714285714285,"slopeFromMinDeviation":0.2212727272727272,"lastBolusTime":1703189276155,"lastCarbTime":0},"microBolusAllowed":true,"currentTime":1703189467688,"flatBGsDetected":false,"tdd1D":20.662500000000005,"tdd7D":21.47380952380953,"tddLast24H":23.391666666666666,"tddLast4H":5.5375,"tddLast8to4H":2.583333333333333},"output":{"temp":"absolute","bg":142,"tick":"+3","eventualBG":91,"targetBG":85,"insulinReq":-0.07,"deliverAt":"2023-12-21T20:11:07.688Z","sensitivityRatio":1.0893114535979596,"variable_sens":72.6,"predBGs":{"IOB":[142,144,145,145,145,145,144,142,140,137,134,131,126,122,119,115,112,108,105,103,100,97,95,93,91,89,87,86,84,83,82,80,79,79,78,77,76,76,75,75,74,74,74,73,73,73,73,72],"ZT":[142,136,130,124,118,113,107,102,97,92,88,84,81,79,77,75,75,74,75,76,77,79,82,84],"UAM":[142,144,145,146,147,147,146,146,145,143,141,139,137,134,130,127,124,121,118,115,113,111,108,106,105,103,101,100,99,97,96,95,94,94,93,92,92,91,91,90,90,90,89,89,89,89,88]},"reason":"COB: 0, Dev: 50, BGI: -6, ISF: 73, CR: 14, Target: 85, minPredBG 80, minGuardBG 88, IOBpredBG 72, UAMpredBG 88; Eventual BG 91 >= 90,  insulinReq -0.07; setting 30m low temp of 0.84U\/h. ","COB":0,"IOB":1.398,"rate":0.84,"duration":30,"timestamp":"2023-12-21T20:11:07.703Z"}}