{"algorithm":"OpenAPSSMBDynamicISFPlugin","input":{"glucoseStatus":{"glucose":101,"noise":0,"delta":0,"short_avgdelta":0.11,"long_avgdelta":0.75,"date":1703174137000},"currenttemp":{"temp":"absolute","duration":15,"rate":0.8,"minutesrunning":15},"iob_data":[{"iob":0.174,"basaliob":-0.077,"bolussnooze":0.0284,"activity":0.0017,"lastBolusTime":1703172077902,"time":"2023-12-21T15:55:59.594Z","iobWithZeroTemp":{"iob":0.174,"basaliob":-0.077,"bolussnooze":0.0284,"activity":0.0017,"lastBolusTime":1703172077902,"time":"2023-12-21T15:55:59.594Z"}},{"iob":0.164,"basaliob":-0.068,"bolussnooze":0.0225,"activity":0.0018,"lastBolusTime":1703172077902,"time":"2023-12-21T16:00:59.594Z","iobWithZeroTemp":{"iob":0.117,"basaliob":-0.115,"bolussnooze":0.0225,"activity":0.0018,"lastBolusTime":1703172077902,"time":"2023-12-21T16:00:59.594Z"}},{"iob":0.156,"basaliob":-0.059,"bolussnooze":0.0177,"activity":0.0018,"lastBolusTime":1703172077902,"time":"2023-12-21T16:05:59.594Z","iobWithZeroTemp":{"iob":0.052,"basaliob":-0.163,"bolussnooze":0.0177,"activity":0.0016,"lastBolusTime":1703172077902,"time":"2023-12-21T16:05:59.594Z"}},{"iob":0.146,"basaliob":-0.052,"bolussnooze":0.0137,"activity":0.0018,"lastBolusTime":1703172077902,"time":"2023-12-21T16:10:59.594Z","iobWithZeroTemp":{"iob":-0.015,"basaliob":-0.213,"bolussnooze":0.0137,"activity":0.0013,"lastBolusTime":1703172077902,"time":"2023-12-21T16:10:59.594Z"}},{"iob":0.138,"basaliob":-0.045,"bolussnooze":0.0105,"activity":0.0018,"lastBolusTime":1703172077902,"time":"2023-12-21T16:15:59.594Z","iobWithZeroTemp":{"iob":-0.078,"basaliob":-0.261,"bolussnooze":0.0105,"activity":0.001,"lastBolusTime":1703172077902,"time":"2023-12-21T16:15:59.594Z"}},{"iob":0.129,"basaliob":-0.039,"bolussnooze":0.008,"activity":0.0018,"lastBolusTime":1703172077902,"time":"2023-12-21T16:20:59.594Z","iobWithZeroTemp":{"iob":-0.14,"basaliob":-0.308,"bolussnooze":0.008,"activity":6.0E-4,"lastBolusTime":1703172077902,"time":"2023-12-21T16:20:59.594Z"}},{"iob":0.12,"basaliob":-0.034,"bolussnooze":0.0059,"activity":0.0017,"lastBolusTime":1703172077902,"time":"2023-12-21T16:25:59.594Z","iobWithZeroTemp":{"iob":-0.2,"basaliob":-0.354,"bolussnooze":0.0059,"activity":0,"lastBolusTime":1703172077902,"time":"2023-12-21T16:25:59.594Z"}},{"iob":0.112,"basaliob":-0.029,"bolussnooze":0.0043,"activity":0.0016,"lastBolusTime":1703172077902,"time":"2023-12-21T16:30:59.594Z","iobWithZeroTemp":{"iob":-0.257,"basaliob":-0.398,"bolussnooze":0.0043,"activity":-6.0E-4,"lastBolusTime":1703172077902,"time":"2023-12-21T16:30:59.594Z"}},{"iob":0.104,"basaliob":-0.025,"bolussnooze":0.0031,"activity":0.0016,"lastBolusTime":1703172077902,"time":"2023-12-21T16:35:59.594Z","iobWithZeroTemp":{"iob":-0.312,"basaliob":-0.441,"bolussnooze":0.0031,"activity":-0.0011,"lastBolusTime":1703172077902,"time":"2023-12-21T16:35:59.594Z"}},{"iob":0.096,"basaliob":-0.021,"bolussnooze":0.0021,"activity":0.0015,"lastBolusTime":1703172077902,"time":"2023-12-21T16:40:59.594Z","iobWithZeroTemp":{"iob":-0.363,"basaliob":-0.48,"bolussnooze":0.0021,"activity":-0.0017,"lastBolusTime":1703172077902,"time":"2023-12-21T16:40:59.594Z"}},{"iob":0.089,"basaliob":-0.018,"bolussnooze":0.0014,"activity":0.0014,"lastBolusTime":1703172077902,"time":"2023-12-21T16:45:59.594Z","iobWithZeroTemp":{"iob":-0.412,"basaliob":-0.519,"bolussnooze":0.0014,"activity":-0.0023,"lastBolusTime":1703172077902,"time":"2023-12-21T16:45:59.594Z"}},{"iob":0.082,"basaliob":-0.015,"bolussnooze":9.0E-4,"activity":0.0014,"lastBolusTime":1703172077902,"time":"2023-12-21T16:50:59.594Z","iobWithZeroTemp":{"iob":-0.458,"basaliob":-0.555,"bolussnooze":9.0E-4,"activity":-0.0028,"lastBolusTime":1703172077902,"time":"2023-12-21T16:50:59.594Z"}},{"iob":0.075,"basaliob":-0.013,"bolussnooze":5.0E-4,"activity":0.0012,"lastBolusTime":1703172077902,"time":"2023-12-21T16:55:59.594Z","iobWithZeroTemp":{"iob":-0.501,"basaliob":-0.589,"bolussnooze":5.0E-4,"activity":-0.0034,"lastBolusTime":1703172077902,"time":"2023-12-21T16:55:59.594Z"}},{"iob":0.068,"basaliob":-0.011,"bolussnooze":3.0E-4,"activity":0.0012,"lastBolusTime":1703172077902,"time":"2023-12-21T17:00:59.594Z","iobWithZeroTemp":{"iob":-0.542,"basaliob":-0.621,"bolussnooze":3.0E-4,"activity":-0.0039,"lastBolusTime":1703172077902,"time":"2023-12-21T17:00:59.594Z"}},{"iob":0.063,"basaliob":-0.009,"bolussnooze":1.0E-4,"activity":0.0011,"lastBolusTime":1703172077902,"time":"2023-12-21T17:05:59.594Z","iobWithZeroTemp":{"iob":-0.587,"basaliob":-0.659,"bolussnooze":1.0E-4,"activity":-0.0045,"lastBolusTime":1703172077902,"time":"2023-12-21T17:05:59.594Z"}},{"iob":0.058,"basaliob":-0.007,"bolussnooze":0,"activity":0.0011,"lastBolusTime":1703172077902,"time":"2023-12-21T17:10:59.594Z","iobWithZeroTemp":{"iob":-0.629,"basaliob":-0.694,"bolussnooze":0,"activity":-0.005,"lastBolusTime":1703172077902,"time":"2023-12-21T17:10:59.594Z"}},{"iob":0.052,"basaliob":-0.006,"bolussnooze":0,"activity":9.0E-4,"lastBolusTime":1703172077902,"time":"2023-12-21T17:15:59.594Z","iobWithZeroTemp":{"iob":-0.67,"basaliob":-0.728,"bolussnooze":0,"activity":-0.0056,"lastBolusTime":1703172077902,"time":"2023-12-21T17:15:59.594Z"}},{"iob":0.048,"basaliob":-0.004,"bolussnooze":0,"activity":9.0E-4,"lastBolusTime":1703172077902,"time":"2023-12-21T17:20:59.594Z","iobWithZeroTemp":{"iob":-0.707,"basaliob":-0.759,"bolussnooze":0,"activity":-0.0061,"lastBolusTime":1703172077902,"time":"2023-12-21T17:20:59.594Z"}},{"iob":0.044,"basaliob":-0.003,"bolussnooze":0,"activity":8.0E-4,"lastBolusTime":1703172077902,"time":"2023-12-21T17:25:59.594Z","iobWithZeroTemp":{"iob":-0.742,"basaliob":-0.789,"bolussnooze":0,"activity":-0.0066,"lastBolusTime":1703172077902,"time":"2023-12-21T17:25:59.594Z"}},{"iob":0.04,"basaliob":-0.002,"bolussnooze":0,"activity":7.0E-4,"lastBolusTime":1703172077902,"time":"2023-12-21T17:30:59.594Z","iobWithZeroTemp":{"iob":-0.774,"basaliob":-0.816,"bolussnooze":0,"activity":-0.0071,"lastBolusTime":1703172077902,"time":"2023-12-21T17:30:59.594Z"}},{"iob":0.035,"basaliob":-0.002,"bolussnooze":0,"activity":8.0E-4,"lastBolusTime":1703172077902,"time":"2023-12-21T17:35:59.594Z","iobWithZeroTemp":{"iob":-0.806,"basaliob":-0.843,"bolussnooze":0,"activity":-0.0074,"lastBolusTime":1703172077902,"time":"2023-12-21T17:35:59.594Z"}},{"iob":0.032,"basaliob":-0.001,"bolussnooze":0,"activity":7.0E-4,"lastBolusTime":1703172077902,"time":"2023-12-21T17:40:59.594Z","iobWithZeroTemp":{"iob":-0.833,"basaliob":-0.866,"bolussnooze":0,"activity":-0.0079,"lastBolusTime":1703172077902,"time":"2023-12-21T17:40:59.594Z"}},{"iob":0.029,"basaliob":-0.001,"bolussnooze":0,"activity":6.0E-4,"lastBolusTime":1703172077902,"time":"2023-12-21T17:45:59.594Z","iobWithZeroTemp":{"iob":-0.859,"basaliob":-0.889,"bolussnooze":0,"activity":-0.0084,"lastBolusTime":1703172077902,"time":"2023-12-21T17:45:59.594Z"}},{"iob":0.026,"basaliob":0,"bolussnooze":0,"activity":5.0E-4,"lastBolusTime":1703172077902,"time":"2023-12-21T17:50:59.594Z","iobWithZeroTemp":{"iob":-0.883,"basaliob":-0.909,"bolussnooze":0,"activity":-0.0088,"lastBolusTime":1703172077902,"time":"2023-12-21T17:50:59.594Z"}},{"iob":0.023,"basaliob":0,"bolussnooze":0,"activity":5.0E-4,"lastBolusTime":1703172077902,"time":"2023-12-21T17:55:59.594Z","iobWithZeroTemp":{"iob":-0.905,"basaliob":-0.928,"bolussnooze":0,"activity":-0.0092,"lastBolusTime":1703172077902,"time":"2023-12-21T17:55:59.594Z"}},{"iob":0.021,"basaliob":0.001,"bolussnooze":0,"activity":4.0E-4,"lastBolusTime":1703172077902,"time":"2023-12-21T18:00:59.594Z","iobWithZeroTemp":{"iob":-0.924,"basaliob":-0.944,"bolussnooze":0,"activity":-0.0096,"lastBolusTime":1703172077902,"time":"2023-12-21T18:00:59.594Z"}},{"iob":0.019,"basaliob":0.001,"bolussnooze":0,"activity":5.0E-4,"lastBolusTime":1703172077902,"time":"2023-12-21T18:05:59.594Z","iobWithZeroTemp":{"iob":-0.942,"basaliob":-0.96,"bolussnooze":0,"activity":-0.0098,"lastBolusTime":1703172077902,"time":"2023-12-21T18:05:59.594Z"}},{"iob":0.017,"basaliob":0.001,"bolussnooze":0,"activity":4.0E-4,"lastBolusTime":1703172077902,"time":"2023-12-21T18:10:59.594Z","iobWithZeroTemp":{"iob":-0.959,"basaliob":-0.975,"bolussnooze":0,"activity":-0.0101,"lastBolusTime":1703172077902,"time":"2023-12-21T18:10:59.594Z"}},{"iob":0.015,"basaliob":0.001,"bolussnooze":0,"activity":4.0E-4,"lastBolusTime":1703172077902,"time":"2023-12-21T18:15:59.594Z","iobWithZeroTemp":{"iob":-0.974,"basaliob":-0.988,"bolussnooze":0,"activity":-0.0104,"lastBolusTime":1703172077902,"time":"2023-12-21T18:15:59.594Z"}},{"iob":0.013,"basaliob":0.001,"bolussnooze":0,"activity":3.0E-4,"lastBolusTime":1703172077902,"time":"2023-12-21T18:20:59.594Z","iobWithZeroTemp":{"iob":-0.989,"basaliob":-1.001,"bolussnooze":0,"activity":-0.0107,"lastBolusTime":1703172077902,"time":"2023-12-21T18:20:59.594Z"}},{"iob":0.011,"basaliob":0.001,"bolussnooze":0,"activity":3.0E-4,"lastBolusTime":1703172077902,"time":"2023-12-21T18:25:59.594Z","iobWithZeroTemp":{"iob":-1.002,"basaliob":-1.012,"bolussnooze":0,"activity":-0.0109,"lastBolusTime":1703172077902,"time":"2023-12-21T18:25:59.594Z"}},{"iob":0.01,"basaliob":0.001,"bolussnooze":0,"activity":3.0E-4,"lastBolusTime":1703172077902,"time":"2023-12-21T18:30:59.594Z","iobWithZeroTemp":{"iob":-1.013,"basaliob":-1.022,"bolussnooze":0,"activity":-0.0111,"lastBolusTime":1703172077902,"time":"2023-12-21T18:30:59.594Z"}},{"iob":0.009,"basaliob":0.001,"bolussnooze":0,"activity":2.0E-4,"lastBolusTime":1703172077902,"time":"2023-12-21T18:35:59.594Z","iobWithZeroTemp":{"iob":-1.023,"basaliob":-1.031,"bolussnooze":0,"activity":-0.0114,"lastBolusTime":1703172077902,"time":"2023-12-21T18:35:59.594Z"}},{"iob":0.008,"basaliob":0.001,"bolussnooze":0,"activity":2.0E-4,"lastBolusTime":1703172077902,"time":"2023-12-21T18:40:59.594Z","iobWithZeroTemp":{"iob":-1.032,"basaliob":-1.039,"bolussnooze":0,"activity":-0.0116,"lastBolusTime":1703172077902,"time":"2023-12-21T18:40:59.594Z"}},{"iob":0.007,"basaliob":0.001,"bolussnooze":0,"activity":2.0E-4,"lastBolusTime":1703172077902,"time":"2023-12-21T18:45:59.594Z","iobWithZeroTemp":{"iob":-1.04,"basaliob":-1.046,"bolussnooze":0,"activity":-0.0117,"lastBolusTime":1703172077902,"time":"2023-12-21T18:45:59.594Z"}},{"iob":0.006,"basaliob":0.001,"bolussnooze":0,"activity":2.0E-4,"lastBolusTime":1703172077902,"time":"2023-12-21T18:50:59.594Z","iobWithZeroTemp":{"iob":-1.048,"basaliob":-1.053,"bolussnooze":0,"activity":-0.0119,"lastBolusTime":1703172077902,"time":"2023-12-21T18:50:59.594Z"}},{"iob":0.005,"basaliob":0.001,"bolussnooze":0,"activity":1.0E-4,"lastBolusTime":1703172077902,"time":"2023-12-21T18:55:59.594Z","iobWithZeroTemp":{"iob":-1.055,"basaliob":-1.059,"bolussnooze":0,"activity":-0.0121,"lastBolusTime":1703172077902,"time":"2023-12-21T18:55:59.594Z"}},{"iob":0.004,"basaliob":0.001,"bolussnooze":0,"activity":1.0E-4,"lastBolusTime":1703172077902,"time":"2023-12-21T19:00:59.594Z","iobWithZeroTemp":{"iob":-1.061,"basaliob":-1.064,"bolussnooze":0,"activity":-0.0122,"lastBolusTime":1703172077902,"time":"2023-12-21T19:00:59.594Z"}},{"iob":0.004,"basaliob":0.001,"bolussnooze":0,"activity":1.0E-4,"lastBolusTime":1703172077902,"time":"2023-12-21T19:05:59.594Z","iobWithZeroTemp":{"iob":-1.066,"basaliob":-1.069,"bolussnooze":0,"activity":-0.0123,"lastBolusTime":1703172077902,"time":"2023-12-21T19:05:59.594Z"}},{"iob":0.003,"basaliob":0.001,"bolussnooze":0,"activity":1.0E-4,"lastBolusTime":1703172077902,"time":"2023-12-21T19:10:59.594Z","iobWithZeroTemp":{"iob":-1.071,"basaliob":-1.073,"bolussnooze":0,"activity":-0.0124,"lastBolusTime":1703172077902,"time":"2023-12-21T19:10:59.594Z"}},{"iob":0.003,"basaliob":0.001,"bolussnooze":0,"activity":1.0E-4,"lastBolusTime":1703172077902,"time":"2023-12-21T19:15:59.594Z","iobWithZeroTemp":{"iob":-1.075,"basaliob":-1.077,"bolussnooze":0,"activity":-0.0125,"lastBolusTime":1703172077902,"time":"2023-12-21T19:15:59.594Z"}},{"iob":0.003,"basaliob":0.001,"bolussnooze":0,"activity":1.0E-4,"lastBolusTime":1703172077902,"time":"2023-12-21T19:20:59.594Z","iobWithZeroTemp":{"iob":-1.078,"basaliob":-1.08,"bolussnooze":0,"activity":-0.0126,"lastBolusTime":1703172077902,"time":"2023-12-21T19:20:59.594Z"}},{"iob":0.002,"basaliob":0.001,"bolussnooze":0,"activity":1.0E-4,"lastBolusTime":1703172077902,"time":"2023-12-21T19:25:59.594Z","iobWithZeroTemp":{"iob":-1.082,"basaliob":-1.083,"bolussnooze":0,"activity":-0.0127,"lastBolusTime":1703172077902,"time":"2023-12-21T19:25:59.594Z"}},{"iob":0.002,"basaliob":0.001,"bolussnooze":0,"activity":0,"lastBolusTime":1703172077902,"time":"2023-12-21T19:30:59.594Z","iobWithZeroTemp":{"iob":-1.085,"basaliob":-1.086,"bolussnooze":0,"activity":-0.0128,"lastBolusTime":1703172077902,"time":"2023-12-21T19:30:59.594Z"}},{"iob":0.002,"basaliob":0.001,"bolussnooze":0,"activity":0,"lastBolusTime":1703172077902,"time":"2023-12-21T19:35:59.594Z","iobWithZeroTemp":{"iob":-1.087,"basaliob":-1.088,"bolussnooze":0,"activity":-0.0129,"lastBolusTime":1703172077902,"time":"2023-12-21T19:35:59.594Z"}},{"iob":0.002,"basaliob":0.001,"bolussnooze":0,"activity":0,"lastBolusTime":1703172077902,"time":"2023-12-21T19:40:59.594Z","iobWithZeroTemp":{"iob":-1.089,"basaliob":-1.09,"bolussnooze":0,"activity":-0.013,"lastBolusTime":1703172077902,"time":"2023-12-21T19:40:59.594Z"}},{"iob":0.001,"basaliob":0.001,"bolussnooze":0,"activity":0,"lastBolusTime":1703172077902,"time":"2023-12-21T19:45:59.594Z","iobWithZeroTemp":{"iob":-1.092,"basaliob":-1.092,"bolussnooze":0,"activity":-0.013,"lastBolusTime":1703172077902,"time":"2023-12-21T19:45:59.594Z"}},{"iob":0,"basaliob":0,"bolussnooze":0,"activity":0,"lastBolusTime":1703172077902,"time":"2023-12-21T19:50:59.594Z","iobWithZeroTemp":{"iob":-1.095,"basaliob":-1.095,"bolussnooze":0,"activity":-0.013,"lastBolusTime":1703172077902,"time":"2023-12-21T19:50:59.594Z"}}],"profile":{"max_iob":7,"type":"current","max_daily_basal":0.8,"max_basal":5,"min_bg":80,"max_bg":90,"target_bg":85,"carb_ratio":16,"sens":57,"max_daily_safety_multiplier":9,"current_basal_safety_multiplier":8,"lgsThreshold":65,"high_temptarget_raises_sensitivity":false,"low_temptarget_lowers_sensitivity":false,"sensitivity_raises_target":false,"resistance_lowers_target":false,"adv_target_adjustments":false,"exercise_mode":false,"half_basal_exercise_target":160,"maxCOB":120,"skip_neutral_temps":false,"remainingCarbsCap":90,"enableUAM":true,"A52_risk_enable":false,"SMBInterval":3,"enableSMB_with_COB":true,"enableSMB_with_temptarget":true,"allowSMB_with_high_temptarget":true,"enableSMB_always":true,"enableSMB_after_carbs":true,"maxSMBBasalMinutes":120,"maxUAMSMBBasalMinutes":90,"bolus_increment":0.05,"carbsReqThreshold":5,"current_basal":0.7,"temptargetSet":false,"autosens_max":1.6,"autosens_min":0.6,"variable_sens":111.4,"insulinDivisor":75,"TDD":18.942670238095243},"autosens_data":{"ratio":1.005294378534206},"meal_data":{"carbs":0,"mealCOB":0,"slopeFromMaxDeviation":-0.3838571428571429,"slopeFromMinDeviation":0.18660000000000004,"lastBolusTime":1703172077902,"lastCarbTime":0},"microBolusAllowed":true,"currentTime":1703174161031,"flatBGsDetected":false,"tdd1D":20.662500000000005,"tdd7D":21.47380952380953,"tddLast24H":21.587500000000013,"tddLast4H":2.6083333333333334,"tddLast8to4H":2.033333333333333},"output":{"temp":"absolute","bg":101,"tick":"+0","eventualBG":88,"targetBG":85,"insulinReq":0.03,"deliverAt":"2023-12-21T15:56:01.031Z","sensitivityRatio":1.005294378534206,"variable_sens":111.4,"predBGs":{"IOB":[101,101,101,101,100,100,99,99,98,97,97,96,95,95,94,93,93,92,92,91,91,90,90,89,89,89,89,88,88,88,88,87,87,87,87,87,87,87,87,87,86],"ZT":[101,100,99,98,97,97,96,96,97,97],"UAM":[101,101,100,99,98,97,96,95,94,93,92,91,90,90,89,88,88,87,87,86,86,85,85,84,84,84,83,83,83,83,82,82,82,82,82,82,81]},"reason":"COB: 0, Dev: 6, BGI: -1, ISF: 111, CR: 16, Target: 85, minPredBG 89, minGuardBG 81, IOBpredBG 86, UAMpredBG 81;  insulinReq 0.03. temp 0.80 >~ req 0.76U\/hr. ","COB":0,"IOB":0.174,"timestamp":"2023-12-21T15:56:01.048Z"}}