{"algorithm":"OpenAPSSMBDynamicISFPlugin","input":{"glucoseStatus":{"glucose":88,"noise":0,"delta":-1,"short_avgdelta":-0.5,"long_avgdelta":-0.35,"date":1703178037000},"currenttemp":{"temp":"absolute","duration":20,"rate":0.85,"minutesrunning":10},"iob_data":[{"iob":-0.009,"basaliob":-0.088,"bolussnooze":3.0E-4,"activity":1.0E-4,"lastBolusTime":1703172077902,"time":"2023-12-21T17:00:59.015Z","iobWithZeroTemp":{"iob":-0.009,"basaliob":-0.088,"bolussnooze":3.0E-4,"activity":1.0E-4,"lastBolusTime":1703172077902,"time":"2023-12-21T17:00:59.015Z"}},{"iob":-0.008,"basaliob":-0.08,"bolussnooze":1.0E-4,"activity":1.0E-4,"lastBolusTime":1703172077902,"time":"2023-12-21T17:05:59.015Z","iobWithZeroTemp":{"iob":-0.061,"basaliob":-0.133,"bolussnooze":1.0E-4,"activity":0,"lastBolusTime":1703172077902,"time":"2023-12-21T17:05:59.015Z"}},{"iob":-0.009,"basaliob":-0.074,"bolussnooze":0,"activity":1.0E-4,"lastBolusTime":1703172077902,"time":"2023-12-21T17:10:59.015Z","iobWithZeroTemp":{"iob":-0.128,"basaliob":-0.193,"bolussnooze":0,"activity":-1.0E-4,"lastBolusTime":1703172077902,"time":"2023-12-21T17:10:59.015Z"}},{"iob":-0.009,"basaliob":-0.067,"bolussnooze":0,"activity":0,"lastBolusTime":1703172077902,"time":"2023-12-21T17:15:59.015Z","iobWithZeroTemp":{"iob":-0.193,"basaliob":-0.251,"bolussnooze":0,"activity":-6.0E-4,"lastBolusTime":1703172077902,"time":"2023-12-21T17:15:59.015Z"}},{"iob":-0.009,"basaliob":-0.061,"bolussnooze":0,"activity":0,"lastBolusTime":1703172077902,"time":"2023-12-21T17:20:59.015Z","iobWithZeroTemp":{"iob":-0.256,"basaliob":-0.308,"bolussnooze":0,"activity":-0.001,"lastBolusTime":1703172077902,"time":"2023-12-21T17:20:59.015Z"}},{"iob":-0.009,"basaliob":-0.056,"bolussnooze":0,"activity":-1.0E-4,"lastBolusTime":1703172077902,"time":"2023-12-21T17:25:59.015Z","iobWithZeroTemp":{"iob":-0.317,"basaliob":-0.364,"bolussnooze":0,"activity":-0.0015,"lastBolusTime":1703172077902,"time":"2023-12-21T17:25:59.015Z"}},{"iob":-0.009,"basaliob":-0.051,"bolussnooze":0,"activity":-1.0E-4,"lastBolusTime":1703172077902,"time":"2023-12-21T17:30:59.015Z","iobWithZeroTemp":{"iob":-0.375,"basaliob":-0.417,"bolussnooze":0,"activity":-0.002,"lastBolusTime":1703172077902,"time":"2023-12-21T17:30:59.015Z"}},{"iob":-0.009,"basaliob":-0.046,"bolussnooze":0,"activity":0,"lastBolusTime":1703172077902,"time":"2023-12-21T17:35:59.015Z","iobWithZeroTemp":{"iob":-0.431,"basaliob":-0.468,"bolussnooze":0,"activity":-0.0025,"lastBolusTime":1703172077902,"time":"2023-12-21T17:35:59.015Z"}},{"iob":-0.008,"basaliob":-0.041,"bolussnooze":0,"activity":0,"lastBolusTime":1703172077902,"time":"2023-12-21T17:40:59.015Z","iobWithZeroTemp":{"iob":-0.483,"basaliob":-0.516,"bolussnooze":0,"activity":-0.003,"lastBolusTime":1703172077902,"time":"2023-12-21T17:40:59.015Z"}},{"iob":-0.007,"basaliob":-0.037,"bolussnooze":0,"activity":-1.0E-4,"lastBolusTime":1703172077902,"time":"2023-12-21T17:45:59.015Z","iobWithZeroTemp":{"iob":-0.532,"basaliob":-0.562,"bolussnooze":0,"activity":-0.0037,"lastBolusTime":1703172077902,"time":"2023-12-21T17:45:59.015Z"}},{"iob":-0.008,"basaliob":-0.034,"bolussnooze":0,"activity":-1.0E-4,"lastBolusTime":1703172077902,"time":"2023-12-21T17:50:59.015Z","iobWithZeroTemp":{"iob":-0.58,"basaliob":-0.606,"bolussnooze":0,"activity":-0.0043,"lastBolusTime":1703172077902,"time":"2023-12-21T17:50:59.015Z"}},{"iob":-0.007,"basaliob":-0.03,"bolussnooze":0,"activity":0,"lastBolusTime":1703172077902,"time":"2023-12-21T17:55:59.015Z","iobWithZeroTemp":{"iob":-0.624,"basaliob":-0.647,"bolussnooze":0,"activity":-0.0047,"lastBolusTime":1703172077902,"time":"2023-12-21T17:55:59.015Z"}},{"iob":-0.007,"basaliob":-0.027,"bolussnooze":0,"activity":-1.0E-4,"lastBolusTime":1703172077902,"time":"2023-12-21T18:00:59.015Z","iobWithZeroTemp":{"iob":-0.665,"basaliob":-0.685,"bolussnooze":0,"activity":-0.0054,"lastBolusTime":1703172077902,"time":"2023-12-21T18:00:59.015Z"}},{"iob":-0.007,"basaliob":-0.025,"bolussnooze":0,"activity":0,"lastBolusTime":1703172077902,"time":"2023-12-21T18:05:59.015Z","iobWithZeroTemp":{"iob":-0.704,"basaliob":-0.722,"bolussnooze":0,"activity":-0.0059,"lastBolusTime":1703172077902,"time":"2023-12-21T18:05:59.015Z"}},{"iob":-0.006,"basaliob":-0.022,"bolussnooze":0,"activity":-1.0E-4,"lastBolusTime":1703172077902,"time":"2023-12-21T18:10:59.015Z","iobWithZeroTemp":{"iob":-0.739,"basaliob":-0.755,"bolussnooze":0,"activity":-0.0065,"lastBolusTime":1703172077902,"time":"2023-12-21T18:10:59.015Z"}},{"iob":-0.006,"basaliob":-0.02,"bolussnooze":0,"activity":0,"lastBolusTime":1703172077902,"time":"2023-12-21T18:15:59.015Z","iobWithZeroTemp":{"iob":-0.773,"basaliob":-0.787,"bolussnooze":0,"activity":-0.0069,"lastBolusTime":1703172077902,"time":"2023-12-21T18:15:59.015Z"}},{"iob":-0.006,"basaliob":-0.018,"bolussnooze":0,"activity":-1.0E-4,"lastBolusTime":1703172077902,"time":"2023-12-21T18:20:59.015Z","iobWithZeroTemp":{"iob":-0.804,"basaliob":-0.816,"bolussnooze":0,"activity":-0.0075,"lastBolusTime":1703172077902,"time":"2023-12-21T18:20:59.015Z"}},{"iob":-0.006,"basaliob":-0.016,"bolussnooze":0,"activity":-1.0E-4,"lastBolusTime":1703172077902,"time":"2023-12-21T18:25:59.015Z","iobWithZeroTemp":{"iob":-0.832,"basaliob":-0.842,"bolussnooze":0,"activity":-0.0079,"lastBolusTime":1703172077902,"time":"2023-12-21T18:25:59.015Z"}},{"iob":-0.005,"basaliob":-0.014,"bolussnooze":0,"activity":0,"lastBolusTime":1703172077902,"time":"2023-12-21T18:30:59.015Z","iobWithZeroTemp":{"iob":-0.858,"basaliob":-0.867,"bolussnooze":0,"activity":-0.0083,"lastBolusTime":1703172077902,"time":"2023-12-21T18:30:59.015Z"}},{"iob":-0.004,"basaliob":-0.012,"bolussnooze":0,"activity":-1.0E-4,"lastBolusTime":1703172077902,"time":"2023-12-21T18:35:59.015Z","iobWithZeroTemp":{"iob":-0.881,"basaliob":-0.889,"bolussnooze":0,"activity":-0.0088,"lastBolusTime":1703172077902,"time":"2023-12-21T18:35:59.015Z"}},{"iob":-0.004,"basaliob":-0.011,"bolussnooze":0,"activity":-1.0E-4,"lastBolusTime":1703172077902,"time":"2023-12-21T18:40:59.015Z","iobWithZeroTemp":{"iob":-0.904,"basaliob":-0.911,"bolussnooze":0,"activity":-0.0092,"lastBolusTime":1703172077902,"time":"2023-12-21T18:40:59.015Z"}},{"iob":-0.004,"basaliob":-0.01,"bolussnooze":0,"activity":0,"lastBolusTime":1703172077902,"time":"2023-12-21T18:45:59.015Z","iobWithZeroTemp":{"iob":-0.924,"basaliob":-0.93,"bolussnooze":0,"activity":-0.0094,"lastBolusTime":1703172077902,"time":"2023-12-21T18:45:59.015Z"}},{"iob":-0.003,"basaliob":-0.008,"bolussnooze":0,"activity":0,"lastBolusTime":1703172077902,"time":"2023-12-21T18:50:59.015Z","iobWithZeroTemp":{"iob":-0.942,"basaliob":-0.947,"bolussnooze":0,"activity":-0.0098,"lastBolusTime":1703172077902,"time":"2023-12-21T18:50:59.015Z"}},{"iob":-0.003,"basaliob":-0.007,"bolussnooze":0,"activity":-1.0E-4,"lastBolusTime":1703172077902,"time":"2023-12-21T18:55:59.015Z","iobWithZeroTemp":{"iob":-0.959,"basaliob":-0.963,"bolussnooze":0,"activity":-0.0102,"lastBolusTime":1703172077902,"time":"2023-12-21T18:55:59.015Z"}},{"iob":-0.004,"basaliob":-0.007,"bolussnooze":0,"activity":-1.0E-4,"lastBolusTime":1703172077902,"time":"2023-12-21T19:00:59.015Z","iobWithZeroTemp":{"iob":-0.976,"basaliob":-0.979,"bolussnooze":0,"activity":-0.0105,"lastBolusTime":1703172077902,"time":"2023-12-21T19:00:59.015Z"}},{"iob":-0.003,"basaliob":-0.006,"bolussnooze":0,"activity":-1.0E-4,"lastBolusTime":1703172077902,"time":"2023-12-21T19:05:59.015Z","iobWithZeroTemp":{"iob":-0.989,"basaliob":-0.992,"bolussnooze":0,"activity":-0.0107,"lastBolusTime":1703172077902,"time":"2023-12-21T19:05:59.015Z"}},{"iob":-0.003,"basaliob":-0.005,"bolussnooze":0,"activity":0,"lastBolusTime":1703172077902,"time":"2023-12-21T19:10:59.015Z","iobWithZeroTemp":{"iob":-1.002,"basaliob":-1.004,"bolussnooze":0,"activity":-0.0109,"lastBolusTime":1703172077902,"time":"2023-12-21T19:10:59.015Z"}},{"iob":-0.002,"basaliob":-0.004,"bolussnooze":0,"activity":0,"lastBolusTime":1703172077902,"time":"2023-12-21T19:15:59.015Z","iobWithZeroTemp":{"iob":-1.012,"basaliob":-1.014,"bolussnooze":0,"activity":-0.0111,"lastBolusTime":1703172077902,"time":"2023-12-21T19:15:59.015Z"}},{"iob":-0.002,"basaliob":-0.004,"bolussnooze":0,"activity":0,"lastBolusTime":1703172077902,"time":"2023-12-21T19:20:59.015Z","iobWithZeroTemp":{"iob":-1.023,"basaliob":-1.025,"bolussnooze":0,"activity":-0.0113,"lastBolusTime":1703172077902,"time":"2023-12-21T19:20:59.015Z"}},{"iob":-0.002,"basaliob":-0.003,"bolussnooze":0,"activity":0,"lastBolusTime":1703172077902,"time":"2023-12-21T19:25:59.015Z","iobWithZeroTemp":{"iob":-1.032,"basaliob":-1.033,"bolussnooze":0,"activity":-0.0115,"lastBolusTime":1703172077902,"time":"2023-12-21T19:25:59.015Z"}},{"iob":-0.002,"basaliob":-0.003,"bolussnooze":0,"activity":-1.0E-4,"lastBolusTime":1703172077902,"time":"2023-12-21T19:30:59.015Z","iobWithZeroTemp":{"iob":-1.041,"basaliob":-1.042,"bolussnooze":0,"activity":-0.0118,"lastBolusTime":1703172077902,"time":"2023-12-21T19:30:59.015Z"}},{"iob":-0.001,"basaliob":-0.002,"bolussnooze":0,"activity":-1.0E-4,"lastBolusTime":1703172077902,"time":"2023-12-21T19:35:59.015Z","iobWithZeroTemp":{"iob":-1.048,"basaliob":-1.049,"bolussnooze":0,"activity":-0.012,"lastBolusTime":1703172077902,"time":"2023-12-21T19:35:59.015Z"}},{"iob":-0.001,"basaliob":-0.002,"bolussnooze":0,"activity":-1.0E-4,"lastBolusTime":1703172077902,"time":"2023-12-21T19:40:59.015Z","iobWithZeroTemp":{"iob":-1.055,"basaliob":-1.056,"bolussnooze":0,"activity":-0.0121,"lastBolusTime":1703172077902,"time":"2023-12-21T19:40:59.015Z"}},{"iob":-0.002,"basaliob":-0.002,"bolussnooze":0,"activity":-1.0E-4,"lastBolusTime":1703172077902,"time":"2023-12-21T19:45:59.015Z","iobWithZeroTemp":{"iob":-1.062,"basaliob":-1.062,"bolussnooze":0,"activity":-0.0123,"lastBolusTime":1703172077902,"time":"2023-12-21T19:45:59.015Z"}},{"iob":-0.001,"basaliob":-0.001,"bolussnooze":0,"activity":-1.0E-4,"lastBolusTime":1703172077902,"time":"2023-12-21T19:50:59.015Z","iobWithZeroTemp":{"iob":-1.066,"basaliob":-1.066,"bolussnooze":0,"activity":-0.0124,"lastBolusTime":1703172077902,"time":"2023-12-21T19:50:59.015Z"}},{"iob":-0.001,"basaliob":-0.001,"bolussnooze":0,"activity":0,"lastBolusTime":1703172077902,"time":"2023-12-21T19:55:59.015Z","iobWithZeroTemp":{"iob":-1.071,"basaliob":-1.071,"bolussnooze":0,"activity":-0.0124,"lastBolusTime":1703172077902,"time":"2023-12-21T19:55:59.015Z"}},{"iob":-0.001,"basaliob":-0.001,"bolussnooze":0,"activity":0,"lastBolusTime":1703172077902,"time":"2023-12-21T20:00:59.015Z","iobWithZeroTemp":{"iob":-1.076,"basaliob":-1.076,"bolussnooze":0,"activity":-0.0125,"lastBolusTime":1703172077902,"time":"2023-12-21T20:00:59.015Z"}},{"iob":-0.001,"basaliob":-0.001,"bolussnooze":0,"activity":0,"lastBolusTime":1703172077902,"time":"2023-12-21T20:05:59.015Z","iobWithZeroTemp":{"iob":-1.08,"basaliob":-1.08,"bolussnooze":0,"activity":-0.0126,"lastBolusTime":1703172077902,"time":"2023-12-21T20:05:59.015Z"}},{"iob":-0.001,"basaliob":-0.001,"bolussnooze":0,"activity":0,"lastBolusTime":1703172077902,"time":"2023-12-21T20:10:59.015Z","iobWithZeroTemp":{"iob":-1.083,"basaliob":-1.083,"bolussnooze":0,"activity":-0.0127,"lastBolusTime":1703172077902,"time":"2023-12-21T20:10:59.015Z"}},{"iob":-0.001,"basaliob":-0.001,"bolussnooze":0,"activity":0,"lastBolusTime":1703172077902,"time":"2023-12-21T20:15:59.015Z","iobWithZeroTemp":{"iob":-1.086,"basaliob":-1.086,"bolussnooze":0,"activity":-0.0128,"lastBolusTime":1703172077902,"time":"2023-12-21T20:15:59.015Z"}},{"iob":0,"basaliob":0,"bolussnooze":0,"activity":0,"lastBolusTime":1703172077902,"time":"2023-12-21T20:20:59.015Z","iobWithZeroTemp":{"iob":-1.088,"basaliob":-1.088,"bolussnooze":0,"activity":-0.0128,"lastBolusTime":1703172077902,"time":"2023-12-21T20:20:59.015Z"}},{"iob":0,"basaliob":0,"bolussnooze":0,"activity":0,"lastBolusTime":1703172077902,"time":"2023-12-21T20:25:59.015Z","iobWithZeroTemp":{"iob":-1.09,"basaliob":-1.09,"bolussnooze":0,"activity":-0.0129,"lastBolusTime":1703172077902,"time":"2023-12-21T20:25:59.015Z"}},{"iob":0,"basaliob":0,"bolussnooze":0,"activity":0,"lastBolusTime":1703172077902,"time":"2023-12-21T20:30:59.015Z","iobWithZeroTemp":{"iob":-1.092,"basaliob":-1.092,"bolussnooze":0,"activity":-0.013,"lastBolusTime":1703172077902,"time":"2023-12-21T20:30:59.015Z"}},{"iob":0,"basaliob":0,"bolussnooze":0,"activity":0,"lastBolusTime":1703172077902,"time":"2023-12-21T20:35:59.015Z","iobWithZeroTemp":{"iob":-1.094,"basaliob":-1.094,"bolussnooze":0,"activity":-0.013,"lastBolusTime":1703172077902,"time":"2023-12-21T20:35:59.015Z"}},{"iob":0,"basaliob":0,"bolussnooze":0,"activity":0,"lastBolusTime":1703172077902,"time":"2023-12-21T20:40:59.015Z","iobWithZeroTemp":{"iob":-1.096,"basaliob":-1.096,"bolussnooze":0,"activity":-0.013,"lastBolusTime":1703172077902,"time":"2023-12-21T20:40:59.015Z"}},{"iob":0,"basaliob":0,"bolussnooze":0,"activity":0,"lastBolusTime":1703172077902,"time":"2023-12-21T20:45:59.015Z","iobWithZeroTemp":{"iob":-1.097,"basaliob":-1.097,"bolussnooze":0,"activity":-0.0131,"lastBolusTime":1703172077902,"time":"2023-12-21T20:45:59.015Z"}},{"iob":0,"basaliob":0,"bolussnooze":0,"activity":0,"lastBolusTime":1703172077902,"time":"2023-12-21T20:50:59.015Z","iobWithZeroTemp":{"iob":-1.098,"basaliob":-1.098,"bolussnooze":0,"activity":-0.0131,"lastBolusTime":1703172077902,"time":"2023-12-21T20:50:59.015Z"}},{"iob":0,"basaliob":0,"bolussnooze":0,"activity":0,"lastBolusTime":0,"time":"2023-12-21T20:55:59.015Z","iobWithZeroTemp":{"iob":-1.099,"basaliob":-1.099,"bolussnooze":0,"activity":-0.0132,"lastBolusTime":0,"time":"2023-12-21T20:55:59.015Z"}}],"profile":{"max_iob":7,"type":"current","max_daily_basal":0.8,"max_basal":5,"min_bg":80,"max_bg":90,"target_bg":85,"carb_ratio":14,"sens":57,"max_daily_safety_multiplier":9,"current_basal_safety_multiplier":8,"lgsThreshold":65,"high_temptarget_raises_sensitivity":false,"low_temptarget_lowers_sensitivity":false,"sensitivity_raises_target":false,"resistance_lowers_target":false,"adv_target_adjustments":false,"exercise_mode":false,"half_basal_exercise_target":160,"maxCOB":120,"skip_neutral_temps":false,"remainingCarbsCap":90,"enableUAM":true,"A52_risk_enable":false,"SMBInterval":3,"enableSMB_with_COB":true,"enableSMB_with_temptarget":true,"allowSMB_with_high_temptarget":true,"enableSMB_always":true,"enableSMB_after_carbs":true,"maxSMBBasalMinutes":120,"maxUAMSMBBasalMinutes":90,"bolus_increment":0.05,"carbsReqThreshold":5,"current_basal":0.8,"temptargetSet":false,"autosens_max":1.6,"autosens_min":0.6,"variable_sens":121.6,"insulinDivisor":75,"TDD":19.076320238095242},"autosens_data":{"ratio":1.0062645526111547},"meal_data":{"carbs":0,"mealCOB":0,"slopeFromMaxDeviation":0,"slopeFromMinDeviation":0.2762857142857143,"lastBolusTime":1703172077902,"lastCarbTime":0},"microBolusAllowed":true,"currentTime":1703178060417,"flatBGsDetected":false,"tdd1D":20.662500000000005,"tdd7D":21.47380952380953,"tddLast24H":21.60833333333335,"tddLast4H":2.7583333333333324,"tddLast8to4H":1.9083333333333334},"output":{"temp":"absolute","bg":88,"tick":-1,"eventualBG":87,"targetBG":85,"insulinReq":0.01,"deliverAt":"2023-12-21T17:01:00.417Z","sensitivityRatio":1.0062645526111547,"variable_sens":121.6,"predBGs":{"IOB":[88,87,86,86,85,84,84,84,83,83,83,83,83,83,83,83,83,83,83,83,83,83,83,83,84],"ZT":[88,88,88,88,88,89,90]},"reason":"COB: 0, Dev: -2, BGI: 0, ISF: 122, CR: 14, Target: 85, minPredBG 86, minGuardBG 83, IOBpredBG 84;  insulinReq 0.01. temp 0.85 >~ req 0.83U\/hr. ","COB":0,"IOB":-0.009,"timestamp":"2023-12-21T17:01:00.429Z"}}