{"algorithm":"OpenAPSSMBDynamicISFPlugin","input":{"glucoseStatus":{"glucose":103,"noise":0,"delta":4,"short_avgdelta":4,"long_avgdelta":3.57,"date":1703139036000},"currenttemp":{"temp":"absolute","duration":20,"rate":0.15,"minutesrunning":10},"iob_data":[{"iob":0.439,"basaliob":-0.363,"bolussnooze":0.0018,"activity":0.0037,"lastBolusTime":1703138773828,"time":"2023-12-21T06:11:18.019Z","iobWithZeroTemp":{"iob":0.439,"basaliob":-0.363,"bolussnooze":0.0018,"activity":0.0037,"lastBolusTime":1703138773828,"time":"2023-12-21T06:11:18.019Z"}},{"iob":0.421,"basaliob":-0.334,"bolussnooze":0.0012,"activity":0.004,"lastBolusTime":1703138773828,"time":"2023-12-21T06:16:18.019Z","iobWithZeroTemp":{"iob":0.384,"basaliob":-0.371,"bolussnooze":0.0012,"activity":0.004,"lastBolusTime":1703138773828,"time":"2023-12-21T06:16:18.019Z"}},{"iob":0.4,"basaliob":-0.308,"bolussnooze":7.0E-4,"activity":0.0042,"lastBolusTime":1703138773828,"time":"2023-12-21T06:21:18.019Z","iobWithZeroTemp":{"iob":0.318,"basaliob":-0.39,"bolussnooze":7.0E-4,"activity":0.004,"lastBolusTime":1703138773828,"time":"2023-12-21T06:21:18.019Z"}},{"iob":0.379,"basaliob":-0.282,"bolussnooze":4.0E-4,"activity":0.0043,"lastBolusTime":1703138773828,"time":"2023-12-21T06:26:18.019Z","iobWithZeroTemp":{"iob":0.252,"basaliob":-0.409,"bolussnooze":4.0E-4,"activity":0.0039,"lastBolusTime":1703138773828,"time":"2023-12-21T06:26:18.019Z"}},{"iob":0.357,"basaliob":-0.259,"bolussnooze":2.0E-4,"activity":0.0043,"lastBolusTime":1703138773828,"time":"2023-12-21T06:31:18.019Z","iobWithZeroTemp":{"iob":0.187,"basaliob":-0.429,"bolussnooze":2.0E-4,"activity":0.0036,"lastBolusTime":1703138773828,"time":"2023-12-21T06:31:18.019Z"}},{"iob":0.336,"basaliob":-0.236,"bolussnooze":1.0E-4,"activity":0.0043,"lastBolusTime":1703138773828,"time":"2023-12-21T06:36:18.019Z","iobWithZeroTemp":{"iob":0.124,"basaliob":-0.448,"bolussnooze":1.0E-4,"activity":0.0033,"lastBolusTime":1703138773828,"time":"2023-12-21T06:36:18.019Z"}},{"iob":0.314,"basaliob":-0.216,"bolussnooze":0,"activity":0.0042,"lastBolusTime":1703138773828,"time":"2023-12-21T06:41:18.019Z","iobWithZeroTemp":{"iob":0.062,"basaliob":-0.468,"bolussnooze":0,"activity":0.0029,"lastBolusTime":1703138773828,"time":"2023-12-21T06:41:18.019Z"}},{"iob":0.294,"basaliob":-0.196,"bolussnooze":0,"activity":0.0041,"lastBolusTime":1703138773828,"time":"2023-12-21T06:46:18.019Z","iobWithZeroTemp":{"iob":0.004,"basaliob":-0.486,"bolussnooze":0,"activity":0.0024,"lastBolusTime":1703138773828,"time":"2023-12-21T06:46:18.019Z"}},{"iob":0.274,"basaliob":-0.178,"bolussnooze":0,"activity":0.004,"lastBolusTime":1703138773828,"time":"2023-12-21T06:51:18.019Z","iobWithZeroTemp":{"iob":-0.052,"basaliob":-0.504,"bolussnooze":0,"activity":0.0019,"lastBolusTime":1703138773828,"time":"2023-12-21T06:51:18.019Z"}},{"iob":0.254,"basaliob":-0.162,"bolussnooze":0,"activity":0.0038,"lastBolusTime":1703138773828,"time":"2023-12-21T06:56:18.019Z","iobWithZeroTemp":{"iob":-0.107,"basaliob":-0.523,"bolussnooze":0,"activity":0.0013,"lastBolusTime":1703138773828,"time":"2023-12-21T06:56:18.019Z"}},{"iob":0.235,"basaliob":-0.147,"bolussnooze":0,"activity":0.0037,"lastBolusTime":1703138773828,"time":"2023-12-21T07:01:18.019Z","iobWithZeroTemp":{"iob":-0.158,"basaliob":-0.54,"bolussnooze":0,"activity":8.0E-4,"lastBolusTime":1703138773828,"time":"2023-12-21T07:01:18.019Z"}},{"iob":0.218,"basaliob":-0.132,"bolussnooze":0,"activity":0.0035,"lastBolusTime":1703138773828,"time":"2023-12-21T07:06:18.019Z","iobWithZeroTemp":{"iob":-0.206,"basaliob":-0.556,"bolussnooze":0,"activity":2.0E-4,"lastBolusTime":1703138773828,"time":"2023-12-21T07:06:18.019Z"}},{"iob":0.201,"basaliob":-0.119,"bolussnooze":0,"activity":0.0033,"lastBolusTime":1703138773828,"time":"2023-12-21T07:11:18.019Z","iobWithZeroTemp":{"iob":-0.251,"basaliob":-0.571,"bolussnooze":0,"activity":-4.0E-4,"lastBolusTime":1703138773828,"time":"2023-12-21T07:11:18.019Z"}},{"iob":0.186,"basaliob":-0.106,"bolussnooze":0,"activity":0.0032,"lastBolusTime":1703138773828,"time":"2023-12-21T07:16:18.019Z","iobWithZeroTemp":{"iob":-0.293,"basaliob":-0.585,"bolussnooze":0,"activity":-8.0E-4,"lastBolusTime":1703138773828,"time":"2023-12-21T07:16:18.019Z"}},{"iob":0.17,"basaliob":-0.096,"bolussnooze":0,"activity":0.003,"lastBolusTime":1703138773828,"time":"2023-12-21T07:21:18.019Z","iobWithZeroTemp":{"iob":-0.334,"basaliob":-0.6,"bolussnooze":0,"activity":-0.0014,"lastBolusTime":1703138773828,"time":"2023-12-21T07:21:18.019Z"}},{"iob":0.156,"basaliob":-0.086,"bolussnooze":0,"activity":0.0028,"lastBolusTime":1703138773828,"time":"2023-12-21T07:26:18.019Z","iobWithZeroTemp":{"iob":-0.371,"basaliob":-0.613,"bolussnooze":0,"activity":-0.0019,"lastBolusTime":1703138773828,"time":"2023-12-21T07:26:18.019Z"}},{"iob":0.142,"basaliob":-0.077,"bolussnooze":0,"activity":0.0026,"lastBolusTime":1703138773828,"time":"2023-12-21T07:31:18.019Z","iobWithZeroTemp":{"iob":-0.406,"basaliob":-0.625,"bolussnooze":0,"activity":-0.0025,"lastBolusTime":1703138773828,"time":"2023-12-21T07:31:18.019Z"}},{"iob":0.13,"basaliob":-0.069,"bolussnooze":0,"activity":0.0025,"lastBolusTime":1703138773828,"time":"2023-12-21T07:36:18.019Z","iobWithZeroTemp":{"iob":-0.438,"basaliob":-0.637,"bolussnooze":0,"activity":-0.0029,"lastBolusTime":1703138773828,"time":"2023-12-21T07:36:18.019Z"}},{"iob":0.118,"basaliob":-0.062,"bolussnooze":0,"activity":0.0022,"lastBolusTime":1703138773828,"time":"2023-12-21T07:41:18.019Z","iobWithZeroTemp":{"iob":-0.468,"basaliob":-0.648,"bolussnooze":0,"activity":-0.0035,"lastBolusTime":1703138773828,"time":"2023-12-21T07:41:18.019Z"}},{"iob":0.107,"basaliob":-0.055,"bolussnooze":0,"activity":0.0021,"lastBolusTime":1703138773828,"time":"2023-12-21T07:46:18.019Z","iobWithZeroTemp":{"iob":-0.496,"basaliob":-0.658,"bolussnooze":0,"activity":-0.0039,"lastBolusTime":1703138773828,"time":"2023-12-21T07:46:18.019Z"}},{"iob":0.097,"basaliob":-0.049,"bolussnooze":0,"activity":0.0019,"lastBolusTime":1703138773828,"time":"2023-12-21T07:51:18.019Z","iobWithZeroTemp":{"iob":-0.521,"basaliob":-0.667,"bolussnooze":0,"activity":-0.0043,"lastBolusTime":1703138773828,"time":"2023-12-21T07:51:18.019Z"}},{"iob":0.088,"basaliob":-0.043,"bolussnooze":0,"activity":0.0018,"lastBolusTime":1703138773828,"time":"2023-12-21T07:56:18.019Z","iobWithZeroTemp":{"iob":-0.545,"basaliob":-0.676,"bolussnooze":0,"activity":-0.0047,"lastBolusTime":1703138773828,"time":"2023-12-21T07:56:18.019Z"}},{"iob":0.08,"basaliob":-0.038,"bolussnooze":0,"activity":0.0017,"lastBolusTime":1703138773828,"time":"2023-12-21T08:01:18.019Z","iobWithZeroTemp":{"iob":-0.565,"basaliob":-0.683,"bolussnooze":0,"activity":-0.005,"lastBolusTime":1703138773828,"time":"2023-12-21T08:01:18.019Z"}},{"iob":0.072,"basaliob":-0.034,"bolussnooze":0,"activity":0.0014,"lastBolusTime":1703138773828,"time":"2023-12-21T08:06:18.019Z","iobWithZeroTemp":{"iob":-0.585,"basaliob":-0.691,"bolussnooze":0,"activity":-0.0055,"lastBolusTime":1703138773828,"time":"2023-12-21T08:06:18.019Z"}},{"iob":0.065,"basaliob":-0.03,"bolussnooze":0,"activity":0.0013,"lastBolusTime":1703138773828,"time":"2023-12-21T08:11:18.019Z","iobWithZeroTemp":{"iob":-0.603,"basaliob":-0.698,"bolussnooze":0,"activity":-0.0058,"lastBolusTime":1703138773828,"time":"2023-12-21T08:11:18.019Z"}},{"iob":0.059,"basaliob":-0.026,"bolussnooze":0,"activity":0.0012,"lastBolusTime":1703138773828,"time":"2023-12-21T08:16:18.019Z","iobWithZeroTemp":{"iob":-0.619,"basaliob":-0.704,"bolussnooze":0,"activity":-0.0061,"lastBolusTime":1703138773828,"time":"2023-12-21T08:16:18.019Z"}},{"iob":0.052,"basaliob":-0.023,"bolussnooze":0,"activity":0.0011,"lastBolusTime":1703138773828,"time":"2023-12-21T08:21:18.019Z","iobWithZeroTemp":{"iob":-0.635,"basaliob":-0.71,"bolussnooze":0,"activity":-0.0064,"lastBolusTime":1703138773828,"time":"2023-12-21T08:21:18.019Z"}},{"iob":0.047,"basaliob":-0.02,"bolussnooze":0,"activity":0.0011,"lastBolusTime":1703138773828,"time":"2023-12-21T08:26:18.019Z","iobWithZeroTemp":{"iob":-0.648,"basaliob":-0.715,"bolussnooze":0,"activity":-0.0065,"lastBolusTime":1703138773828,"time":"2023-12-21T08:26:18.019Z"}},{"iob":0.043,"basaliob":-0.017,"bolussnooze":0,"activity":9.0E-4,"lastBolusTime":1703138773828,"time":"2023-12-21T08:31:18.019Z","iobWithZeroTemp":{"iob":-0.659,"basaliob":-0.719,"bolussnooze":0,"activity":-0.0069,"lastBolusTime":1703138773828,"time":"2023-12-21T08:31:18.019Z"}},{"iob":0.038,"basaliob":-0.015,"bolussnooze":0,"activity":9.0E-4,"lastBolusTime":1703138773828,"time":"2023-12-21T08:36:18.019Z","iobWithZeroTemp":{"iob":-0.67,"basaliob":-0.723,"bolussnooze":0,"activity":-0.007,"lastBolusTime":1703138773828,"time":"2023-12-21T08:36:18.019Z"}},{"iob":0.034,"basaliob":-0.013,"bolussnooze":0,"activity":7.0E-4,"lastBolusTime":1703138773828,"time":"2023-12-21T08:41:18.019Z","iobWithZeroTemp":{"iob":-0.68,"basaliob":-0.727,"bolussnooze":0,"activity":-0.0074,"lastBolusTime":1703138773828,"time":"2023-12-21T08:41:18.019Z"}},{"iob":0.031,"basaliob":-0.011,"bolussnooze":0,"activity":7.0E-4,"lastBolusTime":1703138773828,"time":"2023-12-21T08:46:18.019Z","iobWithZeroTemp":{"iob":-0.689,"basaliob":-0.731,"bolussnooze":0,"activity":-0.0075,"lastBolusTime":1703138773828,"time":"2023-12-21T08:46:18.019Z"}},{"iob":0.027,"basaliob":-0.01,"bolussnooze":0,"activity":6.0E-4,"lastBolusTime":1703138773828,"time":"2023-12-21T08:51:18.019Z","iobWithZeroTemp":{"iob":-0.697,"basaliob":-0.734,"bolussnooze":0,"activity":-0.0077,"lastBolusTime":1703138773828,"time":"2023-12-21T08:51:18.019Z"}},{"iob":0.025,"basaliob":-0.008,"bolussnooze":0,"activity":5.0E-4,"lastBolusTime":1703138773828,"time":"2023-12-21T08:56:18.019Z","iobWithZeroTemp":{"iob":-0.704,"basaliob":-0.737,"bolussnooze":0,"activity":-0.0079,"lastBolusTime":1703138773828,"time":"2023-12-21T08:56:18.019Z"}},{"iob":0.022,"basaliob":-0.007,"bolussnooze":0,"activity":5.0E-4,"lastBolusTime":1703138773828,"time":"2023-12-21T09:01:18.019Z","iobWithZeroTemp":{"iob":-0.71,"basaliob":-0.739,"bolussnooze":0,"activity":-0.008,"lastBolusTime":1703138773828,"time":"2023-12-21T09:01:18.019Z"}},{"iob":0.02,"basaliob":-0.006,"bolussnooze":0,"activity":4.0E-4,"lastBolusTime":1703138773828,"time":"2023-12-21T09:06:18.019Z","iobWithZeroTemp":{"iob":-0.716,"basaliob":-0.742,"bolussnooze":0,"activity":-0.0081,"lastBolusTime":1703138773828,"time":"2023-12-21T09:06:18.019Z"}},{"iob":0.018,"basaliob":-0.005,"bolussnooze":0,"activity":4.0E-4,"lastBolusTime":1703138773828,"time":"2023-12-21T09:11:18.019Z","iobWithZeroTemp":{"iob":-0.721,"basaliob":-0.744,"bolussnooze":0,"activity":-0.0082,"lastBolusTime":1703138773828,"time":"2023-12-21T09:11:18.019Z"}},{"iob":0.016,"basaliob":-0.004,"bolussnooze":0,"activity":4.0E-4,"lastBolusTime":1703138773828,"time":"2023-12-21T09:16:18.019Z","iobWithZeroTemp":{"iob":-0.725,"basaliob":-0.745,"bolussnooze":0,"activity":-0.0083,"lastBolusTime":1703138773828,"time":"2023-12-21T09:16:18.019Z"}},{"iob":0.013,"basaliob":-0.004,"bolussnooze":0,"activity":4.0E-4,"lastBolusTime":1703138773828,"time":"2023-12-21T09:21:18.019Z","iobWithZeroTemp":{"iob":-0.731,"basaliob":-0.748,"bolussnooze":0,"activity":-0.0083,"lastBolusTime":1703138773828,"time":"2023-12-21T09:21:18.019Z"}},{"iob":0.012,"basaliob":-0.003,"bolussnooze":0,"activity":3.0E-4,"lastBolusTime":1703138773828,"time":"2023-12-21T09:26:18.019Z","iobWithZeroTemp":{"iob":-0.734,"basaliob":-0.749,"bolussnooze":0,"activity":-0.0085,"lastBolusTime":1703138773828,"time":"2023-12-21T09:26:18.019Z"}},{"iob":0.011,"basaliob":-0.002,"bolussnooze":0,"activity":3.0E-4,"lastBolusTime":1703138773828,"time":"2023-12-21T09:31:18.019Z","iobWithZeroTemp":{"iob":-0.737,"basaliob":-0.75,"bolussnooze":0,"activity":-0.0085,"lastBolusTime":1703138773828,"time":"2023-12-21T09:31:18.019Z"}},{"iob":0.01,"basaliob":-0.002,"bolussnooze":0,"activity":2.0E-4,"lastBolusTime":1703138773828,"time":"2023-12-21T09:36:18.019Z","iobWithZeroTemp":{"iob":-0.739,"basaliob":-0.751,"bolussnooze":0,"activity":-0.0087,"lastBolusTime":1703138773828,"time":"2023-12-21T09:36:18.019Z"}},{"iob":0.008,"basaliob":-0.002,"bolussnooze":0,"activity":2.0E-4,"lastBolusTime":1703138773828,"time":"2023-12-21T09:41:18.019Z","iobWithZeroTemp":{"iob":-0.743,"basaliob":-0.753,"bolussnooze":0,"activity":-0.0087,"lastBolusTime":1703138773828,"time":"2023-12-21T09:41:18.019Z"}},{"iob":0.008,"basaliob":-0.001,"bolussnooze":0,"activity":2.0E-4,"lastBolusTime":1703138773828,"time":"2023-12-21T09:46:18.019Z","iobWithZeroTemp":{"iob":-0.744,"basaliob":-0.753,"bolussnooze":0,"activity":-0.0087,"lastBolusTime":1703138773828,"time":"2023-12-21T09:46:18.019Z"}},{"iob":0.006,"basaliob":-0.001,"bolussnooze":0,"activity":2.0E-4,"lastBolusTime":1703138773828,"time":"2023-12-21T09:51:18.019Z","iobWithZeroTemp":{"iob":-0.747,"basaliob":-0.754,"bolussnooze":0,"activity":-0.0088,"lastBolusTime":1703138773828,"time":"2023-12-21T09:51:18.019Z"}},{"iob":0.005,"basaliob":-0.001,"bolussnooze":0,"activity":2.0E-4,"lastBolusTime":1703138773828,"time":"2023-12-21T09:56:18.019Z","iobWithZeroTemp":{"iob":-0.749,"basaliob":-0.755,"bolussnooze":0,"activity":-0.0088,"lastBolusTime":1703138773828,"time":"2023-12-21T09:56:18.019Z"}},{"iob":0.004,"basaliob":-0.001,"bolussnooze":0,"activity":2.0E-4,"lastBolusTime":1703138773828,"time":"2023-12-21T10:01:18.019Z","iobWithZeroTemp":{"iob":-0.751,"basaliob":-0.756,"bolussnooze":0,"activity":-0.0088,"lastBolusTime":1703138773828,"time":"2023-12-21T10:01:18.019Z"}},{"iob":0.005,"basaliob":0,"bolussnooze":0,"activity":2.0E-4,"lastBolusTime":1703138773828,"time":"2023-12-21T10:06:18.019Z","iobWithZeroTemp":{"iob":-0.751,"basaliob":-0.756,"bolussnooze":0,"activity":-0.0088,"lastBolusTime":1703138773828,"time":"2023-12-21T10:06:18.019Z"}}],"profile":{"max_iob":7,"type":"current","max_daily_basal":0.8,"max_basal":4.4,"min_bg":90,"max_bg":90,"target_bg":90,"carb_ratio":16,"sens":57,"max_daily_safety_multiplier":9,"current_basal_safety_multiplier":8,"lgsThreshold":65,"high_temptarget_raises_sensitivity":false,"low_temptarget_lowers_sensitivity":false,"sensitivity_raises_target":false,"resistance_lowers_target":false,"adv_target_adjustments":false,"exercise_mode":false,"half_basal_exercise_target":160,"maxCOB":120,"skip_neutral_temps":false,"remainingCarbsCap":90,"enableUAM":true,"A52_risk_enable":false,"SMBInterval":3,"enableSMB_with_COB":true,"enableSMB_with_temptarget":true,"allowSMB_with_high_temptarget":true,"enableSMB_always":true,"enableSMB_after_carbs":true,"maxSMBBasalMinutes":120,"maxUAMSMBBasalMinutes":90,"bolus_increment":0.05,"carbsReqThreshold":5,"current_basal":0.55,"temptargetSet":false,"autosens_max":1.6,"autosens_min":0.6,"variable_sens":87.9,"insulinDivisor":75,"TDD":23.683120238095242},"autosens_data":{"ratio":0.9790996784565917},"meal_data":{"carbs":0,"mealCOB":0,"slopeFromMaxDeviation":-0.07145454545454549,"slopeFromMinDeviation":0.5780000000000001,"lastBolusTime":1703138773828,"lastCarbTime":0},"microBolusAllowed":true,"currentTime":1703139079817,"flatBGsDetected":false,"tdd1D":20.662500000000005,"tdd7D":21.47380952380953,"tddLast24H":21.025000000000006,"tddLast4H":4.700000000000001,"tddLast8to4H":5.133333333333333},"output":{"temp":"absolute","bg":103,"tick":"+4","eventualBG":147,"targetBG":90,"insulinReq":0.36,"deliverAt":"2023-12-21T06:11:19.817Z","sensitivityRatio":0.9790996784565917,"variable_sens":87.9,"predBGs":{"IOB":[103,107,109,112,114,115,116,117,117,117,116,115,114,113,111,110,109,108,107,106,105,104,103,102,102,101,101,100,100,99,99,99,98,98,98,98,97,97,97,97,97,97,96],"ZT":[103,101,100,98,96,94,93,91,90,89,89,88,88,88,89,90,90],"UAM":[103,107,110,114,117,119,122,125,127,130,132,134,136,138,139,141,143,144,145,146,147,148,149,150,150,150,150,150,150,150,150,149,149,149,149,149,148,148,148,148,148,148,148,148,148,148,148,147]},"reason":"COB: 0, Dev: 34, BGI: -2, ISF: 88, CR: 16, Target: 90, minPredBG 122, minGuardBG 107, IOBpredBG 96, UAMpredBG 147; Eventual BG 147 >= 90,  insulinReq 0.36; setting 30m low temp of 0.22U\/h. Microbolusing 0.15U. ","COB":0,"IOB":0.439,"units":0.15,"rate":0.22,"duration":30,"timestamp":"2023-12-21T06:11:19.841Z"}}