{"algorithm":"OpenAPSSMBDynamicISFPlugin","input":{"glucoseStatus":{"glucose":94,"noise":0,"delta":0,"short_avgdelta":0.28,"long_avgdelta":0.27,"date":1703095238000},"currenttemp":{"temp":"absolute","duration":15,"rate":0.9,"minutesrunning":15},"iob_data":[{"iob":0.044,"basaliob":-0.095,"bolussnooze":0,"activity":5.0E-4,"lastBolusTime":1703093175895,"time":"2023-12-20T18:00:57.502Z","iobWithZeroTemp":{"iob":0.044,"basaliob":-0.095,"bolussnooze":0,"activity":5.0E-4,"lastBolusTime":1703093175895,"time":"2023-12-20T18:00:57.502Z"}},{"iob":0.042,"basaliob":-0.088,"bolussnooze":0,"activity":4.0E-4,"lastBolusTime":1703093175895,"time":"2023-12-20T18:05:57.502Z","iobWithZeroTemp":{"iob":-0.011,"basaliob":-0.141,"bolussnooze":0,"activity":3.0E-4,"lastBolusTime":1703093175895,"time":"2023-12-20T18:05:57.502Z"}},{"iob":0.039,"basaliob":-0.082,"bolussnooze":0,"activity":5.0E-4,"lastBolusTime":1703093175895,"time":"2023-12-20T18:10:57.502Z","iobWithZeroTemp":{"iob":-0.08,"basaliob":-0.201,"bolussnooze":0,"activity":3.0E-4,"lastBolusTime":1703093175895,"time":"2023-12-20T18:10:57.502Z"}},{"iob":0.037,"basaliob":-0.075,"bolussnooze":0,"activity":5.0E-4,"lastBolusTime":1703093175895,"time":"2023-12-20T18:15:57.502Z","iobWithZeroTemp":{"iob":-0.147,"basaliob":-0.259,"bolussnooze":0,"activity":-1.0E-4,"lastBolusTime":1703093175895,"time":"2023-12-20T18:15:57.502Z"}},{"iob":0.035,"basaliob":-0.069,"bolussnooze":0,"activity":4.0E-4,"lastBolusTime":1703093175895,"time":"2023-12-20T18:20:57.502Z","iobWithZeroTemp":{"iob":-0.212,"basaliob":-0.316,"bolussnooze":0,"activity":-6.0E-4,"lastBolusTime":1703093175895,"time":"2023-12-20T18:20:57.502Z"}},{"iob":0.033,"basaliob":-0.063,"bolussnooze":0,"activity":4.0E-4,"lastBolusTime":1703093175895,"time":"2023-12-20T18:25:57.502Z","iobWithZeroTemp":{"iob":-0.275,"basaliob":-0.371,"bolussnooze":0,"activity":-0.001,"lastBolusTime":1703093175895,"time":"2023-12-20T18:25:57.502Z"}},{"iob":0.03,"basaliob":-0.058,"bolussnooze":0,"activity":5.0E-4,"lastBolusTime":1703093175895,"time":"2023-12-20T18:30:57.502Z","iobWithZeroTemp":{"iob":-0.336,"basaliob":-0.424,"bolussnooze":0,"activity":-0.0014,"lastBolusTime":1703093175895,"time":"2023-12-20T18:30:57.502Z"}},{"iob":0.028,"basaliob":-0.053,"bolussnooze":0,"activity":4.0E-4,"lastBolusTime":1703093175895,"time":"2023-12-20T18:35:57.502Z","iobWithZeroTemp":{"iob":-0.394,"basaliob":-0.475,"bolussnooze":0,"activity":-0.0021,"lastBolusTime":1703093175895,"time":"2023-12-20T18:35:57.502Z"}},{"iob":0.026,"basaliob":-0.048,"bolussnooze":0,"activity":4.0E-4,"lastBolusTime":1703093175895,"time":"2023-12-20T18:40:57.502Z","iobWithZeroTemp":{"iob":-0.449,"basaliob":-0.523,"bolussnooze":0,"activity":-0.0026,"lastBolusTime":1703093175895,"time":"2023-12-20T18:40:57.502Z"}},{"iob":0.024,"basaliob":-0.044,"bolussnooze":0,"activity":4.0E-4,"lastBolusTime":1703093175895,"time":"2023-12-20T18:45:57.502Z","iobWithZeroTemp":{"iob":-0.501,"basaliob":-0.569,"bolussnooze":0,"activity":-0.0032,"lastBolusTime":1703093175895,"time":"2023-12-20T18:45:57.502Z"}},{"iob":0.022,"basaliob":-0.04,"bolussnooze":0,"activity":3.0E-4,"lastBolusTime":1703093175895,"time":"2023-12-20T18:50:57.502Z","iobWithZeroTemp":{"iob":-0.55,"basaliob":-0.612,"bolussnooze":0,"activity":-0.0039,"lastBolusTime":1703093175895,"time":"2023-12-20T18:50:57.502Z"}},{"iob":0.021,"basaliob":-0.036,"bolussnooze":0,"activity":4.0E-4,"lastBolusTime":1703093175895,"time":"2023-12-20T18:55:57.502Z","iobWithZeroTemp":{"iob":-0.596,"basaliob":-0.653,"bolussnooze":0,"activity":-0.0043,"lastBolusTime":1703093175895,"time":"2023-12-20T18:55:57.502Z"}},{"iob":0.019,"basaliob":-0.033,"bolussnooze":0,"activity":3.0E-4,"lastBolusTime":1703093175895,"time":"2023-12-20T19:00:57.502Z","iobWithZeroTemp":{"iob":-0.639,"basaliob":-0.691,"bolussnooze":0,"activity":-0.005,"lastBolusTime":1703093175895,"time":"2023-12-20T19:00:57.502Z"}},{"iob":0.017,"basaliob":-0.03,"bolussnooze":0,"activity":3.0E-4,"lastBolusTime":1703093175895,"time":"2023-12-20T19:05:57.502Z","iobWithZeroTemp":{"iob":-0.68,"basaliob":-0.727,"bolussnooze":0,"activity":-0.0056,"lastBolusTime":1703093175895,"time":"2023-12-20T19:05:57.502Z"}},{"iob":0.016,"basaliob":-0.027,"bolussnooze":0,"activity":2.0E-4,"lastBolusTime":1703093175895,"time":"2023-12-20T19:10:57.502Z","iobWithZeroTemp":{"iob":-0.717,"basaliob":-0.76,"bolussnooze":0,"activity":-0.0062,"lastBolusTime":1703093175895,"time":"2023-12-20T19:10:57.502Z"}},{"iob":0.015,"basaliob":-0.024,"bolussnooze":0,"activity":3.0E-4,"lastBolusTime":1703093175895,"time":"2023-12-20T19:15:57.502Z","iobWithZeroTemp":{"iob":-0.752,"basaliob":-0.791,"bolussnooze":0,"activity":-0.0066,"lastBolusTime":1703093175895,"time":"2023-12-20T19:15:57.502Z"}},{"iob":0.013,"basaliob":-0.022,"bolussnooze":0,"activity":2.0E-4,"lastBolusTime":1703093175895,"time":"2023-12-20T19:20:57.502Z","iobWithZeroTemp":{"iob":-0.785,"basaliob":-0.82,"bolussnooze":0,"activity":-0.0072,"lastBolusTime":1703093175895,"time":"2023-12-20T19:20:57.502Z"}},{"iob":0.013,"basaliob":-0.019,"bolussnooze":0,"activity":2.0E-4,"lastBolusTime":1703093175895,"time":"2023-12-20T19:25:57.502Z","iobWithZeroTemp":{"iob":-0.813,"basaliob":-0.845,"bolussnooze":0,"activity":-0.0076,"lastBolusTime":1703093175895,"time":"2023-12-20T19:25:57.502Z"}},{"iob":0.012,"basaliob":-0.017,"bolussnooze":0,"activity":2.0E-4,"lastBolusTime":1703093175895,"time":"2023-12-20T19:30:57.502Z","iobWithZeroTemp":{"iob":-0.841,"basaliob":-0.87,"bolussnooze":0,"activity":-0.0081,"lastBolusTime":1703093175895,"time":"2023-12-20T19:30:57.502Z"}},{"iob":0.011,"basaliob":-0.015,"bolussnooze":0,"activity":1.0E-4,"lastBolusTime":1703093175895,"time":"2023-12-20T19:35:57.502Z","iobWithZeroTemp":{"iob":-0.866,"basaliob":-0.892,"bolussnooze":0,"activity":-0.0086,"lastBolusTime":1703093175895,"time":"2023-12-20T19:35:57.502Z"}},{"iob":0.009,"basaliob":-0.014,"bolussnooze":0,"activity":2.0E-4,"lastBolusTime":1703093175895,"time":"2023-12-20T19:40:57.502Z","iobWithZeroTemp":{"iob":-0.891,"basaliob":-0.914,"bolussnooze":0,"activity":-0.0089,"lastBolusTime":1703093175895,"time":"2023-12-20T19:40:57.502Z"}},{"iob":0.009,"basaliob":-0.012,"bolussnooze":0,"activity":1.0E-4,"lastBolusTime":1703093175895,"time":"2023-12-20T19:45:57.502Z","iobWithZeroTemp":{"iob":-0.911,"basaliob":-0.932,"bolussnooze":0,"activity":-0.0093,"lastBolusTime":1703093175895,"time":"2023-12-20T19:45:57.502Z"}},{"iob":0.008,"basaliob":-0.011,"bolussnooze":0,"activity":1.0E-4,"lastBolusTime":1703093175895,"time":"2023-12-20T19:50:57.502Z","iobWithZeroTemp":{"iob":-0.931,"basaliob":-0.95,"bolussnooze":0,"activity":-0.0097,"lastBolusTime":1703093175895,"time":"2023-12-20T19:50:57.502Z"}},{"iob":0.007,"basaliob":-0.01,"bolussnooze":0,"activity":2.0E-4,"lastBolusTime":1703093175895,"time":"2023-12-20T19:55:57.502Z","iobWithZeroTemp":{"iob":-0.949,"basaliob":-0.966,"bolussnooze":0,"activity":-0.0099,"lastBolusTime":1703093175895,"time":"2023-12-20T19:55:57.502Z"}},{"iob":0.007,"basaliob":-0.008,"bolussnooze":0,"activity":1.0E-4,"lastBolusTime":1703093175895,"time":"2023-12-20T20:00:57.502Z","iobWithZeroTemp":{"iob":-0.965,"basaliob":-0.98,"bolussnooze":0,"activity":-0.0103,"lastBolusTime":1703093175895,"time":"2023-12-20T20:00:57.502Z"}},{"iob":0.005,"basaliob":-0.008,"bolussnooze":0,"activity":1.0E-4,"lastBolusTime":1703093175895,"time":"2023-12-20T20:05:57.502Z","iobWithZeroTemp":{"iob":-0.981,"basaliob":-0.994,"bolussnooze":0,"activity":-0.0105,"lastBolusTime":1703093175895,"time":"2023-12-20T20:05:57.502Z"}},{"iob":0.005,"basaliob":-0.007,"bolussnooze":0,"activity":1.0E-4,"lastBolusTime":1703093175895,"time":"2023-12-20T20:10:57.502Z","iobWithZeroTemp":{"iob":-0.994,"basaliob":-1.006,"bolussnooze":0,"activity":-0.0108,"lastBolusTime":1703093175895,"time":"2023-12-20T20:10:57.502Z"}},{"iob":0.005,"basaliob":-0.006,"bolussnooze":0,"activity":2.0E-4,"lastBolusTime":1703093175895,"time":"2023-12-20T20:15:57.502Z","iobWithZeroTemp":{"iob":-1.005,"basaliob":-1.016,"bolussnooze":0,"activity":-0.0109,"lastBolusTime":1703093175895,"time":"2023-12-20T20:15:57.502Z"}},{"iob":0.004,"basaliob":-0.005,"bolussnooze":0,"activity":1.0E-4,"lastBolusTime":1703093175895,"time":"2023-12-20T20:20:57.502Z","iobWithZeroTemp":{"iob":-1.017,"basaliob":-1.026,"bolussnooze":0,"activity":-0.0112,"lastBolusTime":1703093175895,"time":"2023-12-20T20:20:57.502Z"}},{"iob":0.003,"basaliob":-0.005,"bolussnooze":0,"activity":1.0E-4,"lastBolusTime":1703093175895,"time":"2023-12-20T20:25:57.502Z","iobWithZeroTemp":{"iob":-1.027,"basaliob":-1.035,"bolussnooze":0,"activity":-0.0114,"lastBolusTime":1703093175895,"time":"2023-12-20T20:25:57.502Z"}},{"iob":0.003,"basaliob":-0.004,"bolussnooze":0,"activity":1.0E-4,"lastBolusTime":1703093175895,"time":"2023-12-20T20:30:57.502Z","iobWithZeroTemp":{"iob":-1.036,"basaliob":-1.043,"bolussnooze":0,"activity":-0.0116,"lastBolusTime":1703093175895,"time":"2023-12-20T20:30:57.502Z"}},{"iob":0.002,"basaliob":-0.004,"bolussnooze":0,"activity":1.0E-4,"lastBolusTime":1703093175895,"time":"2023-12-20T20:35:57.502Z","iobWithZeroTemp":{"iob":-1.045,"basaliob":-1.051,"bolussnooze":0,"activity":-0.0118,"lastBolusTime":1703093175895,"time":"2023-12-20T20:35:57.502Z"}},{"iob":0.003,"basaliob":-0.003,"bolussnooze":0,"activity":0,"lastBolusTime":1703093175895,"time":"2023-12-20T20:40:57.502Z","iobWithZeroTemp":{"iob":-1.051,"basaliob":-1.057,"bolussnooze":0,"activity":-0.012,"lastBolusTime":1703093175895,"time":"2023-12-20T20:40:57.502Z"}},{"iob":0.002,"basaliob":-0.003,"bolussnooze":0,"activity":0,"lastBolusTime":1703093175895,"time":"2023-12-20T20:45:57.502Z","iobWithZeroTemp":{"iob":-1.058,"basaliob":-1.063,"bolussnooze":0,"activity":-0.0122,"lastBolusTime":1703093175895,"time":"2023-12-20T20:45:57.502Z"}},{"iob":0.002,"basaliob":-0.002,"bolussnooze":0,"activity":0,"lastBolusTime":1703093175895,"time":"2023-12-20T20:50:57.502Z","iobWithZeroTemp":{"iob":-1.063,"basaliob":-1.067,"bolussnooze":0,"activity":-0.0123,"lastBolusTime":1703093175895,"time":"2023-12-20T20:50:57.502Z"}},{"iob":0.002,"basaliob":-0.002,"bolussnooze":0,"activity":0,"lastBolusTime":1703093175895,"time":"2023-12-20T20:55:57.502Z","iobWithZeroTemp":{"iob":-1.068,"basaliob":-1.072,"bolussnooze":0,"activity":-0.0124,"lastBolusTime":1703093175895,"time":"2023-12-20T20:55:57.502Z"}},{"iob":0.001,"basaliob":-0.002,"bolussnooze":0,"activity":0,"lastBolusTime":1703093175895,"time":"2023-12-20T21:00:57.502Z","iobWithZeroTemp":{"iob":-1.074,"basaliob":-1.077,"bolussnooze":0,"activity":-0.0125,"lastBolusTime":1703093175895,"time":"2023-12-20T21:00:57.502Z"}},{"iob":0.001,"basaliob":-0.002,"bolussnooze":0,"activity":1.0E-4,"lastBolusTime":1703093175895,"time":"2023-12-20T21:05:57.502Z","iobWithZeroTemp":{"iob":-1.078,"basaliob":-1.081,"bolussnooze":0,"activity":-0.0125,"lastBolusTime":1703093175895,"time":"2023-12-20T21:05:57.502Z"}},{"iob":0.001,"basaliob":-0.001,"bolussnooze":0,"activity":1.0E-4,"lastBolusTime":1703093175895,"time":"2023-12-20T21:10:57.502Z","iobWithZeroTemp":{"iob":-1.081,"basaliob":-1.083,"bolussnooze":0,"activity":-0.0126,"lastBolusTime":1703093175895,"time":"2023-12-20T21:10:57.502Z"}},{"iob":0.001,"basaliob":-0.001,"bolussnooze":0,"activity":1.0E-4,"lastBolusTime":1703093175895,"time":"2023-12-20T21:15:57.502Z","iobWithZeroTemp":{"iob":-1.084,"basaliob":-1.086,"bolussnooze":0,"activity":-0.0127,"lastBolusTime":1703093175895,"time":"2023-12-20T21:15:57.502Z"}},{"iob":0.001,"basaliob":-0.001,"bolussnooze":0,"activity":1.0E-4,"lastBolusTime":1703093175895,"time":"2023-12-20T21:20:57.502Z","iobWithZeroTemp":{"iob":-1.087,"basaliob":-1.089,"bolussnooze":0,"activity":-0.0127,"lastBolusTime":1703093175895,"time":"2023-12-20T21:20:57.502Z"}},{"iob":0,"basaliob":-0.001,"bolussnooze":0,"activity":1.0E-4,"lastBolusTime":1703093175895,"time":"2023-12-20T21:25:57.502Z","iobWithZeroTemp":{"iob":-1.09,"basaliob":-1.091,"bolussnooze":0,"activity":-0.0128,"lastBolusTime":1703093175895,"time":"2023-12-20T21:25:57.502Z"}},{"iob":0,"basaliob":-0.001,"bolussnooze":0,"activity":0,"lastBolusTime":1703093175895,"time":"2023-12-20T21:30:57.502Z","iobWithZeroTemp":{"iob":-1.092,"basaliob":-1.093,"bolussnooze":0,"activity":-0.013,"lastBolusTime":1703093175895,"time":"2023-12-20T21:30:57.502Z"}},{"iob":0,"basaliob":-0.001,"bolussnooze":0,"activity":0,"lastBolusTime":1703093175895,"time":"2023-12-20T21:35:57.502Z","iobWithZeroTemp":{"iob":-1.094,"basaliob":-1.095,"bolussnooze":0,"activity":-0.013,"lastBolusTime":1703093175895,"time":"2023-12-20T21:35:57.502Z"}},{"iob":0,"basaliob":-0.001,"bolussnooze":0,"activity":0,"lastBolusTime":1703093175895,"time":"2023-12-20T21:40:57.502Z","iobWithZeroTemp":{"iob":-1.096,"basaliob":-1.097,"bolussnooze":0,"activity":-0.013,"lastBolusTime":1703093175895,"time":"2023-12-20T21:40:57.502Z"}},{"iob":0.001,"basaliob":0,"bolussnooze":0,"activity":0,"lastBolusTime":1703093175895,"time":"2023-12-20T21:45:57.502Z","iobWithZeroTemp":{"iob":-1.096,"basaliob":-1.097,"bolussnooze":0,"activity":-0.0131,"lastBolusTime":1703093175895,"time":"2023-12-20T21:45:57.502Z"}},{"iob":0.001,"basaliob":0,"bolussnooze":0,"activity":0,"lastBolusTime":1703093175895,"time":"2023-12-20T21:50:57.502Z","iobWithZeroTemp":{"iob":-1.097,"basaliob":-1.098,"bolussnooze":0,"activity":-0.0131,"lastBolusTime":1703093175895,"time":"2023-12-20T21:50:57.502Z"}},{"iob":0,"basaliob":0,"bolussnooze":0,"activity":0,"lastBolusTime":1703093175895,"time":"2023-12-20T21:55:57.502Z","iobWithZeroTemp":{"iob":-1.099,"basaliob":-1.099,"bolussnooze":0,"activity":-0.0132,"lastBolusTime":1703093175895,"time":"2023-12-20T21:55:57.502Z"}}],"profile":{"max_iob":7,"type":"current","max_daily_basal":0.8,"max_basal":5,"min_bg":80,"max_bg":90,"target_bg":85,"carb_ratio":14,"sens":57,"max_daily_safety_multiplier":9,"current_basal_safety_multiplier":8,"lgsThreshold":65,"high_temptarget_raises_sensitivity":false,"low_temptarget_lowers_sensitivity":false,"sensitivity_raises_target":false,"resistance_lowers_target":false,"adv_target_adjustments":false,"exercise_mode":false,"half_basal_exercise_target":160,"maxCOB":120,"skip_neutral_temps":false,"remainingCarbsCap":90,"enableUAM":true,"A52_risk_enable":false,"SMBInterval":3,"enableSMB_with_COB":true,"enableSMB_with_temptarget":true,"allowSMB_with_high_temptarget":true,"enableSMB_always":true,"enableSMB_after_carbs":true,"maxSMBBasalMinutes":120,"maxUAMSMBBasalMinutes":90,"bolus_increment":0.05,"carbsReqThreshold":5,"current_basal":0.8,"temptargetSet":false,"autosens_max":1.6,"autosens_min":0.6,"variable_sens":111.5,"insulinDivisor":75,"TDD":19.87363571428572},"autosens_data":{"ratio":1.0051008905422163},"meal_data":{"carbs":0,"mealCOB":0,"slopeFromMaxDeviation":-0.4478333333333334,"slopeFromMinDeviation":0.12718181818181817,"lastBolusTime":1703093175895,"lastCarbTime":0},"microBolusAllowed":true,"currentTime":1703095259480,"flatBGsDetected":false,"tdd1D":21.666666666666675,"tdd7D":21.121428571428574,"tddLast24H":21.22916666666667,"tddLast4H":3.179166666666667,"tddLast8to4H":1.9124999999999999},"output":{"temp":"absolute","bg":94,"tick":"+0","eventualBG":91,"targetBG":85,"insulinReq":0.05,"deliverAt":"2023-12-20T18:00:59.480Z","sensitivityRatio":1.0051008905422163,"variable_sens":111.5,"predBGs":{"IOB":[94,94,94,94,94,94,94,94,94,93,93,93,93,93,92,92,92,92,92,92,92,92,92,92,91],"ZT":[94,94,94,93,93,94,94],"UAM":[94,94,94,93,93,93,92,92,92,92,92,91,91,91,91,91,90,90,90,90,90,90,90,90,90,90,90,90,89]},"reason":"COB: 0, Dev: 2, BGI: 0, ISF: 112, CR: 14, Target: 85, minPredBG 91, minGuardBG 89, IOBpredBG 91, UAMpredBG 89; Eventual BG 91 >= 90,  insulinReq 0.05. temp 0.90 < 0.9U\/hr. ","COB":0,"IOB":0.044,"duration":30,"rate":0.9040807124337731,"timestamp":"2023-12-20T18:00:59.490Z"}}