{"algorithm":"OpenAPSSMBDynamicISFPlugin","input":{"glucoseStatus":{"glucose":104,"noise":0,"delta":-1,"short_avgdelta":1.39,"long_avgdelta":4.3,"date":1703100638000},"currenttemp":{"temp":"absolute","duration":55,"rate":0,"minutesrunning":5},"iob_data":[{"iob":1.059,"basaliob":-0.199,"bolussnooze":0.7299,"activity":0.0056,"lastBolusTime":1703100101475,"time":"2023-12-20T19:30:59.220Z","iobWithZeroTemp":{"iob":1.059,"basaliob":-0.199,"bolussnooze":0.7299,"activity":0.0056,"lastBolusTime":1703100101475,"time":"2023-12-20T19:30:59.220Z"}},{"iob":1.027,"basaliob":-0.189,"bolussnooze":0.6592,"activity":0.007,"lastBolusTime":1703100101475,"time":"2023-12-20T19:35:59.220Z","iobWithZeroTemp":{"iob":0.974,"basaliob":-0.242,"bolussnooze":0.6592,"activity":0.0069,"lastBolusTime":1703100101475,"time":"2023-12-20T19:35:59.220Z"}},{"iob":0.991,"basaliob":-0.178,"bolussnooze":0.5858,"activity":0.0079,"lastBolusTime":1703100101475,"time":"2023-12-20T19:40:59.220Z","iobWithZeroTemp":{"iob":0.872,"basaliob":-0.297,"bolussnooze":0.5858,"activity":0.0077,"lastBolusTime":1703100101475,"time":"2023-12-20T19:40:59.220Z"}},{"iob":0.949,"basaliob":-0.168,"bolussnooze":0.5136,"activity":0.0086,"lastBolusTime":1703100101475,"time":"2023-12-20T19:45:59.220Z","iobWithZeroTemp":{"iob":0.765,"basaliob":-0.352,"bolussnooze":0.5136,"activity":0.008,"lastBolusTime":1703100101475,"time":"2023-12-20T19:45:59.220Z"}},{"iob":0.904,"basaliob":-0.158,"bolussnooze":0.4451,"activity":0.0091,"lastBolusTime":1703100101475,"time":"2023-12-20T19:50:59.220Z","iobWithZeroTemp":{"iob":0.657,"basaliob":-0.405,"bolussnooze":0.4451,"activity":0.0081,"lastBolusTime":1703100101475,"time":"2023-12-20T19:50:59.220Z"}},{"iob":0.858,"basaliob":-0.148,"bolussnooze":0.3819,"activity":0.0094,"lastBolusTime":1703100101475,"time":"2023-12-20T19:55:59.220Z","iobWithZeroTemp":{"iob":0.55,"basaliob":-0.456,"bolussnooze":0.3819,"activity":0.008,"lastBolusTime":1703100101475,"time":"2023-12-20T19:55:59.220Z"}},{"iob":0.811,"basaliob":-0.138,"bolussnooze":0.3247,"activity":0.0095,"lastBolusTime":1703100101475,"time":"2023-12-20T20:00:59.220Z","iobWithZeroTemp":{"iob":0.445,"basaliob":-0.504,"bolussnooze":0.3247,"activity":0.0076,"lastBolusTime":1703100101475,"time":"2023-12-20T20:00:59.220Z"}},{"iob":0.764,"basaliob":-0.128,"bolussnooze":0.2737,"activity":0.0095,"lastBolusTime":1703100101475,"time":"2023-12-20T20:05:59.220Z","iobWithZeroTemp":{"iob":0.342,"basaliob":-0.55,"bolussnooze":0.2737,"activity":0.007,"lastBolusTime":1703100101475,"time":"2023-12-20T20:05:59.220Z"}},{"iob":0.716,"basaliob":-0.119,"bolussnooze":0.2289,"activity":0.0094,"lastBolusTime":1703100101475,"time":"2023-12-20T20:10:59.220Z","iobWithZeroTemp":{"iob":0.241,"basaliob":-0.594,"bolussnooze":0.2289,"activity":0.0064,"lastBolusTime":1703100101475,"time":"2023-12-20T20:10:59.220Z"}},{"iob":0.67,"basaliob":-0.11,"bolussnooze":0.19,"activity":0.0092,"lastBolusTime":1703100101475,"time":"2023-12-20T20:15:59.220Z","iobWithZeroTemp":{"iob":0.145,"basaliob":-0.635,"bolussnooze":0.19,"activity":0.0056,"lastBolusTime":1703100101475,"time":"2023-12-20T20:15:59.220Z"}},{"iob":0.625,"basaliob":-0.102,"bolussnooze":0.1566,"activity":0.0089,"lastBolusTime":1703100101475,"time":"2023-12-20T20:20:59.220Z","iobWithZeroTemp":{"iob":0.053,"basaliob":-0.674,"bolussnooze":0.1566,"activity":0.0047,"lastBolusTime":1703100101475,"time":"2023-12-20T20:20:59.220Z"}},{"iob":0.581,"basaliob":-0.094,"bolussnooze":0.128,"activity":0.0086,"lastBolusTime":1703100101475,"time":"2023-12-20T20:25:59.220Z","iobWithZeroTemp":{"iob":-0.036,"basaliob":-0.711,"bolussnooze":0.128,"activity":0.0039,"lastBolusTime":1703100101475,"time":"2023-12-20T20:25:59.220Z"}},{"iob":0.539,"basaliob":-0.086,"bolussnooze":0.1039,"activity":0.0082,"lastBolusTime":1703100101475,"time":"2023-12-20T20:30:59.220Z","iobWithZeroTemp":{"iob":-0.119,"basaliob":-0.744,"bolussnooze":0.1039,"activity":0.0029,"lastBolusTime":1703100101475,"time":"2023-12-20T20:30:59.220Z"}},{"iob":0.499,"basaliob":-0.079,"bolussnooze":0.0836,"activity":0.0078,"lastBolusTime":1703100101475,"time":"2023-12-20T20:35:59.220Z","iobWithZeroTemp":{"iob":-0.198,"basaliob":-0.776,"bolussnooze":0.0836,"activity":0.0019,"lastBolusTime":1703100101475,"time":"2023-12-20T20:35:59.220Z"}},{"iob":0.46,"basaliob":-0.073,"bolussnooze":0.0668,"activity":0.0074,"lastBolusTime":1703100101475,"time":"2023-12-20T20:40:59.220Z","iobWithZeroTemp":{"iob":-0.273,"basaliob":-0.806,"bolussnooze":0.0668,"activity":0.001,"lastBolusTime":1703100101475,"time":"2023-12-20T20:40:59.220Z"}},{"iob":0.425,"basaliob":-0.066,"bolussnooze":0.0528,"activity":0.007,"lastBolusTime":1703100101475,"time":"2023-12-20T20:45:59.220Z","iobWithZeroTemp":{"iob":-0.342,"basaliob":-0.833,"bolussnooze":0.0528,"activity":1.0E-4,"lastBolusTime":1703100101475,"time":"2023-12-20T20:45:59.220Z"}},{"iob":0.39,"basaliob":-0.061,"bolussnooze":0.0414,"activity":0.0067,"lastBolusTime":1703100101475,"time":"2023-12-20T20:50:59.220Z","iobWithZeroTemp":{"iob":-0.408,"basaliob":-0.859,"bolussnooze":0.0414,"activity":-7.0E-4,"lastBolusTime":1703100101475,"time":"2023-12-20T20:50:59.220Z"}},{"iob":0.358,"basaliob":-0.055,"bolussnooze":0.0321,"activity":0.0063,"lastBolusTime":1703100101475,"time":"2023-12-20T20:55:59.220Z","iobWithZeroTemp":{"iob":-0.468,"basaliob":-0.881,"bolussnooze":0.0321,"activity":-0.0015,"lastBolusTime":1703100101475,"time":"2023-12-20T20:55:59.220Z"}},{"iob":0.328,"basaliob":-0.05,"bolussnooze":0.0246,"activity":0.0058,"lastBolusTime":1703100101475,"time":"2023-12-20T21:00:59.220Z","iobWithZeroTemp":{"iob":-0.525,"basaliob":-0.903,"bolussnooze":0.0246,"activity":-0.0025,"lastBolusTime":1703100101475,"time":"2023-12-20T21:00:59.220Z"}},{"iob":0.299,"basaliob":-0.046,"bolussnooze":0.0185,"activity":0.0054,"lastBolusTime":1703100101475,"time":"2023-12-20T21:05:59.220Z","iobWithZeroTemp":{"iob":-0.578,"basaliob":-0.923,"bolussnooze":0.0185,"activity":-0.0033,"lastBolusTime":1703100101475,"time":"2023-12-20T21:05:59.220Z"}},{"iob":0.274,"basaliob":-0.041,"bolussnooze":0.0138,"activity":0.0051,"lastBolusTime":1703100101475,"time":"2023-12-20T21:10:59.220Z","iobWithZeroTemp":{"iob":-0.626,"basaliob":-0.941,"bolussnooze":0.0138,"activity":-0.004,"lastBolusTime":1703100101475,"time":"2023-12-20T21:10:59.220Z"}},{"iob":0.249,"basaliob":-0.037,"bolussnooze":0.01,"activity":0.0047,"lastBolusTime":1703100101475,"time":"2023-12-20T21:15:59.220Z","iobWithZeroTemp":{"iob":-0.671,"basaliob":-0.957,"bolussnooze":0.01,"activity":-0.0047,"lastBolusTime":1703100101475,"time":"2023-12-20T21:15:59.220Z"}},{"iob":0.226,"basaliob":-0.034,"bolussnooze":0.0071,"activity":0.0044,"lastBolusTime":1703100101475,"time":"2023-12-20T21:20:59.220Z","iobWithZeroTemp":{"iob":-0.713,"basaliob":-0.973,"bolussnooze":0.0071,"activity":-0.0054,"lastBolusTime":1703100101475,"time":"2023-12-20T21:20:59.220Z"}},{"iob":0.206,"basaliob":-0.03,"bolussnooze":0.0049,"activity":0.0041,"lastBolusTime":1703100101475,"time":"2023-12-20T21:25:59.220Z","iobWithZeroTemp":{"iob":-0.75,"basaliob":-0.986,"bolussnooze":0.0049,"activity":-0.006,"lastBolusTime":1703100101475,"time":"2023-12-20T21:25:59.220Z"}},{"iob":0.186,"basaliob":-0.027,"bolussnooze":0.0033,"activity":0.0037,"lastBolusTime":1703100101475,"time":"2023-12-20T21:30:59.220Z","iobWithZeroTemp":{"iob":-0.786,"basaliob":-0.999,"bolussnooze":0.0033,"activity":-0.0067,"lastBolusTime":1703100101475,"time":"2023-12-20T21:30:59.220Z"}},{"iob":0.169,"basaliob":-0.024,"bolussnooze":0.0021,"activity":0.0035,"lastBolusTime":1703100101475,"time":"2023-12-20T21:35:59.220Z","iobWithZeroTemp":{"iob":-0.817,"basaliob":-1.01,"bolussnooze":0.0021,"activity":-0.0071,"lastBolusTime":1703100101475,"time":"2023-12-20T21:35:59.220Z"}},{"iob":0.152,"basaliob":-0.022,"bolussnooze":0.0012,"activity":0.0031,"lastBolusTime":1703100101475,"time":"2023-12-20T21:40:59.220Z","iobWithZeroTemp":{"iob":-0.847,"basaliob":-1.021,"bolussnooze":0.0012,"activity":-0.0078,"lastBolusTime":1703100101475,"time":"2023-12-20T21:40:59.220Z"}},{"iob":0.136,"basaliob":-0.02,"bolussnooze":7.0E-4,"activity":0.0029,"lastBolusTime":1703100101475,"time":"2023-12-20T21:45:59.220Z","iobWithZeroTemp":{"iob":-0.874,"basaliob":-1.03,"bolussnooze":7.0E-4,"activity":-0.0082,"lastBolusTime":1703100101475,"time":"2023-12-20T21:45:59.220Z"}},{"iob":0.123,"basaliob":-0.017,"bolussnooze":3.0E-4,"activity":0.0027,"lastBolusTime":1703100101475,"time":"2023-12-20T21:50:59.220Z","iobWithZeroTemp":{"iob":-0.898,"basaliob":-1.038,"bolussnooze":3.0E-4,"activity":-0.0086,"lastBolusTime":1703100101475,"time":"2023-12-20T21:50:59.220Z"}},{"iob":0.11,"basaliob":-0.016,"bolussnooze":1.0E-4,"activity":0.0024,"lastBolusTime":1703100101475,"time":"2023-12-20T21:55:59.220Z","iobWithZeroTemp":{"iob":-0.92,"basaliob":-1.046,"bolussnooze":1.0E-4,"activity":-0.0091,"lastBolusTime":1703100101475,"time":"2023-12-20T21:55:59.220Z"}},{"iob":0.098,"basaliob":-0.014,"bolussnooze":0,"activity":0.0022,"lastBolusTime":1703100101475,"time":"2023-12-20T22:00:59.220Z","iobWithZeroTemp":{"iob":-0.941,"basaliob":-1.053,"bolussnooze":0,"activity":-0.0095,"lastBolusTime":1703100101475,"time":"2023-12-20T22:00:59.220Z"}},{"iob":0.088,"basaliob":-0.012,"bolussnooze":0,"activity":0.002,"lastBolusTime":1703100101475,"time":"2023-12-20T22:05:59.220Z","iobWithZeroTemp":{"iob":-0.959,"basaliob":-1.059,"bolussnooze":0,"activity":-0.0099,"lastBolusTime":1703100101475,"time":"2023-12-20T22:05:59.220Z"}},{"iob":0.078,"basaliob":-0.011,"bolussnooze":0,"activity":0.0018,"lastBolusTime":1703100101475,"time":"2023-12-20T22:10:59.220Z","iobWithZeroTemp":{"iob":-0.976,"basaliob":-1.065,"bolussnooze":0,"activity":-0.0102,"lastBolusTime":1703100101475,"time":"2023-12-20T22:10:59.220Z"}},{"iob":0.069,"basaliob":-0.01,"bolussnooze":0,"activity":0.0017,"lastBolusTime":1703100101475,"time":"2023-12-20T22:15:59.220Z","iobWithZeroTemp":{"iob":-0.991,"basaliob":-1.07,"bolussnooze":0,"activity":-0.0105,"lastBolusTime":1703100101475,"time":"2023-12-20T22:15:59.220Z"}},{"iob":0.062,"basaliob":-0.008,"bolussnooze":0,"activity":0.0015,"lastBolusTime":1703100101475,"time":"2023-12-20T22:20:59.220Z","iobWithZeroTemp":{"iob":-1.003,"basaliob":-1.073,"bolussnooze":0,"activity":-0.0108,"lastBolusTime":1703100101475,"time":"2023-12-20T22:20:59.220Z"}},{"iob":0.055,"basaliob":-0.007,"bolussnooze":0,"activity":0.0013,"lastBolusTime":1703100101475,"time":"2023-12-20T22:25:59.220Z","iobWithZeroTemp":{"iob":-1.015,"basaliob":-1.077,"bolussnooze":0,"activity":-0.0111,"lastBolusTime":1703100101475,"time":"2023-12-20T22:25:59.220Z"}},{"iob":0.049,"basaliob":-0.006,"bolussnooze":0,"activity":0.0012,"lastBolusTime":1703100101475,"time":"2023-12-20T22:30:59.220Z","iobWithZeroTemp":{"iob":-1.026,"basaliob":-1.081,"bolussnooze":0,"activity":-0.0113,"lastBolusTime":1703100101475,"time":"2023-12-20T22:30:59.220Z"}},{"iob":0.042,"basaliob":-0.006,"bolussnooze":0,"activity":0.0011,"lastBolusTime":1703100101475,"time":"2023-12-20T22:35:59.220Z","iobWithZeroTemp":{"iob":-1.037,"basaliob":-1.085,"bolussnooze":0,"activity":-0.0115,"lastBolusTime":1703100101475,"time":"2023-12-20T22:35:59.220Z"}},{"iob":0.037,"basaliob":-0.005,"bolussnooze":0,"activity":0.001,"lastBolusTime":1703100101475,"time":"2023-12-20T22:40:59.220Z","iobWithZeroTemp":{"iob":-1.045,"basaliob":-1.087,"bolussnooze":0,"activity":-0.0117,"lastBolusTime":1703100101475,"time":"2023-12-20T22:40:59.220Z"}},{"iob":0.033,"basaliob":-0.004,"bolussnooze":0,"activity":9.0E-4,"lastBolusTime":1703100101475,"time":"2023-12-20T22:45:59.220Z","iobWithZeroTemp":{"iob":-1.052,"basaliob":-1.089,"bolussnooze":0,"activity":-0.0119,"lastBolusTime":1703100101475,"time":"2023-12-20T22:45:59.220Z"}},{"iob":0.028,"basaliob":-0.004,"bolussnooze":0,"activity":8.0E-4,"lastBolusTime":1703100101475,"time":"2023-12-20T22:50:59.220Z","iobWithZeroTemp":{"iob":-1.06,"basaliob":-1.092,"bolussnooze":0,"activity":-0.012,"lastBolusTime":1703100101475,"time":"2023-12-20T22:50:59.220Z"}},{"iob":0.025,"basaliob":-0.003,"bolussnooze":0,"activity":7.0E-4,"lastBolusTime":1703100101475,"time":"2023-12-20T22:55:59.220Z","iobWithZeroTemp":{"iob":-1.065,"basaliob":-1.093,"bolussnooze":0,"activity":-0.0122,"lastBolusTime":1703100101475,"time":"2023-12-20T22:55:59.220Z"}},{"iob":0.021,"basaliob":-0.003,"bolussnooze":0,"activity":6.0E-4,"lastBolusTime":1703100101475,"time":"2023-12-20T23:00:59.220Z","iobWithZeroTemp":{"iob":-1.071,"basaliob":-1.095,"bolussnooze":0,"activity":-0.0124,"lastBolusTime":1703100101475,"time":"2023-12-20T23:00:59.220Z"}},{"iob":0.019,"basaliob":-0.002,"bolussnooze":0,"activity":5.0E-4,"lastBolusTime":1703100101475,"time":"2023-12-20T23:05:59.220Z","iobWithZeroTemp":{"iob":-1.067,"basaliob":-1.088,"bolussnooze":0,"activity":-0.0125,"lastBolusTime":1703100101475,"time":"2023-12-20T23:05:59.220Z"}},{"iob":0.016,"basaliob":-0.002,"bolussnooze":0,"activity":5.0E-4,"lastBolusTime":1703100101475,"time":"2023-12-20T23:10:59.220Z","iobWithZeroTemp":{"iob":-1.063,"basaliob":-1.081,"bolussnooze":0,"activity":-0.0125,"lastBolusTime":1703100101475,"time":"2023-12-20T23:10:59.220Z"}},{"iob":0.013,"basaliob":-0.002,"bolussnooze":0,"activity":4.0E-4,"lastBolusTime":1703100101475,"time":"2023-12-20T23:15:59.220Z","iobWithZeroTemp":{"iob":-1.059,"basaliob":-1.074,"bolussnooze":0,"activity":-0.0126,"lastBolusTime":1703100101475,"time":"2023-12-20T23:15:59.220Z"}},{"iob":0.012,"basaliob":-0.001,"bolussnooze":0,"activity":4.0E-4,"lastBolusTime":1703100101475,"time":"2023-12-20T23:20:59.220Z","iobWithZeroTemp":{"iob":-1.054,"basaliob":-1.067,"bolussnooze":0,"activity":-0.0126,"lastBolusTime":1703100101475,"time":"2023-12-20T23:20:59.220Z"}},{"iob":0.01,"basaliob":-0.001,"bolussnooze":0,"activity":4.0E-4,"lastBolusTime":1703100101475,"time":"2023-12-20T23:25:59.220Z","iobWithZeroTemp":{"iob":-1.049,"basaliob":-1.06,"bolussnooze":0,"activity":-0.0126,"lastBolusTime":1703100101475,"time":"2023-12-20T23:25:59.220Z"}}],"profile":{"max_iob":7,"type":"current","max_daily_basal":0.8,"max_basal":5,"min_bg":80,"max_bg":90,"target_bg":85,"carb_ratio":14,"sens":57,"max_daily_safety_multiplier":9,"current_basal_safety_multiplier":8,"lgsThreshold":65,"high_temptarget_raises_sensitivity":false,"low_temptarget_lowers_sensitivity":false,"sensitivity_raises_target":false,"resistance_lowers_target":false,"adv_target_adjustments":false,"exercise_mode":false,"half_basal_exercise_target":160,"maxCOB":120,"skip_neutral_temps":false,"remainingCarbsCap":90,"enableUAM":true,"A52_risk_enable":false,"SMBInterval":3,"enableSMB_with_COB":true,"enableSMB_with_temptarget":true,"allowSMB_with_high_temptarget":true,"enableSMB_always":true,"enableSMB_after_carbs":true,"maxSMBBasalMinutes":120,"maxUAMSMBBasalMinutes":90,"bolus_increment":0.05,"carbsReqThreshold":5,"current_basal":0.8,"temptargetSet":false,"autosens_max":1.6,"autosens_min":0.6,"variable_sens":95.1,"insulinDivisor":75,"TDD":21.76536071428572},"autosens_data":{"ratio":1.048303460714688},"meal_data":{"carbs":0,"mealCOB":0,"slopeFromMaxDeviation":0,"slopeFromMinDeviation":1.0415999999999999,"lastBolusTime":1703100101475,"lastCarbTime":0},"microBolusAllowed":true,"currentTime":1703100660790,"flatBGsDetected":false,"tdd1D":21.666666666666675,"tdd7D":21.121428571428574,"tddLast24H":22.141666666666662,"tddLast4H":4.170833333333334,"tddLast8to4H":2.7833333333333337},"output":{"temp":"absolute","bg":104,"tick":-1,"eventualBG":39,"targetBG":85,"insulinReq":0,"deliverAt":"2023-12-20T19:31:00.790Z","sensitivityRatio":1.048303460714688,"variable_sens":95.1,"predBGs":{"IOB":[104,103,101,98,95,92,88,83,79,74,68,63,57,51,45,39],"ZT":[104,101,98,94,90,86,82,77,73,69,66,63,60,58,57,56,56,56,57,59,62,64,67,71,75,79,83],"UAM":[104,103,100,97,93,89,84,78,73,67,61,55,48,42,39]},"reason":"COB: 0, Dev: 10, BGI: -3, ISF: 95, CR: 14, Target: 85, minPredBG 48, minGuardBG -59, IOBpredBG 39, UAMpredBG 39; minGuardBG -59<65","COB":0,"IOB":1.059,"duration":120,"rate":0,"timestamp":"2023-12-20T19:31:00.796Z"}}