{"algorithm":"OpenAPSSMBDynamicISFPlugin","input":{"glucoseStatus":{"glucose":70,"noise":0,"delta":-2,"short_avgdelta":-1.44,"long_avgdelta":-1.54,"date":1703162437000},"currenttemp":{"temp":"absolute","duration":0,"rate":0},"iob_data":[{"iob":-0.191,"basaliob":-0.272,"bolussnooze":0,"activity":-0.0018,"lastBolusTime":1703160072925,"time":"2023-12-21T12:40:58.187Z","iobWithZeroTemp":{"iob":-0.191,"basaliob":-0.272,"bolussnooze":0,"activity":-0.0018,"lastBolusTime":1703160072925,"time":"2023-12-21T12:40:58.187Z"}},{"iob":-0.182,"basaliob":-0.257,"bolussnooze":0,"activity":-0.0018,"lastBolusTime":1703160072925,"time":"2023-12-21T12:45:58.187Z","iobWithZeroTemp":{"iob":-0.222,"basaliob":-0.297,"bolussnooze":0,"activity":-0.0018,"lastBolusTime":1703160072925,"time":"2023-12-21T12:45:58.187Z"}},{"iob":-0.172,"basaliob":-0.241,"bolussnooze":0,"activity":-0.0019,"lastBolusTime":1703160072925,"time":"2023-12-21T12:50:58.187Z","iobWithZeroTemp":{"iob":-0.261,"basaliob":-0.33,"bolussnooze":0,"activity":-0.0021,"lastBolusTime":1703160072925,"time":"2023-12-21T12:50:58.187Z"}},{"iob":-0.163,"basaliob":-0.226,"bolussnooze":0,"activity":-0.0019,"lastBolusTime":1703160072925,"time":"2023-12-21T12:55:58.187Z","iobWithZeroTemp":{"iob":-0.301,"basaliob":-0.364,"bolussnooze":0,"activity":-0.0023,"lastBolusTime":1703160072925,"time":"2023-12-21T12:55:58.187Z"}},{"iob":-0.154,"basaliob":-0.212,"bolussnooze":0,"activity":-0.0019,"lastBolusTime":1703160072925,"time":"2023-12-21T13:00:58.187Z","iobWithZeroTemp":{"iob":-0.339,"basaliob":-0.397,"bolussnooze":0,"activity":-0.0026,"lastBolusTime":1703160072925,"time":"2023-12-21T13:00:58.187Z"}},{"iob":-0.144,"basaliob":-0.197,"bolussnooze":0,"activity":-0.0019,"lastBolusTime":1703160072925,"time":"2023-12-21T13:05:58.187Z","iobWithZeroTemp":{"iob":-0.375,"basaliob":-0.428,"bolussnooze":0,"activity":-0.003,"lastBolusTime":1703160072925,"time":"2023-12-21T13:05:58.187Z"}},{"iob":-0.134,"basaliob":-0.183,"bolussnooze":0,"activity":-0.0018,"lastBolusTime":1703160072925,"time":"2023-12-21T13:10:58.187Z","iobWithZeroTemp":{"iob":-0.409,"basaliob":-0.458,"bolussnooze":0,"activity":-0.0032,"lastBolusTime":1703160072925,"time":"2023-12-21T13:10:58.187Z"}},{"iob":-0.125,"basaliob":-0.17,"bolussnooze":0,"activity":-0.0018,"lastBolusTime":1703160072925,"time":"2023-12-21T13:15:58.187Z","iobWithZeroTemp":{"iob":-0.441,"basaliob":-0.486,"bolussnooze":0,"activity":-0.0036,"lastBolusTime":1703160072925,"time":"2023-12-21T13:15:58.187Z"}},{"iob":-0.116,"basaliob":-0.157,"bolussnooze":0,"activity":-0.0017,"lastBolusTime":1703160072925,"time":"2023-12-21T13:20:58.187Z","iobWithZeroTemp":{"iob":-0.472,"basaliob":-0.513,"bolussnooze":0,"activity":-0.004,"lastBolusTime":1703160072925,"time":"2023-12-21T13:20:58.187Z"}},{"iob":-0.108,"basaliob":-0.145,"bolussnooze":0,"activity":-0.0017,"lastBolusTime":1703160072925,"time":"2023-12-21T13:25:58.187Z","iobWithZeroTemp":{"iob":-0.502,"basaliob":-0.539,"bolussnooze":0,"activity":-0.0044,"lastBolusTime":1703160072925,"time":"2023-12-21T13:25:58.187Z"}},{"iob":-0.099,"basaliob":-0.133,"bolussnooze":0,"activity":-0.0015,"lastBolusTime":1703160072925,"time":"2023-12-21T13:30:58.187Z","iobWithZeroTemp":{"iob":-0.528,"basaliob":-0.562,"bolussnooze":0,"activity":-0.0046,"lastBolusTime":1703160072925,"time":"2023-12-21T13:30:58.187Z"}},{"iob":-0.091,"basaliob":-0.122,"bolussnooze":0,"activity":-0.0015,"lastBolusTime":1703160072925,"time":"2023-12-21T13:35:58.187Z","iobWithZeroTemp":{"iob":-0.553,"basaliob":-0.584,"bolussnooze":0,"activity":-0.0051,"lastBolusTime":1703160072925,"time":"2023-12-21T13:35:58.187Z"}},{"iob":-0.084,"basaliob":-0.112,"bolussnooze":0,"activity":-0.0014,"lastBolusTime":1703160072925,"time":"2023-12-21T13:40:58.187Z","iobWithZeroTemp":{"iob":-0.578,"basaliob":-0.606,"bolussnooze":0,"activity":-0.0054,"lastBolusTime":1703160072925,"time":"2023-12-21T13:40:58.187Z"}},{"iob":-0.078,"basaliob":-0.103,"bolussnooze":0,"activity":-0.0013,"lastBolusTime":1703160072925,"time":"2023-12-21T13:45:58.187Z","iobWithZeroTemp":{"iob":-0.601,"basaliob":-0.626,"bolussnooze":0,"activity":-0.0057,"lastBolusTime":1703160072925,"time":"2023-12-21T13:45:58.187Z"}},{"iob":-0.071,"basaliob":-0.094,"bolussnooze":0,"activity":-0.0012,"lastBolusTime":1703160072925,"time":"2023-12-21T13:50:58.187Z","iobWithZeroTemp":{"iob":-0.621,"basaliob":-0.644,"bolussnooze":0,"activity":-0.006,"lastBolusTime":1703160072925,"time":"2023-12-21T13:50:58.187Z"}},{"iob":-0.065,"basaliob":-0.085,"bolussnooze":0,"activity":-0.0012,"lastBolusTime":1703160072925,"time":"2023-12-21T13:55:58.187Z","iobWithZeroTemp":{"iob":-0.64,"basaliob":-0.66,"bolussnooze":0,"activity":-0.0064,"lastBolusTime":1703160072925,"time":"2023-12-21T13:55:58.187Z"}},{"iob":-0.06,"basaliob":-0.078,"bolussnooze":0,"activity":-0.0011,"lastBolusTime":1703160072925,"time":"2023-12-21T14:00:58.187Z","iobWithZeroTemp":{"iob":-0.658,"basaliob":-0.676,"bolussnooze":0,"activity":-0.0066,"lastBolusTime":1703160072925,"time":"2023-12-21T14:00:58.187Z"}},{"iob":-0.055,"basaliob":-0.071,"bolussnooze":0,"activity":-0.001,"lastBolusTime":1703160072925,"time":"2023-12-21T14:05:58.187Z","iobWithZeroTemp":{"iob":-0.683,"basaliob":-0.699,"bolussnooze":0,"activity":-0.0069,"lastBolusTime":1703160072925,"time":"2023-12-21T14:05:58.187Z"}},{"iob":-0.049,"basaliob":-0.064,"bolussnooze":0,"activity":-0.001,"lastBolusTime":1703160072925,"time":"2023-12-21T14:10:58.187Z","iobWithZeroTemp":{"iob":-0.705,"basaliob":-0.72,"bolussnooze":0,"activity":-0.0072,"lastBolusTime":1703160072925,"time":"2023-12-21T14:10:58.187Z"}},{"iob":-0.045,"basaliob":-0.058,"bolussnooze":0,"activity":-9.0E-4,"lastBolusTime":1703160072925,"time":"2023-12-21T14:15:58.187Z","iobWithZeroTemp":{"iob":-0.727,"basaliob":-0.74,"bolussnooze":0,"activity":-0.0075,"lastBolusTime":1703160072925,"time":"2023-12-21T14:15:58.187Z"}},{"iob":-0.04,"basaliob":-0.052,"bolussnooze":0,"activity":-8.0E-4,"lastBolusTime":1703160072925,"time":"2023-12-21T14:20:58.187Z","iobWithZeroTemp":{"iob":-0.747,"basaliob":-0.759,"bolussnooze":0,"activity":-0.0077,"lastBolusTime":1703160072925,"time":"2023-12-21T14:20:58.187Z"}},{"iob":-0.037,"basaliob":-0.047,"bolussnooze":0,"activity":-8.0E-4,"lastBolusTime":1703160072925,"time":"2023-12-21T14:25:58.187Z","iobWithZeroTemp":{"iob":-0.767,"basaliob":-0.777,"bolussnooze":0,"activity":-0.0081,"lastBolusTime":1703160072925,"time":"2023-12-21T14:25:58.187Z"}},{"iob":-0.033,"basaliob":-0.042,"bolussnooze":0,"activity":-7.0E-4,"lastBolusTime":1703160072925,"time":"2023-12-21T14:30:58.187Z","iobWithZeroTemp":{"iob":-0.784,"basaliob":-0.793,"bolussnooze":0,"activity":-0.0083,"lastBolusTime":1703160072925,"time":"2023-12-21T14:30:58.187Z"}},{"iob":-0.03,"basaliob":-0.038,"bolussnooze":0,"activity":-6.0E-4,"lastBolusTime":1703160072925,"time":"2023-12-21T14:35:58.187Z","iobWithZeroTemp":{"iob":-0.801,"basaliob":-0.809,"bolussnooze":0,"activity":-0.0085,"lastBolusTime":1703160072925,"time":"2023-12-21T14:35:58.187Z"}},{"iob":-0.027,"basaliob":-0.034,"bolussnooze":0,"activity":-6.0E-4,"lastBolusTime":1703160072925,"time":"2023-12-21T14:40:58.187Z","iobWithZeroTemp":{"iob":-0.816,"basaliob":-0.823,"bolussnooze":0,"activity":-0.0088,"lastBolusTime":1703160072925,"time":"2023-12-21T14:40:58.187Z"}},{"iob":-0.025,"basaliob":-0.031,"bolussnooze":0,"activity":-5.0E-4,"lastBolusTime":1703160072925,"time":"2023-12-21T14:45:58.187Z","iobWithZeroTemp":{"iob":-0.831,"basaliob":-0.837,"bolussnooze":0,"activity":-0.0089,"lastBolusTime":1703160072925,"time":"2023-12-21T14:45:58.187Z"}},{"iob":-0.021,"basaliob":-0.027,"bolussnooze":0,"activity":-5.0E-4,"lastBolusTime":1703160072925,"time":"2023-12-21T14:50:58.187Z","iobWithZeroTemp":{"iob":-0.842,"basaliob":-0.848,"bolussnooze":0,"activity":-0.0092,"lastBolusTime":1703160072925,"time":"2023-12-21T14:50:58.187Z"}},{"iob":-0.019,"basaliob":-0.024,"bolussnooze":0,"activity":-5.0E-4,"lastBolusTime":1703160072925,"time":"2023-12-21T14:55:58.187Z","iobWithZeroTemp":{"iob":-0.854,"basaliob":-0.859,"bolussnooze":0,"activity":-0.0094,"lastBolusTime":1703160072925,"time":"2023-12-21T14:55:58.187Z"}},{"iob":-0.018,"basaliob":-0.022,"bolussnooze":0,"activity":-4.0E-4,"lastBolusTime":1703160072925,"time":"2023-12-21T15:00:58.187Z","iobWithZeroTemp":{"iob":-0.866,"basaliob":-0.87,"bolussnooze":0,"activity":-0.0096,"lastBolusTime":1703160072925,"time":"2023-12-21T15:00:58.187Z"}},{"iob":-0.015,"basaliob":-0.019,"bolussnooze":0,"activity":-4.0E-4,"lastBolusTime":1703160072925,"time":"2023-12-21T15:05:58.187Z","iobWithZeroTemp":{"iob":-0.875,"basaliob":-0.879,"bolussnooze":0,"activity":-0.0098,"lastBolusTime":1703160072925,"time":"2023-12-21T15:05:58.187Z"}},{"iob":-0.014,"basaliob":-0.017,"bolussnooze":0,"activity":-3.0E-4,"lastBolusTime":1703160072925,"time":"2023-12-21T15:10:58.187Z","iobWithZeroTemp":{"iob":-0.885,"basaliob":-0.888,"bolussnooze":0,"activity":-0.0099,"lastBolusTime":1703160072925,"time":"2023-12-21T15:10:58.187Z"}},{"iob":-0.012,"basaliob":-0.015,"bolussnooze":0,"activity":-3.0E-4,"lastBolusTime":1703160072925,"time":"2023-12-21T15:15:58.187Z","iobWithZeroTemp":{"iob":-0.893,"basaliob":-0.896,"bolussnooze":0,"activity":-0.0101,"lastBolusTime":1703160072925,"time":"2023-12-21T15:15:58.187Z"}},{"iob":-0.011,"basaliob":-0.013,"bolussnooze":0,"activity":-2.0E-4,"lastBolusTime":1703160072925,"time":"2023-12-21T15:20:58.187Z","iobWithZeroTemp":{"iob":-0.901,"basaliob":-0.903,"bolussnooze":0,"activity":-0.0101,"lastBolusTime":1703160072925,"time":"2023-12-21T15:20:58.187Z"}},{"iob":-0.01,"basaliob":-0.012,"bolussnooze":0,"activity":-2.0E-4,"lastBolusTime":1703160072925,"time":"2023-12-21T15:25:58.187Z","iobWithZeroTemp":{"iob":-0.908,"basaliob":-0.91,"bolussnooze":0,"activity":-0.0103,"lastBolusTime":1703160072925,"time":"2023-12-21T15:25:58.187Z"}},{"iob":-0.008,"basaliob":-0.01,"bolussnooze":0,"activity":-2.0E-4,"lastBolusTime":1703160072925,"time":"2023-12-21T15:30:58.187Z","iobWithZeroTemp":{"iob":-0.914,"basaliob":-0.916,"bolussnooze":0,"activity":-0.0105,"lastBolusTime":1703160072925,"time":"2023-12-21T15:30:58.187Z"}},{"iob":-0.008,"basaliob":-0.009,"bolussnooze":0,"activity":-2.0E-4,"lastBolusTime":1703160072925,"time":"2023-12-21T15:35:58.187Z","iobWithZeroTemp":{"iob":-0.921,"basaliob":-0.922,"bolussnooze":0,"activity":-0.0106,"lastBolusTime":1703160072925,"time":"2023-12-21T15:35:58.187Z"}},{"iob":-0.007,"basaliob":-0.008,"bolussnooze":0,"activity":-2.0E-4,"lastBolusTime":1703160072925,"time":"2023-12-21T15:40:58.187Z","iobWithZeroTemp":{"iob":-0.926,"basaliob":-0.927,"bolussnooze":0,"activity":-0.0107,"lastBolusTime":1703160072925,"time":"2023-12-21T15:40:58.187Z"}},{"iob":-0.006,"basaliob":-0.007,"bolussnooze":0,"activity":-2.0E-4,"lastBolusTime":1703160072925,"time":"2023-12-21T15:45:58.187Z","iobWithZeroTemp":{"iob":-0.93,"basaliob":-0.931,"bolussnooze":0,"activity":-0.0108,"lastBolusTime":1703160072925,"time":"2023-12-21T15:45:58.187Z"}},{"iob":-0.005,"basaliob":-0.006,"bolussnooze":0,"activity":-2.0E-4,"lastBolusTime":1703160072925,"time":"2023-12-21T15:50:58.187Z","iobWithZeroTemp":{"iob":-0.934,"basaliob":-0.935,"bolussnooze":0,"activity":-0.0109,"lastBolusTime":1703160072925,"time":"2023-12-21T15:50:58.187Z"}},{"iob":-0.004,"basaliob":-0.005,"bolussnooze":0,"activity":-1.0E-4,"lastBolusTime":1703160072925,"time":"2023-12-21T15:55:58.187Z","iobWithZeroTemp":{"iob":-0.937,"basaliob":-0.938,"bolussnooze":0,"activity":-0.0109,"lastBolusTime":1703160072925,"time":"2023-12-21T15:55:58.187Z"}},{"iob":-0.003,"basaliob":-0.004,"bolussnooze":0,"activity":-1.0E-4,"lastBolusTime":1703160072925,"time":"2023-12-21T16:00:58.187Z","iobWithZeroTemp":{"iob":-0.94,"basaliob":-0.941,"bolussnooze":0,"activity":-0.011,"lastBolusTime":1703160072925,"time":"2023-12-21T16:00:58.187Z"}},{"iob":-0.003,"basaliob":-0.004,"bolussnooze":0,"activity":-1.0E-4,"lastBolusTime":1703160072925,"time":"2023-12-21T16:05:58.187Z","iobWithZeroTemp":{"iob":-0.944,"basaliob":-0.945,"bolussnooze":0,"activity":-0.0111,"lastBolusTime":1703160072925,"time":"2023-12-21T16:05:58.187Z"}},{"iob":-0.003,"basaliob":-0.003,"bolussnooze":0,"activity":-1.0E-4,"lastBolusTime":1703160072925,"time":"2023-12-21T16:10:58.187Z","iobWithZeroTemp":{"iob":-0.947,"basaliob":-0.947,"bolussnooze":0,"activity":-0.0112,"lastBolusTime":1703160072925,"time":"2023-12-21T16:10:58.187Z"}},{"iob":-0.003,"basaliob":-0.003,"bolussnooze":0,"activity":-1.0E-4,"lastBolusTime":1703160072925,"time":"2023-12-21T16:15:58.187Z","iobWithZeroTemp":{"iob":-0.95,"basaliob":-0.95,"bolussnooze":0,"activity":-0.0112,"lastBolusTime":1703160072925,"time":"2023-12-21T16:15:58.187Z"}},{"iob":-0.002,"basaliob":-0.002,"bolussnooze":0,"activity":-1.0E-4,"lastBolusTime":1703160072925,"time":"2023-12-21T16:20:58.187Z","iobWithZeroTemp":{"iob":-0.951,"basaliob":-0.951,"bolussnooze":0,"activity":-0.0113,"lastBolusTime":1703160072925,"time":"2023-12-21T16:20:58.187Z"}},{"iob":-0.002,"basaliob":-0.002,"bolussnooze":0,"activity":-1.0E-4,"lastBolusTime":1703160072925,"time":"2023-12-21T16:25:58.187Z","iobWithZeroTemp":{"iob":-0.954,"basaliob":-0.954,"bolussnooze":0,"activity":-0.0114,"lastBolusTime":1703160072925,"time":"2023-12-21T16:25:58.187Z"}},{"iob":-0.002,"basaliob":-0.002,"bolussnooze":0,"activity":-1.0E-4,"lastBolusTime":1703160072925,"time":"2023-12-21T16:30:58.187Z","iobWithZeroTemp":{"iob":-0.955,"basaliob":-0.955,"bolussnooze":0,"activity":-0.0114,"lastBolusTime":1703160072925,"time":"2023-12-21T16:30:58.187Z"}},{"iob":-0.001,"basaliob":-0.001,"bolussnooze":0,"activity":-1.0E-4,"lastBolusTime":1703160072925,"time":"2023-12-21T16:35:58.187Z","iobWithZeroTemp":{"iob":-0.956,"basaliob":-0.956,"bolussnooze":0,"activity":-0.0115,"lastBolusTime":1703160072925,"time":"2023-12-21T16:35:58.187Z"}}],"profile":{"max_iob":7,"type":"current","max_daily_basal":0.8,"max_basal":4.8,"min_bg":80,"max_bg":90,"target_bg":85,"carb_ratio":16,"sens":57,"max_daily_safety_multiplier":9,"current_basal_safety_multiplier":8,"lgsThreshold":65,"high_temptarget_raises_sensitivity":false,"low_temptarget_lowers_sensitivity":false,"sensitivity_raises_target":false,"resistance_lowers_target":false,"adv_target_adjustments":false,"exercise_mode":false,"half_basal_exercise_target":160,"maxCOB":120,"skip_neutral_temps":false,"remainingCarbsCap":90,"enableUAM":true,"A52_risk_enable":false,"SMBInterval":3,"enableSMB_with_COB":true,"enableSMB_with_temptarget":true,"allowSMB_with_high_temptarget":true,"enableSMB_always":true,"enableSMB_after_carbs":true,"maxSMBBasalMinutes":120,"maxUAMSMBBasalMinutes":90,"bolus_increment":0.05,"carbsReqThreshold":5,"current_basal":0.6,"temptargetSet":false,"autosens_max":1.6,"autosens_min":0.6,"variable_sens":149.6,"insulinDivisor":75,"TDD":18.24719523809524},"autosens_data":{"ratio":1.009951214103559},"meal_data":{"carbs":0,"mealCOB":0,"slopeFromMaxDeviation":-0.4538333333333333,"slopeFromMinDeviation":0.6380000000000001,"lastBolusTime":1703160072925,"lastCarbTime":0},"microBolusAllowed":true,"currentTime":1703162459562,"flatBGsDetected":false,"tdd1D":20.662500000000005,"tdd7D":21.47380952380953,"tddLast24H":21.6875,"tddLast4H":1.8708333333333331,"tddLast8to4H":2.583333333333333},"output":{"temp":"absolute","bg":70,"tick":-2,"eventualBG":82,"targetBG":85,"insulinReq":-0.07,"deliverAt":"2023-12-21T12:40:59.562Z","sensitivityRatio":1.009951214103559,"variable_sens":149.6,"predBGs":{"IOB":[70,68,67,66,65,65,65,65,65,66,66,67,68,69,70,71,72,73,74,74,75,76,76,77,77,78,78,78,79,79,79,79,80,80,80,80,80,80,80,81],"ZT":[70,71,73,74,76,78,80,82,84]},"reason":"COB: 0, Dev: -17, BGI: 1, ISF: 150, CR: 16, Target: 85, minPredBG 74, minGuardBG 65, IOBpredBG 81;  insulinReq -0.07. 0m@0.00 > 2 * insulinReq. Setting temp basal of 0.47U\/hr. ","COB":0,"IOB":-0.191,"duration":30,"rate":0.4659707284621353,"timestamp":"2023-12-21T12:40:59.625Z"}}