{"algorithm":"OpenAPSSMBDynamicISFPlugin","input":{"glucoseStatus":{"glucose":85,"noise":0,"delta":2,"short_avgdelta":1.39,"long_avgdelta":0.29,"date":1703079938000},"currenttemp":{"temp":"absolute","duration":25,"rate":0.7,"minutesrunning":5},"iob_data":[{"iob":-0.064,"basaliob":-0.157,"bolussnooze":0,"activity":-6.0E-4,"lastBolusTime":1703077874822,"time":"2023-12-20T13:46:03.570Z","iobWithZeroTemp":{"iob":-0.064,"basaliob":-0.157,"bolussnooze":0,"activity":-6.0E-4,"lastBolusTime":1703077874822,"time":"2023-12-20T13:46:03.570Z"}},{"iob":-0.061,"basaliob":-0.148,"bolussnooze":0,"activity":-7.0E-4,"lastBolusTime":1703077874822,"time":"2023-12-20T13:51:03.570Z","iobWithZeroTemp":{"iob":-0.101,"basaliob":-0.188,"bolussnooze":0,"activity":-7.0E-4,"lastBolusTime":1703077874822,"time":"2023-12-20T13:51:03.570Z"}},{"iob":-0.056,"basaliob":-0.138,"bolussnooze":0,"activity":-7.0E-4,"lastBolusTime":1703077874822,"time":"2023-12-20T13:56:03.570Z","iobWithZeroTemp":{"iob":-0.145,"basaliob":-0.227,"bolussnooze":0,"activity":-9.0E-4,"lastBolusTime":1703077874822,"time":"2023-12-20T13:56:03.570Z"}},{"iob":-0.054,"basaliob":-0.13,"bolussnooze":0,"activity":-7.0E-4,"lastBolusTime":1703077874822,"time":"2023-12-20T14:01:03.570Z","iobWithZeroTemp":{"iob":-0.192,"basaliob":-0.268,"bolussnooze":0,"activity":-0.0011,"lastBolusTime":1703077874822,"time":"2023-12-20T14:01:03.570Z"}},{"iob":-0.05,"basaliob":-0.121,"bolussnooze":0,"activity":-7.0E-4,"lastBolusTime":1703077874822,"time":"2023-12-20T14:06:03.570Z","iobWithZeroTemp":{"iob":-0.243,"basaliob":-0.314,"bolussnooze":0,"activity":-0.0014,"lastBolusTime":1703077874822,"time":"2023-12-20T14:06:03.570Z"}},{"iob":-0.046,"basaliob":-0.112,"bolussnooze":0,"activity":-7.0E-4,"lastBolusTime":1703077874822,"time":"2023-12-20T14:11:03.570Z","iobWithZeroTemp":{"iob":-0.293,"basaliob":-0.359,"bolussnooze":0,"activity":-0.0018,"lastBolusTime":1703077874822,"time":"2023-12-20T14:11:03.570Z"}},{"iob":-0.043,"basaliob":-0.104,"bolussnooze":0,"activity":-6.0E-4,"lastBolusTime":1703077874822,"time":"2023-12-20T14:16:03.570Z","iobWithZeroTemp":{"iob":-0.341,"basaliob":-0.402,"bolussnooze":0,"activity":-0.0021,"lastBolusTime":1703077874822,"time":"2023-12-20T14:16:03.570Z"}},{"iob":-0.04,"basaliob":-0.096,"bolussnooze":0,"activity":-6.0E-4,"lastBolusTime":1703077874822,"time":"2023-12-20T14:21:03.570Z","iobWithZeroTemp":{"iob":-0.388,"basaliob":-0.444,"bolussnooze":0,"activity":-0.0026,"lastBolusTime":1703077874822,"time":"2023-12-20T14:21:03.570Z"}},{"iob":-0.037,"basaliob":-0.089,"bolussnooze":0,"activity":-5.0E-4,"lastBolusTime":1703077874822,"time":"2023-12-20T14:26:03.570Z","iobWithZeroTemp":{"iob":-0.432,"basaliob":-0.484,"bolussnooze":0,"activity":-0.003,"lastBolusTime":1703077874822,"time":"2023-12-20T14:26:03.570Z"}},{"iob":-0.035,"basaliob":-0.082,"bolussnooze":0,"activity":-6.0E-4,"lastBolusTime":1703077874822,"time":"2023-12-20T14:31:03.570Z","iobWithZeroTemp":{"iob":-0.475,"basaliob":-0.522,"bolussnooze":0,"activity":-0.0035,"lastBolusTime":1703077874822,"time":"2023-12-20T14:31:03.570Z"}},{"iob":-0.031,"basaliob":-0.075,"bolussnooze":0,"activity":-5.0E-4,"lastBolusTime":1703077874822,"time":"2023-12-20T14:36:03.570Z","iobWithZeroTemp":{"iob":-0.513,"basaliob":-0.557,"bolussnooze":0,"activity":-0.0039,"lastBolusTime":1703077874822,"time":"2023-12-20T14:36:03.570Z"}},{"iob":-0.029,"basaliob":-0.069,"bolussnooze":0,"activity":-5.0E-4,"lastBolusTime":1703077874822,"time":"2023-12-20T14:41:03.570Z","iobWithZeroTemp":{"iob":-0.551,"basaliob":-0.591,"bolussnooze":0,"activity":-0.0044,"lastBolusTime":1703077874822,"time":"2023-12-20T14:41:03.570Z"}},{"iob":-0.027,"basaliob":-0.063,"bolussnooze":0,"activity":-4.0E-4,"lastBolusTime":1703077874822,"time":"2023-12-20T14:46:03.570Z","iobWithZeroTemp":{"iob":-0.587,"basaliob":-0.623,"bolussnooze":0,"activity":-0.0048,"lastBolusTime":1703077874822,"time":"2023-12-20T14:46:03.570Z"}},{"iob":-0.025,"basaliob":-0.058,"bolussnooze":0,"activity":-5.0E-4,"lastBolusTime":1703077874822,"time":"2023-12-20T14:51:03.570Z","iobWithZeroTemp":{"iob":-0.62,"basaliob":-0.653,"bolussnooze":0,"activity":-0.0054,"lastBolusTime":1703077874822,"time":"2023-12-20T14:51:03.570Z"}},{"iob":-0.023,"basaliob":-0.053,"bolussnooze":0,"activity":-4.0E-4,"lastBolusTime":1703077874822,"time":"2023-12-20T14:56:03.570Z","iobWithZeroTemp":{"iob":-0.65,"basaliob":-0.68,"bolussnooze":0,"activity":-0.0058,"lastBolusTime":1703077874822,"time":"2023-12-20T14:56:03.570Z"}},{"iob":-0.02,"basaliob":-0.048,"bolussnooze":0,"activity":-4.0E-4,"lastBolusTime":1703077874822,"time":"2023-12-20T15:01:03.570Z","iobWithZeroTemp":{"iob":-0.677,"basaliob":-0.705,"bolussnooze":0,"activity":-0.0062,"lastBolusTime":1703077874822,"time":"2023-12-20T15:01:03.570Z"}},{"iob":-0.019,"basaliob":-0.044,"bolussnooze":0,"activity":-3.0E-4,"lastBolusTime":1703077874822,"time":"2023-12-20T15:06:03.570Z","iobWithZeroTemp":{"iob":-0.705,"basaliob":-0.73,"bolussnooze":0,"activity":-0.0066,"lastBolusTime":1703077874822,"time":"2023-12-20T15:06:03.570Z"}},{"iob":-0.017,"basaliob":-0.04,"bolussnooze":0,"activity":-3.0E-4,"lastBolusTime":1703077874822,"time":"2023-12-20T15:11:03.570Z","iobWithZeroTemp":{"iob":-0.729,"basaliob":-0.752,"bolussnooze":0,"activity":-0.007,"lastBolusTime":1703077874822,"time":"2023-12-20T15:11:03.570Z"}},{"iob":-0.016,"basaliob":-0.036,"bolussnooze":0,"activity":-3.0E-4,"lastBolusTime":1703077874822,"time":"2023-12-20T15:16:03.570Z","iobWithZeroTemp":{"iob":-0.752,"basaliob":-0.772,"bolussnooze":0,"activity":-0.0074,"lastBolusTime":1703077874822,"time":"2023-12-20T15:16:03.570Z"}},{"iob":-0.014,"basaliob":-0.032,"bolussnooze":0,"activity":-3.0E-4,"lastBolusTime":1703077874822,"time":"2023-12-20T15:21:03.570Z","iobWithZeroTemp":{"iob":-0.772,"basaliob":-0.79,"bolussnooze":0,"activity":-0.0077,"lastBolusTime":1703077874822,"time":"2023-12-20T15:21:03.570Z"}},{"iob":-0.012,"basaliob":-0.029,"bolussnooze":0,"activity":-2.0E-4,"lastBolusTime":1703077874822,"time":"2023-12-20T15:26:03.570Z","iobWithZeroTemp":{"iob":-0.79,"basaliob":-0.807,"bolussnooze":0,"activity":-0.008,"lastBolusTime":1703077874822,"time":"2023-12-20T15:26:03.570Z"}},{"iob":-0.011,"basaliob":-0.026,"bolussnooze":0,"activity":-3.0E-4,"lastBolusTime":1703077874822,"time":"2023-12-20T15:31:03.570Z","iobWithZeroTemp":{"iob":-0.808,"basaliob":-0.823,"bolussnooze":0,"activity":-0.0084,"lastBolusTime":1703077874822,"time":"2023-12-20T15:31:03.570Z"}},{"iob":-0.011,"basaliob":-0.024,"bolussnooze":0,"activity":-2.0E-4,"lastBolusTime":1703077874822,"time":"2023-12-20T15:36:03.570Z","iobWithZeroTemp":{"iob":-0.825,"basaliob":-0.838,"bolussnooze":0,"activity":-0.0086,"lastBolusTime":1703077874822,"time":"2023-12-20T15:36:03.570Z"}},{"iob":-0.009,"basaliob":-0.021,"bolussnooze":0,"activity":-2.0E-4,"lastBolusTime":1703077874822,"time":"2023-12-20T15:41:03.570Z","iobWithZeroTemp":{"iob":-0.838,"basaliob":-0.85,"bolussnooze":0,"activity":-0.0089,"lastBolusTime":1703077874822,"time":"2023-12-20T15:41:03.570Z"}},{"iob":-0.008,"basaliob":-0.019,"bolussnooze":0,"activity":-2.0E-4,"lastBolusTime":1703077874822,"time":"2023-12-20T15:46:03.570Z","iobWithZeroTemp":{"iob":-0.852,"basaliob":-0.863,"bolussnooze":0,"activity":-0.0092,"lastBolusTime":1703077874822,"time":"2023-12-20T15:46:03.570Z"}},{"iob":-0.007,"basaliob":-0.017,"bolussnooze":0,"activity":-2.0E-4,"lastBolusTime":1703077874822,"time":"2023-12-20T15:51:03.570Z","iobWithZeroTemp":{"iob":-0.864,"basaliob":-0.874,"bolussnooze":0,"activity":-0.0094,"lastBolusTime":1703077874822,"time":"2023-12-20T15:51:03.570Z"}},{"iob":-0.006,"basaliob":-0.015,"bolussnooze":0,"activity":-1.0E-4,"lastBolusTime":1703077874822,"time":"2023-12-20T15:56:03.570Z","iobWithZeroTemp":{"iob":-0.874,"basaliob":-0.883,"bolussnooze":0,"activity":-0.0095,"lastBolusTime":1703077874822,"time":"2023-12-20T15:56:03.570Z"}},{"iob":-0.006,"basaliob":-0.014,"bolussnooze":0,"activity":-1.0E-4,"lastBolusTime":1703077874822,"time":"2023-12-20T16:01:03.570Z","iobWithZeroTemp":{"iob":-0.885,"basaliob":-0.893,"bolussnooze":0,"activity":-0.0097,"lastBolusTime":1703077874822,"time":"2023-12-20T16:01:03.570Z"}},{"iob":-0.005,"basaliob":-0.012,"bolussnooze":0,"activity":-1.0E-4,"lastBolusTime":1703077874822,"time":"2023-12-20T16:06:03.570Z","iobWithZeroTemp":{"iob":-0.894,"basaliob":-0.901,"bolussnooze":0,"activity":-0.0099,"lastBolusTime":1703077874822,"time":"2023-12-20T16:06:03.570Z"}},{"iob":-0.005,"basaliob":-0.011,"bolussnooze":0,"activity":-2.0E-4,"lastBolusTime":1703077874822,"time":"2023-12-20T16:11:03.570Z","iobWithZeroTemp":{"iob":-0.903,"basaliob":-0.909,"bolussnooze":0,"activity":-0.0102,"lastBolusTime":1703077874822,"time":"2023-12-20T16:11:03.570Z"}},{"iob":-0.005,"basaliob":-0.01,"bolussnooze":0,"activity":-1.0E-4,"lastBolusTime":1703077874822,"time":"2023-12-20T16:16:03.570Z","iobWithZeroTemp":{"iob":-0.91,"basaliob":-0.915,"bolussnooze":0,"activity":-0.0103,"lastBolusTime":1703077874822,"time":"2023-12-20T16:16:03.570Z"}},{"iob":-0.003,"basaliob":-0.008,"bolussnooze":0,"activity":-1.0E-4,"lastBolusTime":1703077874822,"time":"2023-12-20T16:21:03.570Z","iobWithZeroTemp":{"iob":-0.916,"basaliob":-0.921,"bolussnooze":0,"activity":-0.0104,"lastBolusTime":1703077874822,"time":"2023-12-20T16:21:03.570Z"}},{"iob":-0.003,"basaliob":-0.007,"bolussnooze":0,"activity":-1.0E-4,"lastBolusTime":1703077874822,"time":"2023-12-20T16:26:03.570Z","iobWithZeroTemp":{"iob":-0.922,"basaliob":-0.926,"bolussnooze":0,"activity":-0.0106,"lastBolusTime":1703077874822,"time":"2023-12-20T16:26:03.570Z"}},{"iob":-0.003,"basaliob":-0.007,"bolussnooze":0,"activity":-1.0E-4,"lastBolusTime":1703077874822,"time":"2023-12-20T16:31:03.570Z","iobWithZeroTemp":{"iob":-0.928,"basaliob":-0.932,"bolussnooze":0,"activity":-0.0107,"lastBolusTime":1703077874822,"time":"2023-12-20T16:31:03.570Z"}},{"iob":-0.003,"basaliob":-0.006,"bolussnooze":0,"activity":-1.0E-4,"lastBolusTime":1703077874822,"time":"2023-12-20T16:36:03.570Z","iobWithZeroTemp":{"iob":-0.933,"basaliob":-0.936,"bolussnooze":0,"activity":-0.0108,"lastBolusTime":1703077874822,"time":"2023-12-20T16:36:03.570Z"}},{"iob":-0.002,"basaliob":-0.005,"bolussnooze":0,"activity":0,"lastBolusTime":1703077874822,"time":"2023-12-20T16:41:03.570Z","iobWithZeroTemp":{"iob":-0.936,"basaliob":-0.939,"bolussnooze":0,"activity":-0.0108,"lastBolusTime":1703077874822,"time":"2023-12-20T16:41:03.570Z"}},{"iob":-0.002,"basaliob":-0.004,"bolussnooze":0,"activity":0,"lastBolusTime":1703077874822,"time":"2023-12-20T16:46:03.570Z","iobWithZeroTemp":{"iob":-0.94,"basaliob":-0.942,"bolussnooze":0,"activity":-0.0109,"lastBolusTime":1703077874822,"time":"2023-12-20T16:46:03.570Z"}},{"iob":-0.002,"basaliob":-0.004,"bolussnooze":0,"activity":0,"lastBolusTime":1703077874822,"time":"2023-12-20T16:51:03.570Z","iobWithZeroTemp":{"iob":-0.944,"basaliob":-0.946,"bolussnooze":0,"activity":-0.011,"lastBolusTime":1703077874822,"time":"2023-12-20T16:51:03.570Z"}},{"iob":-0.001,"basaliob":-0.003,"bolussnooze":0,"activity":0,"lastBolusTime":1703077874822,"time":"2023-12-20T16:56:03.570Z","iobWithZeroTemp":{"iob":-0.946,"basaliob":-0.948,"bolussnooze":0,"activity":-0.0111,"lastBolusTime":1703077874822,"time":"2023-12-20T16:56:03.570Z"}},{"iob":-0.002,"basaliob":-0.003,"bolussnooze":0,"activity":-1.0E-4,"lastBolusTime":1703077874822,"time":"2023-12-20T17:01:03.570Z","iobWithZeroTemp":{"iob":-0.95,"basaliob":-0.951,"bolussnooze":0,"activity":-0.0112,"lastBolusTime":1703077874822,"time":"2023-12-20T17:01:03.570Z"}},{"iob":-0.001,"basaliob":-0.002,"bolussnooze":0,"activity":-1.0E-4,"lastBolusTime":1703077874822,"time":"2023-12-20T17:06:03.570Z","iobWithZeroTemp":{"iob":-0.96,"basaliob":-0.961,"bolussnooze":0,"activity":-0.0113,"lastBolusTime":1703077874822,"time":"2023-12-20T17:06:03.570Z"}},{"iob":-0.001,"basaliob":-0.002,"bolussnooze":0,"activity":-1.0E-4,"lastBolusTime":1703077874822,"time":"2023-12-20T17:11:03.570Z","iobWithZeroTemp":{"iob":-0.97,"basaliob":-0.971,"bolussnooze":0,"activity":-0.0114,"lastBolusTime":1703077874822,"time":"2023-12-20T17:11:03.570Z"}},{"iob":-0.001,"basaliob":-0.002,"bolussnooze":0,"activity":-1.0E-4,"lastBolusTime":1703077874822,"time":"2023-12-20T17:16:03.570Z","iobWithZeroTemp":{"iob":-0.98,"basaliob":-0.981,"bolussnooze":0,"activity":-0.0115,"lastBolusTime":1703077874822,"time":"2023-12-20T17:16:03.570Z"}},{"iob":-0.001,"basaliob":-0.002,"bolussnooze":0,"activity":-1.0E-4,"lastBolusTime":1703077874822,"time":"2023-12-20T17:21:03.570Z","iobWithZeroTemp":{"iob":-0.99,"basaliob":-0.991,"bolussnooze":0,"activity":-0.0116,"lastBolusTime":1703077874822,"time":"2023-12-20T17:21:03.570Z"}},{"iob":0,"basaliob":-0.001,"bolussnooze":0,"activity":0,"lastBolusTime":1703077874822,"time":"2023-12-20T17:26:03.570Z","iobWithZeroTemp":{"iob":-0.998,"basaliob":-0.999,"bolussnooze":0,"activity":-0.0116,"lastBolusTime":1703077874822,"time":"2023-12-20T17:26:03.570Z"}},{"iob":0,"basaliob":-0.001,"bolussnooze":0,"activity":0,"lastBolusTime":1703077874822,"time":"2023-12-20T17:31:03.570Z","iobWithZeroTemp":{"iob":-1.006,"basaliob":-1.007,"bolussnooze":0,"activity":-0.0117,"lastBolusTime":1703077874822,"time":"2023-12-20T17:31:03.570Z"}},{"iob":-0.001,"basaliob":-0.001,"bolussnooze":0,"activity":0,"lastBolusTime":1703077874822,"time":"2023-12-20T17:36:03.570Z","iobWithZeroTemp":{"iob":-1.015,"basaliob":-1.015,"bolussnooze":0,"activity":-0.0118,"lastBolusTime":1703077874822,"time":"2023-12-20T17:36:03.570Z"}},{"iob":-0.001,"basaliob":-0.001,"bolussnooze":0,"activity":0,"lastBolusTime":1703077874822,"time":"2023-12-20T17:41:03.570Z","iobWithZeroTemp":{"iob":-1.023,"basaliob":-1.023,"bolussnooze":0,"activity":-0.0119,"lastBolusTime":1703077874822,"time":"2023-12-20T17:41:03.570Z"}}],"profile":{"max_iob":7,"type":"current","max_daily_basal":0.8,"max_basal":4.8,"min_bg":80,"max_bg":90,"target_bg":85,"carb_ratio":16,"sens":57,"max_daily_safety_multiplier":9,"current_basal_safety_multiplier":8,"lgsThreshold":65,"high_temptarget_raises_sensitivity":false,"low_temptarget_lowers_sensitivity":false,"sensitivity_raises_target":false,"resistance_lowers_target":false,"adv_target_adjustments":false,"exercise_mode":false,"half_basal_exercise_target":160,"maxCOB":120,"skip_neutral_temps":false,"remainingCarbsCap":90,"enableUAM":true,"A52_risk_enable":false,"SMBInterval":3,"enableSMB_with_COB":true,"enableSMB_with_temptarget":true,"allowSMB_with_high_temptarget":true,"enableSMB_always":true,"enableSMB_after_carbs":true,"maxSMBBasalMinutes":120,"maxUAMSMBBasalMinutes":90,"bolus_increment":0.05,"carbsReqThreshold":5,"current_basal":0.6,"temptargetSet":false,"autosens_max":1.6,"autosens_min":0.6,"variable_sens":133.5,"insulinDivisor":75,"TDD":17.792985714285717},"autosens_data":{"ratio":0.9901082177882994},"meal_data":{"carbs":0,"mealCOB":0,"slopeFromMaxDeviation":-0.3048333333333334,"slopeFromMinDeviation":0.2051818181818182,"lastBolusTime":1703077874822,"lastCarbTime":0},"microBolusAllowed":true,"currentTime":1703079965580,"flatBGsDetected":false,"tdd1D":21.666666666666675,"tdd7D":21.121428571428574,"tddLast24H":20.912500000000012,"tddLast4H":1.8208333333333333,"tddLast8to4H":1.5791666666666668},"output":{"temp":"absolute","bg":85,"tick":"+2","eventualBG":100,"targetBG":85,"insulinReq":0.09,"deliverAt":"2023-12-20T13:46:05.580Z","sensitivityRatio":0.9901082177882994,"variable_sens":133.5,"predBGs":{"IOB":[85,86,88,89,90,91,92,93,93,94,95,95,95,95,96,96,96,96,97,97,97,97,97,97,98,98,98,98,98,98,98,98,98,98,98,98,98,98,98,98,98,99],"ZT":[85,85,86,86,87,88,89],"UAM":[85,86,87,88,88,88,89,89,90,90,90,91,91,91,92,92,92,92,92,93,93,93,93,93,93,94,94,94,94,94,94,94,94,94,94,94,94,94,94,94,94,94,94,95]},"reason":"COB: 0, Dev: 6, BGI: 0, ISF: 134, CR: 16, Target: 85, minPredBG 97, minGuardBG 86, IOBpredBG 99, UAMpredBG 95; Eventual BG 100 >= 90,  insulinReq 0.09. temp 0.70 < 0.77U\/hr.  25m left and 0.7 ~ req 0.7740649306729797U\/hr: no temp required","COB":0,"IOB":-0.064,"timestamp":"2023-12-20T13:46:05.586Z"}}