{"algorithm":"OpenAPSSMBDynamicISFPlugin","input":{"glucoseStatus":{"glucose":72,"noise":0,"delta":-3,"short_avgdelta":-4,"long_avgdelta":-5.98,"date":1703120439000},"currenttemp":{"temp":"absolute","duration":80,"rate":0,"minutesrunning":40},"iob_data":[{"iob":0.262,"basaliob":-0.531,"bolussnooze":0.0783,"activity":0.0074,"lastBolusTime":1703117490018,"time":"2023-12-21T01:00:57.825Z","iobWithZeroTemp":{"iob":0.262,"basaliob":-0.531,"bolussnooze":0.0783,"activity":0.0074,"lastBolusTime":1703117490018,"time":"2023-12-21T01:00:57.825Z"}},{"iob":0.228,"basaliob":-0.509,"bolussnooze":0.0635,"activity":0.0066,"lastBolusTime":1703117490018,"time":"2023-12-21T01:05:57.825Z","iobWithZeroTemp":{"iob":0.181,"basaliob":-0.556,"bolussnooze":0.0635,"activity":0.0066,"lastBolusTime":1703117490018,"time":"2023-12-21T01:05:57.825Z"}},{"iob":0.197,"basaliob":-0.485,"bolussnooze":0.0511,"activity":0.0058,"lastBolusTime":1703117490018,"time":"2023-12-21T01:10:57.825Z","iobWithZeroTemp":{"iob":0.093,"basaliob":-0.589,"bolussnooze":0.0511,"activity":0.0056,"lastBolusTime":1703117490018,"time":"2023-12-21T01:10:57.825Z"}},{"iob":0.17,"basaliob":-0.461,"bolussnooze":0.0407,"activity":0.0051,"lastBolusTime":1703117490018,"time":"2023-12-21T01:15:57.825Z","iobWithZeroTemp":{"iob":0.009,"basaliob":-0.622,"bolussnooze":0.0407,"activity":0.0046,"lastBolusTime":1703117490018,"time":"2023-12-21T01:15:57.825Z"}},{"iob":0.145,"basaliob":-0.436,"bolussnooze":0.0322,"activity":0.0045,"lastBolusTime":1703117490018,"time":"2023-12-21T01:20:57.825Z","iobWithZeroTemp":{"iob":-0.071,"basaliob":-0.652,"bolussnooze":0.0322,"activity":0.0037,"lastBolusTime":1703117490018,"time":"2023-12-21T01:20:57.825Z"}},{"iob":0.125,"basaliob":-0.41,"bolussnooze":0.0251,"activity":0.0039,"lastBolusTime":1703117490018,"time":"2023-12-21T01:25:57.825Z","iobWithZeroTemp":{"iob":-0.144,"basaliob":-0.679,"bolussnooze":0.0251,"activity":0.0027,"lastBolusTime":1703117490018,"time":"2023-12-21T01:25:57.825Z"}},{"iob":0.106,"basaliob":-0.385,"bolussnooze":0.0195,"activity":0.0035,"lastBolusTime":1703117490018,"time":"2023-12-21T01:30:57.825Z","iobWithZeroTemp":{"iob":-0.214,"basaliob":-0.705,"bolussnooze":0.0195,"activity":0.0018,"lastBolusTime":1703117490018,"time":"2023-12-21T01:30:57.825Z"}},{"iob":0.089,"basaliob":-0.361,"bolussnooze":0.0149,"activity":0.003,"lastBolusTime":1703117490018,"time":"2023-12-21T01:35:57.825Z","iobWithZeroTemp":{"iob":-0.28,"basaliob":-0.73,"bolussnooze":0.0149,"activity":8.0E-4,"lastBolusTime":1703117490018,"time":"2023-12-21T01:35:57.825Z"}},{"iob":0.076,"basaliob":-0.336,"bolussnooze":0.0112,"activity":0.0026,"lastBolusTime":1703117490018,"time":"2023-12-21T01:40:57.825Z","iobWithZeroTemp":{"iob":-0.34,"basaliob":-0.752,"bolussnooze":0.0112,"activity":-1.0E-4,"lastBolusTime":1703117490018,"time":"2023-12-21T01:40:57.825Z"}},{"iob":0.063,"basaliob":-0.313,"bolussnooze":0.0083,"activity":0.0023,"lastBolusTime":1703117490018,"time":"2023-12-21T01:45:57.825Z","iobWithZeroTemp":{"iob":-0.396,"basaliob":-0.772,"bolussnooze":0.0083,"activity":-9.0E-4,"lastBolusTime":1703117490018,"time":"2023-12-21T01:45:57.825Z"}},{"iob":0.053,"basaliob":-0.29,"bolussnooze":0.006,"activity":0.002,"lastBolusTime":1703117490018,"time":"2023-12-21T01:50:57.825Z","iobWithZeroTemp":{"iob":-0.448,"basaliob":-0.791,"bolussnooze":0.006,"activity":-0.0017,"lastBolusTime":1703117490018,"time":"2023-12-21T01:50:57.825Z"}},{"iob":0.043,"basaliob":-0.269,"bolussnooze":0.0042,"activity":0.0018,"lastBolusTime":1703117490018,"time":"2023-12-21T01:55:57.825Z","iobWithZeroTemp":{"iob":-0.497,"basaliob":-0.809,"bolussnooze":0.0042,"activity":-0.0024,"lastBolusTime":1703117490018,"time":"2023-12-21T01:55:57.825Z"}},{"iob":0.035,"basaliob":-0.248,"bolussnooze":0.0029,"activity":0.0015,"lastBolusTime":1703117490018,"time":"2023-12-21T02:00:57.825Z","iobWithZeroTemp":{"iob":-0.541,"basaliob":-0.824,"bolussnooze":0.0029,"activity":-0.0031,"lastBolusTime":1703117490018,"time":"2023-12-21T02:00:57.825Z"}},{"iob":0.028,"basaliob":-0.229,"bolussnooze":0.0019,"activity":0.0013,"lastBolusTime":1703117490018,"time":"2023-12-21T02:05:57.825Z","iobWithZeroTemp":{"iob":-0.582,"basaliob":-0.839,"bolussnooze":0.0019,"activity":-0.0038,"lastBolusTime":1703117490018,"time":"2023-12-21T02:05:57.825Z"}},{"iob":0.021,"basaliob":-0.211,"bolussnooze":0.0012,"activity":0.0011,"lastBolusTime":1703117490018,"time":"2023-12-21T02:10:57.825Z","iobWithZeroTemp":{"iob":-0.62,"basaliob":-0.852,"bolussnooze":0.0012,"activity":-0.0045,"lastBolusTime":1703117490018,"time":"2023-12-21T02:10:57.825Z"}},{"iob":0.017,"basaliob":-0.193,"bolussnooze":7.0E-4,"activity":0.001,"lastBolusTime":1703117490018,"time":"2023-12-21T02:15:57.825Z","iobWithZeroTemp":{"iob":-0.654,"basaliob":-0.864,"bolussnooze":7.0E-4,"activity":-0.005,"lastBolusTime":1703117490018,"time":"2023-12-21T02:15:57.825Z"}},{"iob":0.012,"basaliob":-0.177,"bolussnooze":3.0E-4,"activity":9.0E-4,"lastBolusTime":1703117490018,"time":"2023-12-21T02:20:57.825Z","iobWithZeroTemp":{"iob":-0.686,"basaliob":-0.875,"bolussnooze":3.0E-4,"activity":-0.0055,"lastBolusTime":1703117490018,"time":"2023-12-21T02:20:57.825Z"}},{"iob":0.008,"basaliob":-0.162,"bolussnooze":1.0E-4,"activity":7.0E-4,"lastBolusTime":1703117490018,"time":"2023-12-21T02:25:57.825Z","iobWithZeroTemp":{"iob":-0.715,"basaliob":-0.885,"bolussnooze":1.0E-4,"activity":-0.0061,"lastBolusTime":1703117490018,"time":"2023-12-21T02:25:57.825Z"}},{"iob":0.005,"basaliob":-0.148,"bolussnooze":0,"activity":6.0E-4,"lastBolusTime":1703117490018,"time":"2023-12-21T02:30:57.825Z","iobWithZeroTemp":{"iob":-0.741,"basaliob":-0.894,"bolussnooze":0,"activity":-0.0066,"lastBolusTime":1703117490018,"time":"2023-12-21T02:30:57.825Z"}},{"iob":0.002,"basaliob":-0.135,"bolussnooze":0,"activity":5.0E-4,"lastBolusTime":1703117490018,"time":"2023-12-21T02:35:57.825Z","iobWithZeroTemp":{"iob":-0.766,"basaliob":-0.903,"bolussnooze":0,"activity":-0.0071,"lastBolusTime":1703117490018,"time":"2023-12-21T02:35:57.825Z"}},{"iob":0,"basaliob":-0.122,"bolussnooze":0,"activity":5.0E-4,"lastBolusTime":1703117490018,"time":"2023-12-21T02:40:57.825Z","iobWithZeroTemp":{"iob":-0.787,"basaliob":-0.909,"bolussnooze":0,"activity":-0.0074,"lastBolusTime":1703117490018,"time":"2023-12-21T02:40:57.825Z"}},{"iob":-0.002,"basaliob":-0.111,"bolussnooze":0,"activity":3.0E-4,"lastBolusTime":1703117490018,"time":"2023-12-21T02:45:57.825Z","iobWithZeroTemp":{"iob":-0.807,"basaliob":-0.916,"bolussnooze":0,"activity":-0.0079,"lastBolusTime":1703117490018,"time":"2023-12-21T02:45:57.825Z"}},{"iob":-0.004,"basaliob":-0.101,"bolussnooze":0,"activity":3.0E-4,"lastBolusTime":1703117490018,"time":"2023-12-21T02:50:57.825Z","iobWithZeroTemp":{"iob":-0.825,"basaliob":-0.922,"bolussnooze":0,"activity":-0.0082,"lastBolusTime":1703117490018,"time":"2023-12-21T02:50:57.825Z"}},{"iob":-0.005,"basaliob":-0.091,"bolussnooze":0,"activity":3.0E-4,"lastBolusTime":1703117490018,"time":"2023-12-21T02:55:57.825Z","iobWithZeroTemp":{"iob":-0.841,"basaliob":-0.927,"bolussnooze":0,"activity":-0.0085,"lastBolusTime":1703117490018,"time":"2023-12-21T02:55:57.825Z"}},{"iob":-0.005,"basaliob":-0.082,"bolussnooze":0,"activity":2.0E-4,"lastBolusTime":1703117490018,"time":"2023-12-21T03:00:57.825Z","iobWithZeroTemp":{"iob":-0.855,"basaliob":-0.932,"bolussnooze":0,"activity":-0.0089,"lastBolusTime":1703117490018,"time":"2023-12-21T03:00:57.825Z"}},{"iob":-0.006,"basaliob":-0.074,"bolussnooze":0,"activity":1.0E-4,"lastBolusTime":1703117490018,"time":"2023-12-21T03:05:57.825Z","iobWithZeroTemp":{"iob":-0.868,"basaliob":-0.936,"bolussnooze":0,"activity":-0.0092,"lastBolusTime":1703117490018,"time":"2023-12-21T03:05:57.825Z"}},{"iob":-0.007,"basaliob":-0.067,"bolussnooze":0,"activity":1.0E-4,"lastBolusTime":1703117490018,"time":"2023-12-21T03:10:57.825Z","iobWithZeroTemp":{"iob":-0.881,"basaliob":-0.941,"bolussnooze":0,"activity":-0.0094,"lastBolusTime":1703117490018,"time":"2023-12-21T03:10:57.825Z"}},{"iob":-0.008,"basaliob":-0.06,"bolussnooze":0,"activity":1.0E-4,"lastBolusTime":1703117490018,"time":"2023-12-21T03:15:57.825Z","iobWithZeroTemp":{"iob":-0.892,"basaliob":-0.944,"bolussnooze":0,"activity":-0.0096,"lastBolusTime":1703117490018,"time":"2023-12-21T03:15:57.825Z"}},{"iob":-0.008,"basaliob":-0.054,"bolussnooze":0,"activity":0,"lastBolusTime":1703117490018,"time":"2023-12-21T03:20:57.825Z","iobWithZeroTemp":{"iob":-0.901,"basaliob":-0.947,"bolussnooze":0,"activity":-0.0099,"lastBolusTime":1703117490018,"time":"2023-12-21T03:20:57.825Z"}},{"iob":-0.008,"basaliob":-0.048,"bolussnooze":0,"activity":0,"lastBolusTime":1703117490018,"time":"2023-12-21T03:25:57.825Z","iobWithZeroTemp":{"iob":-0.91,"basaliob":-0.95,"bolussnooze":0,"activity":-0.0101,"lastBolusTime":1703117490018,"time":"2023-12-21T03:25:57.825Z"}},{"iob":-0.008,"basaliob":-0.043,"bolussnooze":0,"activity":0,"lastBolusTime":1703117490018,"time":"2023-12-21T03:30:57.825Z","iobWithZeroTemp":{"iob":-0.917,"basaliob":-0.952,"bolussnooze":0,"activity":-0.0102,"lastBolusTime":1703117490018,"time":"2023-12-21T03:30:57.825Z"}},{"iob":-0.008,"basaliob":-0.038,"bolussnooze":0,"activity":0,"lastBolusTime":1703117490018,"time":"2023-12-21T03:35:57.825Z","iobWithZeroTemp":{"iob":-0.924,"basaliob":-0.954,"bolussnooze":0,"activity":-0.0104,"lastBolusTime":1703117490018,"time":"2023-12-21T03:35:57.825Z"}},{"iob":-0.008,"basaliob":-0.034,"bolussnooze":0,"activity":0,"lastBolusTime":1703117490018,"time":"2023-12-21T03:40:57.825Z","iobWithZeroTemp":{"iob":-0.93,"basaliob":-0.956,"bolussnooze":0,"activity":-0.0105,"lastBolusTime":1703117490018,"time":"2023-12-21T03:40:57.825Z"}},{"iob":-0.008,"basaliob":-0.03,"bolussnooze":0,"activity":0,"lastBolusTime":1703117490018,"time":"2023-12-21T03:45:57.825Z","iobWithZeroTemp":{"iob":-0.935,"basaliob":-0.957,"bolussnooze":0,"activity":-0.0106,"lastBolusTime":1703117490018,"time":"2023-12-21T03:45:57.825Z"}},{"iob":-0.007,"basaliob":-0.026,"bolussnooze":0,"activity":-1.0E-4,"lastBolusTime":1703117490018,"time":"2023-12-21T03:50:57.825Z","iobWithZeroTemp":{"iob":-0.939,"basaliob":-0.958,"bolussnooze":0,"activity":-0.0109,"lastBolusTime":1703117490018,"time":"2023-12-21T03:50:57.825Z"}},{"iob":-0.007,"basaliob":-0.023,"bolussnooze":0,"activity":-1.0E-4,"lastBolusTime":1703117490018,"time":"2023-12-21T03:55:57.825Z","iobWithZeroTemp":{"iob":-0.943,"basaliob":-0.959,"bolussnooze":0,"activity":-0.011,"lastBolusTime":1703117490018,"time":"2023-12-21T03:55:57.825Z"}},{"iob":-0.006,"basaliob":-0.02,"bolussnooze":0,"activity":0,"lastBolusTime":1703117490018,"time":"2023-12-21T04:00:57.825Z","iobWithZeroTemp":{"iob":-0.946,"basaliob":-0.96,"bolussnooze":0,"activity":-0.0109,"lastBolusTime":1703117490018,"time":"2023-12-21T04:00:57.825Z"}},{"iob":-0.006,"basaliob":-0.018,"bolussnooze":0,"activity":-1.0E-4,"lastBolusTime":1703117490018,"time":"2023-12-21T04:05:57.825Z","iobWithZeroTemp":{"iob":-0.941,"basaliob":-0.953,"bolussnooze":0,"activity":-0.0111,"lastBolusTime":1703117490018,"time":"2023-12-21T04:05:57.825Z"}},{"iob":-0.006,"basaliob":-0.016,"bolussnooze":0,"activity":0,"lastBolusTime":1703117490018,"time":"2023-12-21T04:10:57.825Z","iobWithZeroTemp":{"iob":-0.936,"basaliob":-0.946,"bolussnooze":0,"activity":-0.0111,"lastBolusTime":1703117490018,"time":"2023-12-21T04:10:57.825Z"}},{"iob":-0.006,"basaliob":-0.014,"bolussnooze":0,"activity":-1.0E-4,"lastBolusTime":1703117490018,"time":"2023-12-21T04:15:57.825Z","iobWithZeroTemp":{"iob":-0.931,"basaliob":-0.939,"bolussnooze":0,"activity":-0.0112,"lastBolusTime":1703117490018,"time":"2023-12-21T04:15:57.825Z"}},{"iob":-0.006,"basaliob":-0.012,"bolussnooze":0,"activity":0,"lastBolusTime":1703117490018,"time":"2023-12-21T04:20:57.825Z","iobWithZeroTemp":{"iob":-0.925,"basaliob":-0.931,"bolussnooze":0,"activity":-0.0111,"lastBolusTime":1703117490018,"time":"2023-12-21T04:20:57.825Z"}},{"iob":-0.005,"basaliob":-0.01,"bolussnooze":0,"activity":-1.0E-4,"lastBolusTime":1703117490018,"time":"2023-12-21T04:25:57.825Z","iobWithZeroTemp":{"iob":-0.919,"basaliob":-0.924,"bolussnooze":0,"activity":-0.0112,"lastBolusTime":1703117490018,"time":"2023-12-21T04:25:57.825Z"}},{"iob":-0.005,"basaliob":-0.009,"bolussnooze":0,"activity":-1.0E-4,"lastBolusTime":1703117490018,"time":"2023-12-21T04:30:57.825Z","iobWithZeroTemp":{"iob":-0.914,"basaliob":-0.918,"bolussnooze":0,"activity":-0.0112,"lastBolusTime":1703117490018,"time":"2023-12-21T04:30:57.825Z"}},{"iob":-0.004,"basaliob":-0.007,"bolussnooze":0,"activity":0,"lastBolusTime":1703117490018,"time":"2023-12-21T04:35:57.825Z","iobWithZeroTemp":{"iob":-0.907,"basaliob":-0.91,"bolussnooze":0,"activity":-0.0111,"lastBolusTime":1703117490018,"time":"2023-12-21T04:35:57.825Z"}},{"iob":-0.003,"basaliob":-0.006,"bolussnooze":0,"activity":-1.0E-4,"lastBolusTime":1703117490018,"time":"2023-12-21T04:40:57.825Z","iobWithZeroTemp":{"iob":-0.901,"basaliob":-0.904,"bolussnooze":0,"activity":-0.0111,"lastBolusTime":1703117490018,"time":"2023-12-21T04:40:57.825Z"}},{"iob":-0.003,"basaliob":-0.005,"bolussnooze":0,"activity":-1.0E-4,"lastBolusTime":1703117490018,"time":"2023-12-21T04:45:57.825Z","iobWithZeroTemp":{"iob":-0.896,"basaliob":-0.898,"bolussnooze":0,"activity":-0.0111,"lastBolusTime":1703117490018,"time":"2023-12-21T04:45:57.825Z"}},{"iob":-0.003,"basaliob":-0.004,"bolussnooze":0,"activity":-1.0E-4,"lastBolusTime":1703117490018,"time":"2023-12-21T04:50:57.825Z","iobWithZeroTemp":{"iob":-0.891,"basaliob":-0.892,"bolussnooze":0,"activity":-0.0111,"lastBolusTime":1703117490018,"time":"2023-12-21T04:50:57.825Z"}},{"iob":-0.003,"basaliob":-0.004,"bolussnooze":0,"activity":0,"lastBolusTime":1703117490018,"time":"2023-12-21T04:55:57.825Z","iobWithZeroTemp":{"iob":-0.887,"basaliob":-0.888,"bolussnooze":0,"activity":-0.0109,"lastBolusTime":1703117490018,"time":"2023-12-21T04:55:57.825Z"}}],"profile":{"max_iob":7,"type":"current","max_daily_basal":0.8,"max_basal":5,"min_bg":80,"max_bg":90,"target_bg":85,"carb_ratio":14,"sens":57,"max_daily_safety_multiplier":9,"current_basal_safety_multiplier":8,"lgsThreshold":65,"high_temptarget_raises_sensitivity":false,"low_temptarget_lowers_sensitivity":false,"sensitivity_raises_target":false,"resistance_lowers_target":false,"adv_target_adjustments":false,"exercise_mode":false,"half_basal_exercise_target":160,"maxCOB":120,"skip_neutral_temps":false,"remainingCarbsCap":90,"enableUAM":true,"A52_risk_enable":false,"SMBInterval":3,"enableSMB_with_COB":true,"enableSMB_with_temptarget":true,"allowSMB_with_high_temptarget":true,"enableSMB_always":true,"enableSMB_after_carbs":true,"maxSMBBasalMinutes":120,"maxUAMSMBBasalMinutes":90,"bolus_increment":0.05,"carbsReqThreshold":5,"current_basal":0.7,"temptargetSet":false,"autosens_max":1.6,"autosens_min":0.6,"variable_sens":121.8,"insulinDivisor":75,"TDD":21.969135714285716},"autosens_data":{"ratio":0.9832036974410997},"meal_data":{"carbs":0,"mealCOB":0,"slopeFromMaxDeviation":-1.4285555555555556,"slopeFromMinDeviation":0.10499999999999952,"lastBolusTime":1703117490018,"lastCarbTime":0},"microBolusAllowed":true,"currentTime":1703120459589,"flatBGsDetected":false,"tdd1D":21.666666666666675,"tdd7D":21.121428571428574,"tddLast24H":20.76666666666666,"tddLast4H":3.3999999999999995,"tddLast8to4H":4.924999999999999},"output":{"temp":"absolute","bg":72,"tick":-3,"eventualBG":43,"targetBG":85,"insulinReq":0,"deliverAt":"2023-12-21T01:00:59.589Z","sensitivityRatio":0.9832036974410997,"variable_sens":121.8,"predBGs":{"IOB":[72,68,64,61,58,55,52,49,47,45,43,41,40,39],"ZT":[72,68,63,60,56,54,52,50,50,50,50,52,54,56,59,62,65,69,73,77,81,85],"UAM":[72,68,63,59,56,53,50,47,44,42,40,39,39]},"reason":"COB: 0, Dev: 3, BGI: -5, ISF: 122, CR: 14, Target: 85, minPredBG 45, minGuardBG 27, IOBpredBG 39, UAMpredBG 39; minGuardBG 27<65 80m left and 0 ~ req 0U\/hr: no temp required","COB":0,"IOB":0.262,"timestamp":"2023-12-21T01:00:59.613Z"}}