{"algorithm":"OpenAPSSMBDynamicISFPlugin","input":{"glucoseStatus":{"glucose":82,"noise":0,"delta":-1,"short_avgdelta":-1.28,"long_avgdelta":-1.28,"date":1703148937000},"currenttemp":{"temp":"absolute","duration":26,"rate":0.35,"minutesrunning":4},"iob_data":[{"iob":-0.103,"basaliob":-0.308,"bolussnooze":0,"activity":-5.0E-4,"lastBolusTime":1703145677542,"time":"2023-12-21T08:55:58.020Z","iobWithZeroTemp":{"iob":-0.103,"basaliob":-0.308,"bolussnooze":0,"activity":-5.0E-4,"lastBolusTime":1703145677542,"time":"2023-12-21T08:55:58.020Z"}},{"iob":-0.1,"basaliob":-0.286,"bolussnooze":0,"activity":-6.0E-4,"lastBolusTime":1703145677542,"time":"2023-12-21T09:00:58.020Z","iobWithZeroTemp":{"iob":-0.137,"basaliob":-0.323,"bolussnooze":0,"activity":-6.0E-4,"lastBolusTime":1703145677542,"time":"2023-12-21T09:00:58.020Z"}},{"iob":-0.097,"basaliob":-0.265,"bolussnooze":0,"activity":-7.0E-4,"lastBolusTime":1703145677542,"time":"2023-12-21T09:05:58.020Z","iobWithZeroTemp":{"iob":-0.179,"basaliob":-0.347,"bolussnooze":0,"activity":-9.0E-4,"lastBolusTime":1703145677542,"time":"2023-12-21T09:05:58.020Z"}},{"iob":-0.093,"basaliob":-0.245,"bolussnooze":0,"activity":-8.0E-4,"lastBolusTime":1703145677542,"time":"2023-12-21T09:10:58.020Z","iobWithZeroTemp":{"iob":-0.22,"basaliob":-0.372,"bolussnooze":0,"activity":-0.0012,"lastBolusTime":1703145677542,"time":"2023-12-21T09:10:58.020Z"}},{"iob":-0.089,"basaliob":-0.226,"bolussnooze":0,"activity":-8.0E-4,"lastBolusTime":1703145677542,"time":"2023-12-21T09:15:58.020Z","iobWithZeroTemp":{"iob":-0.259,"basaliob":-0.396,"bolussnooze":0,"activity":-0.0015,"lastBolusTime":1703145677542,"time":"2023-12-21T09:15:58.020Z"}},{"iob":-0.085,"basaliob":-0.208,"bolussnooze":0,"activity":-9.0E-4,"lastBolusTime":1703145677542,"time":"2023-12-21T09:20:58.020Z","iobWithZeroTemp":{"iob":-0.297,"basaliob":-0.42,"bolussnooze":0,"activity":-0.0019,"lastBolusTime":1703145677542,"time":"2023-12-21T09:20:58.020Z"}},{"iob":-0.081,"basaliob":-0.191,"bolussnooze":0,"activity":-9.0E-4,"lastBolusTime":1703145677542,"time":"2023-12-21T09:25:58.020Z","iobWithZeroTemp":{"iob":-0.333,"basaliob":-0.443,"bolussnooze":0,"activity":-0.0022,"lastBolusTime":1703145677542,"time":"2023-12-21T09:25:58.020Z"}},{"iob":-0.076,"basaliob":-0.175,"bolussnooze":0,"activity":-9.0E-4,"lastBolusTime":1703145677542,"time":"2023-12-21T09:30:58.020Z","iobWithZeroTemp":{"iob":-0.366,"basaliob":-0.465,"bolussnooze":0,"activity":-0.0026,"lastBolusTime":1703145677542,"time":"2023-12-21T09:30:58.020Z"}},{"iob":-0.072,"basaliob":-0.16,"bolussnooze":0,"activity":-9.0E-4,"lastBolusTime":1703145677542,"time":"2023-12-21T09:35:58.020Z","iobWithZeroTemp":{"iob":-0.398,"basaliob":-0.486,"bolussnooze":0,"activity":-0.003,"lastBolusTime":1703145677542,"time":"2023-12-21T09:35:58.020Z"}},{"iob":-0.067,"basaliob":-0.146,"bolussnooze":0,"activity":-9.0E-4,"lastBolusTime":1703145677542,"time":"2023-12-21T09:40:58.020Z","iobWithZeroTemp":{"iob":-0.428,"basaliob":-0.507,"bolussnooze":0,"activity":-0.0034,"lastBolusTime":1703145677542,"time":"2023-12-21T09:40:58.020Z"}},{"iob":-0.063,"basaliob":-0.133,"bolussnooze":0,"activity":-8.0E-4,"lastBolusTime":1703145677542,"time":"2023-12-21T09:45:58.020Z","iobWithZeroTemp":{"iob":-0.456,"basaliob":-0.526,"bolussnooze":0,"activity":-0.0037,"lastBolusTime":1703145677542,"time":"2023-12-21T09:45:58.020Z"}},{"iob":-0.059,"basaliob":-0.121,"bolussnooze":0,"activity":-8.0E-4,"lastBolusTime":1703145677542,"time":"2023-12-21T09:50:58.020Z","iobWithZeroTemp":{"iob":-0.483,"basaliob":-0.545,"bolussnooze":0,"activity":-0.0041,"lastBolusTime":1703145677542,"time":"2023-12-21T09:50:58.020Z"}},{"iob":-0.055,"basaliob":-0.11,"bolussnooze":0,"activity":-7.0E-4,"lastBolusTime":1703145677542,"time":"2023-12-21T09:55:58.020Z","iobWithZeroTemp":{"iob":-0.507,"basaliob":-0.562,"bolussnooze":0,"activity":-0.0044,"lastBolusTime":1703145677542,"time":"2023-12-21T09:55:58.020Z"}},{"iob":-0.05,"basaliob":-0.099,"bolussnooze":0,"activity":-8.0E-4,"lastBolusTime":1703145677542,"time":"2023-12-21T10:00:58.020Z","iobWithZeroTemp":{"iob":-0.529,"basaliob":-0.578,"bolussnooze":0,"activity":-0.0048,"lastBolusTime":1703145677542,"time":"2023-12-21T10:00:58.020Z"}},{"iob":-0.047,"basaliob":-0.09,"bolussnooze":0,"activity":-7.0E-4,"lastBolusTime":1703145677542,"time":"2023-12-21T10:05:58.020Z","iobWithZeroTemp":{"iob":-0.551,"basaliob":-0.594,"bolussnooze":0,"activity":-0.0051,"lastBolusTime":1703145677542,"time":"2023-12-21T10:05:58.020Z"}},{"iob":-0.043,"basaliob":-0.081,"bolussnooze":0,"activity":-7.0E-4,"lastBolusTime":1703145677542,"time":"2023-12-21T10:10:58.020Z","iobWithZeroTemp":{"iob":-0.57,"basaliob":-0.608,"bolussnooze":0,"activity":-0.0054,"lastBolusTime":1703145677542,"time":"2023-12-21T10:10:58.020Z"}},{"iob":-0.04,"basaliob":-0.073,"bolussnooze":0,"activity":-6.0E-4,"lastBolusTime":1703145677542,"time":"2023-12-21T10:15:58.020Z","iobWithZeroTemp":{"iob":-0.588,"basaliob":-0.621,"bolussnooze":0,"activity":-0.0057,"lastBolusTime":1703145677542,"time":"2023-12-21T10:15:58.020Z"}},{"iob":-0.037,"basaliob":-0.066,"bolussnooze":0,"activity":-6.0E-4,"lastBolusTime":1703145677542,"time":"2023-12-21T10:20:58.020Z","iobWithZeroTemp":{"iob":-0.605,"basaliob":-0.634,"bolussnooze":0,"activity":-0.006,"lastBolusTime":1703145677542,"time":"2023-12-21T10:20:58.020Z"}},{"iob":-0.034,"basaliob":-0.059,"bolussnooze":0,"activity":-6.0E-4,"lastBolusTime":1703145677542,"time":"2023-12-21T10:25:58.020Z","iobWithZeroTemp":{"iob":-0.62,"basaliob":-0.645,"bolussnooze":0,"activity":-0.0063,"lastBolusTime":1703145677542,"time":"2023-12-21T10:25:58.020Z"}},{"iob":-0.031,"basaliob":-0.053,"bolussnooze":0,"activity":-6.0E-4,"lastBolusTime":1703145677542,"time":"2023-12-21T10:30:58.020Z","iobWithZeroTemp":{"iob":-0.634,"basaliob":-0.656,"bolussnooze":0,"activity":-0.0066,"lastBolusTime":1703145677542,"time":"2023-12-21T10:30:58.020Z"}},{"iob":-0.028,"basaliob":-0.047,"bolussnooze":0,"activity":-5.0E-4,"lastBolusTime":1703145677542,"time":"2023-12-21T10:35:58.020Z","iobWithZeroTemp":{"iob":-0.646,"basaliob":-0.665,"bolussnooze":0,"activity":-0.0067,"lastBolusTime":1703145677542,"time":"2023-12-21T10:35:58.020Z"}},{"iob":-0.026,"basaliob":-0.042,"bolussnooze":0,"activity":-5.0E-4,"lastBolusTime":1703145677542,"time":"2023-12-21T10:40:58.020Z","iobWithZeroTemp":{"iob":-0.659,"basaliob":-0.675,"bolussnooze":0,"activity":-0.007,"lastBolusTime":1703145677542,"time":"2023-12-21T10:40:58.020Z"}},{"iob":-0.024,"basaliob":-0.038,"bolussnooze":0,"activity":-5.0E-4,"lastBolusTime":1703145677542,"time":"2023-12-21T10:45:58.020Z","iobWithZeroTemp":{"iob":-0.669,"basaliob":-0.683,"bolussnooze":0,"activity":-0.0072,"lastBolusTime":1703145677542,"time":"2023-12-21T10:45:58.020Z"}},{"iob":-0.021,"basaliob":-0.033,"bolussnooze":0,"activity":-4.0E-4,"lastBolusTime":1703145677542,"time":"2023-12-21T10:50:58.020Z","iobWithZeroTemp":{"iob":-0.678,"basaliob":-0.69,"bolussnooze":0,"activity":-0.0073,"lastBolusTime":1703145677542,"time":"2023-12-21T10:50:58.020Z"}},{"iob":-0.02,"basaliob":-0.03,"bolussnooze":0,"activity":-4.0E-4,"lastBolusTime":1703145677542,"time":"2023-12-21T10:55:58.020Z","iobWithZeroTemp":{"iob":-0.688,"basaliob":-0.698,"bolussnooze":0,"activity":-0.0075,"lastBolusTime":1703145677542,"time":"2023-12-21T10:55:58.020Z"}},{"iob":-0.017,"basaliob":-0.026,"bolussnooze":0,"activity":-3.0E-4,"lastBolusTime":1703145677542,"time":"2023-12-21T11:00:58.020Z","iobWithZeroTemp":{"iob":-0.695,"basaliob":-0.704,"bolussnooze":0,"activity":-0.0076,"lastBolusTime":1703145677542,"time":"2023-12-21T11:00:58.020Z"}},{"iob":-0.016,"basaliob":-0.023,"bolussnooze":0,"activity":-4.0E-4,"lastBolusTime":1703145677542,"time":"2023-12-21T11:05:58.020Z","iobWithZeroTemp":{"iob":-0.703,"basaliob":-0.71,"bolussnooze":0,"activity":-0.0079,"lastBolusTime":1703145677542,"time":"2023-12-21T11:05:58.020Z"}},{"iob":-0.014,"basaliob":-0.02,"bolussnooze":0,"activity":-3.0E-4,"lastBolusTime":1703145677542,"time":"2023-12-21T11:10:58.020Z","iobWithZeroTemp":{"iob":-0.709,"basaliob":-0.715,"bolussnooze":0,"activity":-0.0079,"lastBolusTime":1703145677542,"time":"2023-12-21T11:10:58.020Z"}},{"iob":-0.013,"basaliob":-0.018,"bolussnooze":0,"activity":-3.0E-4,"lastBolusTime":1703145677542,"time":"2023-12-21T11:15:58.020Z","iobWithZeroTemp":{"iob":-0.715,"basaliob":-0.72,"bolussnooze":0,"activity":-0.0081,"lastBolusTime":1703145677542,"time":"2023-12-21T11:15:58.020Z"}},{"iob":-0.012,"basaliob":-0.016,"bolussnooze":0,"activity":-2.0E-4,"lastBolusTime":1703145677542,"time":"2023-12-21T11:20:58.020Z","iobWithZeroTemp":{"iob":-0.72,"basaliob":-0.724,"bolussnooze":0,"activity":-0.0081,"lastBolusTime":1703145677542,"time":"2023-12-21T11:20:58.020Z"}},{"iob":-0.01,"basaliob":-0.014,"bolussnooze":0,"activity":-3.0E-4,"lastBolusTime":1703145677542,"time":"2023-12-21T11:25:58.020Z","iobWithZeroTemp":{"iob":-0.724,"basaliob":-0.728,"bolussnooze":0,"activity":-0.0084,"lastBolusTime":1703145677542,"time":"2023-12-21T11:25:58.020Z"}},{"iob":-0.009,"basaliob":-0.012,"bolussnooze":0,"activity":-2.0E-4,"lastBolusTime":1703145677542,"time":"2023-12-21T11:30:58.020Z","iobWithZeroTemp":{"iob":-0.729,"basaliob":-0.732,"bolussnooze":0,"activity":-0.0084,"lastBolusTime":1703145677542,"time":"2023-12-21T11:30:58.020Z"}},{"iob":-0.007,"basaliob":-0.01,"bolussnooze":0,"activity":-2.0E-4,"lastBolusTime":1703145677542,"time":"2023-12-21T11:35:58.020Z","iobWithZeroTemp":{"iob":-0.731,"basaliob":-0.734,"bolussnooze":0,"activity":-0.0085,"lastBolusTime":1703145677542,"time":"2023-12-21T11:35:58.020Z"}},{"iob":-0.007,"basaliob":-0.009,"bolussnooze":0,"activity":-2.0E-4,"lastBolusTime":1703145677542,"time":"2023-12-21T11:40:58.020Z","iobWithZeroTemp":{"iob":-0.736,"basaliob":-0.738,"bolussnooze":0,"activity":-0.0086,"lastBolusTime":1703145677542,"time":"2023-12-21T11:40:58.020Z"}},{"iob":-0.006,"basaliob":-0.008,"bolussnooze":0,"activity":-1.0E-4,"lastBolusTime":1703145677542,"time":"2023-12-21T11:45:58.020Z","iobWithZeroTemp":{"iob":-0.738,"basaliob":-0.74,"bolussnooze":0,"activity":-0.0086,"lastBolusTime":1703145677542,"time":"2023-12-21T11:45:58.020Z"}},{"iob":-0.006,"basaliob":-0.007,"bolussnooze":0,"activity":-1.0E-4,"lastBolusTime":1703145677542,"time":"2023-12-21T11:50:58.020Z","iobWithZeroTemp":{"iob":-0.742,"basaliob":-0.743,"bolussnooze":0,"activity":-0.0086,"lastBolusTime":1703145677542,"time":"2023-12-21T11:50:58.020Z"}},{"iob":-0.005,"basaliob":-0.006,"bolussnooze":0,"activity":-2.0E-4,"lastBolusTime":1703145677542,"time":"2023-12-21T11:55:58.020Z","iobWithZeroTemp":{"iob":-0.744,"basaliob":-0.745,"bolussnooze":0,"activity":-0.0088,"lastBolusTime":1703145677542,"time":"2023-12-21T11:55:58.020Z"}},{"iob":-0.004,"basaliob":-0.005,"bolussnooze":0,"activity":-2.0E-4,"lastBolusTime":1703145677542,"time":"2023-12-21T12:00:58.020Z","iobWithZeroTemp":{"iob":-0.745,"basaliob":-0.746,"bolussnooze":0,"activity":-0.0089,"lastBolusTime":1703145677542,"time":"2023-12-21T12:00:58.020Z"}},{"iob":-0.003,"basaliob":-0.004,"bolussnooze":0,"activity":-1.0E-4,"lastBolusTime":1703145677542,"time":"2023-12-21T12:05:58.020Z","iobWithZeroTemp":{"iob":-0.751,"basaliob":-0.752,"bolussnooze":0,"activity":-0.0088,"lastBolusTime":1703145677542,"time":"2023-12-21T12:05:58.020Z"}},{"iob":-0.002,"basaliob":-0.003,"bolussnooze":0,"activity":-1.0E-4,"lastBolusTime":1703145677542,"time":"2023-12-21T12:10:58.020Z","iobWithZeroTemp":{"iob":-0.756,"basaliob":-0.757,"bolussnooze":0,"activity":-0.0089,"lastBolusTime":1703145677542,"time":"2023-12-21T12:10:58.020Z"}},{"iob":-0.002,"basaliob":-0.003,"bolussnooze":0,"activity":-1.0E-4,"lastBolusTime":1703145677542,"time":"2023-12-21T12:15:58.020Z","iobWithZeroTemp":{"iob":-0.762,"basaliob":-0.763,"bolussnooze":0,"activity":-0.009,"lastBolusTime":1703145677542,"time":"2023-12-21T12:15:58.020Z"}},{"iob":-0.001,"basaliob":-0.002,"bolussnooze":0,"activity":-1.0E-4,"lastBolusTime":1703145677542,"time":"2023-12-21T12:20:58.020Z","iobWithZeroTemp":{"iob":-0.767,"basaliob":-0.768,"bolussnooze":0,"activity":-0.009,"lastBolusTime":1703145677542,"time":"2023-12-21T12:20:58.020Z"}},{"iob":-0.002,"basaliob":-0.002,"bolussnooze":0,"activity":-1.0E-4,"lastBolusTime":1703145677542,"time":"2023-12-21T12:25:58.020Z","iobWithZeroTemp":{"iob":-0.773,"basaliob":-0.773,"bolussnooze":0,"activity":-0.0091,"lastBolusTime":1703145677542,"time":"2023-12-21T12:25:58.020Z"}},{"iob":-0.002,"basaliob":-0.002,"bolussnooze":0,"activity":-1.0E-4,"lastBolusTime":1703145677542,"time":"2023-12-21T12:30:58.020Z","iobWithZeroTemp":{"iob":-0.778,"basaliob":-0.778,"bolussnooze":0,"activity":-0.0092,"lastBolusTime":1703145677542,"time":"2023-12-21T12:30:58.020Z"}},{"iob":-0.001,"basaliob":-0.001,"bolussnooze":0,"activity":-1.0E-4,"lastBolusTime":1703145677542,"time":"2023-12-21T12:35:58.020Z","iobWithZeroTemp":{"iob":-0.781,"basaliob":-0.781,"bolussnooze":0,"activity":-0.0092,"lastBolusTime":1703145677542,"time":"2023-12-21T12:35:58.020Z"}},{"iob":-0.001,"basaliob":-0.001,"bolussnooze":0,"activity":0,"lastBolusTime":1703145677542,"time":"2023-12-21T12:40:58.020Z","iobWithZeroTemp":{"iob":-0.785,"basaliob":-0.785,"bolussnooze":0,"activity":-0.0092,"lastBolusTime":1703145677542,"time":"2023-12-21T12:40:58.020Z"}},{"iob":-0.001,"basaliob":-0.001,"bolussnooze":0,"activity":0,"lastBolusTime":1703145677542,"time":"2023-12-21T12:45:58.020Z","iobWithZeroTemp":{"iob":-0.789,"basaliob":-0.789,"bolussnooze":0,"activity":-0.0093,"lastBolusTime":1703145677542,"time":"2023-12-21T12:45:58.020Z"}},{"iob":-0.001,"basaliob":-0.001,"bolussnooze":0,"activity":0,"lastBolusTime":1703145677542,"time":"2023-12-21T12:50:58.020Z","iobWithZeroTemp":{"iob":-0.793,"basaliob":-0.793,"bolussnooze":0,"activity":-0.0093,"lastBolusTime":1703145677542,"time":"2023-12-21T12:50:58.020Z"}}],"profile":{"max_iob":7,"type":"current","max_daily_basal":0.8,"max_basal":4.4,"min_bg":90,"max_bg":90,"target_bg":90,"carb_ratio":16,"sens":57,"max_daily_safety_multiplier":9,"current_basal_safety_multiplier":8,"lgsThreshold":65,"high_temptarget_raises_sensitivity":false,"low_temptarget_lowers_sensitivity":false,"sensitivity_raises_target":false,"resistance_lowers_target":false,"adv_target_adjustments":false,"exercise_mode":false,"half_basal_exercise_target":160,"maxCOB":120,"skip_neutral_temps":false,"remainingCarbsCap":90,"enableUAM":true,"A52_risk_enable":false,"SMBInterval":3,"enableSMB_with_COB":true,"enableSMB_with_temptarget":true,"allowSMB_with_high_temptarget":true,"enableSMB_always":true,"enableSMB_after_carbs":true,"maxSMBBasalMinutes":120,"maxUAMSMBBasalMinutes":90,"bolus_increment":0.05,"carbsReqThreshold":5,"current_basal":0.55,"temptargetSet":false,"autosens_max":1.6,"autosens_min":0.6,"variable_sens":114,"insulinDivisor":75,"TDD":21.365695238095242},"autosens_data":{"ratio":1.0095631444727797},"meal_data":{"carbs":0,"mealCOB":0,"slopeFromMaxDeviation":-0.38399999999999995,"slopeFromMinDeviation":0.10250000000000004,"lastBolusTime":1703145677542,"lastCarbTime":0},"microBolusAllowed":true,"currentTime":1703148959672,"flatBGsDetected":false,"tdd1D":20.662500000000005,"tdd7D":21.47380952380953,"tddLast24H":21.679166666666674,"tddLast4H":2.708333333333333,"tddLast8to4H":5.879166666666667},"output":{"temp":"absolute","bg":82,"tick":-1,"eventualBG":85,"targetBG":90,"insulinReq":0,"deliverAt":"2023-12-21T08:55:59.672Z","sensitivityRatio":1.0095631444727797,"variable_sens":114,"predBGs":{"IOB":[82,81,80,79,78,78,78,78,78,78,78,78,79,79,80,80,80,81,81,82,82,82,82,83,83,83,83,84,84,84,84,84,84,84,85],"ZT":[82,82,83,83,84,85,86,87,88,90]},"reason":"COB: 0, Dev: -9, BGI: 0, ISF: 114, CR: 16, Target: 90, minPredBG 81, minGuardBG 78, IOBpredBG 85; Eventual BG 85 < 90, temp 0.35 ~< req 0.38U\/hr. ","COB":0,"IOB":-0.103,"timestamp":"2023-12-21T08:55:59.679Z"}}