{"algorithm":"OpenAPSSMBDynamicISFPlugin","input":{"glucoseStatus":{"glucose":81,"noise":0,"delta":3,"short_avgdelta":2.22,"long_avgdelta":0.47,"date":1703077538000},"currenttemp":{"temp":"absolute","duration":20,"rate":0.65,"minutesrunning":10},"iob_data":[{"iob":-0.137,"basaliob":-0.169,"bolussnooze":0,"activity":-0.0017,"lastBolusTime":1703072489509,"time":"2023-12-20T13:06:09.113Z","iobWithZeroTemp":{"iob":-0.137,"basaliob":-0.169,"bolussnooze":0,"activity":-0.0017,"lastBolusTime":1703072489509,"time":"2023-12-20T13:06:09.113Z"}},{"iob":-0.129,"basaliob":-0.158,"bolussnooze":0,"activity":-0.0017,"lastBolusTime":1703072489509,"time":"2023-12-20T13:11:09.113Z","iobWithZeroTemp":{"iob":-0.169,"basaliob":-0.198,"bolussnooze":0,"activity":-0.0017,"lastBolusTime":1703072489509,"time":"2023-12-20T13:11:09.113Z"}},{"iob":-0.121,"basaliob":-0.147,"bolussnooze":0,"activity":-0.0016,"lastBolusTime":1703072489509,"time":"2023-12-20T13:16:09.113Z","iobWithZeroTemp":{"iob":-0.21,"basaliob":-0.236,"bolussnooze":0,"activity":-0.0018,"lastBolusTime":1703072489509,"time":"2023-12-20T13:16:09.113Z"}},{"iob":-0.113,"basaliob":-0.137,"bolussnooze":0,"activity":-0.0016,"lastBolusTime":1703072489509,"time":"2023-12-20T13:21:09.113Z","iobWithZeroTemp":{"iob":-0.251,"basaliob":-0.275,"bolussnooze":0,"activity":-0.002,"lastBolusTime":1703072489509,"time":"2023-12-20T13:21:09.113Z"}},{"iob":-0.106,"basaliob":-0.127,"bolussnooze":0,"activity":-0.0016,"lastBolusTime":1703072489509,"time":"2023-12-20T13:26:09.113Z","iobWithZeroTemp":{"iob":-0.291,"basaliob":-0.312,"bolussnooze":0,"activity":-0.0023,"lastBolusTime":1703072489509,"time":"2023-12-20T13:26:09.113Z"}},{"iob":-0.098,"basaliob":-0.117,"bolussnooze":0,"activity":-0.0015,"lastBolusTime":1703072489509,"time":"2023-12-20T13:31:09.113Z","iobWithZeroTemp":{"iob":-0.329,"basaliob":-0.348,"bolussnooze":0,"activity":-0.0026,"lastBolusTime":1703072489509,"time":"2023-12-20T13:31:09.113Z"}},{"iob":-0.091,"basaliob":-0.108,"bolussnooze":0,"activity":-0.0014,"lastBolusTime":1703072489509,"time":"2023-12-20T13:36:09.113Z","iobWithZeroTemp":{"iob":-0.366,"basaliob":-0.383,"bolussnooze":0,"activity":-0.0028,"lastBolusTime":1703072489509,"time":"2023-12-20T13:36:09.113Z"}},{"iob":-0.084,"basaliob":-0.1,"bolussnooze":0,"activity":-0.0014,"lastBolusTime":1703072489509,"time":"2023-12-20T13:41:09.113Z","iobWithZeroTemp":{"iob":-0.4,"basaliob":-0.416,"bolussnooze":0,"activity":-0.0032,"lastBolusTime":1703072489509,"time":"2023-12-20T13:41:09.113Z"}},{"iob":-0.077,"basaliob":-0.091,"bolussnooze":0,"activity":-0.0013,"lastBolusTime":1703072489509,"time":"2023-12-20T13:46:09.113Z","iobWithZeroTemp":{"iob":-0.433,"basaliob":-0.447,"bolussnooze":0,"activity":-0.0036,"lastBolusTime":1703072489509,"time":"2023-12-20T13:46:09.113Z"}},{"iob":-0.071,"basaliob":-0.084,"bolussnooze":0,"activity":-0.0012,"lastBolusTime":1703072489509,"time":"2023-12-20T13:51:09.113Z","iobWithZeroTemp":{"iob":-0.465,"basaliob":-0.478,"bolussnooze":0,"activity":-0.0039,"lastBolusTime":1703072489509,"time":"2023-12-20T13:51:09.113Z"}},{"iob":-0.066,"basaliob":-0.077,"bolussnooze":0,"activity":-0.0011,"lastBolusTime":1703072489509,"time":"2023-12-20T13:56:09.113Z","iobWithZeroTemp":{"iob":-0.495,"basaliob":-0.506,"bolussnooze":0,"activity":-0.0042,"lastBolusTime":1703072489509,"time":"2023-12-20T13:56:09.113Z"}},{"iob":-0.06,"basaliob":-0.07,"bolussnooze":0,"activity":-0.0011,"lastBolusTime":1703072489509,"time":"2023-12-20T14:01:09.113Z","iobWithZeroTemp":{"iob":-0.522,"basaliob":-0.532,"bolussnooze":0,"activity":-0.0047,"lastBolusTime":1703072489509,"time":"2023-12-20T14:01:09.113Z"}},{"iob":-0.055,"basaliob":-0.064,"bolussnooze":0,"activity":-0.001,"lastBolusTime":1703072489509,"time":"2023-12-20T14:06:09.113Z","iobWithZeroTemp":{"iob":-0.557,"basaliob":-0.566,"bolussnooze":0,"activity":-0.005,"lastBolusTime":1703072489509,"time":"2023-12-20T14:06:09.113Z"}},{"iob":-0.05,"basaliob":-0.058,"bolussnooze":0,"activity":-9.0E-4,"lastBolusTime":1703072489509,"time":"2023-12-20T14:11:09.113Z","iobWithZeroTemp":{"iob":-0.589,"basaliob":-0.597,"bolussnooze":0,"activity":-0.0053,"lastBolusTime":1703072489509,"time":"2023-12-20T14:11:09.113Z"}},{"iob":-0.045,"basaliob":-0.052,"bolussnooze":0,"activity":-8.0E-4,"lastBolusTime":1703072489509,"time":"2023-12-20T14:16:09.113Z","iobWithZeroTemp":{"iob":-0.619,"basaliob":-0.626,"bolussnooze":0,"activity":-0.0057,"lastBolusTime":1703072489509,"time":"2023-12-20T14:16:09.113Z"}},{"iob":-0.042,"basaliob":-0.048,"bolussnooze":0,"activity":-8.0E-4,"lastBolusTime":1703072489509,"time":"2023-12-20T14:21:09.113Z","iobWithZeroTemp":{"iob":-0.649,"basaliob":-0.655,"bolussnooze":0,"activity":-0.0061,"lastBolusTime":1703072489509,"time":"2023-12-20T14:21:09.113Z"}},{"iob":-0.037,"basaliob":-0.043,"bolussnooze":0,"activity":-8.0E-4,"lastBolusTime":1703072489509,"time":"2023-12-20T14:26:09.113Z","iobWithZeroTemp":{"iob":-0.675,"basaliob":-0.681,"bolussnooze":0,"activity":-0.0065,"lastBolusTime":1703072489509,"time":"2023-12-20T14:26:09.113Z"}},{"iob":-0.034,"basaliob":-0.039,"bolussnooze":0,"activity":-7.0E-4,"lastBolusTime":1703072489509,"time":"2023-12-20T14:31:09.113Z","iobWithZeroTemp":{"iob":-0.7,"basaliob":-0.705,"bolussnooze":0,"activity":-0.0068,"lastBolusTime":1703072489509,"time":"2023-12-20T14:31:09.113Z"}},{"iob":-0.031,"basaliob":-0.035,"bolussnooze":0,"activity":-6.0E-4,"lastBolusTime":1703072489509,"time":"2023-12-20T14:36:09.113Z","iobWithZeroTemp":{"iob":-0.724,"basaliob":-0.728,"bolussnooze":0,"activity":-0.0071,"lastBolusTime":1703072489509,"time":"2023-12-20T14:36:09.113Z"}},{"iob":-0.027,"basaliob":-0.031,"bolussnooze":0,"activity":-6.0E-4,"lastBolusTime":1703072489509,"time":"2023-12-20T14:41:09.113Z","iobWithZeroTemp":{"iob":-0.745,"basaliob":-0.749,"bolussnooze":0,"activity":-0.0075,"lastBolusTime":1703072489509,"time":"2023-12-20T14:41:09.113Z"}},{"iob":-0.025,"basaliob":-0.028,"bolussnooze":0,"activity":-5.0E-4,"lastBolusTime":1703072489509,"time":"2023-12-20T14:46:09.113Z","iobWithZeroTemp":{"iob":-0.766,"basaliob":-0.769,"bolussnooze":0,"activity":-0.0078,"lastBolusTime":1703072489509,"time":"2023-12-20T14:46:09.113Z"}},{"iob":-0.022,"basaliob":-0.025,"bolussnooze":0,"activity":-5.0E-4,"lastBolusTime":1703072489509,"time":"2023-12-20T14:51:09.113Z","iobWithZeroTemp":{"iob":-0.784,"basaliob":-0.787,"bolussnooze":0,"activity":-0.0081,"lastBolusTime":1703072489509,"time":"2023-12-20T14:51:09.113Z"}},{"iob":-0.02,"basaliob":-0.023,"bolussnooze":0,"activity":-4.0E-4,"lastBolusTime":1703072489509,"time":"2023-12-20T14:56:09.113Z","iobWithZeroTemp":{"iob":-0.802,"basaliob":-0.805,"bolussnooze":0,"activity":-0.0083,"lastBolusTime":1703072489509,"time":"2023-12-20T14:56:09.113Z"}},{"iob":-0.018,"basaliob":-0.02,"bolussnooze":0,"activity":-4.0E-4,"lastBolusTime":1703072489509,"time":"2023-12-20T15:01:09.113Z","iobWithZeroTemp":{"iob":-0.818,"basaliob":-0.82,"bolussnooze":0,"activity":-0.0086,"lastBolusTime":1703072489509,"time":"2023-12-20T15:01:09.113Z"}},{"iob":-0.016,"basaliob":-0.018,"bolussnooze":0,"activity":-3.0E-4,"lastBolusTime":1703072489509,"time":"2023-12-20T15:06:09.113Z","iobWithZeroTemp":{"iob":-0.832,"basaliob":-0.834,"bolussnooze":0,"activity":-0.0088,"lastBolusTime":1703072489509,"time":"2023-12-20T15:06:09.113Z"}},{"iob":-0.014,"basaliob":-0.016,"bolussnooze":0,"activity":-4.0E-4,"lastBolusTime":1703072489509,"time":"2023-12-20T15:11:09.113Z","iobWithZeroTemp":{"iob":-0.845,"basaliob":-0.847,"bolussnooze":0,"activity":-0.0092,"lastBolusTime":1703072489509,"time":"2023-12-20T15:11:09.113Z"}},{"iob":-0.013,"basaliob":-0.014,"bolussnooze":0,"activity":-3.0E-4,"lastBolusTime":1703072489509,"time":"2023-12-20T15:16:09.113Z","iobWithZeroTemp":{"iob":-0.858,"basaliob":-0.859,"bolussnooze":0,"activity":-0.0093,"lastBolusTime":1703072489509,"time":"2023-12-20T15:16:09.113Z"}},{"iob":-0.012,"basaliob":-0.013,"bolussnooze":0,"activity":-3.0E-4,"lastBolusTime":1703072489509,"time":"2023-12-20T15:21:09.113Z","iobWithZeroTemp":{"iob":-0.87,"basaliob":-0.871,"bolussnooze":0,"activity":-0.0096,"lastBolusTime":1703072489509,"time":"2023-12-20T15:21:09.113Z"}},{"iob":-0.01,"basaliob":-0.011,"bolussnooze":0,"activity":-3.0E-4,"lastBolusTime":1703072489509,"time":"2023-12-20T15:26:09.113Z","iobWithZeroTemp":{"iob":-0.879,"basaliob":-0.88,"bolussnooze":0,"activity":-0.0098,"lastBolusTime":1703072489509,"time":"2023-12-20T15:26:09.113Z"}},{"iob":-0.009,"basaliob":-0.01,"bolussnooze":0,"activity":-2.0E-4,"lastBolusTime":1703072489509,"time":"2023-12-20T15:31:09.113Z","iobWithZeroTemp":{"iob":-0.889,"basaliob":-0.89,"bolussnooze":0,"activity":-0.0099,"lastBolusTime":1703072489509,"time":"2023-12-20T15:31:09.113Z"}},{"iob":-0.008,"basaliob":-0.009,"bolussnooze":0,"activity":-2.0E-4,"lastBolusTime":1703072489509,"time":"2023-12-20T15:36:09.113Z","iobWithZeroTemp":{"iob":-0.897,"basaliob":-0.898,"bolussnooze":0,"activity":-0.0101,"lastBolusTime":1703072489509,"time":"2023-12-20T15:36:09.113Z"}},{"iob":-0.007,"basaliob":-0.008,"bolussnooze":0,"activity":-2.0E-4,"lastBolusTime":1703072489509,"time":"2023-12-20T15:41:09.113Z","iobWithZeroTemp":{"iob":-0.905,"basaliob":-0.906,"bolussnooze":0,"activity":-0.0102,"lastBolusTime":1703072489509,"time":"2023-12-20T15:41:09.113Z"}},{"iob":-0.007,"basaliob":-0.007,"bolussnooze":0,"activity":-2.0E-4,"lastBolusTime":1703072489509,"time":"2023-12-20T15:46:09.113Z","iobWithZeroTemp":{"iob":-0.912,"basaliob":-0.912,"bolussnooze":0,"activity":-0.0104,"lastBolusTime":1703072489509,"time":"2023-12-20T15:46:09.113Z"}},{"iob":-0.006,"basaliob":-0.006,"bolussnooze":0,"activity":-2.0E-4,"lastBolusTime":1703072489509,"time":"2023-12-20T15:51:09.113Z","iobWithZeroTemp":{"iob":-0.918,"basaliob":-0.918,"bolussnooze":0,"activity":-0.0105,"lastBolusTime":1703072489509,"time":"2023-12-20T15:51:09.113Z"}},{"iob":-0.005,"basaliob":-0.005,"bolussnooze":0,"activity":-1.0E-4,"lastBolusTime":1703072489509,"time":"2023-12-20T15:56:09.113Z","iobWithZeroTemp":{"iob":-0.924,"basaliob":-0.924,"bolussnooze":0,"activity":-0.0106,"lastBolusTime":1703072489509,"time":"2023-12-20T15:56:09.113Z"}},{"iob":-0.004,"basaliob":-0.004,"bolussnooze":0,"activity":-1.0E-4,"lastBolusTime":1703072489509,"time":"2023-12-20T16:01:09.113Z","iobWithZeroTemp":{"iob":-0.928,"basaliob":-0.928,"bolussnooze":0,"activity":-0.0107,"lastBolusTime":1703072489509,"time":"2023-12-20T16:01:09.113Z"}},{"iob":-0.004,"basaliob":-0.004,"bolussnooze":0,"activity":-1.0E-4,"lastBolusTime":1703072489509,"time":"2023-12-20T16:06:09.113Z","iobWithZeroTemp":{"iob":-0.933,"basaliob":-0.933,"bolussnooze":0,"activity":-0.0108,"lastBolusTime":1703072489509,"time":"2023-12-20T16:06:09.113Z"}},{"iob":-0.003,"basaliob":-0.003,"bolussnooze":0,"activity":-1.0E-4,"lastBolusTime":1703072489509,"time":"2023-12-20T16:11:09.113Z","iobWithZeroTemp":{"iob":-0.937,"basaliob":-0.937,"bolussnooze":0,"activity":-0.0109,"lastBolusTime":1703072489509,"time":"2023-12-20T16:11:09.113Z"}},{"iob":-0.003,"basaliob":-0.003,"bolussnooze":0,"activity":-1.0E-4,"lastBolusTime":1703072489509,"time":"2023-12-20T16:16:09.113Z","iobWithZeroTemp":{"iob":-0.941,"basaliob":-0.941,"bolussnooze":0,"activity":-0.011,"lastBolusTime":1703072489509,"time":"2023-12-20T16:16:09.113Z"}},{"iob":-0.002,"basaliob":-0.002,"bolussnooze":0,"activity":-1.0E-4,"lastBolusTime":1703072489509,"time":"2023-12-20T16:21:09.113Z","iobWithZeroTemp":{"iob":-0.943,"basaliob":-0.943,"bolussnooze":0,"activity":-0.0111,"lastBolusTime":1703072489509,"time":"2023-12-20T16:21:09.113Z"}},{"iob":-0.002,"basaliob":-0.002,"bolussnooze":0,"activity":-1.0E-4,"lastBolusTime":1703072489509,"time":"2023-12-20T16:26:09.113Z","iobWithZeroTemp":{"iob":-0.947,"basaliob":-0.947,"bolussnooze":0,"activity":-0.0112,"lastBolusTime":1703072489509,"time":"2023-12-20T16:26:09.113Z"}},{"iob":-0.002,"basaliob":-0.002,"bolussnooze":0,"activity":-1.0E-4,"lastBolusTime":1703072489509,"time":"2023-12-20T16:31:09.113Z","iobWithZeroTemp":{"iob":-0.949,"basaliob":-0.949,"bolussnooze":0,"activity":-0.0112,"lastBolusTime":1703072489509,"time":"2023-12-20T16:31:09.113Z"}},{"iob":-0.002,"basaliob":-0.002,"bolussnooze":0,"activity":-1.0E-4,"lastBolusTime":1703072489509,"time":"2023-12-20T16:36:09.113Z","iobWithZeroTemp":{"iob":-0.952,"basaliob":-0.952,"bolussnooze":0,"activity":-0.0113,"lastBolusTime":1703072489509,"time":"2023-12-20T16:36:09.113Z"}},{"iob":-0.001,"basaliob":-0.001,"bolussnooze":0,"activity":0,"lastBolusTime":1703072489509,"time":"2023-12-20T16:41:09.113Z","iobWithZeroTemp":{"iob":-0.953,"basaliob":-0.953,"bolussnooze":0,"activity":-0.0113,"lastBolusTime":1703072489509,"time":"2023-12-20T16:41:09.113Z"}},{"iob":-0.001,"basaliob":-0.001,"bolussnooze":0,"activity":0,"lastBolusTime":1703072489509,"time":"2023-12-20T16:46:09.113Z","iobWithZeroTemp":{"iob":-0.955,"basaliob":-0.955,"bolussnooze":0,"activity":-0.0113,"lastBolusTime":1703072489509,"time":"2023-12-20T16:46:09.113Z"}},{"iob":-0.001,"basaliob":-0.001,"bolussnooze":0,"activity":0,"lastBolusTime":1703072489509,"time":"2023-12-20T16:51:09.113Z","iobWithZeroTemp":{"iob":-0.957,"basaliob":-0.957,"bolussnooze":0,"activity":-0.0114,"lastBolusTime":1703072489509,"time":"2023-12-20T16:51:09.113Z"}},{"iob":-0.001,"basaliob":-0.001,"bolussnooze":0,"activity":0,"lastBolusTime":1703072489509,"time":"2023-12-20T16:56:09.113Z","iobWithZeroTemp":{"iob":-0.958,"basaliob":-0.958,"bolussnooze":0,"activity":-0.0114,"lastBolusTime":1703072489509,"time":"2023-12-20T16:56:09.113Z"}},{"iob":-0.001,"basaliob":-0.001,"bolussnooze":0,"activity":0,"lastBolusTime":1703072489509,"time":"2023-12-20T17:01:09.113Z","iobWithZeroTemp":{"iob":-0.96,"basaliob":-0.96,"bolussnooze":0,"activity":-0.0114,"lastBolusTime":1703072489509,"time":"2023-12-20T17:01:09.113Z"}}],"profile":{"max_iob":7,"type":"current","max_daily_basal":0.8,"max_basal":4.8,"min_bg":80,"max_bg":90,"target_bg":85,"carb_ratio":16,"sens":57,"max_daily_safety_multiplier":9,"current_basal_safety_multiplier":8,"lgsThreshold":65,"high_temptarget_raises_sensitivity":false,"low_temptarget_lowers_sensitivity":false,"sensitivity_raises_target":false,"resistance_lowers_target":false,"adv_target_adjustments":false,"exercise_mode":false,"half_basal_exercise_target":160,"maxCOB":120,"skip_neutral_temps":false,"remainingCarbsCap":90,"enableUAM":true,"A52_risk_enable":false,"SMBInterval":3,"enableSMB_with_COB":true,"enableSMB_with_temptarget":true,"allowSMB_with_high_temptarget":true,"enableSMB_always":true,"enableSMB_after_carbs":true,"maxSMBBasalMinutes":120,"maxUAMSMBBasalMinutes":90,"bolus_increment":0.05,"carbsReqThreshold":5,"current_basal":0.6,"temptargetSet":false,"autosens_max":1.6,"autosens_min":0.6,"variable_sens":130.4,"insulinDivisor":75,"TDD":18.85476071428572},"autosens_data":{"ratio":0.9824146094014209},"meal_data":{"carbs":0,"mealCOB":0,"slopeFromMaxDeviation":0,"slopeFromMinDeviation":0.2727272727272727,"lastBolusTime":1703072489509,"lastCarbTime":0},"microBolusAllowed":true,"currentTime":1703077571057,"flatBGsDetected":false,"tdd1D":21.666666666666675,"tdd7D":21.121428571428574,"tddLast24H":20.750000000000014,"tddLast4H":1.795833333333334,"tddLast8to4H":3.425},"output":{"temp":"absolute","bg":81,"tick":"+3","eventualBG":106,"targetBG":85,"insulinReq":0.12,"deliverAt":"2023-12-20T13:06:11.057Z","sensitivityRatio":0.9824146094014209,"variable_sens":130.4,"predBGs":{"IOB":[81,83,85,87,89,90,92,93,94,95,96,97,98,98,99,99,100,100,100,101,101,101,102,102,102,102,102,103,103,103,103,103,103,103,103,104],"ZT":[81,82,83,84,86,87,89],"UAM":[81,83,85,87,89,90,92,93,94,95,96,97,98,98,99,99,100,100,100,101,101,101,102,102,102,102,103,103,103,103,103,103,103,104]},"reason":"COB: 0, Dev: 7, BGI: 1, ISF: 130, CR: 16, Target: 85, minPredBG 100, minGuardBG 83, IOBpredBG 104, UAMpredBG 104; Eventual BG 106 >= 90,  insulinReq 0.12. Microbolusing 0.05U. temp 0.65 < 0.83U\/hr. ","COB":0,"IOB":-0.137,"units":0.05,"duration":30,"rate":0.8294487656408525,"timestamp":"2023-12-20T13:06:11.063Z"}}