{"algorithm":"OpenAPSSMBDynamicISFPlugin","input":{"glucoseStatus":{"glucose":110,"noise":0,"delta":1,"short_avgdelta":0.72,"long_avgdelta":0.96,"date":1703103939000},"currenttemp":{"temp":"absolute","duration":20,"rate":1.05,"minutesrunning":10},"iob_data":[{"iob":0.333,"basaliob":-0.391,"bolussnooze":0.128,"activity":0.0052,"lastBolusTime":1703103386836,"time":"2023-12-20T20:25:59.266Z","iobWithZeroTemp":{"iob":0.333,"basaliob":-0.391,"bolussnooze":0.128,"activity":0.0052,"lastBolusTime":1703103386836,"time":"2023-12-20T20:25:59.266Z"}},{"iob":0.307,"basaliob":-0.366,"bolussnooze":0.1039,"activity":0.005,"lastBolusTime":1703103386836,"time":"2023-12-20T20:30:59.266Z","iobWithZeroTemp":{"iob":0.254,"basaliob":-0.419,"bolussnooze":0.1039,"activity":0.0049,"lastBolusTime":1703103386836,"time":"2023-12-20T20:30:59.266Z"}},{"iob":0.283,"basaliob":-0.342,"bolussnooze":0.0836,"activity":0.0046,"lastBolusTime":1703103386836,"time":"2023-12-20T20:35:59.266Z","iobWithZeroTemp":{"iob":0.164,"basaliob":-0.461,"bolussnooze":0.0836,"activity":0.0044,"lastBolusTime":1703103386836,"time":"2023-12-20T20:35:59.266Z"}},{"iob":0.26,"basaliob":-0.318,"bolussnooze":0.0668,"activity":0.0044,"lastBolusTime":1703103386836,"time":"2023-12-20T20:40:59.266Z","iobWithZeroTemp":{"iob":0.076,"basaliob":-0.502,"bolussnooze":0.0668,"activity":0.0038,"lastBolusTime":1703103386836,"time":"2023-12-20T20:40:59.266Z"}},{"iob":0.239,"basaliob":-0.295,"bolussnooze":0.0528,"activity":0.0041,"lastBolusTime":1703103386836,"time":"2023-12-20T20:45:59.266Z","iobWithZeroTemp":{"iob":-0.008,"basaliob":-0.542,"bolussnooze":0.0528,"activity":0.0031,"lastBolusTime":1703103386836,"time":"2023-12-20T20:45:59.266Z"}},{"iob":0.218,"basaliob":-0.273,"bolussnooze":0.0414,"activity":0.0039,"lastBolusTime":1703103386836,"time":"2023-12-20T20:50:59.266Z","iobWithZeroTemp":{"iob":-0.09,"basaliob":-0.581,"bolussnooze":0.0414,"activity":0.0025,"lastBolusTime":1703103386836,"time":"2023-12-20T20:50:59.266Z"}},{"iob":0.2,"basaliob":-0.252,"bolussnooze":0.0321,"activity":0.0036,"lastBolusTime":1703103386836,"time":"2023-12-20T20:55:59.266Z","iobWithZeroTemp":{"iob":-0.166,"basaliob":-0.618,"bolussnooze":0.0321,"activity":0.0017,"lastBolusTime":1703103386836,"time":"2023-12-20T20:55:59.266Z"}},{"iob":0.182,"basaliob":-0.232,"bolussnooze":0.0246,"activity":0.0034,"lastBolusTime":1703103386836,"time":"2023-12-20T21:00:59.266Z","iobWithZeroTemp":{"iob":-0.24,"basaliob":-0.654,"bolussnooze":0.0246,"activity":9.0E-4,"lastBolusTime":1703103386836,"time":"2023-12-20T21:00:59.266Z"}},{"iob":0.165,"basaliob":-0.214,"bolussnooze":0.0185,"activity":0.0032,"lastBolusTime":1703103386836,"time":"2023-12-20T21:05:59.266Z","iobWithZeroTemp":{"iob":-0.31,"basaliob":-0.689,"bolussnooze":0.0185,"activity":2.0E-4,"lastBolusTime":1703103386836,"time":"2023-12-20T21:05:59.266Z"}},{"iob":0.151,"basaliob":-0.196,"bolussnooze":0.0138,"activity":0.0029,"lastBolusTime":1703103386836,"time":"2023-12-20T21:10:59.266Z","iobWithZeroTemp":{"iob":-0.374,"basaliob":-0.721,"bolussnooze":0.0138,"activity":-7.0E-4,"lastBolusTime":1703103386836,"time":"2023-12-20T21:10:59.266Z"}},{"iob":0.137,"basaliob":-0.179,"bolussnooze":0.01,"activity":0.0027,"lastBolusTime":1703103386836,"time":"2023-12-20T21:15:59.266Z","iobWithZeroTemp":{"iob":-0.435,"basaliob":-0.751,"bolussnooze":0.01,"activity":-0.0015,"lastBolusTime":1703103386836,"time":"2023-12-20T21:15:59.266Z"}},{"iob":0.124,"basaliob":-0.164,"bolussnooze":0.0071,"activity":0.0025,"lastBolusTime":1703103386836,"time":"2023-12-20T21:20:59.266Z","iobWithZeroTemp":{"iob":-0.493,"basaliob":-0.781,"bolussnooze":0.0071,"activity":-0.0022,"lastBolusTime":1703103386836,"time":"2023-12-20T21:20:59.266Z"}},{"iob":0.112,"basaliob":-0.15,"bolussnooze":0.0049,"activity":0.0023,"lastBolusTime":1703103386836,"time":"2023-12-20T21:25:59.266Z","iobWithZeroTemp":{"iob":-0.546,"basaliob":-0.808,"bolussnooze":0.0049,"activity":-0.003,"lastBolusTime":1703103386836,"time":"2023-12-20T21:25:59.266Z"}},{"iob":0.101,"basaliob":-0.136,"bolussnooze":0.0033,"activity":0.0021,"lastBolusTime":1703103386836,"time":"2023-12-20T21:30:59.266Z","iobWithZeroTemp":{"iob":-0.596,"basaliob":-0.833,"bolussnooze":0.0033,"activity":-0.0038,"lastBolusTime":1703103386836,"time":"2023-12-20T21:30:59.266Z"}},{"iob":0.091,"basaliob":-0.124,"bolussnooze":0.0021,"activity":0.0019,"lastBolusTime":1703103386836,"time":"2023-12-20T21:35:59.266Z","iobWithZeroTemp":{"iob":-0.642,"basaliob":-0.857,"bolussnooze":0.0021,"activity":-0.0045,"lastBolusTime":1703103386836,"time":"2023-12-20T21:35:59.266Z"}},{"iob":0.082,"basaliob":-0.112,"bolussnooze":0.0012,"activity":0.0018,"lastBolusTime":1703103386836,"time":"2023-12-20T21:40:59.266Z","iobWithZeroTemp":{"iob":-0.685,"basaliob":-0.879,"bolussnooze":0.0012,"activity":-0.0051,"lastBolusTime":1703103386836,"time":"2023-12-20T21:40:59.266Z"}},{"iob":0.073,"basaliob":-0.102,"bolussnooze":7.0E-4,"activity":0.0017,"lastBolusTime":1703103386836,"time":"2023-12-20T21:45:59.266Z","iobWithZeroTemp":{"iob":-0.725,"basaliob":-0.9,"bolussnooze":7.0E-4,"activity":-0.0057,"lastBolusTime":1703103386836,"time":"2023-12-20T21:45:59.266Z"}},{"iob":0.065,"basaliob":-0.092,"bolussnooze":3.0E-4,"activity":0.0014,"lastBolusTime":1703103386836,"time":"2023-12-20T21:50:59.266Z","iobWithZeroTemp":{"iob":-0.761,"basaliob":-0.918,"bolussnooze":3.0E-4,"activity":-0.0064,"lastBolusTime":1703103386836,"time":"2023-12-20T21:50:59.266Z"}},{"iob":0.058,"basaliob":-0.083,"bolussnooze":1.0E-4,"activity":0.0014,"lastBolusTime":1703103386836,"time":"2023-12-20T21:55:59.266Z","iobWithZeroTemp":{"iob":-0.795,"basaliob":-0.936,"bolussnooze":1.0E-4,"activity":-0.0069,"lastBolusTime":1703103386836,"time":"2023-12-20T21:55:59.266Z"}},{"iob":0.052,"basaliob":-0.075,"bolussnooze":0,"activity":0.0012,"lastBolusTime":1703103386836,"time":"2023-12-20T22:00:59.266Z","iobWithZeroTemp":{"iob":-0.825,"basaliob":-0.952,"bolussnooze":0,"activity":-0.0075,"lastBolusTime":1703103386836,"time":"2023-12-20T22:00:59.266Z"}},{"iob":0.046,"basaliob":-0.067,"bolussnooze":0,"activity":0.0012,"lastBolusTime":1703103386836,"time":"2023-12-20T22:05:59.266Z","iobWithZeroTemp":{"iob":-0.854,"basaliob":-0.967,"bolussnooze":0,"activity":-0.0079,"lastBolusTime":1703103386836,"time":"2023-12-20T22:05:59.266Z"}},{"iob":0.041,"basaliob":-0.06,"bolussnooze":0,"activity":0.001,"lastBolusTime":1703103386836,"time":"2023-12-20T22:10:59.266Z","iobWithZeroTemp":{"iob":-0.879,"basaliob":-0.98,"bolussnooze":0,"activity":-0.0084,"lastBolusTime":1703103386836,"time":"2023-12-20T22:10:59.266Z"}},{"iob":0.036,"basaliob":-0.054,"bolussnooze":0,"activity":9.0E-4,"lastBolusTime":1703103386836,"time":"2023-12-20T22:15:59.266Z","iobWithZeroTemp":{"iob":-0.903,"basaliob":-0.993,"bolussnooze":0,"activity":-0.0089,"lastBolusTime":1703103386836,"time":"2023-12-20T22:15:59.266Z"}},{"iob":0.032,"basaliob":-0.048,"bolussnooze":0,"activity":8.0E-4,"lastBolusTime":1703103386836,"time":"2023-12-20T22:20:59.266Z","iobWithZeroTemp":{"iob":-0.924,"basaliob":-1.004,"bolussnooze":0,"activity":-0.0093,"lastBolusTime":1703103386836,"time":"2023-12-20T22:20:59.266Z"}},{"iob":0.028,"basaliob":-0.043,"bolussnooze":0,"activity":7.0E-4,"lastBolusTime":1703103386836,"time":"2023-12-20T22:25:59.266Z","iobWithZeroTemp":{"iob":-0.944,"basaliob":-1.015,"bolussnooze":0,"activity":-0.0097,"lastBolusTime":1703103386836,"time":"2023-12-20T22:25:59.266Z"}},{"iob":0.025,"basaliob":-0.038,"bolussnooze":0,"activity":7.0E-4,"lastBolusTime":1703103386836,"time":"2023-12-20T22:30:59.266Z","iobWithZeroTemp":{"iob":-0.961,"basaliob":-1.024,"bolussnooze":0,"activity":-0.0099,"lastBolusTime":1703103386836,"time":"2023-12-20T22:30:59.266Z"}},{"iob":0.021,"basaliob":-0.034,"bolussnooze":0,"activity":6.0E-4,"lastBolusTime":1703103386836,"time":"2023-12-20T22:35:59.266Z","iobWithZeroTemp":{"iob":-0.978,"basaliob":-1.033,"bolussnooze":0,"activity":-0.0103,"lastBolusTime":1703103386836,"time":"2023-12-20T22:35:59.266Z"}},{"iob":0.019,"basaliob":-0.03,"bolussnooze":0,"activity":6.0E-4,"lastBolusTime":1703103386836,"time":"2023-12-20T22:40:59.266Z","iobWithZeroTemp":{"iob":-0.991,"basaliob":-1.04,"bolussnooze":0,"activity":-0.0105,"lastBolusTime":1703103386836,"time":"2023-12-20T22:40:59.266Z"}},{"iob":0.017,"basaliob":-0.026,"bolussnooze":0,"activity":4.0E-4,"lastBolusTime":1703103386836,"time":"2023-12-20T22:45:59.266Z","iobWithZeroTemp":{"iob":-1.004,"basaliob":-1.047,"bolussnooze":0,"activity":-0.0109,"lastBolusTime":1703103386836,"time":"2023-12-20T22:45:59.266Z"}},{"iob":0.014,"basaliob":-0.023,"bolussnooze":0,"activity":4.0E-4,"lastBolusTime":1703103386836,"time":"2023-12-20T22:50:59.266Z","iobWithZeroTemp":{"iob":-1.016,"basaliob":-1.053,"bolussnooze":0,"activity":-0.0111,"lastBolusTime":1703103386836,"time":"2023-12-20T22:50:59.266Z"}},{"iob":0.013,"basaliob":-0.02,"bolussnooze":0,"activity":4.0E-4,"lastBolusTime":1703103386836,"time":"2023-12-20T22:55:59.266Z","iobWithZeroTemp":{"iob":-1.026,"basaliob":-1.059,"bolussnooze":0,"activity":-0.0113,"lastBolusTime":1703103386836,"time":"2023-12-20T22:55:59.266Z"}},{"iob":0.01,"basaliob":-0.018,"bolussnooze":0,"activity":3.0E-4,"lastBolusTime":1703103386836,"time":"2023-12-20T23:00:59.266Z","iobWithZeroTemp":{"iob":-1.037,"basaliob":-1.065,"bolussnooze":0,"activity":-0.0116,"lastBolusTime":1703103386836,"time":"2023-12-20T23:00:59.266Z"}},{"iob":0.008,"basaliob":-0.016,"bolussnooze":0,"activity":3.0E-4,"lastBolusTime":1703103386836,"time":"2023-12-20T23:05:59.266Z","iobWithZeroTemp":{"iob":-1.037,"basaliob":-1.061,"bolussnooze":0,"activity":-0.0117,"lastBolusTime":1703103386836,"time":"2023-12-20T23:05:59.266Z"}},{"iob":0.007,"basaliob":-0.014,"bolussnooze":0,"activity":2.0E-4,"lastBolusTime":1703103386836,"time":"2023-12-20T23:10:59.266Z","iobWithZeroTemp":{"iob":-1.036,"basaliob":-1.057,"bolussnooze":0,"activity":-0.0119,"lastBolusTime":1703103386836,"time":"2023-12-20T23:10:59.266Z"}},{"iob":0.006,"basaliob":-0.012,"bolussnooze":0,"activity":3.0E-4,"lastBolusTime":1703103386836,"time":"2023-12-20T23:15:59.266Z","iobWithZeroTemp":{"iob":-1.035,"basaliob":-1.053,"bolussnooze":0,"activity":-0.0119,"lastBolusTime":1703103386836,"time":"2023-12-20T23:15:59.266Z"}},{"iob":0.005,"basaliob":-0.01,"bolussnooze":0,"activity":2.0E-4,"lastBolusTime":1703103386836,"time":"2023-12-20T23:20:59.266Z","iobWithZeroTemp":{"iob":-1.033,"basaliob":-1.048,"bolussnooze":0,"activity":-0.0121,"lastBolusTime":1703103386836,"time":"2023-12-20T23:20:59.266Z"}},{"iob":0.004,"basaliob":-0.009,"bolussnooze":0,"activity":1.0E-4,"lastBolusTime":1703103386836,"time":"2023-12-20T23:25:59.266Z","iobWithZeroTemp":{"iob":-1.031,"basaliob":-1.044,"bolussnooze":0,"activity":-0.0122,"lastBolusTime":1703103386836,"time":"2023-12-20T23:25:59.266Z"}},{"iob":0.004,"basaliob":-0.007,"bolussnooze":0,"activity":2.0E-4,"lastBolusTime":1703103386836,"time":"2023-12-20T23:30:59.266Z","iobWithZeroTemp":{"iob":-1.028,"basaliob":-1.039,"bolussnooze":0,"activity":-0.0122,"lastBolusTime":1703103386836,"time":"2023-12-20T23:30:59.266Z"}},{"iob":0.003,"basaliob":-0.006,"bolussnooze":0,"activity":1.0E-4,"lastBolusTime":1703103386836,"time":"2023-12-20T23:35:59.266Z","iobWithZeroTemp":{"iob":-1.025,"basaliob":-1.034,"bolussnooze":0,"activity":-0.0123,"lastBolusTime":1703103386836,"time":"2023-12-20T23:35:59.266Z"}},{"iob":0.003,"basaliob":-0.005,"bolussnooze":0,"activity":1.0E-4,"lastBolusTime":1703103386836,"time":"2023-12-20T23:40:59.266Z","iobWithZeroTemp":{"iob":-1.022,"basaliob":-1.03,"bolussnooze":0,"activity":-0.0123,"lastBolusTime":1703103386836,"time":"2023-12-20T23:40:59.266Z"}},{"iob":0.001,"basaliob":-0.005,"bolussnooze":0,"activity":1.0E-4,"lastBolusTime":1703103386836,"time":"2023-12-20T23:45:59.266Z","iobWithZeroTemp":{"iob":-1.02,"basaliob":-1.026,"bolussnooze":0,"activity":-0.0123,"lastBolusTime":1703103386836,"time":"2023-12-20T23:45:59.266Z"}},{"iob":0.001,"basaliob":-0.004,"bolussnooze":0,"activity":1.0E-4,"lastBolusTime":1703103386836,"time":"2023-12-20T23:50:59.266Z","iobWithZeroTemp":{"iob":-1.017,"basaliob":-1.022,"bolussnooze":0,"activity":-0.0123,"lastBolusTime":1703103386836,"time":"2023-12-20T23:50:59.266Z"}},{"iob":0.001,"basaliob":-0.003,"bolussnooze":0,"activity":1.0E-4,"lastBolusTime":1703103386836,"time":"2023-12-20T23:55:59.266Z","iobWithZeroTemp":{"iob":-1.013,"basaliob":-1.017,"bolussnooze":0,"activity":-0.0123,"lastBolusTime":1703103386836,"time":"2023-12-20T23:55:59.266Z"}},{"iob":0,"basaliob":-0.003,"bolussnooze":0,"activity":1.0E-4,"lastBolusTime":1703103386836,"time":"2023-12-21T00:00:59.266Z","iobWithZeroTemp":{"iob":-1.011,"basaliob":-1.014,"bolussnooze":0,"activity":-0.0122,"lastBolusTime":1703103386836,"time":"2023-12-21T00:00:59.266Z"}},{"iob":0.001,"basaliob":-0.002,"bolussnooze":0,"activity":0,"lastBolusTime":1703103386836,"time":"2023-12-21T00:05:59.266Z","iobWithZeroTemp":{"iob":-1.007,"basaliob":-1.01,"bolussnooze":0,"activity":-0.0123,"lastBolusTime":1703103386836,"time":"2023-12-21T00:05:59.266Z"}},{"iob":0,"basaliob":-0.002,"bolussnooze":0,"activity":0,"lastBolusTime":1703103386836,"time":"2023-12-21T00:10:59.266Z","iobWithZeroTemp":{"iob":-1.005,"basaliob":-1.007,"bolussnooze":0,"activity":-0.0123,"lastBolusTime":1703103386836,"time":"2023-12-21T00:10:59.266Z"}},{"iob":0,"basaliob":-0.001,"bolussnooze":0,"activity":0,"lastBolusTime":1703103386836,"time":"2023-12-21T00:15:59.266Z","iobWithZeroTemp":{"iob":-1.002,"basaliob":-1.003,"bolussnooze":0,"activity":-0.0123,"lastBolusTime":1703103386836,"time":"2023-12-21T00:15:59.266Z"}},{"iob":0,"basaliob":-0.001,"bolussnooze":0,"activity":0,"lastBolusTime":1703103386836,"time":"2023-12-21T00:20:59.266Z","iobWithZeroTemp":{"iob":-0.999,"basaliob":-1,"bolussnooze":0,"activity":-0.0122,"lastBolusTime":1703103386836,"time":"2023-12-21T00:20:59.266Z"}}],"profile":{"max_iob":7,"type":"current","max_daily_basal":0.8,"max_basal":5,"min_bg":80,"max_bg":90,"target_bg":85,"carb_ratio":14,"sens":57,"max_daily_safety_multiplier":9,"current_basal_safety_multiplier":8,"lgsThreshold":65,"high_temptarget_raises_sensitivity":false,"low_temptarget_lowers_sensitivity":false,"sensitivity_raises_target":false,"resistance_lowers_target":false,"adv_target_adjustments":false,"exercise_mode":false,"half_basal_exercise_target":160,"maxCOB":120,"skip_neutral_temps":false,"remainingCarbsCap":90,"enableUAM":true,"A52_risk_enable":false,"SMBInterval":3,"enableSMB_with_COB":true,"enableSMB_with_temptarget":true,"allowSMB_with_high_temptarget":true,"enableSMB_always":true,"enableSMB_after_carbs":true,"maxSMBBasalMinutes":120,"maxUAMSMBBasalMinutes":90,"bolus_increment":0.05,"carbsReqThreshold":5,"current_basal":0.8,"temptargetSet":false,"autosens_max":1.6,"autosens_min":0.6,"variable_sens":93.3,"insulinDivisor":75,"TDD":21.36688571428572},"autosens_data":{"ratio":1.0056927065719754},"meal_data":{"carbs":0,"mealCOB":0,"slopeFromMaxDeviation":-0.562,"slopeFromMinDeviation":0.21687499999999998,"lastBolusTime":1703103386836,"lastCarbTime":0},"microBolusAllowed":true,"currentTime":1703103960377,"flatBGsDetected":false,"tdd1D":21.666666666666675,"tdd7D":21.121428571428574,"tddLast24H":21.241666666666656,"tddLast4H":3.8333333333333335,"tddLast8to4H":2.9},"output":{"temp":"absolute","bg":110,"tick":"+1","eventualBG":98,"targetBG":85,"insulinReq":0.1,"deliverAt":"2023-12-20T20:26:00.377Z","sensitivityRatio":1.0056927065719754,"variable_sens":93.3,"predBGs":{"IOB":[110,111,111,111,111,111,111,111,110,109,109,108,106,105,104,103,102,102,101,100,100,99,99,98,98,97,97,97,96,96,96,96,96,96,95],"ZT":[110,108,105,103,101,100,99,98,97,97,97],"UAM":[110,110,110,109,108,107,105,103,101,100,98,97,96,95,94,93,92,91,90,89,89,88,87,87,86,86,86,85,85,85,85,84,84,84,84,84,84,84,83]},"reason":"COB: 0, Dev: 19, BGI: -2, ISF: 93, CR: 14, Target: 85, minPredBG 95, minGuardBG 83, IOBpredBG 95, UAMpredBG 83; Eventual BG 98 >= 90,  insulinReq 0.1. Microbolusing 0.05U. temp 1.05 >~ req 1U\/hr. ","COB":0,"IOB":0.333,"units":0.05,"timestamp":"2023-12-20T20:26:00.383Z"}}