{"algorithm":"OpenAPSSMBDynamicISFPlugin","input":{"glucoseStatus":{"glucose":99,"noise":0,"delta":4,"short_avgdelta":4,"long_avgdelta":3.17,"date":1703138736000},"currenttemp":{"temp":"absolute","duration":25,"rate":0.15,"minutesrunning":5},"iob_data":[{"iob":0.341,"basaliob":-0.36,"bolussnooze":0.0028,"activity":0.0031,"lastBolusTime":1703138481501,"time":"2023-12-21T06:06:08.248Z","iobWithZeroTemp":{"iob":0.341,"basaliob":-0.36,"bolussnooze":0.0028,"activity":0.0031,"lastBolusTime":1703138481501,"time":"2023-12-21T06:06:08.248Z"}},{"iob":0.325,"basaliob":-0.33,"bolussnooze":0.0018,"activity":0.0033,"lastBolusTime":1703138481501,"time":"2023-12-21T06:11:08.248Z","iobWithZeroTemp":{"iob":0.288,"basaliob":-0.367,"bolussnooze":0.0018,"activity":0.0033,"lastBolusTime":1703138481501,"time":"2023-12-21T06:11:08.248Z"}},{"iob":0.308,"basaliob":-0.302,"bolussnooze":0.0012,"activity":0.0035,"lastBolusTime":1703138481501,"time":"2023-12-21T06:16:08.248Z","iobWithZeroTemp":{"iob":0.226,"basaliob":-0.384,"bolussnooze":0.0012,"activity":0.0033,"lastBolusTime":1703138481501,"time":"2023-12-21T06:16:08.248Z"}},{"iob":0.29,"basaliob":-0.276,"bolussnooze":7.0E-4,"activity":0.0035,"lastBolusTime":1703138481501,"time":"2023-12-21T06:21:08.248Z","iobWithZeroTemp":{"iob":0.163,"basaliob":-0.403,"bolussnooze":7.0E-4,"activity":0.0031,"lastBolusTime":1703138481501,"time":"2023-12-21T06:21:08.248Z"}},{"iob":0.272,"basaliob":-0.252,"bolussnooze":4.0E-4,"activity":0.0035,"lastBolusTime":1703138481501,"time":"2023-12-21T06:26:08.248Z","iobWithZeroTemp":{"iob":0.102,"basaliob":-0.422,"bolussnooze":4.0E-4,"activity":0.0028,"lastBolusTime":1703138481501,"time":"2023-12-21T06:26:08.248Z"}},{"iob":0.255,"basaliob":-0.229,"bolussnooze":2.0E-4,"activity":0.0034,"lastBolusTime":1703138481501,"time":"2023-12-21T06:31:08.248Z","iobWithZeroTemp":{"iob":0.043,"basaliob":-0.441,"bolussnooze":2.0E-4,"activity":0.0024,"lastBolusTime":1703138481501,"time":"2023-12-21T06:31:08.248Z"}},{"iob":0.238,"basaliob":-0.208,"bolussnooze":1.0E-4,"activity":0.0034,"lastBolusTime":1703138481501,"time":"2023-12-21T06:36:08.248Z","iobWithZeroTemp":{"iob":-0.014,"basaliob":-0.46,"bolussnooze":1.0E-4,"activity":0.0021,"lastBolusTime":1703138481501,"time":"2023-12-21T06:36:08.248Z"}},{"iob":0.221,"basaliob":-0.189,"bolussnooze":0,"activity":0.0033,"lastBolusTime":1703138481501,"time":"2023-12-21T06:41:08.248Z","iobWithZeroTemp":{"iob":-0.069,"basaliob":-0.479,"bolussnooze":0,"activity":0.0016,"lastBolusTime":1703138481501,"time":"2023-12-21T06:41:08.248Z"}},{"iob":0.206,"basaliob":-0.171,"bolussnooze":0,"activity":0.0032,"lastBolusTime":1703138481501,"time":"2023-12-21T06:46:08.248Z","iobWithZeroTemp":{"iob":-0.12,"basaliob":-0.497,"bolussnooze":0,"activity":0.0011,"lastBolusTime":1703138481501,"time":"2023-12-21T06:46:08.248Z"}},{"iob":0.191,"basaliob":-0.154,"bolussnooze":0,"activity":0.0029,"lastBolusTime":1703138481501,"time":"2023-12-21T06:51:08.248Z","iobWithZeroTemp":{"iob":-0.17,"basaliob":-0.515,"bolussnooze":0,"activity":4.0E-4,"lastBolusTime":1703138481501,"time":"2023-12-21T06:51:08.248Z"}},{"iob":0.176,"basaliob":-0.139,"bolussnooze":0,"activity":0.0028,"lastBolusTime":1703138481501,"time":"2023-12-21T06:56:08.248Z","iobWithZeroTemp":{"iob":-0.217,"basaliob":-0.532,"bolussnooze":0,"activity":-1.0E-4,"lastBolusTime":1703138481501,"time":"2023-12-21T06:56:08.248Z"}},{"iob":0.162,"basaliob":-0.125,"bolussnooze":0,"activity":0.0027,"lastBolusTime":1703138481501,"time":"2023-12-21T07:01:08.248Z","iobWithZeroTemp":{"iob":-0.262,"basaliob":-0.549,"bolussnooze":0,"activity":-6.0E-4,"lastBolusTime":1703138481501,"time":"2023-12-21T07:01:08.248Z"}},{"iob":0.15,"basaliob":-0.112,"bolussnooze":0,"activity":0.0026,"lastBolusTime":1703138481501,"time":"2023-12-21T07:06:08.248Z","iobWithZeroTemp":{"iob":-0.302,"basaliob":-0.564,"bolussnooze":0,"activity":-0.0011,"lastBolusTime":1703138481501,"time":"2023-12-21T07:06:08.248Z"}},{"iob":0.137,"basaliob":-0.101,"bolussnooze":0,"activity":0.0024,"lastBolusTime":1703138481501,"time":"2023-12-21T07:11:08.248Z","iobWithZeroTemp":{"iob":-0.342,"basaliob":-0.58,"bolussnooze":0,"activity":-0.0016,"lastBolusTime":1703138481501,"time":"2023-12-21T07:11:08.248Z"}},{"iob":0.126,"basaliob":-0.089,"bolussnooze":0,"activity":0.0023,"lastBolusTime":1703138481501,"time":"2023-12-21T07:16:08.248Z","iobWithZeroTemp":{"iob":-0.378,"basaliob":-0.593,"bolussnooze":0,"activity":-0.0021,"lastBolusTime":1703138481501,"time":"2023-12-21T07:16:08.248Z"}},{"iob":0.116,"basaliob":-0.079,"bolussnooze":0,"activity":0.0021,"lastBolusTime":1703138481501,"time":"2023-12-21T07:21:08.248Z","iobWithZeroTemp":{"iob":-0.411,"basaliob":-0.606,"bolussnooze":0,"activity":-0.0026,"lastBolusTime":1703138481501,"time":"2023-12-21T07:21:08.248Z"}},{"iob":0.105,"basaliob":-0.071,"bolussnooze":0,"activity":0.002,"lastBolusTime":1703138481501,"time":"2023-12-21T07:26:08.248Z","iobWithZeroTemp":{"iob":-0.443,"basaliob":-0.619,"bolussnooze":0,"activity":-0.0031,"lastBolusTime":1703138481501,"time":"2023-12-21T07:26:08.248Z"}},{"iob":0.096,"basaliob":-0.063,"bolussnooze":0,"activity":0.0018,"lastBolusTime":1703138481501,"time":"2023-12-21T07:31:08.248Z","iobWithZeroTemp":{"iob":-0.472,"basaliob":-0.631,"bolussnooze":0,"activity":-0.0036,"lastBolusTime":1703138481501,"time":"2023-12-21T07:31:08.248Z"}},{"iob":0.087,"basaliob":-0.056,"bolussnooze":0,"activity":0.0017,"lastBolusTime":1703138481501,"time":"2023-12-21T07:36:08.248Z","iobWithZeroTemp":{"iob":-0.499,"basaliob":-0.642,"bolussnooze":0,"activity":-0.004,"lastBolusTime":1703138481501,"time":"2023-12-21T07:36:08.248Z"}},{"iob":0.078,"basaliob":-0.05,"bolussnooze":0,"activity":0.0016,"lastBolusTime":1703138481501,"time":"2023-12-21T07:41:08.248Z","iobWithZeroTemp":{"iob":-0.525,"basaliob":-0.653,"bolussnooze":0,"activity":-0.0044,"lastBolusTime":1703138481501,"time":"2023-12-21T07:41:08.248Z"}},{"iob":0.071,"basaliob":-0.044,"bolussnooze":0,"activity":0.0014,"lastBolusTime":1703138481501,"time":"2023-12-21T07:46:08.248Z","iobWithZeroTemp":{"iob":-0.547,"basaliob":-0.662,"bolussnooze":0,"activity":-0.0048,"lastBolusTime":1703138481501,"time":"2023-12-21T07:46:08.248Z"}},{"iob":0.064,"basaliob":-0.039,"bolussnooze":0,"activity":0.0013,"lastBolusTime":1703138481501,"time":"2023-12-21T07:51:08.248Z","iobWithZeroTemp":{"iob":-0.569,"basaliob":-0.672,"bolussnooze":0,"activity":-0.0052,"lastBolusTime":1703138481501,"time":"2023-12-21T07:51:08.248Z"}},{"iob":0.058,"basaliob":-0.034,"bolussnooze":0,"activity":0.0012,"lastBolusTime":1703138481501,"time":"2023-12-21T07:56:08.248Z","iobWithZeroTemp":{"iob":-0.587,"basaliob":-0.679,"bolussnooze":0,"activity":-0.0055,"lastBolusTime":1703138481501,"time":"2023-12-21T07:56:08.248Z"}},{"iob":0.052,"basaliob":-0.03,"bolussnooze":0,"activity":0.0011,"lastBolusTime":1703138481501,"time":"2023-12-21T08:01:08.248Z","iobWithZeroTemp":{"iob":-0.605,"basaliob":-0.687,"bolussnooze":0,"activity":-0.0058,"lastBolusTime":1703138481501,"time":"2023-12-21T08:01:08.248Z"}},{"iob":0.047,"basaliob":-0.026,"bolussnooze":0,"activity":0.001,"lastBolusTime":1703138481501,"time":"2023-12-21T08:06:08.248Z","iobWithZeroTemp":{"iob":-0.621,"basaliob":-0.694,"bolussnooze":0,"activity":-0.0061,"lastBolusTime":1703138481501,"time":"2023-12-21T08:06:08.248Z"}},{"iob":0.042,"basaliob":-0.023,"bolussnooze":0,"activity":9.0E-4,"lastBolusTime":1703138481501,"time":"2023-12-21T08:11:08.248Z","iobWithZeroTemp":{"iob":-0.636,"basaliob":-0.701,"bolussnooze":0,"activity":-0.0064,"lastBolusTime":1703138481501,"time":"2023-12-21T08:11:08.248Z"}},{"iob":0.038,"basaliob":-0.02,"bolussnooze":0,"activity":8.0E-4,"lastBolusTime":1703138481501,"time":"2023-12-21T08:16:08.248Z","iobWithZeroTemp":{"iob":-0.649,"basaliob":-0.707,"bolussnooze":0,"activity":-0.0067,"lastBolusTime":1703138481501,"time":"2023-12-21T08:16:08.248Z"}},{"iob":0.034,"basaliob":-0.017,"bolussnooze":0,"activity":7.0E-4,"lastBolusTime":1703138481501,"time":"2023-12-21T08:21:08.248Z","iobWithZeroTemp":{"iob":-0.661,"basaliob":-0.712,"bolussnooze":0,"activity":-0.0069,"lastBolusTime":1703138481501,"time":"2023-12-21T08:21:08.248Z"}},{"iob":0.03,"basaliob":-0.015,"bolussnooze":0,"activity":7.0E-4,"lastBolusTime":1703138481501,"time":"2023-12-21T08:26:08.248Z","iobWithZeroTemp":{"iob":-0.672,"basaliob":-0.717,"bolussnooze":0,"activity":-0.0071,"lastBolusTime":1703138481501,"time":"2023-12-21T08:26:08.248Z"}},{"iob":0.027,"basaliob":-0.013,"bolussnooze":0,"activity":6.0E-4,"lastBolusTime":1703138481501,"time":"2023-12-21T08:31:08.248Z","iobWithZeroTemp":{"iob":-0.681,"basaliob":-0.721,"bolussnooze":0,"activity":-0.0073,"lastBolusTime":1703138481501,"time":"2023-12-21T08:31:08.248Z"}},{"iob":0.024,"basaliob":-0.011,"bolussnooze":0,"activity":6.0E-4,"lastBolusTime":1703138481501,"time":"2023-12-21T08:36:08.248Z","iobWithZeroTemp":{"iob":-0.69,"basaliob":-0.725,"bolussnooze":0,"activity":-0.0075,"lastBolusTime":1703138481501,"time":"2023-12-21T08:36:08.248Z"}},{"iob":0.022,"basaliob":-0.009,"bolussnooze":0,"activity":5.0E-4,"lastBolusTime":1703138481501,"time":"2023-12-21T08:41:08.248Z","iobWithZeroTemp":{"iob":-0.698,"basaliob":-0.729,"bolussnooze":0,"activity":-0.0077,"lastBolusTime":1703138481501,"time":"2023-12-21T08:41:08.248Z"}},{"iob":0.02,"basaliob":-0.008,"bolussnooze":0,"activity":4.0E-4,"lastBolusTime":1703138481501,"time":"2023-12-21T08:46:08.248Z","iobWithZeroTemp":{"iob":-0.704,"basaliob":-0.732,"bolussnooze":0,"activity":-0.0079,"lastBolusTime":1703138481501,"time":"2023-12-21T08:46:08.248Z"}},{"iob":0.017,"basaliob":-0.007,"bolussnooze":0,"activity":4.0E-4,"lastBolusTime":1703138481501,"time":"2023-12-21T08:51:08.248Z","iobWithZeroTemp":{"iob":-0.712,"basaliob":-0.736,"bolussnooze":0,"activity":-0.008,"lastBolusTime":1703138481501,"time":"2023-12-21T08:51:08.248Z"}},{"iob":0.015,"basaliob":-0.006,"bolussnooze":0,"activity":3.0E-4,"lastBolusTime":1703138481501,"time":"2023-12-21T08:56:08.248Z","iobWithZeroTemp":{"iob":-0.717,"basaliob":-0.738,"bolussnooze":0,"activity":-0.0082,"lastBolusTime":1703138481501,"time":"2023-12-21T08:56:08.248Z"}},{"iob":0.014,"basaliob":-0.005,"bolussnooze":0,"activity":3.0E-4,"lastBolusTime":1703138481501,"time":"2023-12-21T09:01:08.248Z","iobWithZeroTemp":{"iob":-0.722,"basaliob":-0.741,"bolussnooze":0,"activity":-0.0082,"lastBolusTime":1703138481501,"time":"2023-12-21T09:01:08.248Z"}},{"iob":0.013,"basaliob":-0.004,"bolussnooze":0,"activity":3.0E-4,"lastBolusTime":1703138481501,"time":"2023-12-21T09:06:08.248Z","iobWithZeroTemp":{"iob":-0.726,"basaliob":-0.743,"bolussnooze":0,"activity":-0.0083,"lastBolusTime":1703138481501,"time":"2023-12-21T09:06:08.248Z"}},{"iob":0.012,"basaliob":-0.003,"bolussnooze":0,"activity":3.0E-4,"lastBolusTime":1703138481501,"time":"2023-12-21T09:11:08.248Z","iobWithZeroTemp":{"iob":-0.729,"basaliob":-0.744,"bolussnooze":0,"activity":-0.0084,"lastBolusTime":1703138481501,"time":"2023-12-21T09:11:08.248Z"}},{"iob":0.01,"basaliob":-0.003,"bolussnooze":0,"activity":2.0E-4,"lastBolusTime":1703138481501,"time":"2023-12-21T09:16:08.248Z","iobWithZeroTemp":{"iob":-0.734,"basaliob":-0.747,"bolussnooze":0,"activity":-0.0085,"lastBolusTime":1703138481501,"time":"2023-12-21T09:16:08.248Z"}},{"iob":0.009,"basaliob":-0.002,"bolussnooze":0,"activity":2.0E-4,"lastBolusTime":1703138481501,"time":"2023-12-21T09:21:08.248Z","iobWithZeroTemp":{"iob":-0.737,"basaliob":-0.748,"bolussnooze":0,"activity":-0.0086,"lastBolusTime":1703138481501,"time":"2023-12-21T09:21:08.248Z"}},{"iob":0.008,"basaliob":-0.002,"bolussnooze":0,"activity":2.0E-4,"lastBolusTime":1703138481501,"time":"2023-12-21T09:26:08.248Z","iobWithZeroTemp":{"iob":-0.74,"basaliob":-0.75,"bolussnooze":0,"activity":-0.0086,"lastBolusTime":1703138481501,"time":"2023-12-21T09:26:08.248Z"}},{"iob":0.007,"basaliob":-0.001,"bolussnooze":0,"activity":1.0E-4,"lastBolusTime":1703138481501,"time":"2023-12-21T09:31:08.248Z","iobWithZeroTemp":{"iob":-0.742,"basaliob":-0.75,"bolussnooze":0,"activity":-0.0088,"lastBolusTime":1703138481501,"time":"2023-12-21T09:31:08.248Z"}},{"iob":0.006,"basaliob":-0.001,"bolussnooze":0,"activity":2.0E-4,"lastBolusTime":1703138481501,"time":"2023-12-21T09:36:08.248Z","iobWithZeroTemp":{"iob":-0.745,"basaliob":-0.752,"bolussnooze":0,"activity":-0.0087,"lastBolusTime":1703138481501,"time":"2023-12-21T09:36:08.248Z"}},{"iob":0.005,"basaliob":-0.001,"bolussnooze":0,"activity":2.0E-4,"lastBolusTime":1703138481501,"time":"2023-12-21T09:41:08.248Z","iobWithZeroTemp":{"iob":-0.747,"basaliob":-0.753,"bolussnooze":0,"activity":-0.0087,"lastBolusTime":1703138481501,"time":"2023-12-21T09:41:08.248Z"}},{"iob":0.004,"basaliob":-0.001,"bolussnooze":0,"activity":2.0E-4,"lastBolusTime":1703138481501,"time":"2023-12-21T09:46:08.248Z","iobWithZeroTemp":{"iob":-0.749,"basaliob":-0.754,"bolussnooze":0,"activity":-0.0088,"lastBolusTime":1703138481501,"time":"2023-12-21T09:46:08.248Z"}},{"iob":0.005,"basaliob":0,"bolussnooze":0,"activity":1.0E-4,"lastBolusTime":1703138481501,"time":"2023-12-21T09:51:08.248Z","iobWithZeroTemp":{"iob":-0.749,"basaliob":-0.754,"bolussnooze":0,"activity":-0.0089,"lastBolusTime":1703138481501,"time":"2023-12-21T09:51:08.248Z"}},{"iob":0.004,"basaliob":0,"bolussnooze":0,"activity":1.0E-4,"lastBolusTime":1703138481501,"time":"2023-12-21T09:56:08.248Z","iobWithZeroTemp":{"iob":-0.751,"basaliob":-0.755,"bolussnooze":0,"activity":-0.0089,"lastBolusTime":1703138481501,"time":"2023-12-21T09:56:08.248Z"}},{"iob":0.003,"basaliob":0,"bolussnooze":0,"activity":1.0E-4,"lastBolusTime":1703138481501,"time":"2023-12-21T10:01:08.248Z","iobWithZeroTemp":{"iob":-0.753,"basaliob":-0.756,"bolussnooze":0,"activity":-0.0089,"lastBolusTime":1703138481501,"time":"2023-12-21T10:01:08.248Z"}}],"profile":{"max_iob":7,"type":"current","max_daily_basal":0.8,"max_basal":4.4,"min_bg":90,"max_bg":90,"target_bg":90,"carb_ratio":16,"sens":57,"max_daily_safety_multiplier":9,"current_basal_safety_multiplier":8,"lgsThreshold":65,"high_temptarget_raises_sensitivity":false,"low_temptarget_lowers_sensitivity":false,"sensitivity_raises_target":false,"resistance_lowers_target":false,"adv_target_adjustments":false,"exercise_mode":false,"half_basal_exercise_target":160,"maxCOB":120,"skip_neutral_temps":false,"remainingCarbsCap":90,"enableUAM":true,"A52_risk_enable":false,"SMBInterval":3,"enableSMB_with_COB":true,"enableSMB_with_temptarget":true,"allowSMB_with_high_temptarget":true,"enableSMB_always":true,"enableSMB_after_carbs":true,"maxSMBBasalMinutes":120,"maxUAMSMBBasalMinutes":90,"bolus_increment":0.05,"carbsReqThreshold":5,"current_basal":0.55,"temptargetSet":false,"autosens_max":1.6,"autosens_min":0.6,"variable_sens":91,"insulinDivisor":75,"TDD":23.50244523809524},"autosens_data":{"ratio":0.9715323206563921},"meal_data":{"carbs":0,"mealCOB":0,"slopeFromMaxDeviation":-0.09569999999999998,"slopeFromMinDeviation":0.6594000000000001,"lastBolusTime":1703138481501,"lastCarbTime":0},"microBolusAllowed":true,"currentTime":1703138769929,"flatBGsDetected":false,"tdd1D":20.662500000000005,"tdd7D":21.47380952380953,"tddLast24H":20.862500000000004,"tddLast4H":4.5375000000000005,"tddLast8to4H":5.208333333333333},"output":{"temp":"absolute","bg":99,"tick":"+4","eventualBG":135,"targetBG":90,"insulinReq":0.3,"deliverAt":"2023-12-21T06:06:09.929Z","sensitivityRatio":0.9715323206563921,"variable_sens":91,"predBGs":{"IOB":[99,103,106,108,110,112,113,114,114,114,114,113,112,111,110,109,108,107,107,106,105,105,104,104,103,103,102,102,102,101,101,101,100,100,100,100,100,100,100,99],"ZT":[99,98,96,95,93,92,91,90,89,88,88,88,88,89,90],"UAM":[99,103,106,109,113,115,118,121,123,125,127,129,131,132,134,135,136,137,138,138,139,139,139,139,139,138,138,138,137,137,137,137,137,136,136,136,136,136,136,136,136,136,136,136,135]},"reason":"COB: 0, Dev: 32, BGI: -1, ISF: 91, CR: 16, Target: 90, minPredBG 117, minGuardBG 103, IOBpredBG 99, UAMpredBG 135; Eventual BG 135 >= 90,  insulinReq 0.3; setting 30m low temp of 0.14U\/h. Microbolusing 0.15U. ","COB":0,"IOB":0.341,"units":0.15,"rate":0.14,"duration":30,"timestamp":"2023-12-21T06:06:09.938Z"}}