{"algorithm":"OpenAPSSMBDynamicISFPlugin","input":{"glucoseStatus":{"glucose":114,"noise":0,"delta":-4,"short_avgdelta":-3.39,"long_avgdelta":-0.5,"date":1703141737000},"currenttemp":{"temp":"absolute","duration":110,"rate":0,"minutesrunning":10},"iob_data":[{"iob":0.767,"basaliob":-0.464,"bolussnooze":0,"activity":0.0101,"lastBolusTime":1703140265451,"time":"2023-12-21T06:56:01.693Z","iobWithZeroTemp":{"iob":0.767,"basaliob":-0.464,"bolussnooze":0,"activity":0.0101,"lastBolusTime":1703140265451,"time":"2023-12-21T06:56:01.693Z"}},{"iob":0.717,"basaliob":-0.438,"bolussnooze":0,"activity":0.01,"lastBolusTime":1703140265451,"time":"2023-12-21T07:01:01.693Z","iobWithZeroTemp":{"iob":0.68,"basaliob":-0.475,"bolussnooze":0,"activity":0.01,"lastBolusTime":1703140265451,"time":"2023-12-21T07:01:01.693Z"}},{"iob":0.668,"basaliob":-0.413,"bolussnooze":0,"activity":0.0097,"lastBolusTime":1703140265451,"time":"2023-12-21T07:06:01.693Z","iobWithZeroTemp":{"iob":0.586,"basaliob":-0.495,"bolussnooze":0,"activity":0.0095,"lastBolusTime":1703140265451,"time":"2023-12-21T07:06:01.693Z"}},{"iob":0.621,"basaliob":-0.387,"bolussnooze":0,"activity":0.0092,"lastBolusTime":1703140265451,"time":"2023-12-21T07:11:01.693Z","iobWithZeroTemp":{"iob":0.494,"basaliob":-0.514,"bolussnooze":0,"activity":0.0088,"lastBolusTime":1703140265451,"time":"2023-12-21T07:11:01.693Z"}},{"iob":0.575,"basaliob":-0.362,"bolussnooze":0,"activity":0.0088,"lastBolusTime":1703140265451,"time":"2023-12-21T07:16:01.693Z","iobWithZeroTemp":{"iob":0.405,"basaliob":-0.532,"bolussnooze":0,"activity":0.0081,"lastBolusTime":1703140265451,"time":"2023-12-21T07:16:01.693Z"}},{"iob":0.533,"basaliob":-0.337,"bolussnooze":0,"activity":0.0085,"lastBolusTime":1703140265451,"time":"2023-12-21T07:21:01.693Z","iobWithZeroTemp":{"iob":0.321,"basaliob":-0.549,"bolussnooze":0,"activity":0.0075,"lastBolusTime":1703140265451,"time":"2023-12-21T07:21:01.693Z"}},{"iob":0.492,"basaliob":-0.313,"bolussnooze":0,"activity":0.0081,"lastBolusTime":1703140265451,"time":"2023-12-21T07:26:01.693Z","iobWithZeroTemp":{"iob":0.24,"basaliob":-0.565,"bolussnooze":0,"activity":0.0068,"lastBolusTime":1703140265451,"time":"2023-12-21T07:26:01.693Z"}},{"iob":0.452,"basaliob":-0.291,"bolussnooze":0,"activity":0.0076,"lastBolusTime":1703140265451,"time":"2023-12-21T07:31:01.693Z","iobWithZeroTemp":{"iob":0.162,"basaliob":-0.581,"bolussnooze":0,"activity":0.0059,"lastBolusTime":1703140265451,"time":"2023-12-21T07:31:01.693Z"}},{"iob":0.416,"basaliob":-0.269,"bolussnooze":0,"activity":0.0072,"lastBolusTime":1703140265451,"time":"2023-12-21T07:36:01.693Z","iobWithZeroTemp":{"iob":0.09,"basaliob":-0.595,"bolussnooze":0,"activity":0.0051,"lastBolusTime":1703140265451,"time":"2023-12-21T07:36:01.693Z"}},{"iob":0.381,"basaliob":-0.248,"bolussnooze":0,"activity":0.0067,"lastBolusTime":1703140265451,"time":"2023-12-21T07:41:01.693Z","iobWithZeroTemp":{"iob":0.02,"basaliob":-0.609,"bolussnooze":0,"activity":0.0042,"lastBolusTime":1703140265451,"time":"2023-12-21T07:41:01.693Z"}},{"iob":0.348,"basaliob":-0.229,"bolussnooze":0,"activity":0.0063,"lastBolusTime":1703140265451,"time":"2023-12-21T07:46:01.693Z","iobWithZeroTemp":{"iob":-0.045,"basaliob":-0.622,"bolussnooze":0,"activity":0.0034,"lastBolusTime":1703140265451,"time":"2023-12-21T07:46:01.693Z"}},{"iob":0.319,"basaliob":-0.21,"bolussnooze":0,"activity":0.0058,"lastBolusTime":1703140265451,"time":"2023-12-21T07:51:01.693Z","iobWithZeroTemp":{"iob":-0.105,"basaliob":-0.634,"bolussnooze":0,"activity":0.0025,"lastBolusTime":1703140265451,"time":"2023-12-21T07:51:01.693Z"}},{"iob":0.29,"basaliob":-0.193,"bolussnooze":0,"activity":0.0054,"lastBolusTime":1703140265451,"time":"2023-12-21T07:56:01.693Z","iobWithZeroTemp":{"iob":-0.162,"basaliob":-0.645,"bolussnooze":0,"activity":0.0017,"lastBolusTime":1703140265451,"time":"2023-12-21T07:56:01.693Z"}},{"iob":0.265,"basaliob":-0.176,"bolussnooze":0,"activity":0.005,"lastBolusTime":1703140265451,"time":"2023-12-21T08:01:01.693Z","iobWithZeroTemp":{"iob":-0.214,"basaliob":-0.655,"bolussnooze":0,"activity":0.001,"lastBolusTime":1703140265451,"time":"2023-12-21T08:01:01.693Z"}},{"iob":0.241,"basaliob":-0.161,"bolussnooze":0,"activity":0.0047,"lastBolusTime":1703140265451,"time":"2023-12-21T08:06:01.693Z","iobWithZeroTemp":{"iob":-0.263,"basaliob":-0.665,"bolussnooze":0,"activity":3.0E-4,"lastBolusTime":1703140265451,"time":"2023-12-21T08:06:01.693Z"}},{"iob":0.218,"basaliob":-0.147,"bolussnooze":0,"activity":0.0043,"lastBolusTime":1703140265451,"time":"2023-12-21T08:11:01.693Z","iobWithZeroTemp":{"iob":-0.309,"basaliob":-0.674,"bolussnooze":0,"activity":-4.0E-4,"lastBolusTime":1703140265451,"time":"2023-12-21T08:11:01.693Z"}},{"iob":0.197,"basaliob":-0.134,"bolussnooze":0,"activity":0.004,"lastBolusTime":1703140265451,"time":"2023-12-21T08:16:01.693Z","iobWithZeroTemp":{"iob":-0.351,"basaliob":-0.682,"bolussnooze":0,"activity":-0.0011,"lastBolusTime":1703140265451,"time":"2023-12-21T08:16:01.693Z"}},{"iob":0.178,"basaliob":-0.122,"bolussnooze":0,"activity":0.0036,"lastBolusTime":1703140265451,"time":"2023-12-21T08:21:01.693Z","iobWithZeroTemp":{"iob":-0.39,"basaliob":-0.69,"bolussnooze":0,"activity":-0.0018,"lastBolusTime":1703140265451,"time":"2023-12-21T08:21:01.693Z"}},{"iob":0.161,"basaliob":-0.11,"bolussnooze":0,"activity":0.0033,"lastBolusTime":1703140265451,"time":"2023-12-21T08:26:01.693Z","iobWithZeroTemp":{"iob":-0.425,"basaliob":-0.696,"bolussnooze":0,"activity":-0.0024,"lastBolusTime":1703140265451,"time":"2023-12-21T08:26:01.693Z"}},{"iob":0.145,"basaliob":-0.1,"bolussnooze":0,"activity":0.003,"lastBolusTime":1703140265451,"time":"2023-12-21T08:31:01.693Z","iobWithZeroTemp":{"iob":-0.458,"basaliob":-0.703,"bolussnooze":0,"activity":-0.003,"lastBolusTime":1703140265451,"time":"2023-12-21T08:31:01.693Z"}},{"iob":0.131,"basaliob":-0.09,"bolussnooze":0,"activity":0.0028,"lastBolusTime":1703140265451,"time":"2023-12-21T08:36:01.693Z","iobWithZeroTemp":{"iob":-0.487,"basaliob":-0.708,"bolussnooze":0,"activity":-0.0034,"lastBolusTime":1703140265451,"time":"2023-12-21T08:36:01.693Z"}},{"iob":0.118,"basaliob":-0.081,"bolussnooze":0,"activity":0.0025,"lastBolusTime":1703140265451,"time":"2023-12-21T08:41:01.693Z","iobWithZeroTemp":{"iob":-0.515,"basaliob":-0.714,"bolussnooze":0,"activity":-0.004,"lastBolusTime":1703140265451,"time":"2023-12-21T08:41:01.693Z"}},{"iob":0.106,"basaliob":-0.073,"bolussnooze":0,"activity":0.0023,"lastBolusTime":1703140265451,"time":"2023-12-21T08:46:01.693Z","iobWithZeroTemp":{"iob":-0.539,"basaliob":-0.718,"bolussnooze":0,"activity":-0.0044,"lastBolusTime":1703140265451,"time":"2023-12-21T08:46:01.693Z"}},{"iob":0.094,"basaliob":-0.066,"bolussnooze":0,"activity":0.0021,"lastBolusTime":1703140265451,"time":"2023-12-21T08:51:01.693Z","iobWithZeroTemp":{"iob":-0.563,"basaliob":-0.723,"bolussnooze":0,"activity":-0.0048,"lastBolusTime":1703140265451,"time":"2023-12-21T08:51:01.693Z"}},{"iob":0.084,"basaliob":-0.059,"bolussnooze":0,"activity":0.0019,"lastBolusTime":1703140265451,"time":"2023-12-21T08:56:01.693Z","iobWithZeroTemp":{"iob":-0.584,"basaliob":-0.727,"bolussnooze":0,"activity":-0.0052,"lastBolusTime":1703140265451,"time":"2023-12-21T08:56:01.693Z"}},{"iob":0.075,"basaliob":-0.053,"bolussnooze":0,"activity":0.0017,"lastBolusTime":1703140265451,"time":"2023-12-21T09:01:01.693Z","iobWithZeroTemp":{"iob":-0.603,"basaliob":-0.731,"bolussnooze":0,"activity":-0.0056,"lastBolusTime":1703140265451,"time":"2023-12-21T09:01:01.693Z"}},{"iob":0.067,"basaliob":-0.047,"bolussnooze":0,"activity":0.0015,"lastBolusTime":1703140265451,"time":"2023-12-21T09:06:01.693Z","iobWithZeroTemp":{"iob":-0.62,"basaliob":-0.734,"bolussnooze":0,"activity":-0.006,"lastBolusTime":1703140265451,"time":"2023-12-21T09:06:01.693Z"}},{"iob":0.06,"basaliob":-0.042,"bolussnooze":0,"activity":0.0014,"lastBolusTime":1703140265451,"time":"2023-12-21T09:11:01.693Z","iobWithZeroTemp":{"iob":-0.635,"basaliob":-0.737,"bolussnooze":0,"activity":-0.0062,"lastBolusTime":1703140265451,"time":"2023-12-21T09:11:01.693Z"}},{"iob":0.053,"basaliob":-0.038,"bolussnooze":0,"activity":0.0013,"lastBolusTime":1703140265451,"time":"2023-12-21T09:16:01.693Z","iobWithZeroTemp":{"iob":-0.649,"basaliob":-0.74,"bolussnooze":0,"activity":-0.0065,"lastBolusTime":1703140265451,"time":"2023-12-21T09:16:01.693Z"}},{"iob":0.047,"basaliob":-0.033,"bolussnooze":0,"activity":0.0012,"lastBolusTime":1703140265451,"time":"2023-12-21T09:21:01.693Z","iobWithZeroTemp":{"iob":-0.661,"basaliob":-0.741,"bolussnooze":0,"activity":-0.0067,"lastBolusTime":1703140265451,"time":"2023-12-21T09:21:01.693Z"}},{"iob":0.041,"basaliob":-0.03,"bolussnooze":0,"activity":0.0011,"lastBolusTime":1703140265451,"time":"2023-12-21T09:26:01.693Z","iobWithZeroTemp":{"iob":-0.673,"basaliob":-0.744,"bolussnooze":0,"activity":-0.007,"lastBolusTime":1703140265451,"time":"2023-12-21T09:26:01.693Z"}},{"iob":0.037,"basaliob":-0.026,"bolussnooze":0,"activity":0.001,"lastBolusTime":1703140265451,"time":"2023-12-21T09:31:01.693Z","iobWithZeroTemp":{"iob":-0.683,"basaliob":-0.746,"bolussnooze":0,"activity":-0.0072,"lastBolusTime":1703140265451,"time":"2023-12-21T09:31:01.693Z"}},{"iob":0.032,"basaliob":-0.023,"bolussnooze":0,"activity":8.0E-4,"lastBolusTime":1703140265451,"time":"2023-12-21T09:36:01.693Z","iobWithZeroTemp":{"iob":-0.692,"basaliob":-0.747,"bolussnooze":0,"activity":-0.0075,"lastBolusTime":1703140265451,"time":"2023-12-21T09:36:01.693Z"}},{"iob":0.028,"basaliob":-0.02,"bolussnooze":0,"activity":8.0E-4,"lastBolusTime":1703140265451,"time":"2023-12-21T09:41:01.693Z","iobWithZeroTemp":{"iob":-0.701,"basaliob":-0.749,"bolussnooze":0,"activity":-0.0076,"lastBolusTime":1703140265451,"time":"2023-12-21T09:41:01.693Z"}},{"iob":0.024,"basaliob":-0.018,"bolussnooze":0,"activity":7.0E-4,"lastBolusTime":1703140265451,"time":"2023-12-21T09:46:01.693Z","iobWithZeroTemp":{"iob":-0.708,"basaliob":-0.75,"bolussnooze":0,"activity":-0.0078,"lastBolusTime":1703140265451,"time":"2023-12-21T09:46:01.693Z"}},{"iob":0.021,"basaliob":-0.016,"bolussnooze":0,"activity":6.0E-4,"lastBolusTime":1703140265451,"time":"2023-12-21T09:51:01.693Z","iobWithZeroTemp":{"iob":-0.715,"basaliob":-0.752,"bolussnooze":0,"activity":-0.0079,"lastBolusTime":1703140265451,"time":"2023-12-21T09:51:01.693Z"}},{"iob":0.018,"basaliob":-0.014,"bolussnooze":0,"activity":5.0E-4,"lastBolusTime":1703140265451,"time":"2023-12-21T09:56:01.693Z","iobWithZeroTemp":{"iob":-0.721,"basaliob":-0.753,"bolussnooze":0,"activity":-0.0081,"lastBolusTime":1703140265451,"time":"2023-12-21T09:56:01.693Z"}},{"iob":0.015,"basaliob":-0.012,"bolussnooze":0,"activity":5.0E-4,"lastBolusTime":1703140265451,"time":"2023-12-21T10:01:01.693Z","iobWithZeroTemp":{"iob":-0.726,"basaliob":-0.753,"bolussnooze":0,"activity":-0.0082,"lastBolusTime":1703140265451,"time":"2023-12-21T10:01:01.693Z"}},{"iob":0.014,"basaliob":-0.01,"bolussnooze":0,"activity":4.0E-4,"lastBolusTime":1703140265451,"time":"2023-12-21T10:06:01.693Z","iobWithZeroTemp":{"iob":-0.73,"basaliob":-0.754,"bolussnooze":0,"activity":-0.0083,"lastBolusTime":1703140265451,"time":"2023-12-21T10:06:01.693Z"}},{"iob":0.011,"basaliob":-0.009,"bolussnooze":0,"activity":3.0E-4,"lastBolusTime":1703140265451,"time":"2023-12-21T10:11:01.693Z","iobWithZeroTemp":{"iob":-0.735,"basaliob":-0.755,"bolussnooze":0,"activity":-0.0085,"lastBolusTime":1703140265451,"time":"2023-12-21T10:11:01.693Z"}},{"iob":0.009,"basaliob":-0.008,"bolussnooze":0,"activity":4.0E-4,"lastBolusTime":1703140265451,"time":"2023-12-21T10:16:01.693Z","iobWithZeroTemp":{"iob":-0.739,"basaliob":-0.756,"bolussnooze":0,"activity":-0.0084,"lastBolusTime":1703140265451,"time":"2023-12-21T10:16:01.693Z"}},{"iob":0.008,"basaliob":-0.007,"bolussnooze":0,"activity":3.0E-4,"lastBolusTime":1703140265451,"time":"2023-12-21T10:21:01.693Z","iobWithZeroTemp":{"iob":-0.741,"basaliob":-0.756,"bolussnooze":0,"activity":-0.0086,"lastBolusTime":1703140265451,"time":"2023-12-21T10:21:01.693Z"}},{"iob":0.006,"basaliob":-0.006,"bolussnooze":0,"activity":2.0E-4,"lastBolusTime":1703140265451,"time":"2023-12-21T10:26:01.693Z","iobWithZeroTemp":{"iob":-0.745,"basaliob":-0.757,"bolussnooze":0,"activity":-0.0087,"lastBolusTime":1703140265451,"time":"2023-12-21T10:26:01.693Z"}},{"iob":0.005,"basaliob":-0.005,"bolussnooze":0,"activity":2.0E-4,"lastBolusTime":1703140265451,"time":"2023-12-21T10:31:01.693Z","iobWithZeroTemp":{"iob":-0.747,"basaliob":-0.757,"bolussnooze":0,"activity":-0.0087,"lastBolusTime":1703140265451,"time":"2023-12-21T10:31:01.693Z"}},{"iob":0.004,"basaliob":-0.004,"bolussnooze":0,"activity":2.0E-4,"lastBolusTime":1703140265451,"time":"2023-12-21T10:36:01.693Z","iobWithZeroTemp":{"iob":-0.749,"basaliob":-0.757,"bolussnooze":0,"activity":-0.0088,"lastBolusTime":1703140265451,"time":"2023-12-21T10:36:01.693Z"}},{"iob":0.003,"basaliob":-0.004,"bolussnooze":0,"activity":2.0E-4,"lastBolusTime":1703140265451,"time":"2023-12-21T10:41:01.693Z","iobWithZeroTemp":{"iob":-0.751,"basaliob":-0.758,"bolussnooze":0,"activity":-0.0088,"lastBolusTime":1703140265451,"time":"2023-12-21T10:41:01.693Z"}},{"iob":0.003,"basaliob":-0.003,"bolussnooze":0,"activity":1.0E-4,"lastBolusTime":1703140265451,"time":"2023-12-21T10:46:01.693Z","iobWithZeroTemp":{"iob":-0.752,"basaliob":-0.758,"bolussnooze":0,"activity":-0.0089,"lastBolusTime":1703140265451,"time":"2023-12-21T10:46:01.693Z"}},{"iob":0.002,"basaliob":-0.003,"bolussnooze":0,"activity":1.0E-4,"lastBolusTime":1703140265451,"time":"2023-12-21T10:51:01.693Z","iobWithZeroTemp":{"iob":-0.754,"basaliob":-0.759,"bolussnooze":0,"activity":-0.0089,"lastBolusTime":1703140265451,"time":"2023-12-21T10:51:01.693Z"}}],"profile":{"max_iob":7,"type":"current","max_daily_basal":0.8,"max_basal":4.4,"min_bg":90,"max_bg":90,"target_bg":90,"carb_ratio":16,"sens":57,"max_daily_safety_multiplier":9,"current_basal_safety_multiplier":8,"lgsThreshold":65,"high_temptarget_raises_sensitivity":false,"low_temptarget_lowers_sensitivity":false,"sensitivity_raises_target":false,"resistance_lowers_target":false,"adv_target_adjustments":false,"exercise_mode":false,"half_basal_exercise_target":160,"maxCOB":120,"skip_neutral_temps":false,"remainingCarbsCap":90,"enableUAM":true,"A52_risk_enable":false,"SMBInterval":3,"enableSMB_with_COB":true,"enableSMB_with_temptarget":true,"allowSMB_with_high_temptarget":true,"enableSMB_always":true,"enableSMB_after_carbs":true,"maxSMBBasalMinutes":120,"maxUAMSMBBasalMinutes":90,"bolus_increment":0.05,"carbsReqThreshold":5,"current_basal":0.55,"temptargetSet":false,"autosens_max":1.6,"autosens_min":0.6,"variable_sens":78.9,"insulinDivisor":75,"TDD":24.684670238095244},"autosens_data":{"ratio":1.0301308349040914},"meal_data":{"carbs":0,"mealCOB":0,"slopeFromMaxDeviation":-1.5670000000000004,"slopeFromMinDeviation":0,"lastBolusTime":1703140265451,"lastCarbTime":0},"microBolusAllowed":true,"currentTime":1703141763596,"flatBGsDetected":false,"tdd1D":20.662500000000005,"tdd7D":21.47380952380953,"tddLast24H":22.120833333333337,"tddLast4H":5.595833333333334,"tddLast8to4H":4.729166666666666},"output":{"temp":"absolute","bg":114,"tick":-4,"eventualBG":53,"targetBG":90,"insulinReq":0,"deliverAt":"2023-12-21T06:56:03.596Z","sensitivityRatio":1.0301308349040914,"variable_sens":78.9,"predBGs":{"IOB":[114,110,106,102,98,94,90,87,83,80,76,73,70,67,64,61,59,56,54,51,49,47,45,44,42,40,39],"ZT":[114,110,106,102,98,95,91,88,86,83,81,79,78,77,77,77,77,77,78,80,81,83,85,87,89]},"reason":"COB: 0, Dev: 0, BGI: -4, ISF: 79, CR: 16, Target: 90, minPredBG 49, minGuardBG 27, IOBpredBG 39; minGuardBG 27<65 110m left and 0 ~ req 0U\/hr: no temp required","COB":0,"IOB":0.767,"timestamp":"2023-12-21T06:56:03.619Z"}}