{"algorithm":"OpenAPSSMBDynamicISFPlugin","input":{"glucoseStatus":{"glucose":91,"noise":0,"delta":-3,"short_avgdelta":-1.94,"long_avgdelta":-0.73,"date":1703112339000},"currenttemp":{"temp":"absolute","duration":25,"rate":0.9,"minutesrunning":5},"iob_data":[{"iob":0.057,"basaliob":-0.169,"bolussnooze":0.0069,"activity":0.0011,"lastBolusTime":1703105530958,"time":"2023-12-20T22:45:54.537Z","iobWithZeroTemp":{"iob":0.057,"basaliob":-0.169,"bolussnooze":0.0069,"activity":0.0011,"lastBolusTime":1703105530958,"time":"2023-12-20T22:45:54.537Z"}},{"iob":0.051,"basaliob":-0.152,"bolussnooze":0.0049,"activity":0.001,"lastBolusTime":1703105530958,"time":"2023-12-20T22:50:54.537Z","iobWithZeroTemp":{"iob":-0.002,"basaliob":-0.205,"bolussnooze":0.0049,"activity":9.0E-4,"lastBolusTime":1703105530958,"time":"2023-12-20T22:50:54.537Z"}},{"iob":0.047,"basaliob":-0.136,"bolussnooze":0.0033,"activity":9.0E-4,"lastBolusTime":1703105530958,"time":"2023-12-20T22:55:54.537Z","iobWithZeroTemp":{"iob":-0.072,"basaliob":-0.255,"bolussnooze":0.0033,"activity":7.0E-4,"lastBolusTime":1703105530958,"time":"2023-12-20T22:55:54.537Z"}},{"iob":0.042,"basaliob":-0.122,"bolussnooze":0.0022,"activity":9.0E-4,"lastBolusTime":1703105530958,"time":"2023-12-20T23:00:54.537Z","iobWithZeroTemp":{"iob":-0.142,"basaliob":-0.306,"bolussnooze":0.0022,"activity":3.0E-4,"lastBolusTime":1703105530958,"time":"2023-12-20T23:00:54.537Z"}},{"iob":0.038,"basaliob":-0.109,"bolussnooze":0.0013,"activity":8.0E-4,"lastBolusTime":1703105530958,"time":"2023-12-20T23:05:54.537Z","iobWithZeroTemp":{"iob":-0.201,"basaliob":-0.348,"bolussnooze":0.0013,"activity":-1.0E-4,"lastBolusTime":1703105530958,"time":"2023-12-20T23:05:54.537Z"}},{"iob":0.034,"basaliob":-0.097,"bolussnooze":8.0E-4,"activity":8.0E-4,"lastBolusTime":1703105530958,"time":"2023-12-20T23:10:54.537Z","iobWithZeroTemp":{"iob":-0.258,"basaliob":-0.389,"bolussnooze":8.0E-4,"activity":-6.0E-4,"lastBolusTime":1703105530958,"time":"2023-12-20T23:10:54.537Z"}},{"iob":0.03,"basaliob":-0.087,"bolussnooze":4.0E-4,"activity":7.0E-4,"lastBolusTime":1703105530958,"time":"2023-12-20T23:15:54.537Z","iobWithZeroTemp":{"iob":-0.312,"basaliob":-0.429,"bolussnooze":4.0E-4,"activity":-0.0011,"lastBolusTime":1703105530958,"time":"2023-12-20T23:15:54.537Z"}},{"iob":0.027,"basaliob":-0.077,"bolussnooze":2.0E-4,"activity":7.0E-4,"lastBolusTime":1703105530958,"time":"2023-12-20T23:20:54.537Z","iobWithZeroTemp":{"iob":-0.363,"basaliob":-0.467,"bolussnooze":2.0E-4,"activity":-0.0016,"lastBolusTime":1703105530958,"time":"2023-12-20T23:20:54.537Z"}},{"iob":0.025,"basaliob":-0.068,"bolussnooze":1.0E-4,"activity":5.0E-4,"lastBolusTime":1703105530958,"time":"2023-12-20T23:25:54.537Z","iobWithZeroTemp":{"iob":-0.411,"basaliob":-0.504,"bolussnooze":1.0E-4,"activity":-0.0023,"lastBolusTime":1703105530958,"time":"2023-12-20T23:25:54.537Z"}},{"iob":0.021,"basaliob":-0.061,"bolussnooze":0,"activity":5.0E-4,"lastBolusTime":1703105530958,"time":"2023-12-20T23:30:54.537Z","iobWithZeroTemp":{"iob":-0.458,"basaliob":-0.54,"bolussnooze":0,"activity":-0.0029,"lastBolusTime":1703105530958,"time":"2023-12-20T23:30:54.537Z"}},{"iob":0.019,"basaliob":-0.053,"bolussnooze":0,"activity":5.0E-4,"lastBolusTime":1703105530958,"time":"2023-12-20T23:35:54.537Z","iobWithZeroTemp":{"iob":-0.5,"basaliob":-0.572,"bolussnooze":0,"activity":-0.0034,"lastBolusTime":1703105530958,"time":"2023-12-20T23:35:54.537Z"}},{"iob":0.017,"basaliob":-0.047,"bolussnooze":0,"activity":4.0E-4,"lastBolusTime":1703105530958,"time":"2023-12-20T23:40:54.537Z","iobWithZeroTemp":{"iob":-0.54,"basaliob":-0.604,"bolussnooze":0,"activity":-0.004,"lastBolusTime":1703105530958,"time":"2023-12-20T23:40:54.537Z"}},{"iob":0.015,"basaliob":-0.041,"bolussnooze":0,"activity":4.0E-4,"lastBolusTime":1703105530958,"time":"2023-12-20T23:45:54.537Z","iobWithZeroTemp":{"iob":-0.577,"basaliob":-0.633,"bolussnooze":0,"activity":-0.0045,"lastBolusTime":1703105530958,"time":"2023-12-20T23:45:54.537Z"}},{"iob":0.013,"basaliob":-0.036,"bolussnooze":0,"activity":3.0E-4,"lastBolusTime":1703105530958,"time":"2023-12-20T23:50:54.537Z","iobWithZeroTemp":{"iob":-0.612,"basaliob":-0.661,"bolussnooze":0,"activity":-0.005,"lastBolusTime":1703105530958,"time":"2023-12-20T23:50:54.537Z"}},{"iob":0.011,"basaliob":-0.032,"bolussnooze":0,"activity":3.0E-4,"lastBolusTime":1703105530958,"time":"2023-12-20T23:55:54.537Z","iobWithZeroTemp":{"iob":-0.645,"basaliob":-0.688,"bolussnooze":0,"activity":-0.0055,"lastBolusTime":1703105530958,"time":"2023-12-20T23:55:54.537Z"}},{"iob":0.011,"basaliob":-0.027,"bolussnooze":0,"activity":2.0E-4,"lastBolusTime":1703105530958,"time":"2023-12-21T00:00:54.537Z","iobWithZeroTemp":{"iob":-0.673,"basaliob":-0.711,"bolussnooze":0,"activity":-0.006,"lastBolusTime":1703105530958,"time":"2023-12-21T00:00:54.537Z"}},{"iob":0.009,"basaliob":-0.024,"bolussnooze":0,"activity":2.0E-4,"lastBolusTime":1703105530958,"time":"2023-12-21T00:05:54.537Z","iobWithZeroTemp":{"iob":-0.701,"basaliob":-0.734,"bolussnooze":0,"activity":-0.0064,"lastBolusTime":1703105530958,"time":"2023-12-21T00:05:54.537Z"}},{"iob":0.007,"basaliob":-0.021,"bolussnooze":0,"activity":2.0E-4,"lastBolusTime":1703105530958,"time":"2023-12-21T00:10:54.537Z","iobWithZeroTemp":{"iob":-0.728,"basaliob":-0.756,"bolussnooze":0,"activity":-0.0068,"lastBolusTime":1703105530958,"time":"2023-12-21T00:10:54.537Z"}},{"iob":0.006,"basaliob":-0.018,"bolussnooze":0,"activity":2.0E-4,"lastBolusTime":1703105530958,"time":"2023-12-21T00:15:54.537Z","iobWithZeroTemp":{"iob":-0.751,"basaliob":-0.775,"bolussnooze":0,"activity":-0.0072,"lastBolusTime":1703105530958,"time":"2023-12-21T00:15:54.537Z"}},{"iob":0.006,"basaliob":-0.015,"bolussnooze":0,"activity":1.0E-4,"lastBolusTime":1703105530958,"time":"2023-12-21T00:20:54.537Z","iobWithZeroTemp":{"iob":-0.771,"basaliob":-0.792,"bolussnooze":0,"activity":-0.0076,"lastBolusTime":1703105530958,"time":"2023-12-21T00:20:54.537Z"}},{"iob":0.005,"basaliob":-0.013,"bolussnooze":0,"activity":2.0E-4,"lastBolusTime":1703105530958,"time":"2023-12-21T00:25:54.537Z","iobWithZeroTemp":{"iob":-0.791,"basaliob":-0.809,"bolussnooze":0,"activity":-0.0079,"lastBolusTime":1703105530958,"time":"2023-12-21T00:25:54.537Z"}},{"iob":0.004,"basaliob":-0.011,"bolussnooze":0,"activity":1.0E-4,"lastBolusTime":1703105530958,"time":"2023-12-21T00:30:54.537Z","iobWithZeroTemp":{"iob":-0.809,"basaliob":-0.824,"bolussnooze":0,"activity":-0.0083,"lastBolusTime":1703105530958,"time":"2023-12-21T00:30:54.537Z"}},{"iob":0.004,"basaliob":-0.009,"bolussnooze":0,"activity":1.0E-4,"lastBolusTime":1703105530958,"time":"2023-12-21T00:35:54.537Z","iobWithZeroTemp":{"iob":-0.825,"basaliob":-0.838,"bolussnooze":0,"activity":-0.0086,"lastBolusTime":1703105530958,"time":"2023-12-21T00:35:54.537Z"}},{"iob":0.003,"basaliob":-0.008,"bolussnooze":0,"activity":1.0E-4,"lastBolusTime":1703105530958,"time":"2023-12-21T00:40:54.537Z","iobWithZeroTemp":{"iob":-0.84,"basaliob":-0.851,"bolussnooze":0,"activity":-0.0088,"lastBolusTime":1703105530958,"time":"2023-12-21T00:40:54.537Z"}},{"iob":0.003,"basaliob":-0.006,"bolussnooze":0,"activity":1.0E-4,"lastBolusTime":1703105530958,"time":"2023-12-21T00:45:54.537Z","iobWithZeroTemp":{"iob":-0.853,"basaliob":-0.862,"bolussnooze":0,"activity":-0.0091,"lastBolusTime":1703105530958,"time":"2023-12-21T00:45:54.537Z"}},{"iob":0.003,"basaliob":-0.005,"bolussnooze":0,"activity":1.0E-4,"lastBolusTime":1703105530958,"time":"2023-12-21T00:50:54.537Z","iobWithZeroTemp":{"iob":-0.865,"basaliob":-0.873,"bolussnooze":0,"activity":-0.0093,"lastBolusTime":1703105530958,"time":"2023-12-21T00:50:54.537Z"}},{"iob":0.003,"basaliob":-0.004,"bolussnooze":0,"activity":0,"lastBolusTime":1703105530958,"time":"2023-12-21T00:55:54.537Z","iobWithZeroTemp":{"iob":-0.876,"basaliob":-0.883,"bolussnooze":0,"activity":-0.0096,"lastBolusTime":1703105530958,"time":"2023-12-21T00:55:54.537Z"}},{"iob":0.002,"basaliob":-0.003,"bolussnooze":0,"activity":0,"lastBolusTime":1703105530958,"time":"2023-12-21T01:00:54.537Z","iobWithZeroTemp":{"iob":-0.887,"basaliob":-0.892,"bolussnooze":0,"activity":-0.0098,"lastBolusTime":1703105530958,"time":"2023-12-21T01:00:54.537Z"}},{"iob":0.001,"basaliob":-0.003,"bolussnooze":0,"activity":1.0E-4,"lastBolusTime":1703105530958,"time":"2023-12-21T01:05:54.537Z","iobWithZeroTemp":{"iob":-0.897,"basaliob":-0.901,"bolussnooze":0,"activity":-0.0099,"lastBolusTime":1703105530958,"time":"2023-12-21T01:05:54.537Z"}},{"iob":0.002,"basaliob":-0.002,"bolussnooze":0,"activity":1.0E-4,"lastBolusTime":1703105530958,"time":"2023-12-21T01:10:54.537Z","iobWithZeroTemp":{"iob":-0.903,"basaliob":-0.907,"bolussnooze":0,"activity":-0.0101,"lastBolusTime":1703105530958,"time":"2023-12-21T01:10:54.537Z"}},{"iob":0.002,"basaliob":-0.001,"bolussnooze":0,"activity":0,"lastBolusTime":1703105530958,"time":"2023-12-21T01:15:54.537Z","iobWithZeroTemp":{"iob":-0.911,"basaliob":-0.914,"bolussnooze":0,"activity":-0.0103,"lastBolusTime":1703105530958,"time":"2023-12-21T01:15:54.537Z"}},{"iob":0.001,"basaliob":-0.001,"bolussnooze":0,"activity":0,"lastBolusTime":1703105530958,"time":"2023-12-21T01:20:54.537Z","iobWithZeroTemp":{"iob":-0.918,"basaliob":-0.92,"bolussnooze":0,"activity":-0.0105,"lastBolusTime":1703105530958,"time":"2023-12-21T01:20:54.537Z"}},{"iob":0.001,"basaliob":-0.001,"bolussnooze":0,"activity":0,"lastBolusTime":1703105530958,"time":"2023-12-21T01:25:54.537Z","iobWithZeroTemp":{"iob":-0.924,"basaliob":-0.926,"bolussnooze":0,"activity":-0.0106,"lastBolusTime":1703105530958,"time":"2023-12-21T01:25:54.537Z"}},{"iob":0.001,"basaliob":0,"bolussnooze":0,"activity":0,"lastBolusTime":1703105530958,"time":"2023-12-21T01:30:54.537Z","iobWithZeroTemp":{"iob":-0.929,"basaliob":-0.93,"bolussnooze":0,"activity":-0.0107,"lastBolusTime":1703105530958,"time":"2023-12-21T01:30:54.537Z"}},{"iob":0.001,"basaliob":0,"bolussnooze":0,"activity":1.0E-4,"lastBolusTime":1703105530958,"time":"2023-12-21T01:35:54.537Z","iobWithZeroTemp":{"iob":-0.933,"basaliob":-0.934,"bolussnooze":0,"activity":-0.0107,"lastBolusTime":1703105530958,"time":"2023-12-21T01:35:54.537Z"}},{"iob":0.001,"basaliob":0,"bolussnooze":0,"activity":0,"lastBolusTime":1703105530958,"time":"2023-12-21T01:40:54.537Z","iobWithZeroTemp":{"iob":-0.938,"basaliob":-0.939,"bolussnooze":0,"activity":-0.0109,"lastBolusTime":1703105530958,"time":"2023-12-21T01:40:54.537Z"}},{"iob":0,"basaliob":0,"bolussnooze":0,"activity":0,"lastBolusTime":1703105530958,"time":"2023-12-21T01:45:54.537Z","iobWithZeroTemp":{"iob":-0.942,"basaliob":-0.942,"bolussnooze":0,"activity":-0.011,"lastBolusTime":1703105530958,"time":"2023-12-21T01:45:54.537Z"}},{"iob":0,"basaliob":0,"bolussnooze":0,"activity":0,"lastBolusTime":1703105530958,"time":"2023-12-21T01:50:54.537Z","iobWithZeroTemp":{"iob":-0.945,"basaliob":-0.945,"bolussnooze":0,"activity":-0.0111,"lastBolusTime":1703105530958,"time":"2023-12-21T01:50:54.537Z"}},{"iob":0,"basaliob":0,"bolussnooze":0,"activity":0,"lastBolusTime":1703105530958,"time":"2023-12-21T01:55:54.537Z","iobWithZeroTemp":{"iob":-0.948,"basaliob":-0.948,"bolussnooze":0,"activity":-0.0111,"lastBolusTime":1703105530958,"time":"2023-12-21T01:55:54.537Z"}},{"iob":0.001,"basaliob":0.001,"bolussnooze":0,"activity":0,"lastBolusTime":1703105530958,"time":"2023-12-21T02:00:54.537Z","iobWithZeroTemp":{"iob":-0.95,"basaliob":-0.95,"bolussnooze":0,"activity":-0.0112,"lastBolusTime":1703105530958,"time":"2023-12-21T02:00:54.537Z"}},{"iob":0.001,"basaliob":0.001,"bolussnooze":0,"activity":0,"lastBolusTime":1703105530958,"time":"2023-12-21T02:05:54.537Z","iobWithZeroTemp":{"iob":-0.952,"basaliob":-0.952,"bolussnooze":0,"activity":-0.0113,"lastBolusTime":1703105530958,"time":"2023-12-21T02:05:54.537Z"}},{"iob":0.001,"basaliob":0.001,"bolussnooze":0,"activity":0,"lastBolusTime":1703105530958,"time":"2023-12-21T02:10:54.537Z","iobWithZeroTemp":{"iob":-0.954,"basaliob":-0.954,"bolussnooze":0,"activity":-0.0113,"lastBolusTime":1703105530958,"time":"2023-12-21T02:10:54.537Z"}},{"iob":0.001,"basaliob":0.001,"bolussnooze":0,"activity":0,"lastBolusTime":1703105530958,"time":"2023-12-21T02:15:54.537Z","iobWithZeroTemp":{"iob":-0.956,"basaliob":-0.956,"bolussnooze":0,"activity":-0.0114,"lastBolusTime":1703105530958,"time":"2023-12-21T02:15:54.537Z"}},{"iob":0.001,"basaliob":0.001,"bolussnooze":0,"activity":0,"lastBolusTime":1703105530958,"time":"2023-12-21T02:20:54.537Z","iobWithZeroTemp":{"iob":-0.957,"basaliob":-0.957,"bolussnooze":0,"activity":-0.0114,"lastBolusTime":1703105530958,"time":"2023-12-21T02:20:54.537Z"}},{"iob":0.001,"basaliob":0.001,"bolussnooze":0,"activity":0,"lastBolusTime":0,"time":"2023-12-21T02:25:54.537Z","iobWithZeroTemp":{"iob":-0.958,"basaliob":-0.958,"bolussnooze":0,"activity":-0.0114,"lastBolusTime":0,"time":"2023-12-21T02:25:54.537Z"}},{"iob":0.001,"basaliob":0.001,"bolussnooze":0,"activity":0,"lastBolusTime":0,"time":"2023-12-21T02:30:54.537Z","iobWithZeroTemp":{"iob":-0.959,"basaliob":-0.959,"bolussnooze":0,"activity":-0.0115,"lastBolusTime":0,"time":"2023-12-21T02:30:54.537Z"}},{"iob":0,"basaliob":0,"bolussnooze":0,"activity":0,"lastBolusTime":0,"time":"2023-12-21T02:35:54.537Z","iobWithZeroTemp":{"iob":-0.961,"basaliob":-0.961,"bolussnooze":0,"activity":-0.0115,"lastBolusTime":0,"time":"2023-12-21T02:35:54.537Z"}},{"iob":0,"basaliob":0,"bolussnooze":0,"activity":0,"lastBolusTime":0,"time":"2023-12-21T02:40:54.537Z","iobWithZeroTemp":{"iob":-0.962,"basaliob":-0.962,"bolussnooze":0,"activity":-0.0115,"lastBolusTime":0,"time":"2023-12-21T02:40:54.537Z"}}],"profile":{"max_iob":7,"type":"current","max_daily_basal":0.8,"max_basal":5,"min_bg":80,"max_bg":90,"target_bg":85,"carb_ratio":14,"sens":57,"max_daily_safety_multiplier":9,"current_basal_safety_multiplier":8,"lgsThreshold":65,"high_temptarget_raises_sensitivity":false,"low_temptarget_lowers_sensitivity":false,"sensitivity_raises_target":false,"resistance_lowers_target":false,"adv_target_adjustments":false,"exercise_mode":false,"half_basal_exercise_target":160,"maxCOB":120,"skip_neutral_temps":false,"remainingCarbsCap":90,"enableUAM":true,"A52_risk_enable":false,"SMBInterval":3,"enableSMB_with_COB":true,"enableSMB_with_temptarget":true,"allowSMB_with_high_temptarget":true,"enableSMB_always":true,"enableSMB_after_carbs":true,"maxSMBBasalMinutes":120,"maxUAMSMBBasalMinutes":90,"bolus_increment":0.05,"carbsReqThreshold":5,"current_basal":0.8,"temptargetSet":false,"autosens_max":1.6,"autosens_min":0.6,"variable_sens":102.8,"insulinDivisor":75,"TDD":22.04916071428572},"autosens_data":{"ratio":1.013189042948934},"meal_data":{"carbs":0,"mealCOB":0,"slopeFromMaxDeviation":-0.13966666666666666,"slopeFromMinDeviation":0.028,"lastBolusTime":1703105530958,"lastCarbTime":0},"microBolusAllowed":true,"currentTime":1703112356115,"flatBGsDetected":false,"tdd1D":21.666666666666675,"tdd7D":21.121428571428574,"tddLast24H":21.399999999999988,"tddLast4H":4.454166666666667,"tddLast8to4H":2.6},"output":{"temp":"absolute","bg":91,"tick":-3,"eventualBG":84,"targetBG":85,"insulinReq":-0.04,"deliverAt":"2023-12-20T22:45:56.115Z","sensitivityRatio":1.013189042948934,"variable_sens":102.8,"predBGs":{"IOB":[91,88,86,83,81,80,78,76,75,74,74,73,73,73,72,72,72,72,72,72,72,72,72,72,71],"ZT":[91,90,90,90,89,90,90,90]},"reason":"COB: 0, Dev: -1, BGI: -1, ISF: 103, CR: 14, Target: 85, minPredBG 80, minGuardBG 71, IOBpredBG 71;  insulinReq -0.04; setting 30m low temp of 0.14U\/h. ","COB":0,"IOB":0.057,"rate":0.14,"duration":30,"timestamp":"2023-12-20T22:45:56.121Z"}}