{"algorithm":"OpenAPSSMBDynamicISFPlugin","input":{"glucoseStatus":{"glucose":102,"noise":0,"delta":1,"short_avgdelta":0.78,"long_avgdelta":0.55,"date":1703101839000},"currenttemp":{"temp":"absolute","duration":100,"rate":0,"minutesrunning":20},"iob_data":[{"iob":0.646,"basaliob":-0.417,"bolussnooze":0.4458,"activity":0.008,"lastBolusTime":1703100101475,"time":"2023-12-20T19:50:56.188Z","iobWithZeroTemp":{"iob":0.646,"basaliob":-0.417,"bolussnooze":0.4458,"activity":0.008,"lastBolusTime":1703100101475,"time":"2023-12-20T19:50:56.188Z"}},{"iob":0.605,"basaliob":-0.401,"bolussnooze":0.3825,"activity":0.008,"lastBolusTime":1703100101475,"time":"2023-12-20T19:55:56.188Z","iobWithZeroTemp":{"iob":0.552,"basaliob":-0.454,"bolussnooze":0.3825,"activity":0.0079,"lastBolusTime":1703100101475,"time":"2023-12-20T19:55:56.188Z"}},{"iob":0.566,"basaliob":-0.383,"bolussnooze":0.3252,"activity":0.0077,"lastBolusTime":1703100101475,"time":"2023-12-20T20:00:56.188Z","iobWithZeroTemp":{"iob":0.447,"basaliob":-0.502,"bolussnooze":0.3252,"activity":0.0075,"lastBolusTime":1703100101475,"time":"2023-12-20T20:00:56.188Z"}},{"iob":0.527,"basaliob":-0.365,"bolussnooze":0.2742,"activity":0.0076,"lastBolusTime":1703100101475,"time":"2023-12-20T20:05:56.188Z","iobWithZeroTemp":{"iob":0.343,"basaliob":-0.549,"bolussnooze":0.2742,"activity":0.007,"lastBolusTime":1703100101475,"time":"2023-12-20T20:05:56.188Z"}},{"iob":0.491,"basaliob":-0.345,"bolussnooze":0.2294,"activity":0.0073,"lastBolusTime":1703100101475,"time":"2023-12-20T20:10:56.188Z","iobWithZeroTemp":{"iob":0.244,"basaliob":-0.592,"bolussnooze":0.2294,"activity":0.0063,"lastBolusTime":1703100101475,"time":"2023-12-20T20:10:56.188Z"}},{"iob":0.455,"basaliob":-0.326,"bolussnooze":0.1904,"activity":0.007,"lastBolusTime":1703100101475,"time":"2023-12-20T20:15:56.188Z","iobWithZeroTemp":{"iob":0.147,"basaliob":-0.634,"bolussnooze":0.1904,"activity":0.0056,"lastBolusTime":1703100101475,"time":"2023-12-20T20:15:56.188Z"}},{"iob":0.421,"basaliob":-0.306,"bolussnooze":0.1569,"activity":0.0066,"lastBolusTime":1703100101475,"time":"2023-12-20T20:20:56.188Z","iobWithZeroTemp":{"iob":0.055,"basaliob":-0.672,"bolussnooze":0.1569,"activity":0.0047,"lastBolusTime":1703100101475,"time":"2023-12-20T20:20:56.188Z"}},{"iob":0.389,"basaliob":-0.287,"bolussnooze":0.1283,"activity":0.0063,"lastBolusTime":1703100101475,"time":"2023-12-20T20:25:56.188Z","iobWithZeroTemp":{"iob":-0.033,"basaliob":-0.709,"bolussnooze":0.1283,"activity":0.0038,"lastBolusTime":1703100101475,"time":"2023-12-20T20:25:56.188Z"}},{"iob":0.358,"basaliob":-0.268,"bolussnooze":0.1041,"activity":0.006,"lastBolusTime":1703100101475,"time":"2023-12-20T20:30:56.188Z","iobWithZeroTemp":{"iob":-0.117,"basaliob":-0.743,"bolussnooze":0.1041,"activity":0.003,"lastBolusTime":1703100101475,"time":"2023-12-20T20:30:56.188Z"}},{"iob":0.33,"basaliob":-0.249,"bolussnooze":0.0838,"activity":0.0056,"lastBolusTime":1703100101475,"time":"2023-12-20T20:35:56.188Z","iobWithZeroTemp":{"iob":-0.195,"basaliob":-0.774,"bolussnooze":0.0838,"activity":0.002,"lastBolusTime":1703100101475,"time":"2023-12-20T20:35:56.188Z"}},{"iob":0.302,"basaliob":-0.232,"bolussnooze":0.0669,"activity":0.0052,"lastBolusTime":1703100101475,"time":"2023-12-20T20:40:56.188Z","iobWithZeroTemp":{"iob":-0.27,"basaliob":-0.804,"bolussnooze":0.0669,"activity":0.001,"lastBolusTime":1703100101475,"time":"2023-12-20T20:40:56.188Z"}},{"iob":0.276,"basaliob":-0.215,"bolussnooze":0.053,"activity":0.0049,"lastBolusTime":1703100101475,"time":"2023-12-20T20:45:56.188Z","iobWithZeroTemp":{"iob":-0.341,"basaliob":-0.832,"bolussnooze":0.053,"activity":2.0E-4,"lastBolusTime":1703100101475,"time":"2023-12-20T20:45:56.188Z"}},{"iob":0.253,"basaliob":-0.198,"bolussnooze":0.0415,"activity":0.0046,"lastBolusTime":1703100101475,"time":"2023-12-20T20:50:56.188Z","iobWithZeroTemp":{"iob":-0.405,"basaliob":-0.856,"bolussnooze":0.0415,"activity":-7.0E-4,"lastBolusTime":1703100101475,"time":"2023-12-20T20:50:56.188Z"}},{"iob":0.231,"basaliob":-0.183,"bolussnooze":0.0322,"activity":0.0043,"lastBolusTime":1703100101475,"time":"2023-12-20T20:55:56.188Z","iobWithZeroTemp":{"iob":-0.466,"basaliob":-0.88,"bolussnooze":0.0322,"activity":-0.0016,"lastBolusTime":1703100101475,"time":"2023-12-20T20:55:56.188Z"}},{"iob":0.211,"basaliob":-0.168,"bolussnooze":0.0246,"activity":0.004,"lastBolusTime":1703100101475,"time":"2023-12-20T21:00:56.188Z","iobWithZeroTemp":{"iob":-0.522,"basaliob":-0.901,"bolussnooze":0.0246,"activity":-0.0024,"lastBolusTime":1703100101475,"time":"2023-12-20T21:00:56.188Z"}},{"iob":0.191,"basaliob":-0.155,"bolussnooze":0.0186,"activity":0.0036,"lastBolusTime":1703100101475,"time":"2023-12-20T21:05:56.188Z","iobWithZeroTemp":{"iob":-0.576,"basaliob":-0.922,"bolussnooze":0.0186,"activity":-0.0033,"lastBolusTime":1703100101475,"time":"2023-12-20T21:05:56.188Z"}},{"iob":0.173,"basaliob":-0.142,"bolussnooze":0.0138,"activity":0.0034,"lastBolusTime":1703100101475,"time":"2023-12-20T21:10:56.188Z","iobWithZeroTemp":{"iob":-0.625,"basaliob":-0.94,"bolussnooze":0.0138,"activity":-0.004,"lastBolusTime":1703100101475,"time":"2023-12-20T21:10:56.188Z"}},{"iob":0.157,"basaliob":-0.13,"bolussnooze":0.0101,"activity":0.0032,"lastBolusTime":1703100101475,"time":"2023-12-20T21:15:56.188Z","iobWithZeroTemp":{"iob":-0.669,"basaliob":-0.956,"bolussnooze":0.0101,"activity":-0.0046,"lastBolusTime":1703100101475,"time":"2023-12-20T21:15:56.188Z"}},{"iob":0.142,"basaliob":-0.118,"bolussnooze":0.0072,"activity":0.0029,"lastBolusTime":1703100101475,"time":"2023-12-20T21:20:56.188Z","iobWithZeroTemp":{"iob":-0.711,"basaliob":-0.971,"bolussnooze":0.0072,"activity":-0.0054,"lastBolusTime":1703100101475,"time":"2023-12-20T21:20:56.188Z"}},{"iob":0.128,"basaliob":-0.108,"bolussnooze":0.005,"activity":0.0027,"lastBolusTime":1703100101475,"time":"2023-12-20T21:25:56.188Z","iobWithZeroTemp":{"iob":-0.749,"basaliob":-0.985,"bolussnooze":0.005,"activity":-0.006,"lastBolusTime":1703100101475,"time":"2023-12-20T21:25:56.188Z"}},{"iob":0.115,"basaliob":-0.098,"bolussnooze":0.0033,"activity":0.0024,"lastBolusTime":1703100101475,"time":"2023-12-20T21:30:56.188Z","iobWithZeroTemp":{"iob":-0.785,"basaliob":-0.998,"bolussnooze":0.0033,"activity":-0.0067,"lastBolusTime":1703100101475,"time":"2023-12-20T21:30:56.188Z"}},{"iob":0.104,"basaliob":-0.089,"bolussnooze":0.0021,"activity":0.0023,"lastBolusTime":1703100101475,"time":"2023-12-20T21:35:56.188Z","iobWithZeroTemp":{"iob":-0.816,"basaliob":-1.009,"bolussnooze":0.0021,"activity":-0.0071,"lastBolusTime":1703100101475,"time":"2023-12-20T21:35:56.188Z"}},{"iob":0.093,"basaliob":-0.081,"bolussnooze":0.0012,"activity":0.002,"lastBolusTime":1703100101475,"time":"2023-12-20T21:40:56.188Z","iobWithZeroTemp":{"iob":-0.846,"basaliob":-1.02,"bolussnooze":0.0012,"activity":-0.0078,"lastBolusTime":1703100101475,"time":"2023-12-20T21:40:56.188Z"}},{"iob":0.083,"basaliob":-0.073,"bolussnooze":7.0E-4,"activity":0.0018,"lastBolusTime":1703100101475,"time":"2023-12-20T21:45:56.188Z","iobWithZeroTemp":{"iob":-0.873,"basaliob":-1.029,"bolussnooze":7.0E-4,"activity":-0.0083,"lastBolusTime":1703100101475,"time":"2023-12-20T21:45:56.188Z"}},{"iob":0.074,"basaliob":-0.066,"bolussnooze":3.0E-4,"activity":0.0017,"lastBolusTime":1703100101475,"time":"2023-12-20T21:50:56.188Z","iobWithZeroTemp":{"iob":-0.898,"basaliob":-1.038,"bolussnooze":3.0E-4,"activity":-0.0087,"lastBolusTime":1703100101475,"time":"2023-12-20T21:50:56.188Z"}},{"iob":0.067,"basaliob":-0.059,"bolussnooze":1.0E-4,"activity":0.0016,"lastBolusTime":1703100101475,"time":"2023-12-20T21:55:56.188Z","iobWithZeroTemp":{"iob":-0.919,"basaliob":-1.045,"bolussnooze":1.0E-4,"activity":-0.009,"lastBolusTime":1703100101475,"time":"2023-12-20T21:55:56.188Z"}},{"iob":0.059,"basaliob":-0.053,"bolussnooze":0,"activity":0.0014,"lastBolusTime":1703100101475,"time":"2023-12-20T22:00:56.188Z","iobWithZeroTemp":{"iob":-0.94,"basaliob":-1.052,"bolussnooze":0,"activity":-0.0095,"lastBolusTime":1703100101475,"time":"2023-12-20T22:00:56.188Z"}},{"iob":0.052,"basaliob":-0.048,"bolussnooze":0,"activity":0.0013,"lastBolusTime":1703100101475,"time":"2023-12-20T22:05:56.188Z","iobWithZeroTemp":{"iob":-0.958,"basaliob":-1.058,"bolussnooze":0,"activity":-0.0098,"lastBolusTime":1703100101475,"time":"2023-12-20T22:05:56.188Z"}},{"iob":0.046,"basaliob":-0.043,"bolussnooze":0,"activity":0.0011,"lastBolusTime":1703100101475,"time":"2023-12-20T22:10:56.188Z","iobWithZeroTemp":{"iob":-0.975,"basaliob":-1.064,"bolussnooze":0,"activity":-0.0102,"lastBolusTime":1703100101475,"time":"2023-12-20T22:10:56.188Z"}},{"iob":0.041,"basaliob":-0.038,"bolussnooze":0,"activity":0.001,"lastBolusTime":1703100101475,"time":"2023-12-20T22:15:56.188Z","iobWithZeroTemp":{"iob":-0.989,"basaliob":-1.068,"bolussnooze":0,"activity":-0.0105,"lastBolusTime":1703100101475,"time":"2023-12-20T22:15:56.188Z"}},{"iob":0.036,"basaliob":-0.034,"bolussnooze":0,"activity":9.0E-4,"lastBolusTime":1703100101475,"time":"2023-12-20T22:20:56.188Z","iobWithZeroTemp":{"iob":-1.003,"basaliob":-1.073,"bolussnooze":0,"activity":-0.0108,"lastBolusTime":1703100101475,"time":"2023-12-20T22:20:56.188Z"}},{"iob":0.031,"basaliob":-0.031,"bolussnooze":0,"activity":9.0E-4,"lastBolusTime":1703100101475,"time":"2023-12-20T22:25:56.188Z","iobWithZeroTemp":{"iob":-1.016,"basaliob":-1.078,"bolussnooze":0,"activity":-0.011,"lastBolusTime":1703100101475,"time":"2023-12-20T22:25:56.188Z"}},{"iob":0.028,"basaliob":-0.027,"bolussnooze":0,"activity":7.0E-4,"lastBolusTime":1703100101475,"time":"2023-12-20T22:30:56.188Z","iobWithZeroTemp":{"iob":-1.026,"basaliob":-1.081,"bolussnooze":0,"activity":-0.0113,"lastBolusTime":1703100101475,"time":"2023-12-20T22:30:56.188Z"}},{"iob":0.024,"basaliob":-0.024,"bolussnooze":0,"activity":7.0E-4,"lastBolusTime":1703100101475,"time":"2023-12-20T22:35:56.188Z","iobWithZeroTemp":{"iob":-1.036,"basaliob":-1.084,"bolussnooze":0,"activity":-0.0115,"lastBolusTime":1703100101475,"time":"2023-12-20T22:35:56.188Z"}},{"iob":0.021,"basaliob":-0.021,"bolussnooze":0,"activity":6.0E-4,"lastBolusTime":1703100101475,"time":"2023-12-20T22:40:56.188Z","iobWithZeroTemp":{"iob":-1.044,"basaliob":-1.086,"bolussnooze":0,"activity":-0.0117,"lastBolusTime":1703100101475,"time":"2023-12-20T22:40:56.188Z"}},{"iob":0.018,"basaliob":-0.019,"bolussnooze":0,"activity":5.0E-4,"lastBolusTime":1703100101475,"time":"2023-12-20T22:45:56.188Z","iobWithZeroTemp":{"iob":-1.052,"basaliob":-1.089,"bolussnooze":0,"activity":-0.0119,"lastBolusTime":1703100101475,"time":"2023-12-20T22:45:56.188Z"}},{"iob":0.016,"basaliob":-0.016,"bolussnooze":0,"activity":5.0E-4,"lastBolusTime":1703100101475,"time":"2023-12-20T22:50:56.188Z","iobWithZeroTemp":{"iob":-1.059,"basaliob":-1.091,"bolussnooze":0,"activity":-0.012,"lastBolusTime":1703100101475,"time":"2023-12-20T22:50:56.188Z"}},{"iob":0.014,"basaliob":-0.014,"bolussnooze":0,"activity":4.0E-4,"lastBolusTime":1703100101475,"time":"2023-12-20T22:55:56.188Z","iobWithZeroTemp":{"iob":-1.065,"basaliob":-1.093,"bolussnooze":0,"activity":-0.0122,"lastBolusTime":1703100101475,"time":"2023-12-20T22:55:56.188Z"}},{"iob":0.011,"basaliob":-0.013,"bolussnooze":0,"activity":4.0E-4,"lastBolusTime":1703100101475,"time":"2023-12-20T23:00:56.188Z","iobWithZeroTemp":{"iob":-1.071,"basaliob":-1.095,"bolussnooze":0,"activity":-0.0123,"lastBolusTime":1703100101475,"time":"2023-12-20T23:00:56.188Z"}},{"iob":0.01,"basaliob":-0.011,"bolussnooze":0,"activity":3.0E-4,"lastBolusTime":1703100101475,"time":"2023-12-20T23:05:56.188Z","iobWithZeroTemp":{"iob":-1.067,"basaliob":-1.088,"bolussnooze":0,"activity":-0.0125,"lastBolusTime":1703100101475,"time":"2023-12-20T23:05:56.188Z"}},{"iob":0.009,"basaliob":-0.009,"bolussnooze":0,"activity":3.0E-4,"lastBolusTime":1703100101475,"time":"2023-12-20T23:10:56.188Z","iobWithZeroTemp":{"iob":-1.062,"basaliob":-1.08,"bolussnooze":0,"activity":-0.0125,"lastBolusTime":1703100101475,"time":"2023-12-20T23:10:56.188Z"}},{"iob":0.007,"basaliob":-0.008,"bolussnooze":0,"activity":3.0E-4,"lastBolusTime":1703100101475,"time":"2023-12-20T23:15:56.188Z","iobWithZeroTemp":{"iob":-1.059,"basaliob":-1.074,"bolussnooze":0,"activity":-0.0125,"lastBolusTime":1703100101475,"time":"2023-12-20T23:15:56.188Z"}},{"iob":0.006,"basaliob":-0.007,"bolussnooze":0,"activity":2.0E-4,"lastBolusTime":1703100101475,"time":"2023-12-20T23:20:56.188Z","iobWithZeroTemp":{"iob":-1.054,"basaliob":-1.067,"bolussnooze":0,"activity":-0.0126,"lastBolusTime":1703100101475,"time":"2023-12-20T23:20:56.188Z"}},{"iob":0.005,"basaliob":-0.006,"bolussnooze":0,"activity":2.0E-4,"lastBolusTime":1703100101475,"time":"2023-12-20T23:25:56.188Z","iobWithZeroTemp":{"iob":-1.049,"basaliob":-1.06,"bolussnooze":0,"activity":-0.0126,"lastBolusTime":1703100101475,"time":"2023-12-20T23:25:56.188Z"}},{"iob":0.004,"basaliob":-0.005,"bolussnooze":0,"activity":1.0E-4,"lastBolusTime":1703100101475,"time":"2023-12-20T23:30:56.188Z","iobWithZeroTemp":{"iob":-1.045,"basaliob":-1.054,"bolussnooze":0,"activity":-0.0127,"lastBolusTime":1703100101475,"time":"2023-12-20T23:30:56.188Z"}},{"iob":0.003,"basaliob":-0.004,"bolussnooze":0,"activity":2.0E-4,"lastBolusTime":1703100101475,"time":"2023-12-20T23:35:56.188Z","iobWithZeroTemp":{"iob":-1.04,"basaliob":-1.047,"bolussnooze":0,"activity":-0.0126,"lastBolusTime":1703100101475,"time":"2023-12-20T23:35:56.188Z"}},{"iob":0.002,"basaliob":-0.004,"bolussnooze":0,"activity":1.0E-4,"lastBolusTime":1703100101475,"time":"2023-12-20T23:40:56.188Z","iobWithZeroTemp":{"iob":-1.036,"basaliob":-1.042,"bolussnooze":0,"activity":-0.0126,"lastBolusTime":1703100101475,"time":"2023-12-20T23:40:56.188Z"}},{"iob":0.002,"basaliob":-0.003,"bolussnooze":0,"activity":1.0E-4,"lastBolusTime":1703100101475,"time":"2023-12-20T23:45:56.188Z","iobWithZeroTemp":{"iob":-1.03,"basaliob":-1.035,"bolussnooze":0,"activity":-0.0126,"lastBolusTime":1703100101475,"time":"2023-12-20T23:45:56.188Z"}}],"profile":{"max_iob":7,"type":"current","max_daily_basal":0.8,"max_basal":5,"min_bg":80,"max_bg":90,"target_bg":85,"carb_ratio":14,"sens":57,"max_daily_safety_multiplier":9,"current_basal_safety_multiplier":8,"lgsThreshold":65,"high_temptarget_raises_sensitivity":false,"low_temptarget_lowers_sensitivity":false,"sensitivity_raises_target":false,"resistance_lowers_target":false,"adv_target_adjustments":false,"exercise_mode":false,"half_basal_exercise_target":160,"maxCOB":120,"skip_neutral_temps":false,"remainingCarbsCap":90,"enableUAM":true,"A52_risk_enable":false,"SMBInterval":3,"enableSMB_with_COB":true,"enableSMB_with_temptarget":true,"allowSMB_with_high_temptarget":true,"enableSMB_always":true,"enableSMB_after_carbs":true,"maxSMBBasalMinutes":120,"maxUAMSMBBasalMinutes":90,"bolus_increment":0.05,"carbsReqThreshold":5,"current_basal":0.8,"temptargetSet":false,"autosens_max":1.6,"autosens_min":0.6,"variable_sens":97.8,"insulinDivisor":75,"TDD":21.42793571428572},"autosens_data":{"ratio":1.0335080599706905},"meal_data":{"carbs":0,"mealCOB":0,"slopeFromMaxDeviation":-1.784,"slopeFromMinDeviation":0.3146,"lastBolusTime":1703100101475,"lastCarbTime":0},"microBolusAllowed":true,"currentTime":1703101857528,"flatBGsDetected":false,"tdd1D":21.666666666666675,"tdd7D":21.121428571428574,"tddLast24H":21.82916666666666,"tddLast4H":3.929166666666667,"tddLast8to4H":2.779166666666667},"output":{"temp":"absolute","bg":102,"tick":"+1","eventualBG":67,"targetBG":85,"insulinReq":0,"deliverAt":"2023-12-20T19:50:57.528Z","sensitivityRatio":1.0335080599706905,"variable_sens":97.8,"predBGs":{"IOB":[102,102,102,102,102,101,100,98,97,95,93,90,88,85,83,81,79,77,75,73,71,70,68,67,66,65,64,63,62,61,60,60,59,59,58,58,57,57,57,56,56,56,56,55],"ZT":[102,98,94,90,87,83,80,77,75,73,72,71,71,72,73,74,76,78,81,84],"UAM":[102,101,98,94,90,87,83,79,75,72,68,65,62,58,55,52,49,46,44,41,39]},"reason":"COB: 0, Dev: 28, BGI: -4, ISF: 98, CR: 14, Target: 85, minPredBG 55, minGuardBG 14, IOBpredBG 55, UAMpredBG 39; minGuardBG 14<65 100m left and 0 ~ req 0U\/hr: no temp required","COB":0,"IOB":0.646,"timestamp":"2023-12-20T19:50:57.534Z"}}