{"algorithm":"OpenAPSSMBDynamicISFPlugin","input":{"glucoseStatus":{"glucose":91,"noise":0,"delta":0,"short_avgdelta":0.5,"long_avgdelta":1.25,"date":1703150737000},"currenttemp":{"temp":"absolute","duration":25,"rate":0.5,"minutesrunning":5},"iob_data":[{"iob":0.053,"basaliob":-0.152,"bolussnooze":0,"activity":-3.0E-4,"lastBolusTime":1703150165846,"time":"2023-12-21T09:26:02.384Z","iobWithZeroTemp":{"iob":0.053,"basaliob":-0.152,"bolussnooze":0,"activity":-3.0E-4,"lastBolusTime":1703150165846,"time":"2023-12-21T09:26:02.384Z"}},{"iob":0.054,"basaliob":-0.137,"bolussnooze":0,"activity":-1.0E-4,"lastBolusTime":1703150165846,"time":"2023-12-21T09:31:02.384Z","iobWithZeroTemp":{"iob":0.017,"basaliob":-0.174,"bolussnooze":0,"activity":-1.0E-4,"lastBolusTime":1703150165846,"time":"2023-12-21T09:31:02.384Z"}},{"iob":0.054,"basaliob":-0.123,"bolussnooze":0,"activity":1.0E-4,"lastBolusTime":1703150165846,"time":"2023-12-21T09:36:02.384Z","iobWithZeroTemp":{"iob":-0.028,"basaliob":-0.205,"bolussnooze":0,"activity":-1.0E-4,"lastBolusTime":1703150165846,"time":"2023-12-21T09:36:02.384Z"}},{"iob":0.053,"basaliob":-0.11,"bolussnooze":0,"activity":2.0E-4,"lastBolusTime":1703150165846,"time":"2023-12-21T09:41:02.384Z","iobWithZeroTemp":{"iob":-0.074,"basaliob":-0.237,"bolussnooze":0,"activity":-2.0E-4,"lastBolusTime":1703150165846,"time":"2023-12-21T09:41:02.384Z"}},{"iob":0.052,"basaliob":-0.099,"bolussnooze":0,"activity":3.0E-4,"lastBolusTime":1703150165846,"time":"2023-12-21T09:46:02.384Z","iobWithZeroTemp":{"iob":-0.118,"basaliob":-0.269,"bolussnooze":0,"activity":-4.0E-4,"lastBolusTime":1703150165846,"time":"2023-12-21T09:46:02.384Z"}},{"iob":0.051,"basaliob":-0.088,"bolussnooze":0,"activity":3.0E-4,"lastBolusTime":1703150165846,"time":"2023-12-21T09:51:02.384Z","iobWithZeroTemp":{"iob":-0.161,"basaliob":-0.3,"bolussnooze":0,"activity":-7.0E-4,"lastBolusTime":1703150165846,"time":"2023-12-21T09:51:02.384Z"}},{"iob":0.048,"basaliob":-0.079,"bolussnooze":0,"activity":4.0E-4,"lastBolusTime":1703150165846,"time":"2023-12-21T09:56:02.384Z","iobWithZeroTemp":{"iob":-0.204,"basaliob":-0.331,"bolussnooze":0,"activity":-9.0E-4,"lastBolusTime":1703150165846,"time":"2023-12-21T09:56:02.384Z"}},{"iob":0.047,"basaliob":-0.07,"bolussnooze":0,"activity":5.0E-4,"lastBolusTime":1703150165846,"time":"2023-12-21T10:01:02.384Z","iobWithZeroTemp":{"iob":-0.243,"basaliob":-0.36,"bolussnooze":0,"activity":-0.0012,"lastBolusTime":1703150165846,"time":"2023-12-21T10:01:02.384Z"}},{"iob":0.044,"basaliob":-0.062,"bolussnooze":0,"activity":4.0E-4,"lastBolusTime":1703150165846,"time":"2023-12-21T10:06:02.384Z","iobWithZeroTemp":{"iob":-0.282,"basaliob":-0.388,"bolussnooze":0,"activity":-0.0017,"lastBolusTime":1703150165846,"time":"2023-12-21T10:06:02.384Z"}},{"iob":0.042,"basaliob":-0.055,"bolussnooze":0,"activity":5.0E-4,"lastBolusTime":1703150165846,"time":"2023-12-21T10:11:02.384Z","iobWithZeroTemp":{"iob":-0.319,"basaliob":-0.416,"bolussnooze":0,"activity":-0.002,"lastBolusTime":1703150165846,"time":"2023-12-21T10:11:02.384Z"}},{"iob":0.039,"basaliob":-0.049,"bolussnooze":0,"activity":5.0E-4,"lastBolusTime":1703150165846,"time":"2023-12-21T10:16:02.384Z","iobWithZeroTemp":{"iob":-0.354,"basaliob":-0.442,"bolussnooze":0,"activity":-0.0024,"lastBolusTime":1703150165846,"time":"2023-12-21T10:16:02.384Z"}},{"iob":0.037,"basaliob":-0.043,"bolussnooze":0,"activity":5.0E-4,"lastBolusTime":1703150165846,"time":"2023-12-21T10:21:02.384Z","iobWithZeroTemp":{"iob":-0.387,"basaliob":-0.467,"bolussnooze":0,"activity":-0.0028,"lastBolusTime":1703150165846,"time":"2023-12-21T10:21:02.384Z"}},{"iob":0.035,"basaliob":-0.038,"bolussnooze":0,"activity":4.0E-4,"lastBolusTime":1703150165846,"time":"2023-12-21T10:26:02.384Z","iobWithZeroTemp":{"iob":-0.417,"basaliob":-0.49,"bolussnooze":0,"activity":-0.0033,"lastBolusTime":1703150165846,"time":"2023-12-21T10:26:02.384Z"}},{"iob":0.033,"basaliob":-0.033,"bolussnooze":0,"activity":4.0E-4,"lastBolusTime":1703150165846,"time":"2023-12-21T10:31:02.384Z","iobWithZeroTemp":{"iob":-0.446,"basaliob":-0.512,"bolussnooze":0,"activity":-0.0036,"lastBolusTime":1703150165846,"time":"2023-12-21T10:31:02.384Z"}},{"iob":0.031,"basaliob":-0.029,"bolussnooze":0,"activity":4.0E-4,"lastBolusTime":1703150165846,"time":"2023-12-21T10:36:02.384Z","iobWithZeroTemp":{"iob":-0.473,"basaliob":-0.533,"bolussnooze":0,"activity":-0.004,"lastBolusTime":1703150165846,"time":"2023-12-21T10:36:02.384Z"}},{"iob":0.029,"basaliob":-0.025,"bolussnooze":0,"activity":4.0E-4,"lastBolusTime":1703150165846,"time":"2023-12-21T10:41:02.384Z","iobWithZeroTemp":{"iob":-0.498,"basaliob":-0.552,"bolussnooze":0,"activity":-0.0043,"lastBolusTime":1703150165846,"time":"2023-12-21T10:41:02.384Z"}},{"iob":0.026,"basaliob":-0.022,"bolussnooze":0,"activity":4.0E-4,"lastBolusTime":1703150165846,"time":"2023-12-21T10:46:02.384Z","iobWithZeroTemp":{"iob":-0.522,"basaliob":-0.57,"bolussnooze":0,"activity":-0.0047,"lastBolusTime":1703150165846,"time":"2023-12-21T10:46:02.384Z"}},{"iob":0.025,"basaliob":-0.019,"bolussnooze":0,"activity":3.0E-4,"lastBolusTime":1703150165846,"time":"2023-12-21T10:51:02.384Z","iobWithZeroTemp":{"iob":-0.543,"basaliob":-0.587,"bolussnooze":0,"activity":-0.0051,"lastBolusTime":1703150165846,"time":"2023-12-21T10:51:02.384Z"}},{"iob":0.022,"basaliob":-0.017,"bolussnooze":0,"activity":3.0E-4,"lastBolusTime":1703150165846,"time":"2023-12-21T10:56:02.384Z","iobWithZeroTemp":{"iob":-0.564,"basaliob":-0.603,"bolussnooze":0,"activity":-0.0054,"lastBolusTime":1703150165846,"time":"2023-12-21T10:56:02.384Z"}},{"iob":0.021,"basaliob":-0.014,"bolussnooze":0,"activity":4.0E-4,"lastBolusTime":1703150165846,"time":"2023-12-21T11:01:02.384Z","iobWithZeroTemp":{"iob":-0.582,"basaliob":-0.617,"bolussnooze":0,"activity":-0.0056,"lastBolusTime":1703150165846,"time":"2023-12-21T11:01:02.384Z"}},{"iob":0.019,"basaliob":-0.012,"bolussnooze":0,"activity":3.0E-4,"lastBolusTime":1703150165846,"time":"2023-12-21T11:06:02.384Z","iobWithZeroTemp":{"iob":-0.599,"basaliob":-0.63,"bolussnooze":0,"activity":-0.0059,"lastBolusTime":1703150165846,"time":"2023-12-21T11:06:02.384Z"}},{"iob":0.018,"basaliob":-0.01,"bolussnooze":0,"activity":3.0E-4,"lastBolusTime":1703150165846,"time":"2023-12-21T11:11:02.384Z","iobWithZeroTemp":{"iob":-0.615,"basaliob":-0.643,"bolussnooze":0,"activity":-0.0062,"lastBolusTime":1703150165846,"time":"2023-12-21T11:11:02.384Z"}},{"iob":0.016,"basaliob":-0.009,"bolussnooze":0,"activity":3.0E-4,"lastBolusTime":1703150165846,"time":"2023-12-21T11:16:02.384Z","iobWithZeroTemp":{"iob":-0.629,"basaliob":-0.654,"bolussnooze":0,"activity":-0.0064,"lastBolusTime":1703150165846,"time":"2023-12-21T11:16:02.384Z"}},{"iob":0.015,"basaliob":-0.007,"bolussnooze":0,"activity":2.0E-4,"lastBolusTime":1703150165846,"time":"2023-12-21T11:21:02.384Z","iobWithZeroTemp":{"iob":-0.642,"basaliob":-0.664,"bolussnooze":0,"activity":-0.0067,"lastBolusTime":1703150165846,"time":"2023-12-21T11:21:02.384Z"}},{"iob":0.014,"basaliob":-0.006,"bolussnooze":0,"activity":3.0E-4,"lastBolusTime":1703150165846,"time":"2023-12-21T11:26:02.384Z","iobWithZeroTemp":{"iob":-0.654,"basaliob":-0.674,"bolussnooze":0,"activity":-0.0068,"lastBolusTime":1703150165846,"time":"2023-12-21T11:26:02.384Z"}},{"iob":0.013,"basaliob":-0.005,"bolussnooze":0,"activity":2.0E-4,"lastBolusTime":1703150165846,"time":"2023-12-21T11:31:02.384Z","iobWithZeroTemp":{"iob":-0.665,"basaliob":-0.683,"bolussnooze":0,"activity":-0.0071,"lastBolusTime":1703150165846,"time":"2023-12-21T11:31:02.384Z"}},{"iob":0.012,"basaliob":-0.004,"bolussnooze":0,"activity":2.0E-4,"lastBolusTime":1703150165846,"time":"2023-12-21T11:36:02.384Z","iobWithZeroTemp":{"iob":-0.675,"basaliob":-0.691,"bolussnooze":0,"activity":-0.0073,"lastBolusTime":1703150165846,"time":"2023-12-21T11:36:02.384Z"}},{"iob":0.011,"basaliob":-0.003,"bolussnooze":0,"activity":2.0E-4,"lastBolusTime":1703150165846,"time":"2023-12-21T11:41:02.384Z","iobWithZeroTemp":{"iob":-0.684,"basaliob":-0.698,"bolussnooze":0,"activity":-0.0074,"lastBolusTime":1703150165846,"time":"2023-12-21T11:41:02.384Z"}},{"iob":0.01,"basaliob":-0.003,"bolussnooze":0,"activity":2.0E-4,"lastBolusTime":1703150165846,"time":"2023-12-21T11:46:02.384Z","iobWithZeroTemp":{"iob":-0.692,"basaliob":-0.705,"bolussnooze":0,"activity":-0.0076,"lastBolusTime":1703150165846,"time":"2023-12-21T11:46:02.384Z"}},{"iob":0.009,"basaliob":-0.002,"bolussnooze":0,"activity":2.0E-4,"lastBolusTime":1703150165846,"time":"2023-12-21T11:51:02.384Z","iobWithZeroTemp":{"iob":-0.699,"basaliob":-0.71,"bolussnooze":0,"activity":-0.0077,"lastBolusTime":1703150165846,"time":"2023-12-21T11:51:02.384Z"}},{"iob":0.008,"basaliob":-0.002,"bolussnooze":0,"activity":1.0E-4,"lastBolusTime":1703150165846,"time":"2023-12-21T11:56:02.384Z","iobWithZeroTemp":{"iob":-0.706,"basaliob":-0.716,"bolussnooze":0,"activity":-0.008,"lastBolusTime":1703150165846,"time":"2023-12-21T11:56:02.384Z"}},{"iob":0.008,"basaliob":-0.001,"bolussnooze":0,"activity":1.0E-4,"lastBolusTime":1703150165846,"time":"2023-12-21T12:01:02.384Z","iobWithZeroTemp":{"iob":-0.712,"basaliob":-0.721,"bolussnooze":0,"activity":-0.0081,"lastBolusTime":1703150165846,"time":"2023-12-21T12:01:02.384Z"}},{"iob":0.007,"basaliob":-0.001,"bolussnooze":0,"activity":1.0E-4,"lastBolusTime":1703150165846,"time":"2023-12-21T12:06:02.384Z","iobWithZeroTemp":{"iob":-0.721,"basaliob":-0.729,"bolussnooze":0,"activity":-0.0082,"lastBolusTime":1703150165846,"time":"2023-12-21T12:06:02.384Z"}},{"iob":0.006,"basaliob":-0.001,"bolussnooze":0,"activity":2.0E-4,"lastBolusTime":1703150165846,"time":"2023-12-21T12:11:02.384Z","iobWithZeroTemp":{"iob":-0.731,"basaliob":-0.738,"bolussnooze":0,"activity":-0.0082,"lastBolusTime":1703150165846,"time":"2023-12-21T12:11:02.384Z"}},{"iob":0.006,"basaliob":0,"bolussnooze":0,"activity":2.0E-4,"lastBolusTime":1703150165846,"time":"2023-12-21T12:16:02.384Z","iobWithZeroTemp":{"iob":-0.739,"basaliob":-0.745,"bolussnooze":0,"activity":-0.0083,"lastBolusTime":1703150165846,"time":"2023-12-21T12:16:02.384Z"}},{"iob":0.005,"basaliob":0,"bolussnooze":0,"activity":1.0E-4,"lastBolusTime":1703150165846,"time":"2023-12-21T12:21:02.384Z","iobWithZeroTemp":{"iob":-0.747,"basaliob":-0.752,"bolussnooze":0,"activity":-0.0085,"lastBolusTime":1703150165846,"time":"2023-12-21T12:21:02.384Z"}},{"iob":0.005,"basaliob":0,"bolussnooze":0,"activity":1.0E-4,"lastBolusTime":1703150165846,"time":"2023-12-21T12:26:02.384Z","iobWithZeroTemp":{"iob":-0.754,"basaliob":-0.759,"bolussnooze":0,"activity":-0.0086,"lastBolusTime":1703150165846,"time":"2023-12-21T12:26:02.384Z"}},{"iob":0.004,"basaliob":0,"bolussnooze":0,"activity":1.0E-4,"lastBolusTime":1703150165846,"time":"2023-12-21T12:31:02.384Z","iobWithZeroTemp":{"iob":-0.761,"basaliob":-0.765,"bolussnooze":0,"activity":-0.0087,"lastBolusTime":1703150165846,"time":"2023-12-21T12:31:02.384Z"}},{"iob":0.004,"basaliob":0,"bolussnooze":0,"activity":1.0E-4,"lastBolusTime":1703150165846,"time":"2023-12-21T12:36:02.384Z","iobWithZeroTemp":{"iob":-0.767,"basaliob":-0.771,"bolussnooze":0,"activity":-0.0088,"lastBolusTime":1703150165846,"time":"2023-12-21T12:36:02.384Z"}},{"iob":0.003,"basaliob":0,"bolussnooze":0,"activity":1.0E-4,"lastBolusTime":1703150165846,"time":"2023-12-21T12:41:02.384Z","iobWithZeroTemp":{"iob":-0.773,"basaliob":-0.776,"bolussnooze":0,"activity":-0.0089,"lastBolusTime":1703150165846,"time":"2023-12-21T12:41:02.384Z"}},{"iob":0.003,"basaliob":0,"bolussnooze":0,"activity":1.0E-4,"lastBolusTime":1703150165846,"time":"2023-12-21T12:46:02.384Z","iobWithZeroTemp":{"iob":-0.778,"basaliob":-0.781,"bolussnooze":0,"activity":-0.009,"lastBolusTime":1703150165846,"time":"2023-12-21T12:46:02.384Z"}},{"iob":0.002,"basaliob":0,"bolussnooze":0,"activity":1.0E-4,"lastBolusTime":1703150165846,"time":"2023-12-21T12:51:02.384Z","iobWithZeroTemp":{"iob":-0.784,"basaliob":-0.786,"bolussnooze":0,"activity":-0.009,"lastBolusTime":1703150165846,"time":"2023-12-21T12:51:02.384Z"}},{"iob":0.002,"basaliob":0,"bolussnooze":0,"activity":1.0E-4,"lastBolusTime":1703150165846,"time":"2023-12-21T12:56:02.384Z","iobWithZeroTemp":{"iob":-0.788,"basaliob":-0.79,"bolussnooze":0,"activity":-0.0091,"lastBolusTime":1703150165846,"time":"2023-12-21T12:56:02.384Z"}},{"iob":0.002,"basaliob":0,"bolussnooze":0,"activity":1.0E-4,"lastBolusTime":1703150165846,"time":"2023-12-21T13:01:02.384Z","iobWithZeroTemp":{"iob":-0.792,"basaliob":-0.794,"bolussnooze":0,"activity":-0.0092,"lastBolusTime":1703150165846,"time":"2023-12-21T13:01:02.384Z"}},{"iob":0.001,"basaliob":0,"bolussnooze":0,"activity":0,"lastBolusTime":1703150165846,"time":"2023-12-21T13:06:02.384Z","iobWithZeroTemp":{"iob":-0.796,"basaliob":-0.797,"bolussnooze":0,"activity":-0.0093,"lastBolusTime":1703150165846,"time":"2023-12-21T13:06:02.384Z"}},{"iob":0.001,"basaliob":0,"bolussnooze":0,"activity":0,"lastBolusTime":1703150165846,"time":"2023-12-21T13:11:02.384Z","iobWithZeroTemp":{"iob":-0.799,"basaliob":-0.8,"bolussnooze":0,"activity":-0.0094,"lastBolusTime":1703150165846,"time":"2023-12-21T13:11:02.384Z"}},{"iob":0.001,"basaliob":0,"bolussnooze":0,"activity":0,"lastBolusTime":1703150165846,"time":"2023-12-21T13:16:02.384Z","iobWithZeroTemp":{"iob":-0.802,"basaliob":-0.803,"bolussnooze":0,"activity":-0.0095,"lastBolusTime":1703150165846,"time":"2023-12-21T13:16:02.384Z"}},{"iob":0.001,"basaliob":0,"bolussnooze":0,"activity":0,"lastBolusTime":1703150165846,"time":"2023-12-21T13:21:02.384Z","iobWithZeroTemp":{"iob":-0.805,"basaliob":-0.806,"bolussnooze":0,"activity":-0.0095,"lastBolusTime":1703150165846,"time":"2023-12-21T13:21:02.384Z"}}],"profile":{"max_iob":7,"type":"current","max_daily_basal":0.8,"max_basal":4.4,"min_bg":90,"max_bg":90,"target_bg":90,"carb_ratio":16,"sens":57,"max_daily_safety_multiplier":9,"current_basal_safety_multiplier":8,"lgsThreshold":65,"high_temptarget_raises_sensitivity":false,"low_temptarget_lowers_sensitivity":false,"sensitivity_raises_target":false,"resistance_lowers_target":false,"adv_target_adjustments":false,"exercise_mode":false,"half_basal_exercise_target":160,"maxCOB":120,"skip_neutral_temps":false,"remainingCarbsCap":90,"enableUAM":true,"A52_risk_enable":false,"SMBInterval":3,"enableSMB_with_COB":true,"enableSMB_with_temptarget":true,"allowSMB_with_high_temptarget":true,"enableSMB_always":true,"enableSMB_after_carbs":true,"maxSMBBasalMinutes":120,"maxUAMSMBBasalMinutes":90,"bolus_increment":0.05,"carbsReqThreshold":5,"current_basal":0.55,"temptargetSet":false,"autosens_max":1.6,"autosens_min":0.6,"variable_sens":105.6,"insulinDivisor":75,"TDD":21.446545238095243},"autosens_data":{"ratio":1.0134438407805744},"meal_data":{"carbs":0,"mealCOB":0,"slopeFromMaxDeviation":-0.6234999999999999,"slopeFromMinDeviation":0.2468181818181818,"lastBolusTime":1703150165846,"lastCarbTime":0},"microBolusAllowed":true,"currentTime":1703150764275,"flatBGsDetected":false,"tdd1D":20.662500000000005,"tdd7D":21.47380952380953,"tddLast24H":21.762500000000003,"tddLast4H":3.0041666666666664,"tddLast8to4H":5.325000000000001},"output":{"temp":"absolute","bg":91,"tick":"+0","eventualBG":87,"targetBG":90,"insulinReq":0,"deliverAt":"2023-12-21T09:26:04.275Z","sensitivityRatio":1.0134438407805744,"variable_sens":105.6,"predBGs":{"IOB":[91,91,91,91,90,90,90,90,89,89,89,88,88,88,88,87,87,87,87,87,86,86,86,86,86,86,86,86,85,85,85,85,85,85,85,85,85,85,85,85,84],"ZT":[91,91,91,91,91,92,92,92]},"reason":"COB: 0, Dev: 2, BGI: 0, ISF: 106, CR: 16, Target: 90, minPredBG 88, minGuardBG 84, IOBpredBG 84; Eventual BG 87 < 90, temp 0.5 ~< req 0.46U\/hr. ","COB":0,"IOB":0.053,"timestamp":"2023-12-21T09:26:04.302Z"}}