{"algorithm":"OpenAPSSMBDynamicISFPlugin","input":{"glucoseStatus":{"glucose":92,"noise":0,"delta":-1,"short_avgdelta":-0.72,"long_avgdelta":-1.49,"date":1703200237000},"currenttemp":{"temp":"absolute","duration":25,"rate":0.85,"minutesrunning":5},"iob_data":[{"iob":0.005,"basaliob":-0.573,"bolussnooze":0.2072,"activity":0.0023,"lastBolusTime":1703198394900,"time":"2023-12-21T23:11:08.578Z","iobWithZeroTemp":{"iob":0.005,"basaliob":-0.573,"bolussnooze":0.2072,"activity":0.0023,"lastBolusTime":1703198394900,"time":"2023-12-21T23:11:08.578Z"}},{"iob":-0.006,"basaliob":-0.542,"bolussnooze":0.1763,"activity":0.002,"lastBolusTime":1703198394900,"time":"2023-12-21T23:16:08.578Z","iobWithZeroTemp":{"iob":-0.053,"basaliob":-0.589,"bolussnooze":0.1763,"activity":0.002,"lastBolusTime":1703198394900,"time":"2023-12-21T23:16:08.578Z"}},{"iob":-0.014,"basaliob":-0.51,"bolussnooze":0.1487,"activity":0.0016,"lastBolusTime":1703198394900,"time":"2023-12-21T23:21:08.578Z","iobWithZeroTemp":{"iob":-0.118,"basaliob":-0.614,"bolussnooze":0.1487,"activity":0.0014,"lastBolusTime":1703198394900,"time":"2023-12-21T23:21:08.578Z"}},{"iob":-0.021,"basaliob":-0.478,"bolussnooze":0.1245,"activity":0.0012,"lastBolusTime":1703198394900,"time":"2023-12-21T23:26:08.578Z","iobWithZeroTemp":{"iob":-0.182,"basaliob":-0.639,"bolussnooze":0.1245,"activity":7.0E-4,"lastBolusTime":1703198394900,"time":"2023-12-21T23:26:08.578Z"}},{"iob":-0.026,"basaliob":-0.447,"bolussnooze":0.1035,"activity":0.001,"lastBolusTime":1703198394900,"time":"2023-12-21T23:31:08.578Z","iobWithZeroTemp":{"iob":-0.242,"basaliob":-0.663,"bolussnooze":0.1035,"activity":2.0E-4,"lastBolusTime":1703198394900,"time":"2023-12-21T23:31:08.578Z"}},{"iob":-0.031,"basaliob":-0.417,"bolussnooze":0.0854,"activity":8.0E-4,"lastBolusTime":1703198394900,"time":"2023-12-21T23:36:08.578Z","iobWithZeroTemp":{"iob":-0.3,"basaliob":-0.686,"bolussnooze":0.0854,"activity":-4.0E-4,"lastBolusTime":1703198394900,"time":"2023-12-21T23:36:08.578Z"}},{"iob":-0.034,"basaliob":-0.388,"bolussnooze":0.0701,"activity":6.0E-4,"lastBolusTime":1703198394900,"time":"2023-12-21T23:41:08.578Z","iobWithZeroTemp":{"iob":-0.354,"basaliob":-0.708,"bolussnooze":0.0701,"activity":-0.0011,"lastBolusTime":1703198394900,"time":"2023-12-21T23:41:08.578Z"}},{"iob":-0.036,"basaliob":-0.36,"bolussnooze":0.0571,"activity":4.0E-4,"lastBolusTime":1703198394900,"time":"2023-12-21T23:46:08.578Z","iobWithZeroTemp":{"iob":-0.405,"basaliob":-0.729,"bolussnooze":0.0571,"activity":-0.0018,"lastBolusTime":1703198394900,"time":"2023-12-21T23:46:08.578Z"}},{"iob":-0.037,"basaliob":-0.333,"bolussnooze":0.0461,"activity":3.0E-4,"lastBolusTime":1703198394900,"time":"2023-12-21T23:51:08.578Z","iobWithZeroTemp":{"iob":-0.453,"basaliob":-0.749,"bolussnooze":0.0461,"activity":-0.0024,"lastBolusTime":1703198394900,"time":"2023-12-21T23:51:08.578Z"}},{"iob":-0.038,"basaliob":-0.307,"bolussnooze":0.0369,"activity":1.0E-4,"lastBolusTime":1703198394900,"time":"2023-12-21T23:56:08.578Z","iobWithZeroTemp":{"iob":-0.497,"basaliob":-0.766,"bolussnooze":0.0369,"activity":-0.0031,"lastBolusTime":1703198394900,"time":"2023-12-21T23:56:08.578Z"}},{"iob":-0.038,"basaliob":-0.283,"bolussnooze":0.0294,"activity":0,"lastBolusTime":1703198394900,"time":"2023-12-22T00:01:08.578Z","iobWithZeroTemp":{"iob":-0.539,"basaliob":-0.784,"bolussnooze":0.0294,"activity":-0.0037,"lastBolusTime":1703198394900,"time":"2023-12-22T00:01:08.578Z"}},{"iob":-0.038,"basaliob":-0.26,"bolussnooze":0.0231,"activity":0,"lastBolusTime":1703198394900,"time":"2023-12-22T00:06:08.578Z","iobWithZeroTemp":{"iob":-0.578,"basaliob":-0.8,"bolussnooze":0.0231,"activity":-0.0042,"lastBolusTime":1703198394900,"time":"2023-12-22T00:06:08.578Z"}},{"iob":-0.038,"basaliob":-0.239,"bolussnooze":0.018,"activity":-2.0E-4,"lastBolusTime":1703198394900,"time":"2023-12-22T00:11:08.578Z","iobWithZeroTemp":{"iob":-0.614,"basaliob":-0.815,"bolussnooze":0.018,"activity":-0.0048,"lastBolusTime":1703198394900,"time":"2023-12-22T00:11:08.578Z"}},{"iob":-0.037,"basaliob":-0.219,"bolussnooze":0.0139,"activity":-2.0E-4,"lastBolusTime":1703198394900,"time":"2023-12-22T00:16:08.578Z","iobWithZeroTemp":{"iob":-0.647,"basaliob":-0.829,"bolussnooze":0.0139,"activity":-0.0053,"lastBolusTime":1703198394900,"time":"2023-12-22T00:16:08.578Z"}},{"iob":-0.036,"basaliob":-0.2,"bolussnooze":0.0105,"activity":-2.0E-4,"lastBolusTime":1703198394900,"time":"2023-12-22T00:21:08.578Z","iobWithZeroTemp":{"iob":-0.677,"basaliob":-0.841,"bolussnooze":0.0105,"activity":-0.0058,"lastBolusTime":1703198394900,"time":"2023-12-22T00:21:08.578Z"}},{"iob":-0.034,"basaliob":-0.182,"bolussnooze":0.0079,"activity":-3.0E-4,"lastBolusTime":1703198394900,"time":"2023-12-22T00:26:08.578Z","iobWithZeroTemp":{"iob":-0.705,"basaliob":-0.853,"bolussnooze":0.0079,"activity":-0.0063,"lastBolusTime":1703198394900,"time":"2023-12-22T00:26:08.578Z"}},{"iob":-0.033,"basaliob":-0.166,"bolussnooze":0.0058,"activity":-2.0E-4,"lastBolusTime":1703198394900,"time":"2023-12-22T00:31:08.578Z","iobWithZeroTemp":{"iob":-0.731,"basaliob":-0.864,"bolussnooze":0.0058,"activity":-0.0066,"lastBolusTime":1703198394900,"time":"2023-12-22T00:31:08.578Z"}},{"iob":-0.032,"basaliob":-0.151,"bolussnooze":0.0042,"activity":-3.0E-4,"lastBolusTime":1703198394900,"time":"2023-12-22T00:36:08.578Z","iobWithZeroTemp":{"iob":-0.755,"basaliob":-0.874,"bolussnooze":0.0042,"activity":-0.0071,"lastBolusTime":1703198394900,"time":"2023-12-22T00:36:08.578Z"}},{"iob":-0.03,"basaliob":-0.137,"bolussnooze":0.0029,"activity":-3.0E-4,"lastBolusTime":1703198394900,"time":"2023-12-22T00:41:08.578Z","iobWithZeroTemp":{"iob":-0.776,"basaliob":-0.883,"bolussnooze":0.0029,"activity":-0.0075,"lastBolusTime":1703198394900,"time":"2023-12-22T00:41:08.578Z"}},{"iob":-0.029,"basaliob":-0.124,"bolussnooze":0.002,"activity":-3.0E-4,"lastBolusTime":1703198394900,"time":"2023-12-22T00:46:08.578Z","iobWithZeroTemp":{"iob":-0.797,"basaliob":-0.892,"bolussnooze":0.002,"activity":-0.0079,"lastBolusTime":1703198394900,"time":"2023-12-22T00:46:08.578Z"}},{"iob":-0.027,"basaliob":-0.112,"bolussnooze":0.0013,"activity":-3.0E-4,"lastBolusTime":1703198394900,"time":"2023-12-22T00:51:08.578Z","iobWithZeroTemp":{"iob":-0.814,"basaliob":-0.899,"bolussnooze":0.0013,"activity":-0.0082,"lastBolusTime":1703198394900,"time":"2023-12-22T00:51:08.578Z"}},{"iob":-0.025,"basaliob":-0.101,"bolussnooze":8.0E-4,"activity":-3.0E-4,"lastBolusTime":1703198394900,"time":"2023-12-22T00:56:08.578Z","iobWithZeroTemp":{"iob":-0.83,"basaliob":-0.906,"bolussnooze":8.0E-4,"activity":-0.0085,"lastBolusTime":1703198394900,"time":"2023-12-22T00:56:08.578Z"}},{"iob":-0.024,"basaliob":-0.091,"bolussnooze":5.0E-4,"activity":-3.0E-4,"lastBolusTime":1703198394900,"time":"2023-12-22T01:01:08.578Z","iobWithZeroTemp":{"iob":-0.845,"basaliob":-0.912,"bolussnooze":5.0E-4,"activity":-0.0088,"lastBolusTime":1703198394900,"time":"2023-12-22T01:01:08.578Z"}},{"iob":-0.023,"basaliob":-0.082,"bolussnooze":2.0E-4,"activity":-3.0E-4,"lastBolusTime":1703198394900,"time":"2023-12-22T01:06:08.578Z","iobWithZeroTemp":{"iob":-0.859,"basaliob":-0.918,"bolussnooze":2.0E-4,"activity":-0.0091,"lastBolusTime":1703198394900,"time":"2023-12-22T01:06:08.578Z"}},{"iob":-0.021,"basaliob":-0.074,"bolussnooze":1.0E-4,"activity":-3.0E-4,"lastBolusTime":1703198394900,"time":"2023-12-22T01:11:08.578Z","iobWithZeroTemp":{"iob":-0.871,"basaliob":-0.924,"bolussnooze":1.0E-4,"activity":-0.0094,"lastBolusTime":1703198394900,"time":"2023-12-22T01:11:08.578Z"}},{"iob":-0.02,"basaliob":-0.066,"bolussnooze":0,"activity":-3.0E-4,"lastBolusTime":1703198394900,"time":"2023-12-22T01:16:08.578Z","iobWithZeroTemp":{"iob":-0.882,"basaliob":-0.928,"bolussnooze":0,"activity":-0.0096,"lastBolusTime":1703198394900,"time":"2023-12-22T01:16:08.578Z"}},{"iob":-0.018,"basaliob":-0.059,"bolussnooze":0,"activity":-2.0E-4,"lastBolusTime":1703198394900,"time":"2023-12-22T01:21:08.578Z","iobWithZeroTemp":{"iob":-0.892,"basaliob":-0.933,"bolussnooze":0,"activity":-0.0097,"lastBolusTime":1703198394900,"time":"2023-12-22T01:21:08.578Z"}},{"iob":-0.016,"basaliob":-0.052,"bolussnooze":0,"activity":-3.0E-4,"lastBolusTime":1703198394900,"time":"2023-12-22T01:26:08.578Z","iobWithZeroTemp":{"iob":-0.9,"basaliob":-0.936,"bolussnooze":0,"activity":-0.01,"lastBolusTime":1703198394900,"time":"2023-12-22T01:26:08.578Z"}},{"iob":-0.016,"basaliob":-0.047,"bolussnooze":0,"activity":-3.0E-4,"lastBolusTime":1703198394900,"time":"2023-12-22T01:31:08.578Z","iobWithZeroTemp":{"iob":-0.909,"basaliob":-0.94,"bolussnooze":0,"activity":-0.0102,"lastBolusTime":1703198394900,"time":"2023-12-22T01:31:08.578Z"}},{"iob":-0.014,"basaliob":-0.041,"bolussnooze":0,"activity":-3.0E-4,"lastBolusTime":1703198394900,"time":"2023-12-22T01:36:08.578Z","iobWithZeroTemp":{"iob":-0.916,"basaliob":-0.943,"bolussnooze":0,"activity":-0.0104,"lastBolusTime":1703198394900,"time":"2023-12-22T01:36:08.578Z"}},{"iob":-0.013,"basaliob":-0.037,"bolussnooze":0,"activity":-2.0E-4,"lastBolusTime":1703198394900,"time":"2023-12-22T01:41:08.578Z","iobWithZeroTemp":{"iob":-0.922,"basaliob":-0.946,"bolussnooze":0,"activity":-0.0104,"lastBolusTime":1703198394900,"time":"2023-12-22T01:41:08.578Z"}},{"iob":-0.011,"basaliob":-0.032,"bolussnooze":0,"activity":-2.0E-4,"lastBolusTime":1703198394900,"time":"2023-12-22T01:46:08.578Z","iobWithZeroTemp":{"iob":-0.927,"basaliob":-0.948,"bolussnooze":0,"activity":-0.0106,"lastBolusTime":1703198394900,"time":"2023-12-22T01:46:08.578Z"}},{"iob":-0.01,"basaliob":-0.028,"bolussnooze":0,"activity":-2.0E-4,"lastBolusTime":1703198394900,"time":"2023-12-22T01:51:08.578Z","iobWithZeroTemp":{"iob":-0.932,"basaliob":-0.95,"bolussnooze":0,"activity":-0.0107,"lastBolusTime":1703198394900,"time":"2023-12-22T01:51:08.578Z"}},{"iob":-0.009,"basaliob":-0.025,"bolussnooze":0,"activity":-2.0E-4,"lastBolusTime":1703198394900,"time":"2023-12-22T01:56:08.578Z","iobWithZeroTemp":{"iob":-0.936,"basaliob":-0.952,"bolussnooze":0,"activity":-0.0108,"lastBolusTime":1703198394900,"time":"2023-12-22T01:56:08.578Z"}},{"iob":-0.009,"basaliob":-0.022,"bolussnooze":0,"activity":-2.0E-4,"lastBolusTime":1703198394900,"time":"2023-12-22T02:01:08.578Z","iobWithZeroTemp":{"iob":-0.941,"basaliob":-0.954,"bolussnooze":0,"activity":-0.011,"lastBolusTime":1703198394900,"time":"2023-12-22T02:01:08.578Z"}},{"iob":-0.007,"basaliob":-0.019,"bolussnooze":0,"activity":-2.0E-4,"lastBolusTime":1703198394900,"time":"2023-12-22T02:06:08.578Z","iobWithZeroTemp":{"iob":-0.943,"basaliob":-0.955,"bolussnooze":0,"activity":-0.0111,"lastBolusTime":1703198394900,"time":"2023-12-22T02:06:08.578Z"}},{"iob":-0.007,"basaliob":-0.017,"bolussnooze":0,"activity":-2.0E-4,"lastBolusTime":1703198394900,"time":"2023-12-22T02:11:08.578Z","iobWithZeroTemp":{"iob":-0.947,"basaliob":-0.957,"bolussnooze":0,"activity":-0.0111,"lastBolusTime":1703198394900,"time":"2023-12-22T02:11:08.578Z"}},{"iob":-0.005,"basaliob":-0.014,"bolussnooze":0,"activity":-1.0E-4,"lastBolusTime":1703198394900,"time":"2023-12-22T02:16:08.578Z","iobWithZeroTemp":{"iob":-0.949,"basaliob":-0.958,"bolussnooze":0,"activity":-0.0111,"lastBolusTime":1703198394900,"time":"2023-12-22T02:16:08.578Z"}},{"iob":-0.005,"basaliob":-0.012,"bolussnooze":0,"activity":-2.0E-4,"lastBolusTime":1703198394900,"time":"2023-12-22T02:21:08.578Z","iobWithZeroTemp":{"iob":-0.952,"basaliob":-0.959,"bolussnooze":0,"activity":-0.0113,"lastBolusTime":1703198394900,"time":"2023-12-22T02:21:08.578Z"}},{"iob":-0.004,"basaliob":-0.01,"bolussnooze":0,"activity":-1.0E-4,"lastBolusTime":1703198394900,"time":"2023-12-22T02:26:08.578Z","iobWithZeroTemp":{"iob":-0.953,"basaliob":-0.959,"bolussnooze":0,"activity":-0.0113,"lastBolusTime":1703198394900,"time":"2023-12-22T02:26:08.578Z"}},{"iob":-0.004,"basaliob":-0.009,"bolussnooze":0,"activity":-1.0E-4,"lastBolusTime":1703198394900,"time":"2023-12-22T02:31:08.578Z","iobWithZeroTemp":{"iob":-0.956,"basaliob":-0.961,"bolussnooze":0,"activity":-0.0113,"lastBolusTime":1703198394900,"time":"2023-12-22T02:31:08.578Z"}},{"iob":-0.002,"basaliob":-0.007,"bolussnooze":0,"activity":0,"lastBolusTime":1703198394900,"time":"2023-12-22T02:36:08.578Z","iobWithZeroTemp":{"iob":-0.956,"basaliob":-0.961,"bolussnooze":0,"activity":-0.0113,"lastBolusTime":1703198394900,"time":"2023-12-22T02:36:08.578Z"}},{"iob":-0.002,"basaliob":-0.006,"bolussnooze":0,"activity":-1.0E-4,"lastBolusTime":1703198394900,"time":"2023-12-22T02:41:08.578Z","iobWithZeroTemp":{"iob":-0.958,"basaliob":-0.962,"bolussnooze":0,"activity":-0.0114,"lastBolusTime":1703198394900,"time":"2023-12-22T02:41:08.578Z"}},{"iob":-0.002,"basaliob":-0.005,"bolussnooze":0,"activity":-1.0E-4,"lastBolusTime":1703198394900,"time":"2023-12-22T02:46:08.578Z","iobWithZeroTemp":{"iob":-0.959,"basaliob":-0.962,"bolussnooze":0,"activity":-0.0115,"lastBolusTime":1703198394900,"time":"2023-12-22T02:46:08.578Z"}},{"iob":-0.001,"basaliob":-0.004,"bolussnooze":0,"activity":0,"lastBolusTime":1703198394900,"time":"2023-12-22T02:51:08.578Z","iobWithZeroTemp":{"iob":-0.96,"basaliob":-0.963,"bolussnooze":0,"activity":-0.0114,"lastBolusTime":1703198394900,"time":"2023-12-22T02:51:08.578Z"}},{"iob":-0.002,"basaliob":-0.004,"bolussnooze":0,"activity":0,"lastBolusTime":1703198394900,"time":"2023-12-22T02:56:08.578Z","iobWithZeroTemp":{"iob":-0.962,"basaliob":-0.964,"bolussnooze":0,"activity":-0.0115,"lastBolusTime":1703198394900,"time":"2023-12-22T02:56:08.578Z"}},{"iob":-0.001,"basaliob":-0.003,"bolussnooze":0,"activity":0,"lastBolusTime":1703198394900,"time":"2023-12-22T03:01:08.578Z","iobWithZeroTemp":{"iob":-0.962,"basaliob":-0.964,"bolussnooze":0,"activity":-0.0115,"lastBolusTime":1703198394900,"time":"2023-12-22T03:01:08.578Z"}},{"iob":-0.002,"basaliob":-0.003,"bolussnooze":0,"activity":0,"lastBolusTime":1703198394900,"time":"2023-12-22T03:06:08.578Z","iobWithZeroTemp":{"iob":-0.964,"basaliob":-0.965,"bolussnooze":0,"activity":-0.0115,"lastBolusTime":1703198394900,"time":"2023-12-22T03:06:08.578Z"}}],"profile":{"max_iob":7,"type":"current","max_daily_basal":0.8,"max_basal":5,"min_bg":80,"max_bg":90,"target_bg":85,"carb_ratio":14,"sens":57,"max_daily_safety_multiplier":9,"current_basal_safety_multiplier":8,"lgsThreshold":65,"high_temptarget_raises_sensitivity":false,"low_temptarget_lowers_sensitivity":false,"sensitivity_raises_target":false,"resistance_lowers_target":false,"adv_target_adjustments":false,"exercise_mode":false,"half_basal_exercise_target":160,"maxCOB":120,"skip_neutral_temps":false,"remainingCarbsCap":90,"enableUAM":true,"A52_risk_enable":false,"SMBInterval":3,"enableSMB_with_COB":true,"enableSMB_with_temptarget":true,"allowSMB_with_high_temptarget":true,"enableSMB_always":true,"enableSMB_after_carbs":true,"maxSMBBasalMinutes":120,"maxUAMSMBBasalMinutes":90,"bolus_increment":0.05,"carbsReqThreshold":5,"current_basal":0.7,"temptargetSet":false,"autosens_max":1.6,"autosens_min":0.6,"variable_sens":103.3,"insulinDivisor":75,"TDD":21.76004523809524},"autosens_data":{"ratio":0.9998614037032928},"meal_data":{"carbs":0,"mealCOB":0,"slopeFromMaxDeviation":-0.1412857142857143,"slopeFromMinDeviation":0.15618181818181817,"lastBolusTime":1703198394900,"lastCarbTime":0},"microBolusAllowed":true,"currentTime":1703200270368,"flatBGsDetected":false,"tdd1D":20.662500000000005,"tdd7D":21.47380952380953,"tddLast24H":21.47083333333333,"tddLast4H":4.137499999999999,"tddLast8to4H":3.208333333333333},"output":{"temp":"absolute","bg":92,"tick":-1,"eventualBG":92,"targetBG":85,"insulinReq":0.03,"deliverAt":"2023-12-21T23:11:10.368Z","sensitivityRatio":0.9998614037032928,"variable_sens":103.3,"predBGs":{"IOB":[92,91,90,89,89,89,88,88,88,88,88,88,88,88,88,88,88,88,88,89,89,89,89,89,89,90,90,90,90,90,90,90,91],"ZT":[92,91,90,89,89,89,89,89],"UAM":[92,91,90,89,88,88,87,87,87,87,87,87,87,87,87,87,87,87,87,88,88,88,88,88,88,89,89,89,89,89,89,89,90]},"reason":"COB: 0, Dev: 1, BGI: -1, ISF: 103, CR: 14, Target: 85, minPredBG 88, minGuardBG 87, IOBpredBG 91, UAMpredBG 90; Eventual BG 92 >= 90,  insulinReq 0.03. 25m@0.85 > 2 * insulinReq. Setting temp basal of 0.76U\/hr.  25m left and 0.85 ~ req 0.7599029825923049U\/hr: no temp required","COB":0,"IOB":0.005,"timestamp":"2023-12-21T23:11:10.373Z"}}