{"algorithm":"OpenAPSSMBDynamicISFPlugin","input":{"glucoseStatus":{"glucose":88,"noise":0,"delta":-2,"short_avgdelta":-2.17,"long_avgdelta":-0.79,"date":1703062837000},"currenttemp":{"temp":"absolute","duration":25,"rate":0.5,"minutesrunning":5},"iob_data":[{"iob":0.016,"basaliob":-0.165,"bolussnooze":0,"activity":4.0E-4,"lastBolusTime":1703060784496,"time":"2023-12-20T09:00:57.191Z","iobWithZeroTemp":{"iob":0.016,"basaliob":-0.165,"bolussnooze":0,"activity":4.0E-4,"lastBolusTime":1703060784496,"time":"2023-12-20T09:00:57.191Z"}},{"iob":0.014,"basaliob":-0.151,"bolussnooze":0,"activity":4.0E-4,"lastBolusTime":1703060784496,"time":"2023-12-20T09:05:57.191Z","iobWithZeroTemp":{"iob":-0.023,"basaliob":-0.188,"bolussnooze":0,"activity":4.0E-4,"lastBolusTime":1703060784496,"time":"2023-12-20T09:05:57.191Z"}},{"iob":0.012,"basaliob":-0.138,"bolussnooze":0,"activity":3.0E-4,"lastBolusTime":1703060784496,"time":"2023-12-20T09:10:57.191Z","iobWithZeroTemp":{"iob":-0.07,"basaliob":-0.22,"bolussnooze":0,"activity":1.0E-4,"lastBolusTime":1703060784496,"time":"2023-12-20T09:10:57.191Z"}},{"iob":0.011,"basaliob":-0.125,"bolussnooze":0,"activity":3.0E-4,"lastBolusTime":1703060784496,"time":"2023-12-20T09:15:57.191Z","iobWithZeroTemp":{"iob":-0.116,"basaliob":-0.252,"bolussnooze":0,"activity":-1.0E-4,"lastBolusTime":1703060784496,"time":"2023-12-20T09:15:57.191Z"}},{"iob":0.009,"basaliob":-0.114,"bolussnooze":0,"activity":3.0E-4,"lastBolusTime":1703060784496,"time":"2023-12-20T09:20:57.191Z","iobWithZeroTemp":{"iob":-0.161,"basaliob":-0.284,"bolussnooze":0,"activity":-4.0E-4,"lastBolusTime":1703060784496,"time":"2023-12-20T09:20:57.191Z"}},{"iob":0.008,"basaliob":-0.103,"bolussnooze":0,"activity":3.0E-4,"lastBolusTime":1703060784496,"time":"2023-12-20T09:25:57.191Z","iobWithZeroTemp":{"iob":-0.204,"basaliob":-0.315,"bolussnooze":0,"activity":-7.0E-4,"lastBolusTime":1703060784496,"time":"2023-12-20T09:25:57.191Z"}},{"iob":0.008,"basaliob":-0.093,"bolussnooze":0,"activity":2.0E-4,"lastBolusTime":1703060784496,"time":"2023-12-20T09:30:57.191Z","iobWithZeroTemp":{"iob":-0.244,"basaliob":-0.345,"bolussnooze":0,"activity":-0.0011,"lastBolusTime":1703060784496,"time":"2023-12-20T09:30:57.191Z"}},{"iob":0.007,"basaliob":-0.084,"bolussnooze":0,"activity":2.0E-4,"lastBolusTime":1703060784496,"time":"2023-12-20T09:35:57.191Z","iobWithZeroTemp":{"iob":-0.283,"basaliob":-0.374,"bolussnooze":0,"activity":-0.0015,"lastBolusTime":1703060784496,"time":"2023-12-20T09:35:57.191Z"}},{"iob":0.006,"basaliob":-0.076,"bolussnooze":0,"activity":1.0E-4,"lastBolusTime":1703060784496,"time":"2023-12-20T09:40:57.191Z","iobWithZeroTemp":{"iob":-0.32,"basaliob":-0.402,"bolussnooze":0,"activity":-0.002,"lastBolusTime":1703060784496,"time":"2023-12-20T09:40:57.191Z"}},{"iob":0.004,"basaliob":-0.069,"bolussnooze":0,"activity":1.0E-4,"lastBolusTime":1703060784496,"time":"2023-12-20T09:45:57.191Z","iobWithZeroTemp":{"iob":-0.357,"basaliob":-0.43,"bolussnooze":0,"activity":-0.0024,"lastBolusTime":1703060784496,"time":"2023-12-20T09:45:57.191Z"}},{"iob":0.004,"basaliob":-0.062,"bolussnooze":0,"activity":1.0E-4,"lastBolusTime":1703060784496,"time":"2023-12-20T09:50:57.191Z","iobWithZeroTemp":{"iob":-0.389,"basaliob":-0.455,"bolussnooze":0,"activity":-0.0028,"lastBolusTime":1703060784496,"time":"2023-12-20T09:50:57.191Z"}},{"iob":0.004,"basaliob":-0.055,"bolussnooze":0,"activity":1.0E-4,"lastBolusTime":1703060784496,"time":"2023-12-20T09:55:57.191Z","iobWithZeroTemp":{"iob":-0.42,"basaliob":-0.479,"bolussnooze":0,"activity":-0.0032,"lastBolusTime":1703060784496,"time":"2023-12-20T09:55:57.191Z"}},{"iob":0.003,"basaliob":-0.05,"bolussnooze":0,"activity":1.0E-4,"lastBolusTime":1703060784496,"time":"2023-12-20T10:00:57.191Z","iobWithZeroTemp":{"iob":-0.449,"basaliob":-0.502,"bolussnooze":0,"activity":-0.0036,"lastBolusTime":1703060784496,"time":"2023-12-20T10:00:57.191Z"}},{"iob":0.003,"basaliob":-0.044,"bolussnooze":0,"activity":1.0E-4,"lastBolusTime":1703060784496,"time":"2023-12-20T10:05:57.191Z","iobWithZeroTemp":{"iob":-0.476,"basaliob":-0.523,"bolussnooze":0,"activity":-0.0039,"lastBolusTime":1703060784496,"time":"2023-12-20T10:05:57.191Z"}},{"iob":0.002,"basaliob":-0.04,"bolussnooze":0,"activity":1.0E-4,"lastBolusTime":1703060784496,"time":"2023-12-20T10:10:57.191Z","iobWithZeroTemp":{"iob":-0.502,"basaliob":-0.544,"bolussnooze":0,"activity":-0.0043,"lastBolusTime":1703060784496,"time":"2023-12-20T10:10:57.191Z"}},{"iob":0.002,"basaliob":-0.035,"bolussnooze":0,"activity":1.0E-4,"lastBolusTime":1703060784496,"time":"2023-12-20T10:15:57.191Z","iobWithZeroTemp":{"iob":-0.525,"basaliob":-0.562,"bolussnooze":0,"activity":-0.0046,"lastBolusTime":1703060784496,"time":"2023-12-20T10:15:57.191Z"}},{"iob":0.002,"basaliob":-0.031,"bolussnooze":0,"activity":1.0E-4,"lastBolusTime":1703060784496,"time":"2023-12-20T10:20:57.191Z","iobWithZeroTemp":{"iob":-0.546,"basaliob":-0.579,"bolussnooze":0,"activity":-0.005,"lastBolusTime":1703060784496,"time":"2023-12-20T10:20:57.191Z"}},{"iob":0.002,"basaliob":-0.028,"bolussnooze":0,"activity":0,"lastBolusTime":1703060784496,"time":"2023-12-20T10:25:57.191Z","iobWithZeroTemp":{"iob":-0.566,"basaliob":-0.596,"bolussnooze":0,"activity":-0.0054,"lastBolusTime":1703060784496,"time":"2023-12-20T10:25:57.191Z"}},{"iob":0.001,"basaliob":-0.025,"bolussnooze":0,"activity":0,"lastBolusTime":1703060784496,"time":"2023-12-20T10:30:57.191Z","iobWithZeroTemp":{"iob":-0.585,"basaliob":-0.611,"bolussnooze":0,"activity":-0.0057,"lastBolusTime":1703060784496,"time":"2023-12-20T10:30:57.191Z"}},{"iob":0.001,"basaliob":-0.022,"bolussnooze":0,"activity":0,"lastBolusTime":1703060784496,"time":"2023-12-20T10:35:57.191Z","iobWithZeroTemp":{"iob":-0.602,"basaliob":-0.625,"bolussnooze":0,"activity":-0.006,"lastBolusTime":1703060784496,"time":"2023-12-20T10:35:57.191Z"}},{"iob":0.002,"basaliob":-0.019,"bolussnooze":0,"activity":0,"lastBolusTime":1703060784496,"time":"2023-12-20T10:40:57.191Z","iobWithZeroTemp":{"iob":-0.616,"basaliob":-0.637,"bolussnooze":0,"activity":-0.0062,"lastBolusTime":1703060784496,"time":"2023-12-20T10:40:57.191Z"}},{"iob":0.001,"basaliob":-0.017,"bolussnooze":0,"activity":0,"lastBolusTime":1703060784496,"time":"2023-12-20T10:45:57.191Z","iobWithZeroTemp":{"iob":-0.632,"basaliob":-0.65,"bolussnooze":0,"activity":-0.0065,"lastBolusTime":1703060784496,"time":"2023-12-20T10:45:57.191Z"}},{"iob":0.001,"basaliob":-0.015,"bolussnooze":0,"activity":0,"lastBolusTime":1703060784496,"time":"2023-12-20T10:50:57.191Z","iobWithZeroTemp":{"iob":-0.644,"basaliob":-0.66,"bolussnooze":0,"activity":-0.0067,"lastBolusTime":1703060784496,"time":"2023-12-20T10:50:57.191Z"}},{"iob":0.002,"basaliob":-0.013,"bolussnooze":0,"activity":0,"lastBolusTime":1703060784496,"time":"2023-12-20T10:55:57.191Z","iobWithZeroTemp":{"iob":-0.655,"basaliob":-0.67,"bolussnooze":0,"activity":-0.0069,"lastBolusTime":1703060784496,"time":"2023-12-20T10:55:57.191Z"}},{"iob":0.002,"basaliob":-0.011,"bolussnooze":0,"activity":0,"lastBolusTime":1703060784496,"time":"2023-12-20T11:00:57.191Z","iobWithZeroTemp":{"iob":-0.666,"basaliob":-0.679,"bolussnooze":0,"activity":-0.0071,"lastBolusTime":1703060784496,"time":"2023-12-20T11:00:57.191Z"}},{"iob":0.002,"basaliob":-0.01,"bolussnooze":0,"activity":0,"lastBolusTime":1703060784496,"time":"2023-12-20T11:05:57.191Z","iobWithZeroTemp":{"iob":-0.676,"basaliob":-0.688,"bolussnooze":0,"activity":-0.0073,"lastBolusTime":1703060784496,"time":"2023-12-20T11:05:57.191Z"}},{"iob":0.001,"basaliob":-0.009,"bolussnooze":0,"activity":0,"lastBolusTime":1703060784496,"time":"2023-12-20T11:10:57.191Z","iobWithZeroTemp":{"iob":-0.686,"basaliob":-0.696,"bolussnooze":0,"activity":-0.0075,"lastBolusTime":1703060784496,"time":"2023-12-20T11:10:57.191Z"}},{"iob":0.002,"basaliob":-0.007,"bolussnooze":0,"activity":0,"lastBolusTime":1703060784496,"time":"2023-12-20T11:15:57.191Z","iobWithZeroTemp":{"iob":-0.693,"basaliob":-0.702,"bolussnooze":0,"activity":-0.0076,"lastBolusTime":1703060784496,"time":"2023-12-20T11:15:57.191Z"}},{"iob":0.002,"basaliob":-0.006,"bolussnooze":0,"activity":0,"lastBolusTime":1703060784496,"time":"2023-12-20T11:20:57.191Z","iobWithZeroTemp":{"iob":-0.7,"basaliob":-0.708,"bolussnooze":0,"activity":-0.0078,"lastBolusTime":1703060784496,"time":"2023-12-20T11:20:57.191Z"}},{"iob":0.001,"basaliob":-0.006,"bolussnooze":0,"activity":0,"lastBolusTime":1703060784496,"time":"2023-12-20T11:25:57.191Z","iobWithZeroTemp":{"iob":-0.707,"basaliob":-0.714,"bolussnooze":0,"activity":-0.0079,"lastBolusTime":1703060784496,"time":"2023-12-20T11:25:57.191Z"}},{"iob":0.001,"basaliob":-0.005,"bolussnooze":0,"activity":1.0E-4,"lastBolusTime":1703060784496,"time":"2023-12-20T11:30:57.191Z","iobWithZeroTemp":{"iob":-0.713,"basaliob":-0.719,"bolussnooze":0,"activity":-0.008,"lastBolusTime":1703060784496,"time":"2023-12-20T11:30:57.191Z"}},{"iob":0.001,"basaliob":-0.004,"bolussnooze":0,"activity":0,"lastBolusTime":1703060784496,"time":"2023-12-20T11:35:57.191Z","iobWithZeroTemp":{"iob":-0.719,"basaliob":-0.724,"bolussnooze":0,"activity":-0.0082,"lastBolusTime":1703060784496,"time":"2023-12-20T11:35:57.191Z"}},{"iob":0.002,"basaliob":-0.003,"bolussnooze":0,"activity":0,"lastBolusTime":1703060784496,"time":"2023-12-20T11:40:57.191Z","iobWithZeroTemp":{"iob":-0.722,"basaliob":-0.727,"bolussnooze":0,"activity":-0.0083,"lastBolusTime":1703060784496,"time":"2023-12-20T11:40:57.191Z"}},{"iob":0.001,"basaliob":-0.003,"bolussnooze":0,"activity":0,"lastBolusTime":1703060784496,"time":"2023-12-20T11:45:57.191Z","iobWithZeroTemp":{"iob":-0.728,"basaliob":-0.732,"bolussnooze":0,"activity":-0.0084,"lastBolusTime":1703060784496,"time":"2023-12-20T11:45:57.191Z"}},{"iob":0.002,"basaliob":-0.002,"bolussnooze":0,"activity":0,"lastBolusTime":1703060784496,"time":"2023-12-20T11:50:57.191Z","iobWithZeroTemp":{"iob":-0.73,"basaliob":-0.734,"bolussnooze":0,"activity":-0.0085,"lastBolusTime":1703060784496,"time":"2023-12-20T11:50:57.191Z"}},{"iob":0.001,"basaliob":-0.002,"bolussnooze":0,"activity":0,"lastBolusTime":1703060784496,"time":"2023-12-20T11:55:57.191Z","iobWithZeroTemp":{"iob":-0.735,"basaliob":-0.738,"bolussnooze":0,"activity":-0.0085,"lastBolusTime":1703060784496,"time":"2023-12-20T11:55:57.191Z"}},{"iob":0.001,"basaliob":-0.002,"bolussnooze":0,"activity":0,"lastBolusTime":1703060784496,"time":"2023-12-20T12:00:57.191Z","iobWithZeroTemp":{"iob":-0.738,"basaliob":-0.741,"bolussnooze":0,"activity":-0.0086,"lastBolusTime":1703060784496,"time":"2023-12-20T12:00:57.191Z"}},{"iob":0,"basaliob":-0.002,"bolussnooze":0,"activity":0,"lastBolusTime":1703060784496,"time":"2023-12-20T12:05:57.191Z","iobWithZeroTemp":{"iob":-0.746,"basaliob":-0.748,"bolussnooze":0,"activity":-0.0087,"lastBolusTime":1703060784496,"time":"2023-12-20T12:05:57.191Z"}},{"iob":0.001,"basaliob":-0.001,"bolussnooze":0,"activity":1.0E-4,"lastBolusTime":1703060784496,"time":"2023-12-20T12:10:57.191Z","iobWithZeroTemp":{"iob":-0.751,"basaliob":-0.753,"bolussnooze":0,"activity":-0.0086,"lastBolusTime":1703060784496,"time":"2023-12-20T12:10:57.191Z"}},{"iob":0.001,"basaliob":-0.001,"bolussnooze":0,"activity":1.0E-4,"lastBolusTime":1703060784496,"time":"2023-12-20T12:15:57.191Z","iobWithZeroTemp":{"iob":-0.757,"basaliob":-0.759,"bolussnooze":0,"activity":-0.0087,"lastBolusTime":1703060784496,"time":"2023-12-20T12:15:57.191Z"}},{"iob":0,"basaliob":-0.001,"bolussnooze":0,"activity":0,"lastBolusTime":1703060784496,"time":"2023-12-20T12:20:57.191Z","iobWithZeroTemp":{"iob":-0.764,"basaliob":-0.765,"bolussnooze":0,"activity":-0.0089,"lastBolusTime":1703060784496,"time":"2023-12-20T12:20:57.191Z"}},{"iob":0,"basaliob":-0.001,"bolussnooze":0,"activity":0,"lastBolusTime":1703060784496,"time":"2023-12-20T12:25:57.191Z","iobWithZeroTemp":{"iob":-0.769,"basaliob":-0.77,"bolussnooze":0,"activity":-0.009,"lastBolusTime":1703060784496,"time":"2023-12-20T12:25:57.191Z"}},{"iob":0,"basaliob":-0.001,"bolussnooze":0,"activity":0,"lastBolusTime":1703060784496,"time":"2023-12-20T12:30:57.191Z","iobWithZeroTemp":{"iob":-0.774,"basaliob":-0.775,"bolussnooze":0,"activity":-0.009,"lastBolusTime":1703060784496,"time":"2023-12-20T12:30:57.191Z"}},{"iob":0,"basaliob":-0.001,"bolussnooze":0,"activity":0,"lastBolusTime":1703060784496,"time":"2023-12-20T12:35:57.191Z","iobWithZeroTemp":{"iob":-0.779,"basaliob":-0.78,"bolussnooze":0,"activity":-0.0091,"lastBolusTime":1703060784496,"time":"2023-12-20T12:35:57.191Z"}},{"iob":0.001,"basaliob":0,"bolussnooze":0,"activity":0,"lastBolusTime":1703060784496,"time":"2023-12-20T12:40:57.191Z","iobWithZeroTemp":{"iob":-0.782,"basaliob":-0.783,"bolussnooze":0,"activity":-0.0092,"lastBolusTime":1703060784496,"time":"2023-12-20T12:40:57.191Z"}},{"iob":0.001,"basaliob":0,"bolussnooze":0,"activity":0,"lastBolusTime":1703060784496,"time":"2023-12-20T12:45:57.191Z","iobWithZeroTemp":{"iob":-0.786,"basaliob":-0.787,"bolussnooze":0,"activity":-0.0092,"lastBolusTime":1703060784496,"time":"2023-12-20T12:45:57.191Z"}},{"iob":0,"basaliob":0,"bolussnooze":0,"activity":0,"lastBolusTime":1703060784496,"time":"2023-12-20T12:50:57.191Z","iobWithZeroTemp":{"iob":-0.791,"basaliob":-0.791,"bolussnooze":0,"activity":-0.0093,"lastBolusTime":1703060784496,"time":"2023-12-20T12:50:57.191Z"}},{"iob":0,"basaliob":0,"bolussnooze":0,"activity":0,"lastBolusTime":1703060784496,"time":"2023-12-20T12:55:57.191Z","iobWithZeroTemp":{"iob":-0.795,"basaliob":-0.795,"bolussnooze":0,"activity":-0.0093,"lastBolusTime":1703060784496,"time":"2023-12-20T12:55:57.191Z"}}],"profile":{"max_iob":7,"type":"current","max_daily_basal":0.8,"max_basal":4.4,"min_bg":90,"max_bg":90,"target_bg":90,"carb_ratio":16,"sens":57,"max_daily_safety_multiplier":9,"current_basal_safety_multiplier":8,"lgsThreshold":65,"high_temptarget_raises_sensitivity":false,"low_temptarget_lowers_sensitivity":false,"sensitivity_raises_target":false,"resistance_lowers_target":false,"adv_target_adjustments":false,"exercise_mode":false,"half_basal_exercise_target":160,"maxCOB":120,"skip_neutral_temps":false,"remainingCarbsCap":90,"enableUAM":true,"A52_risk_enable":false,"SMBInterval":3,"enableSMB_with_COB":true,"enableSMB_with_temptarget":true,"allowSMB_with_high_temptarget":true,"enableSMB_always":true,"enableSMB_after_carbs":true,"maxSMBBasalMinutes":120,"maxUAMSMBBasalMinutes":90,"bolus_increment":0.05,"carbsReqThreshold":5,"current_basal":0.55,"temptargetSet":false,"autosens_max":1.6,"autosens_min":0.6,"variable_sens":104.6,"insulinDivisor":75,"TDD":22.169610714285717},"autosens_data":{"ratio":0.9924754819073387},"meal_data":{"carbs":0,"mealCOB":0,"slopeFromMaxDeviation":-0.8000000000000002,"slopeFromMinDeviation":0.18779999999999997,"lastBolusTime":1703060784496,"lastCarbTime":0},"microBolusAllowed":true,"currentTime":1703062859559,"flatBGsDetected":false,"tdd1D":21.666666666666675,"tdd7D":21.121428571428574,"tddLast24H":20.962500000000006,"tddLast4H":4.1,"tddLast8to4H":3.6291666666666664},"output":{"temp":"absolute","bg":88,"tick":-2,"eventualBG":83,"targetBG":90,"insulinReq":0,"deliverAt":"2023-12-20T09:00:59.559Z","sensitivityRatio":0.9924754819073387,"variable_sens":104.6,"predBGs":{"IOB":[88,86,84,82,81,80,78,77,77,76,76,76,75],"ZT":[88,88,88,88,88,88,88,89,90]},"reason":"COB: 0, Dev: -3, BGI: 0, ISF: 105, CR: 16, Target: 90, minPredBG 76, minGuardBG 75, IOBpredBG 75; Eventual BG 83 < 90, setting 0.31U\/hr. ","COB":0,"IOB":0.016,"duration":30,"rate":0.30586151504903636,"timestamp":"2023-12-20T09:00:59.580Z"}}