{"algorithm":"OpenAPSSMBDynamicISFPlugin","input":{"glucoseStatus":{"glucose":118,"noise":0,"delta":-3,"short_avgdelta":-2.22,"long_avgdelta":0.9,"date":1703141436000},"currenttemp":{"temp":"absolute","duration":115,"rate":0,"minutesrunning":5},"iob_data":[{"iob":0.864,"basaliob":-0.443,"bolussnooze":0,"activity":0.0103,"lastBolusTime":1703140265451,"time":"2023-12-21T06:51:00.994Z","iobWithZeroTemp":{"iob":0.864,"basaliob":-0.443,"bolussnooze":0,"activity":0.0103,"lastBolusTime":1703140265451,"time":"2023-12-21T06:51:00.994Z"}},{"iob":0.813,"basaliob":-0.418,"bolussnooze":0,"activity":0.0102,"lastBolusTime":1703140265451,"time":"2023-12-21T06:56:00.994Z","iobWithZeroTemp":{"iob":0.776,"basaliob":-0.455,"bolussnooze":0,"activity":0.0102,"lastBolusTime":1703140265451,"time":"2023-12-21T06:56:00.994Z"}},{"iob":0.762,"basaliob":-0.393,"bolussnooze":0,"activity":0.0101,"lastBolusTime":1703140265451,"time":"2023-12-21T07:01:00.994Z","iobWithZeroTemp":{"iob":0.68,"basaliob":-0.475,"bolussnooze":0,"activity":0.0099,"lastBolusTime":1703140265451,"time":"2023-12-21T07:01:00.994Z"}},{"iob":0.712,"basaliob":-0.369,"bolussnooze":0,"activity":0.0099,"lastBolusTime":1703140265451,"time":"2023-12-21T07:06:00.994Z","iobWithZeroTemp":{"iob":0.585,"basaliob":-0.496,"bolussnooze":0,"activity":0.0095,"lastBolusTime":1703140265451,"time":"2023-12-21T07:06:00.994Z"}},{"iob":0.664,"basaliob":-0.344,"bolussnooze":0,"activity":0.0095,"lastBolusTime":1703140265451,"time":"2023-12-21T07:11:00.994Z","iobWithZeroTemp":{"iob":0.494,"basaliob":-0.514,"bolussnooze":0,"activity":0.0088,"lastBolusTime":1703140265451,"time":"2023-12-21T07:11:00.994Z"}},{"iob":0.617,"basaliob":-0.321,"bolussnooze":0,"activity":0.0092,"lastBolusTime":1703140265451,"time":"2023-12-21T07:16:00.994Z","iobWithZeroTemp":{"iob":0.405,"basaliob":-0.533,"bolussnooze":0,"activity":0.0082,"lastBolusTime":1703140265451,"time":"2023-12-21T07:16:00.994Z"}},{"iob":0.573,"basaliob":-0.297,"bolussnooze":0,"activity":0.0089,"lastBolusTime":1703140265451,"time":"2023-12-21T07:21:00.994Z","iobWithZeroTemp":{"iob":0.321,"basaliob":-0.549,"bolussnooze":0,"activity":0.0076,"lastBolusTime":1703140265451,"time":"2023-12-21T07:21:00.994Z"}},{"iob":0.53,"basaliob":-0.275,"bolussnooze":0,"activity":0.0085,"lastBolusTime":1703140265451,"time":"2023-12-21T07:26:00.994Z","iobWithZeroTemp":{"iob":0.24,"basaliob":-0.565,"bolussnooze":0,"activity":0.0068,"lastBolusTime":1703140265451,"time":"2023-12-21T07:26:00.994Z"}},{"iob":0.488,"basaliob":-0.255,"bolussnooze":0,"activity":0.008,"lastBolusTime":1703140265451,"time":"2023-12-21T07:31:00.994Z","iobWithZeroTemp":{"iob":0.162,"basaliob":-0.581,"bolussnooze":0,"activity":0.0059,"lastBolusTime":1703140265451,"time":"2023-12-21T07:31:00.994Z"}},{"iob":0.45,"basaliob":-0.235,"bolussnooze":0,"activity":0.0076,"lastBolusTime":1703140265451,"time":"2023-12-21T07:36:00.994Z","iobWithZeroTemp":{"iob":0.089,"basaliob":-0.596,"bolussnooze":0,"activity":0.0051,"lastBolusTime":1703140265451,"time":"2023-12-21T07:36:00.994Z"}},{"iob":0.414,"basaliob":-0.216,"bolussnooze":0,"activity":0.0071,"lastBolusTime":1703140265451,"time":"2023-12-21T07:41:00.994Z","iobWithZeroTemp":{"iob":0.021,"basaliob":-0.609,"bolussnooze":0,"activity":0.0042,"lastBolusTime":1703140265451,"time":"2023-12-21T07:41:00.994Z"}},{"iob":0.379,"basaliob":-0.199,"bolussnooze":0,"activity":0.0067,"lastBolusTime":1703140265451,"time":"2023-12-21T07:46:00.994Z","iobWithZeroTemp":{"iob":-0.045,"basaliob":-0.623,"bolussnooze":0,"activity":0.0034,"lastBolusTime":1703140265451,"time":"2023-12-21T07:46:00.994Z"}},{"iob":0.347,"basaliob":-0.182,"bolussnooze":0,"activity":0.0062,"lastBolusTime":1703140265451,"time":"2023-12-21T07:51:00.994Z","iobWithZeroTemp":{"iob":-0.105,"basaliob":-0.634,"bolussnooze":0,"activity":0.0025,"lastBolusTime":1703140265451,"time":"2023-12-21T07:51:00.994Z"}},{"iob":0.316,"basaliob":-0.167,"bolussnooze":0,"activity":0.0058,"lastBolusTime":1703140265451,"time":"2023-12-21T07:56:00.994Z","iobWithZeroTemp":{"iob":-0.163,"basaliob":-0.646,"bolussnooze":0,"activity":0.0018,"lastBolusTime":1703140265451,"time":"2023-12-21T07:56:00.994Z"}},{"iob":0.289,"basaliob":-0.152,"bolussnooze":0,"activity":0.0054,"lastBolusTime":1703140265451,"time":"2023-12-21T08:01:00.994Z","iobWithZeroTemp":{"iob":-0.215,"basaliob":-0.656,"bolussnooze":0,"activity":0.001,"lastBolusTime":1703140265451,"time":"2023-12-21T08:01:00.994Z"}},{"iob":0.263,"basaliob":-0.139,"bolussnooze":0,"activity":0.005,"lastBolusTime":1703140265451,"time":"2023-12-21T08:06:00.994Z","iobWithZeroTemp":{"iob":-0.264,"basaliob":-0.666,"bolussnooze":0,"activity":3.0E-4,"lastBolusTime":1703140265451,"time":"2023-12-21T08:06:00.994Z"}},{"iob":0.239,"basaliob":-0.126,"bolussnooze":0,"activity":0.0046,"lastBolusTime":1703140265451,"time":"2023-12-21T08:11:00.994Z","iobWithZeroTemp":{"iob":-0.309,"basaliob":-0.674,"bolussnooze":0,"activity":-5.0E-4,"lastBolusTime":1703140265451,"time":"2023-12-21T08:11:00.994Z"}},{"iob":0.217,"basaliob":-0.114,"bolussnooze":0,"activity":0.0043,"lastBolusTime":1703140265451,"time":"2023-12-21T08:16:00.994Z","iobWithZeroTemp":{"iob":-0.351,"basaliob":-0.682,"bolussnooze":0,"activity":-0.0011,"lastBolusTime":1703140265451,"time":"2023-12-21T08:16:00.994Z"}},{"iob":0.196,"basaliob":-0.104,"bolussnooze":0,"activity":0.0039,"lastBolusTime":1703140265451,"time":"2023-12-21T08:21:00.994Z","iobWithZeroTemp":{"iob":-0.39,"basaliob":-0.69,"bolussnooze":0,"activity":-0.0018,"lastBolusTime":1703140265451,"time":"2023-12-21T08:21:00.994Z"}},{"iob":0.177,"basaliob":-0.094,"bolussnooze":0,"activity":0.0036,"lastBolusTime":1703140265451,"time":"2023-12-21T08:26:00.994Z","iobWithZeroTemp":{"iob":-0.426,"basaliob":-0.697,"bolussnooze":0,"activity":-0.0024,"lastBolusTime":1703140265451,"time":"2023-12-21T08:26:00.994Z"}},{"iob":0.16,"basaliob":-0.085,"bolussnooze":0,"activity":0.0033,"lastBolusTime":1703140265451,"time":"2023-12-21T08:31:00.994Z","iobWithZeroTemp":{"iob":-0.458,"basaliob":-0.703,"bolussnooze":0,"activity":-0.0029,"lastBolusTime":1703140265451,"time":"2023-12-21T08:31:00.994Z"}},{"iob":0.145,"basaliob":-0.076,"bolussnooze":0,"activity":0.003,"lastBolusTime":1703140265451,"time":"2023-12-21T08:36:00.994Z","iobWithZeroTemp":{"iob":-0.488,"basaliob":-0.709,"bolussnooze":0,"activity":-0.0035,"lastBolusTime":1703140265451,"time":"2023-12-21T08:36:00.994Z"}},{"iob":0.13,"basaliob":-0.069,"bolussnooze":0,"activity":0.0027,"lastBolusTime":1703140265451,"time":"2023-12-21T08:41:00.994Z","iobWithZeroTemp":{"iob":-0.515,"basaliob":-0.714,"bolussnooze":0,"activity":-0.004,"lastBolusTime":1703140265451,"time":"2023-12-21T08:41:00.994Z"}},{"iob":0.117,"basaliob":-0.062,"bolussnooze":0,"activity":0.0026,"lastBolusTime":1703140265451,"time":"2023-12-21T08:46:00.994Z","iobWithZeroTemp":{"iob":-0.54,"basaliob":-0.719,"bolussnooze":0,"activity":-0.0043,"lastBolusTime":1703140265451,"time":"2023-12-21T08:46:00.994Z"}},{"iob":0.105,"basaliob":-0.055,"bolussnooze":0,"activity":0.0023,"lastBolusTime":1703140265451,"time":"2023-12-21T08:51:00.994Z","iobWithZeroTemp":{"iob":-0.563,"basaliob":-0.723,"bolussnooze":0,"activity":-0.0048,"lastBolusTime":1703140265451,"time":"2023-12-21T08:51:00.994Z"}},{"iob":0.094,"basaliob":-0.049,"bolussnooze":0,"activity":0.0021,"lastBolusTime":1703140265451,"time":"2023-12-21T08:56:00.994Z","iobWithZeroTemp":{"iob":-0.584,"basaliob":-0.727,"bolussnooze":0,"activity":-0.0052,"lastBolusTime":1703140265451,"time":"2023-12-21T08:56:00.994Z"}},{"iob":0.084,"basaliob":-0.044,"bolussnooze":0,"activity":0.0019,"lastBolusTime":1703140265451,"time":"2023-12-21T09:01:00.994Z","iobWithZeroTemp":{"iob":-0.603,"basaliob":-0.731,"bolussnooze":0,"activity":-0.0056,"lastBolusTime":1703140265451,"time":"2023-12-21T09:01:00.994Z"}},{"iob":0.075,"basaliob":-0.039,"bolussnooze":0,"activity":0.0017,"lastBolusTime":1703140265451,"time":"2023-12-21T09:06:00.994Z","iobWithZeroTemp":{"iob":-0.62,"basaliob":-0.734,"bolussnooze":0,"activity":-0.0059,"lastBolusTime":1703140265451,"time":"2023-12-21T09:06:00.994Z"}},{"iob":0.067,"basaliob":-0.035,"bolussnooze":0,"activity":0.0016,"lastBolusTime":1703140265451,"time":"2023-12-21T09:11:00.994Z","iobWithZeroTemp":{"iob":-0.635,"basaliob":-0.737,"bolussnooze":0,"activity":-0.0062,"lastBolusTime":1703140265451,"time":"2023-12-21T09:11:00.994Z"}},{"iob":0.06,"basaliob":-0.031,"bolussnooze":0,"activity":0.0015,"lastBolusTime":1703140265451,"time":"2023-12-21T09:16:00.994Z","iobWithZeroTemp":{"iob":-0.648,"basaliob":-0.739,"bolussnooze":0,"activity":-0.0064,"lastBolusTime":1703140265451,"time":"2023-12-21T09:16:00.994Z"}},{"iob":0.052,"basaliob":-0.028,"bolussnooze":0,"activity":0.0013,"lastBolusTime":1703140265451,"time":"2023-12-21T09:21:00.994Z","iobWithZeroTemp":{"iob":-0.662,"basaliob":-0.742,"bolussnooze":0,"activity":-0.0068,"lastBolusTime":1703140265451,"time":"2023-12-21T09:21:00.994Z"}},{"iob":0.047,"basaliob":-0.024,"bolussnooze":0,"activity":0.0012,"lastBolusTime":1703140265451,"time":"2023-12-21T09:26:00.994Z","iobWithZeroTemp":{"iob":-0.673,"basaliob":-0.744,"bolussnooze":0,"activity":-0.007,"lastBolusTime":1703140265451,"time":"2023-12-21T09:26:00.994Z"}},{"iob":0.041,"basaliob":-0.022,"bolussnooze":0,"activity":0.0011,"lastBolusTime":1703140265451,"time":"2023-12-21T09:31:00.994Z","iobWithZeroTemp":{"iob":-0.683,"basaliob":-0.746,"bolussnooze":0,"activity":-0.0072,"lastBolusTime":1703140265451,"time":"2023-12-21T09:31:00.994Z"}},{"iob":0.036,"basaliob":-0.019,"bolussnooze":0,"activity":9.0E-4,"lastBolusTime":1703140265451,"time":"2023-12-21T09:36:00.994Z","iobWithZeroTemp":{"iob":-0.693,"basaliob":-0.748,"bolussnooze":0,"activity":-0.0075,"lastBolusTime":1703140265451,"time":"2023-12-21T09:36:00.994Z"}},{"iob":0.031,"basaliob":-0.017,"bolussnooze":0,"activity":9.0E-4,"lastBolusTime":1703140265451,"time":"2023-12-21T09:41:00.994Z","iobWithZeroTemp":{"iob":-0.701,"basaliob":-0.749,"bolussnooze":0,"activity":-0.0076,"lastBolusTime":1703140265451,"time":"2023-12-21T09:41:00.994Z"}},{"iob":0.027,"basaliob":-0.015,"bolussnooze":0,"activity":8.0E-4,"lastBolusTime":1703140265451,"time":"2023-12-21T09:46:00.994Z","iobWithZeroTemp":{"iob":-0.709,"basaliob":-0.751,"bolussnooze":0,"activity":-0.0077,"lastBolusTime":1703140265451,"time":"2023-12-21T09:46:00.994Z"}},{"iob":0.024,"basaliob":-0.013,"bolussnooze":0,"activity":7.0E-4,"lastBolusTime":1703140265451,"time":"2023-12-21T09:51:00.994Z","iobWithZeroTemp":{"iob":-0.715,"basaliob":-0.752,"bolussnooze":0,"activity":-0.0079,"lastBolusTime":1703140265451,"time":"2023-12-21T09:51:00.994Z"}},{"iob":0.021,"basaliob":-0.011,"bolussnooze":0,"activity":6.0E-4,"lastBolusTime":1703140265451,"time":"2023-12-21T09:56:00.994Z","iobWithZeroTemp":{"iob":-0.72,"basaliob":-0.752,"bolussnooze":0,"activity":-0.0081,"lastBolusTime":1703140265451,"time":"2023-12-21T09:56:00.994Z"}},{"iob":0.018,"basaliob":-0.01,"bolussnooze":0,"activity":5.0E-4,"lastBolusTime":1703140265451,"time":"2023-12-21T10:01:00.994Z","iobWithZeroTemp":{"iob":-0.726,"basaliob":-0.754,"bolussnooze":0,"activity":-0.0082,"lastBolusTime":1703140265451,"time":"2023-12-21T10:01:00.994Z"}},{"iob":0.016,"basaliob":-0.008,"bolussnooze":0,"activity":5.0E-4,"lastBolusTime":1703140265451,"time":"2023-12-21T10:06:00.994Z","iobWithZeroTemp":{"iob":-0.73,"basaliob":-0.754,"bolussnooze":0,"activity":-0.0083,"lastBolusTime":1703140265451,"time":"2023-12-21T10:06:00.994Z"}},{"iob":0.013,"basaliob":-0.007,"bolussnooze":0,"activity":4.0E-4,"lastBolusTime":1703140265451,"time":"2023-12-21T10:11:00.994Z","iobWithZeroTemp":{"iob":-0.735,"basaliob":-0.755,"bolussnooze":0,"activity":-0.0084,"lastBolusTime":1703140265451,"time":"2023-12-21T10:11:00.994Z"}},{"iob":0.011,"basaliob":-0.006,"bolussnooze":0,"activity":4.0E-4,"lastBolusTime":1703140265451,"time":"2023-12-21T10:16:00.994Z","iobWithZeroTemp":{"iob":-0.738,"basaliob":-0.755,"bolussnooze":0,"activity":-0.0085,"lastBolusTime":1703140265451,"time":"2023-12-21T10:16:00.994Z"}},{"iob":0.01,"basaliob":-0.005,"bolussnooze":0,"activity":3.0E-4,"lastBolusTime":1703140265451,"time":"2023-12-21T10:21:00.994Z","iobWithZeroTemp":{"iob":-0.741,"basaliob":-0.756,"bolussnooze":0,"activity":-0.0086,"lastBolusTime":1703140265451,"time":"2023-12-21T10:21:00.994Z"}},{"iob":0.007,"basaliob":-0.005,"bolussnooze":0,"activity":3.0E-4,"lastBolusTime":1703140265451,"time":"2023-12-21T10:26:00.994Z","iobWithZeroTemp":{"iob":-0.745,"basaliob":-0.757,"bolussnooze":0,"activity":-0.0086,"lastBolusTime":1703140265451,"time":"2023-12-21T10:26:00.994Z"}},{"iob":0.006,"basaliob":-0.004,"bolussnooze":0,"activity":3.0E-4,"lastBolusTime":1703140265451,"time":"2023-12-21T10:31:00.994Z","iobWithZeroTemp":{"iob":-0.747,"basaliob":-0.757,"bolussnooze":0,"activity":-0.0087,"lastBolusTime":1703140265451,"time":"2023-12-21T10:31:00.994Z"}},{"iob":0.005,"basaliob":-0.003,"bolussnooze":0,"activity":2.0E-4,"lastBolusTime":1703140265451,"time":"2023-12-21T10:36:00.994Z","iobWithZeroTemp":{"iob":-0.749,"basaliob":-0.757,"bolussnooze":0,"activity":-0.0088,"lastBolusTime":1703140265451,"time":"2023-12-21T10:36:00.994Z"}},{"iob":0.004,"basaliob":-0.003,"bolussnooze":0,"activity":2.0E-4,"lastBolusTime":1703140265451,"time":"2023-12-21T10:41:00.994Z","iobWithZeroTemp":{"iob":-0.751,"basaliob":-0.758,"bolussnooze":0,"activity":-0.0088,"lastBolusTime":1703140265451,"time":"2023-12-21T10:41:00.994Z"}},{"iob":0.004,"basaliob":-0.002,"bolussnooze":0,"activity":1.0E-4,"lastBolusTime":1703140265451,"time":"2023-12-21T10:46:00.994Z","iobWithZeroTemp":{"iob":-0.752,"basaliob":-0.758,"bolussnooze":0,"activity":-0.0089,"lastBolusTime":1703140265451,"time":"2023-12-21T10:46:00.994Z"}}],"profile":{"max_iob":7,"type":"current","max_daily_basal":0.8,"max_basal":4.4,"min_bg":90,"max_bg":90,"target_bg":90,"carb_ratio":16,"sens":57,"max_daily_safety_multiplier":9,"current_basal_safety_multiplier":8,"lgsThreshold":65,"high_temptarget_raises_sensitivity":false,"low_temptarget_lowers_sensitivity":false,"sensitivity_raises_target":false,"resistance_lowers_target":false,"adv_target_adjustments":false,"exercise_mode":false,"half_basal_exercise_target":160,"maxCOB":120,"skip_neutral_temps":false,"remainingCarbsCap":90,"enableUAM":true,"A52_risk_enable":false,"SMBInterval":3,"enableSMB_with_COB":true,"enableSMB_with_temptarget":true,"allowSMB_with_high_temptarget":true,"enableSMB_always":true,"enableSMB_after_carbs":true,"maxSMBBasalMinutes":120,"maxUAMSMBBasalMinutes":90,"bolus_increment":0.05,"carbsReqThreshold":5,"current_basal":0.55,"temptargetSet":false,"autosens_max":1.6,"autosens_min":0.6,"variable_sens":77.1,"insulinDivisor":75,"TDD":24.69209523809524},"autosens_data":{"ratio":1.0301308349040914},"meal_data":{"carbs":0,"mealCOB":0,"slopeFromMaxDeviation":-1.737,"slopeFromMinDeviation":0,"lastBolusTime":1703140265451,"lastCarbTime":0},"microBolusAllowed":true,"currentTime":1703141462895,"flatBGsDetected":false,"tdd1D":20.662500000000005,"tdd7D":21.47380952380953,"tddLast24H":22.120833333333337,"tddLast4H":5.595833333333334,"tddLast8to4H":4.741666666666666},"output":{"temp":"absolute","bg":118,"tick":-3,"eventualBG":57,"targetBG":90,"insulinReq":0,"deliverAt":"2023-12-21T06:51:02.895Z","sensitivityRatio":1.0301308349040914,"variable_sens":77.1,"predBGs":{"IOB":[118,115,112,109,105,102,98,95,91,88,85,81,78,75,72,69,66,63,61,58,56,54,52,50,48,47,45,43,42,41,40,39],"ZT":[118,114,110,106,102,98,95,91,88,86,83,81,79,78,77,77,76,77,77,78,79,81,83,85,87,89],"UAM":[118,114,110,106,102,98,94,90,86,82,78,75,71,68,64,61,58,55,52,50,47,45,42,40,39]},"reason":"COB: 0, Dev: 6, BGI: -4, ISF: 77, CR: 16, Target: 90, minPredBG 49, minGuardBG 19, IOBpredBG 39, UAMpredBG 39; minGuardBG 19<65 115m left and 0 ~ req 0U\/hr: no temp required","COB":0,"IOB":0.864,"timestamp":"2023-12-21T06:51:02.906Z"}}