{"algorithm":"OpenAPSSMBDynamicISFPlugin","input":{"glucoseStatus":{"glucose":86,"noise":0,"delta":0,"short_avgdelta":-0.39,"long_avgdelta":-0.47,"date":1703179537000},"currenttemp":{"temp":"absolute","duration":20,"rate":0.05,"minutesrunning":10},"iob_data":[{"iob":-0.113,"basaliob":-0.16,"bolussnooze":0,"activity":-2.0E-4,"lastBolusTime":1703172077902,"time":"2023-12-21T17:26:07.024Z","iobWithZeroTemp":{"iob":-0.113,"basaliob":-0.16,"bolussnooze":0,"activity":-2.0E-4,"lastBolusTime":1703172077902,"time":"2023-12-21T17:26:07.024Z"}},{"iob":-0.112,"basaliob":-0.154,"bolussnooze":0,"activity":-4.0E-4,"lastBolusTime":1703172077902,"time":"2023-12-21T17:31:07.024Z","iobWithZeroTemp":{"iob":-0.165,"basaliob":-0.207,"bolussnooze":0,"activity":-5.0E-4,"lastBolusTime":1703172077902,"time":"2023-12-21T17:31:07.024Z"}},{"iob":-0.11,"basaliob":-0.147,"bolussnooze":0,"activity":-5.0E-4,"lastBolusTime":1703172077902,"time":"2023-12-21T17:36:07.024Z","iobWithZeroTemp":{"iob":-0.229,"basaliob":-0.266,"bolussnooze":0,"activity":-7.0E-4,"lastBolusTime":1703172077902,"time":"2023-12-21T17:36:07.024Z"}},{"iob":-0.106,"basaliob":-0.139,"bolussnooze":0,"activity":-7.0E-4,"lastBolusTime":1703172077902,"time":"2023-12-21T17:41:07.024Z","iobWithZeroTemp":{"iob":-0.29,"basaliob":-0.323,"bolussnooze":0,"activity":-0.0013,"lastBolusTime":1703172077902,"time":"2023-12-21T17:41:07.024Z"}},{"iob":-0.103,"basaliob":-0.132,"bolussnooze":0,"activity":-8.0E-4,"lastBolusTime":1703172077902,"time":"2023-12-21T17:46:07.024Z","iobWithZeroTemp":{"iob":-0.35,"basaliob":-0.379,"bolussnooze":0,"activity":-0.0018,"lastBolusTime":1703172077902,"time":"2023-12-21T17:46:07.024Z"}},{"iob":-0.098,"basaliob":-0.124,"bolussnooze":0,"activity":-9.0E-4,"lastBolusTime":1703172077902,"time":"2023-12-21T17:51:07.024Z","iobWithZeroTemp":{"iob":-0.406,"basaliob":-0.432,"bolussnooze":0,"activity":-0.0023,"lastBolusTime":1703172077902,"time":"2023-12-21T17:51:07.024Z"}},{"iob":-0.094,"basaliob":-0.117,"bolussnooze":0,"activity":-9.0E-4,"lastBolusTime":1703172077902,"time":"2023-12-21T17:56:07.024Z","iobWithZeroTemp":{"iob":-0.46,"basaliob":-0.483,"bolussnooze":0,"activity":-0.0028,"lastBolusTime":1703172077902,"time":"2023-12-21T17:56:07.024Z"}},{"iob":-0.089,"basaliob":-0.109,"bolussnooze":0,"activity":-0.001,"lastBolusTime":1703172077902,"time":"2023-12-21T18:01:07.024Z","iobWithZeroTemp":{"iob":-0.511,"basaliob":-0.531,"bolussnooze":0,"activity":-0.0035,"lastBolusTime":1703172077902,"time":"2023-12-21T18:01:07.024Z"}},{"iob":-0.084,"basaliob":-0.102,"bolussnooze":0,"activity":-9.0E-4,"lastBolusTime":1703172077902,"time":"2023-12-21T18:06:07.024Z","iobWithZeroTemp":{"iob":-0.559,"basaliob":-0.577,"bolussnooze":0,"activity":-0.0039,"lastBolusTime":1703172077902,"time":"2023-12-21T18:06:07.024Z"}},{"iob":-0.079,"basaliob":-0.095,"bolussnooze":0,"activity":-0.001,"lastBolusTime":1703172077902,"time":"2023-12-21T18:11:07.024Z","iobWithZeroTemp":{"iob":-0.604,"basaliob":-0.62,"bolussnooze":0,"activity":-0.0046,"lastBolusTime":1703172077902,"time":"2023-12-21T18:11:07.024Z"}},{"iob":-0.074,"basaliob":-0.088,"bolussnooze":0,"activity":-9.0E-4,"lastBolusTime":1703172077902,"time":"2023-12-21T18:16:07.024Z","iobWithZeroTemp":{"iob":-0.646,"basaliob":-0.66,"bolussnooze":0,"activity":-0.0051,"lastBolusTime":1703172077902,"time":"2023-12-21T18:16:07.024Z"}},{"iob":-0.069,"basaliob":-0.081,"bolussnooze":0,"activity":-0.001,"lastBolusTime":1703172077902,"time":"2023-12-21T18:21:07.024Z","iobWithZeroTemp":{"iob":-0.686,"basaliob":-0.698,"bolussnooze":0,"activity":-0.0057,"lastBolusTime":1703172077902,"time":"2023-12-21T18:21:07.024Z"}},{"iob":-0.065,"basaliob":-0.075,"bolussnooze":0,"activity":-9.0E-4,"lastBolusTime":1703172077902,"time":"2023-12-21T18:26:07.024Z","iobWithZeroTemp":{"iob":-0.723,"basaliob":-0.733,"bolussnooze":0,"activity":-0.0062,"lastBolusTime":1703172077902,"time":"2023-12-21T18:26:07.024Z"}},{"iob":-0.06,"basaliob":-0.069,"bolussnooze":0,"activity":-8.0E-4,"lastBolusTime":1703172077902,"time":"2023-12-21T18:31:07.024Z","iobWithZeroTemp":{"iob":-0.757,"basaliob":-0.766,"bolussnooze":0,"activity":-0.0067,"lastBolusTime":1703172077902,"time":"2023-12-21T18:31:07.024Z"}},{"iob":-0.056,"basaliob":-0.064,"bolussnooze":0,"activity":-9.0E-4,"lastBolusTime":1703172077902,"time":"2023-12-21T18:36:07.024Z","iobWithZeroTemp":{"iob":-0.789,"basaliob":-0.797,"bolussnooze":0,"activity":-0.0073,"lastBolusTime":1703172077902,"time":"2023-12-21T18:36:07.024Z"}},{"iob":-0.051,"basaliob":-0.058,"bolussnooze":0,"activity":-8.0E-4,"lastBolusTime":1703172077902,"time":"2023-12-21T18:41:07.024Z","iobWithZeroTemp":{"iob":-0.818,"basaliob":-0.825,"bolussnooze":0,"activity":-0.0077,"lastBolusTime":1703172077902,"time":"2023-12-21T18:41:07.024Z"}},{"iob":-0.048,"basaliob":-0.054,"bolussnooze":0,"activity":-7.0E-4,"lastBolusTime":1703172077902,"time":"2023-12-21T18:46:07.024Z","iobWithZeroTemp":{"iob":-0.846,"basaliob":-0.852,"bolussnooze":0,"activity":-0.0081,"lastBolusTime":1703172077902,"time":"2023-12-21T18:46:07.024Z"}},{"iob":-0.044,"basaliob":-0.049,"bolussnooze":0,"activity":-7.0E-4,"lastBolusTime":1703172077902,"time":"2023-12-21T18:51:07.024Z","iobWithZeroTemp":{"iob":-0.87,"basaliob":-0.875,"bolussnooze":0,"activity":-0.0085,"lastBolusTime":1703172077902,"time":"2023-12-21T18:51:07.024Z"}},{"iob":-0.041,"basaliob":-0.045,"bolussnooze":0,"activity":-7.0E-4,"lastBolusTime":1703172077902,"time":"2023-12-21T18:56:07.024Z","iobWithZeroTemp":{"iob":-0.894,"basaliob":-0.898,"bolussnooze":0,"activity":-0.009,"lastBolusTime":1703172077902,"time":"2023-12-21T18:56:07.024Z"}},{"iob":-0.038,"basaliob":-0.041,"bolussnooze":0,"activity":-7.0E-4,"lastBolusTime":1703172077902,"time":"2023-12-21T19:01:07.024Z","iobWithZeroTemp":{"iob":-0.915,"basaliob":-0.918,"bolussnooze":0,"activity":-0.0094,"lastBolusTime":1703172077902,"time":"2023-12-21T19:01:07.024Z"}},{"iob":-0.034,"basaliob":-0.037,"bolussnooze":0,"activity":-6.0E-4,"lastBolusTime":1703172077902,"time":"2023-12-21T19:06:07.024Z","iobWithZeroTemp":{"iob":-0.934,"basaliob":-0.937,"bolussnooze":0,"activity":-0.0097,"lastBolusTime":1703172077902,"time":"2023-12-21T19:06:07.024Z"}},{"iob":-0.032,"basaliob":-0.034,"bolussnooze":0,"activity":-6.0E-4,"lastBolusTime":1703172077902,"time":"2023-12-21T19:11:07.024Z","iobWithZeroTemp":{"iob":-0.952,"basaliob":-0.954,"bolussnooze":0,"activity":-0.01,"lastBolusTime":1703172077902,"time":"2023-12-21T19:11:07.024Z"}},{"iob":-0.028,"basaliob":-0.03,"bolussnooze":0,"activity":-5.0E-4,"lastBolusTime":1703172077902,"time":"2023-12-21T19:16:07.024Z","iobWithZeroTemp":{"iob":-0.967,"basaliob":-0.969,"bolussnooze":0,"activity":-0.0103,"lastBolusTime":1703172077902,"time":"2023-12-21T19:16:07.024Z"}},{"iob":-0.027,"basaliob":-0.028,"bolussnooze":0,"activity":-5.0E-4,"lastBolusTime":1703172077902,"time":"2023-12-21T19:21:07.024Z","iobWithZeroTemp":{"iob":-0.983,"basaliob":-0.984,"bolussnooze":0,"activity":-0.0106,"lastBolusTime":1703172077902,"time":"2023-12-21T19:21:07.024Z"}},{"iob":-0.024,"basaliob":-0.025,"bolussnooze":0,"activity":-4.0E-4,"lastBolusTime":1703172077902,"time":"2023-12-21T19:26:07.024Z","iobWithZeroTemp":{"iob":-0.996,"basaliob":-0.997,"bolussnooze":0,"activity":-0.0108,"lastBolusTime":1703172077902,"time":"2023-12-21T19:26:07.024Z"}},{"iob":-0.021,"basaliob":-0.022,"bolussnooze":0,"activity":-5.0E-4,"lastBolusTime":1703172077902,"time":"2023-12-21T19:31:07.024Z","iobWithZeroTemp":{"iob":-1.007,"basaliob":-1.008,"bolussnooze":0,"activity":-0.0111,"lastBolusTime":1703172077902,"time":"2023-12-21T19:31:07.024Z"}},{"iob":-0.019,"basaliob":-0.02,"bolussnooze":0,"activity":-4.0E-4,"lastBolusTime":1703172077902,"time":"2023-12-21T19:36:07.024Z","iobWithZeroTemp":{"iob":-1.018,"basaliob":-1.019,"bolussnooze":0,"activity":-0.0113,"lastBolusTime":1703172077902,"time":"2023-12-21T19:36:07.024Z"}},{"iob":-0.017,"basaliob":-0.018,"bolussnooze":0,"activity":-4.0E-4,"lastBolusTime":1703172077902,"time":"2023-12-21T19:41:07.024Z","iobWithZeroTemp":{"iob":-1.027,"basaliob":-1.028,"bolussnooze":0,"activity":-0.0115,"lastBolusTime":1703172077902,"time":"2023-12-21T19:41:07.024Z"}},{"iob":-0.016,"basaliob":-0.016,"bolussnooze":0,"activity":-4.0E-4,"lastBolusTime":1703172077902,"time":"2023-12-21T19:46:07.024Z","iobWithZeroTemp":{"iob":-1.037,"basaliob":-1.037,"bolussnooze":0,"activity":-0.0117,"lastBolusTime":1703172077902,"time":"2023-12-21T19:46:07.024Z"}},{"iob":-0.015,"basaliob":-0.015,"bolussnooze":0,"activity":-3.0E-4,"lastBolusTime":1703172077902,"time":"2023-12-21T19:51:07.024Z","iobWithZeroTemp":{"iob":-1.045,"basaliob":-1.045,"bolussnooze":0,"activity":-0.0118,"lastBolusTime":1703172077902,"time":"2023-12-21T19:51:07.024Z"}},{"iob":-0.013,"basaliob":-0.013,"bolussnooze":0,"activity":-3.0E-4,"lastBolusTime":1703172077902,"time":"2023-12-21T19:56:07.024Z","iobWithZeroTemp":{"iob":-1.052,"basaliob":-1.052,"bolussnooze":0,"activity":-0.012,"lastBolusTime":1703172077902,"time":"2023-12-21T19:56:07.024Z"}},{"iob":-0.012,"basaliob":-0.012,"bolussnooze":0,"activity":-3.0E-4,"lastBolusTime":1703172077902,"time":"2023-12-21T20:01:07.024Z","iobWithZeroTemp":{"iob":-1.059,"basaliob":-1.059,"bolussnooze":0,"activity":-0.0122,"lastBolusTime":1703172077902,"time":"2023-12-21T20:01:07.024Z"}},{"iob":-0.01,"basaliob":-0.01,"bolussnooze":0,"activity":-2.0E-4,"lastBolusTime":1703172077902,"time":"2023-12-21T20:06:07.024Z","iobWithZeroTemp":{"iob":-1.064,"basaliob":-1.064,"bolussnooze":0,"activity":-0.0122,"lastBolusTime":1703172077902,"time":"2023-12-21T20:06:07.024Z"}},{"iob":-0.009,"basaliob":-0.009,"bolussnooze":0,"activity":-2.0E-4,"lastBolusTime":1703172077902,"time":"2023-12-21T20:11:07.024Z","iobWithZeroTemp":{"iob":-1.069,"basaliob":-1.069,"bolussnooze":0,"activity":-0.0124,"lastBolusTime":1703172077902,"time":"2023-12-21T20:11:07.024Z"}},{"iob":-0.008,"basaliob":-0.008,"bolussnooze":0,"activity":-2.0E-4,"lastBolusTime":1703172077902,"time":"2023-12-21T20:16:07.024Z","iobWithZeroTemp":{"iob":-1.073,"basaliob":-1.073,"bolussnooze":0,"activity":-0.0125,"lastBolusTime":1703172077902,"time":"2023-12-21T20:16:07.024Z"}},{"iob":-0.007,"basaliob":-0.007,"bolussnooze":0,"activity":-2.0E-4,"lastBolusTime":1703172077902,"time":"2023-12-21T20:21:07.024Z","iobWithZeroTemp":{"iob":-1.077,"basaliob":-1.077,"bolussnooze":0,"activity":-0.0126,"lastBolusTime":1703172077902,"time":"2023-12-21T20:21:07.024Z"}},{"iob":-0.006,"basaliob":-0.006,"bolussnooze":0,"activity":-2.0E-4,"lastBolusTime":1703172077902,"time":"2023-12-21T20:26:07.024Z","iobWithZeroTemp":{"iob":-1.081,"basaliob":-1.081,"bolussnooze":0,"activity":-0.0127,"lastBolusTime":1703172077902,"time":"2023-12-21T20:26:07.024Z"}},{"iob":-0.006,"basaliob":-0.006,"bolussnooze":0,"activity":-1.0E-4,"lastBolusTime":1703172077902,"time":"2023-12-21T20:31:07.024Z","iobWithZeroTemp":{"iob":-1.085,"basaliob":-1.085,"bolussnooze":0,"activity":-0.0127,"lastBolusTime":1703172077902,"time":"2023-12-21T20:31:07.024Z"}},{"iob":-0.005,"basaliob":-0.005,"bolussnooze":0,"activity":-1.0E-4,"lastBolusTime":1703172077902,"time":"2023-12-21T20:36:07.024Z","iobWithZeroTemp":{"iob":-1.087,"basaliob":-1.087,"bolussnooze":0,"activity":-0.0128,"lastBolusTime":1703172077902,"time":"2023-12-21T20:36:07.024Z"}},{"iob":-0.004,"basaliob":-0.004,"bolussnooze":0,"activity":-1.0E-4,"lastBolusTime":1703172077902,"time":"2023-12-21T20:41:07.024Z","iobWithZeroTemp":{"iob":-1.089,"basaliob":-1.089,"bolussnooze":0,"activity":-0.0129,"lastBolusTime":1703172077902,"time":"2023-12-21T20:41:07.024Z"}},{"iob":-0.004,"basaliob":-0.004,"bolussnooze":0,"activity":-1.0E-4,"lastBolusTime":1703172077902,"time":"2023-12-21T20:46:07.024Z","iobWithZeroTemp":{"iob":-1.092,"basaliob":-1.092,"bolussnooze":0,"activity":-0.0129,"lastBolusTime":1703172077902,"time":"2023-12-21T20:46:07.024Z"}},{"iob":-0.003,"basaliob":-0.003,"bolussnooze":0,"activity":-1.0E-4,"lastBolusTime":1703172077902,"time":"2023-12-21T20:51:07.024Z","iobWithZeroTemp":{"iob":-1.093,"basaliob":-1.093,"bolussnooze":0,"activity":-0.013,"lastBolusTime":1703172077902,"time":"2023-12-21T20:51:07.024Z"}},{"iob":-0.003,"basaliob":-0.003,"bolussnooze":0,"activity":-1.0E-4,"lastBolusTime":0,"time":"2023-12-21T20:56:07.024Z","iobWithZeroTemp":{"iob":-1.095,"basaliob":-1.095,"bolussnooze":0,"activity":-0.0131,"lastBolusTime":0,"time":"2023-12-21T20:56:07.024Z"}},{"iob":-0.002,"basaliob":-0.002,"bolussnooze":0,"activity":-1.0E-4,"lastBolusTime":0,"time":"2023-12-21T21:01:07.024Z","iobWithZeroTemp":{"iob":-1.096,"basaliob":-1.096,"bolussnooze":0,"activity":-0.0131,"lastBolusTime":0,"time":"2023-12-21T21:01:07.024Z"}},{"iob":-0.002,"basaliob":-0.002,"bolussnooze":0,"activity":-1.0E-4,"lastBolusTime":0,"time":"2023-12-21T21:06:07.024Z","iobWithZeroTemp":{"iob":-1.098,"basaliob":-1.098,"bolussnooze":0,"activity":-0.0131,"lastBolusTime":0,"time":"2023-12-21T21:06:07.024Z"}},{"iob":-0.002,"basaliob":-0.002,"bolussnooze":0,"activity":-1.0E-4,"lastBolusTime":0,"time":"2023-12-21T21:11:07.024Z","iobWithZeroTemp":{"iob":-1.099,"basaliob":-1.099,"bolussnooze":0,"activity":-0.0132,"lastBolusTime":0,"time":"2023-12-21T21:11:07.024Z"}},{"iob":-0.001,"basaliob":-0.001,"bolussnooze":0,"activity":-1.0E-4,"lastBolusTime":0,"time":"2023-12-21T21:16:07.024Z","iobWithZeroTemp":{"iob":-1.099,"basaliob":-1.099,"bolussnooze":0,"activity":-0.0132,"lastBolusTime":0,"time":"2023-12-21T21:16:07.024Z"}},{"iob":-0.001,"basaliob":-0.001,"bolussnooze":0,"activity":0,"lastBolusTime":0,"time":"2023-12-21T21:21:07.024Z","iobWithZeroTemp":{"iob":-1.1,"basaliob":-1.1,"bolussnooze":0,"activity":-0.0132,"lastBolusTime":0,"time":"2023-12-21T21:21:07.024Z"}}],"profile":{"max_iob":7,"type":"current","max_daily_basal":0.8,"max_basal":5,"min_bg":80,"max_bg":90,"target_bg":85,"carb_ratio":14,"sens":57,"max_daily_safety_multiplier":9,"current_basal_safety_multiplier":8,"lgsThreshold":65,"high_temptarget_raises_sensitivity":false,"low_temptarget_lowers_sensitivity":false,"sensitivity_raises_target":false,"resistance_lowers_target":false,"adv_target_adjustments":false,"exercise_mode":false,"half_basal_exercise_target":160,"maxCOB":120,"skip_neutral_temps":false,"remainingCarbsCap":90,"enableUAM":true,"A52_risk_enable":false,"SMBInterval":3,"enableSMB_with_COB":true,"enableSMB_with_temptarget":true,"allowSMB_with_high_temptarget":true,"enableSMB_always":true,"enableSMB_after_carbs":true,"maxSMBBasalMinutes":120,"maxUAMSMBBasalMinutes":90,"bolus_increment":0.05,"carbsReqThreshold":5,"current_basal":0.8,"temptargetSet":false,"autosens_max":1.6,"autosens_min":0.6,"variable_sens":123.4,"insulinDivisor":75,"TDD":19.101895238095242},"autosens_data":{"ratio":0.9992792992571239},"meal_data":{"carbs":0,"mealCOB":0,"slopeFromMaxDeviation":-0.181,"slopeFromMinDeviation":0.05981818181818181,"lastBolusTime":1703172077902,"lastCarbTime":0},"microBolusAllowed":true,"currentTime":1703179568574,"flatBGsDetected":false,"tdd1D":20.662500000000005,"tdd7D":21.47380952380953,"tddLast24H":21.45833333333334,"tddLast4H":2.8500000000000005,"tddLast8to4H":1.7375000000000003},"output":{"temp":"absolute","bg":86,"tick":"+0","eventualBG":96,"targetBG":85,"insulinReq":0.06,"deliverAt":"2023-12-21T17:26:08.574Z","sensitivityRatio":0.9992792992571239,"variable_sens":123.4,"predBGs":{"IOB":[86,86,85,85,86,86,86,86,87,87,88,88,89,89,90,90,91,91,92,92,93,93,93,94,94,94,94,95,95,95,95,95,96,96,96,96,96,96,96,96,96,96,96,97],"ZT":[86,86,86,87,88,89,90]},"reason":"COB: 0, Dev: -4, BGI: 0, ISF: 123, CR: 14, Target: 85, minPredBG 92, minGuardBG 85, IOBpredBG 97; Eventual BG 96 >= 90,  insulinReq 0.06. temp 0.05 < 0.92U\/hr. ","COB":0,"IOB":-0.113,"duration":30,"rate":0.9194234394056991,"timestamp":"2023-12-21T17:26:08.581Z"}}