{"algorithm":"OpenAPSSMBDynamicISFPlugin","input":{"glucoseStatus":{"glucose":92,"noise":0,"delta":2,"short_avgdelta":1.78,"long_avgdelta":-0.45,"date":1703145636000},"currenttemp":{"temp":"absolute","duration":25,"rate":0.75,"minutesrunning":5},"iob_data":[{"iob":-0.025,"basaliob":-0.515,"bolussnooze":0,"activity":0.0016,"lastBolusTime":1703145369013,"time":"2023-12-21T08:01:06.020Z","iobWithZeroTemp":{"iob":-0.025,"basaliob":-0.515,"bolussnooze":0,"activity":0.0016,"lastBolusTime":1703145369013,"time":"2023-12-21T08:01:06.020Z"}},{"iob":-0.031,"basaliob":-0.481,"bolussnooze":0,"activity":0.0013,"lastBolusTime":1703145369013,"time":"2023-12-21T08:06:06.020Z","iobWithZeroTemp":{"iob":-0.068,"basaliob":-0.518,"bolussnooze":0,"activity":0.0013,"lastBolusTime":1703145369013,"time":"2023-12-21T08:06:06.020Z"}},{"iob":-0.037,"basaliob":-0.449,"bolussnooze":0,"activity":9.0E-4,"lastBolusTime":1703145369013,"time":"2023-12-21T08:11:06.020Z","iobWithZeroTemp":{"iob":-0.119,"basaliob":-0.531,"bolussnooze":0,"activity":7.0E-4,"lastBolusTime":1703145369013,"time":"2023-12-21T08:11:06.020Z"}},{"iob":-0.041,"basaliob":-0.418,"bolussnooze":0,"activity":7.0E-4,"lastBolusTime":1703145369013,"time":"2023-12-21T08:16:06.020Z","iobWithZeroTemp":{"iob":-0.168,"basaliob":-0.545,"bolussnooze":0,"activity":3.0E-4,"lastBolusTime":1703145369013,"time":"2023-12-21T08:16:06.020Z"}},{"iob":-0.044,"basaliob":-0.388,"bolussnooze":0,"activity":4.0E-4,"lastBolusTime":1703145369013,"time":"2023-12-21T08:21:06.020Z","iobWithZeroTemp":{"iob":-0.214,"basaliob":-0.558,"bolussnooze":0,"activity":-3.0E-4,"lastBolusTime":1703145369013,"time":"2023-12-21T08:21:06.020Z"}},{"iob":-0.046,"basaliob":-0.359,"bolussnooze":0,"activity":3.0E-4,"lastBolusTime":1703145369013,"time":"2023-12-21T08:26:06.020Z","iobWithZeroTemp":{"iob":-0.258,"basaliob":-0.571,"bolussnooze":0,"activity":-7.0E-4,"lastBolusTime":1703145369013,"time":"2023-12-21T08:26:06.020Z"}},{"iob":-0.047,"basaliob":-0.332,"bolussnooze":0,"activity":2.0E-4,"lastBolusTime":1703145369013,"time":"2023-12-21T08:31:06.020Z","iobWithZeroTemp":{"iob":-0.299,"basaliob":-0.584,"bolussnooze":0,"activity":-0.0011,"lastBolusTime":1703145369013,"time":"2023-12-21T08:31:06.020Z"}},{"iob":-0.047,"basaliob":-0.306,"bolussnooze":0,"activity":-1.0E-4,"lastBolusTime":1703145369013,"time":"2023-12-21T08:36:06.020Z","iobWithZeroTemp":{"iob":-0.337,"basaliob":-0.596,"bolussnooze":0,"activity":-0.0018,"lastBolusTime":1703145369013,"time":"2023-12-21T08:36:06.020Z"}},{"iob":-0.046,"basaliob":-0.281,"bolussnooze":0,"activity":-2.0E-4,"lastBolusTime":1703145369013,"time":"2023-12-21T08:41:06.020Z","iobWithZeroTemp":{"iob":-0.372,"basaliob":-0.607,"bolussnooze":0,"activity":-0.0023,"lastBolusTime":1703145369013,"time":"2023-12-21T08:41:06.020Z"}},{"iob":-0.046,"basaliob":-0.258,"bolussnooze":0,"activity":-2.0E-4,"lastBolusTime":1703145369013,"time":"2023-12-21T08:46:06.020Z","iobWithZeroTemp":{"iob":-0.407,"basaliob":-0.619,"bolussnooze":0,"activity":-0.0027,"lastBolusTime":1703145369013,"time":"2023-12-21T08:46:06.020Z"}},{"iob":-0.044,"basaliob":-0.236,"bolussnooze":0,"activity":-3.0E-4,"lastBolusTime":1703145369013,"time":"2023-12-21T08:51:06.020Z","iobWithZeroTemp":{"iob":-0.437,"basaliob":-0.629,"bolussnooze":0,"activity":-0.0032,"lastBolusTime":1703145369013,"time":"2023-12-21T08:51:06.020Z"}},{"iob":-0.043,"basaliob":-0.216,"bolussnooze":0,"activity":-3.0E-4,"lastBolusTime":1703145369013,"time":"2023-12-21T08:56:06.020Z","iobWithZeroTemp":{"iob":-0.467,"basaliob":-0.64,"bolussnooze":0,"activity":-0.0036,"lastBolusTime":1703145369013,"time":"2023-12-21T08:56:06.020Z"}},{"iob":-0.041,"basaliob":-0.197,"bolussnooze":0,"activity":-3.0E-4,"lastBolusTime":1703145369013,"time":"2023-12-21T09:01:06.020Z","iobWithZeroTemp":{"iob":-0.493,"basaliob":-0.649,"bolussnooze":0,"activity":-0.004,"lastBolusTime":1703145369013,"time":"2023-12-21T09:01:06.020Z"}},{"iob":-0.039,"basaliob":-0.179,"bolussnooze":0,"activity":-4.0E-4,"lastBolusTime":1703145369013,"time":"2023-12-21T09:06:06.020Z","iobWithZeroTemp":{"iob":-0.518,"basaliob":-0.658,"bolussnooze":0,"activity":-0.0044,"lastBolusTime":1703145369013,"time":"2023-12-21T09:06:06.020Z"}},{"iob":-0.037,"basaliob":-0.163,"bolussnooze":0,"activity":-3.0E-4,"lastBolusTime":1703145369013,"time":"2023-12-21T09:11:06.020Z","iobWithZeroTemp":{"iob":-0.541,"basaliob":-0.667,"bolussnooze":0,"activity":-0.0047,"lastBolusTime":1703145369013,"time":"2023-12-21T09:11:06.020Z"}},{"iob":-0.036,"basaliob":-0.148,"bolussnooze":0,"activity":-4.0E-4,"lastBolusTime":1703145369013,"time":"2023-12-21T09:16:06.020Z","iobWithZeroTemp":{"iob":-0.563,"basaliob":-0.675,"bolussnooze":0,"activity":-0.0051,"lastBolusTime":1703145369013,"time":"2023-12-21T09:16:06.020Z"}},{"iob":-0.034,"basaliob":-0.134,"bolussnooze":0,"activity":-4.0E-4,"lastBolusTime":1703145369013,"time":"2023-12-21T09:21:06.020Z","iobWithZeroTemp":{"iob":-0.582,"basaliob":-0.682,"bolussnooze":0,"activity":-0.0055,"lastBolusTime":1703145369013,"time":"2023-12-21T09:21:06.020Z"}},{"iob":-0.031,"basaliob":-0.121,"bolussnooze":0,"activity":-4.0E-4,"lastBolusTime":1703145369013,"time":"2023-12-21T09:26:06.020Z","iobWithZeroTemp":{"iob":-0.599,"basaliob":-0.689,"bolussnooze":0,"activity":-0.0058,"lastBolusTime":1703145369013,"time":"2023-12-21T09:26:06.020Z"}},{"iob":-0.029,"basaliob":-0.109,"bolussnooze":0,"activity":-4.0E-4,"lastBolusTime":1703145369013,"time":"2023-12-21T09:31:06.020Z","iobWithZeroTemp":{"iob":-0.615,"basaliob":-0.695,"bolussnooze":0,"activity":-0.0061,"lastBolusTime":1703145369013,"time":"2023-12-21T09:31:06.020Z"}},{"iob":-0.028,"basaliob":-0.099,"bolussnooze":0,"activity":-4.0E-4,"lastBolusTime":1703145369013,"time":"2023-12-21T09:36:06.020Z","iobWithZeroTemp":{"iob":-0.631,"basaliob":-0.702,"bolussnooze":0,"activity":-0.0064,"lastBolusTime":1703145369013,"time":"2023-12-21T09:36:06.020Z"}},{"iob":-0.026,"basaliob":-0.089,"bolussnooze":0,"activity":-4.0E-4,"lastBolusTime":1703145369013,"time":"2023-12-21T09:41:06.020Z","iobWithZeroTemp":{"iob":-0.644,"basaliob":-0.707,"bolussnooze":0,"activity":-0.0066,"lastBolusTime":1703145369013,"time":"2023-12-21T09:41:06.020Z"}},{"iob":-0.025,"basaliob":-0.08,"bolussnooze":0,"activity":-3.0E-4,"lastBolusTime":1703145369013,"time":"2023-12-21T09:46:06.020Z","iobWithZeroTemp":{"iob":-0.658,"basaliob":-0.713,"bolussnooze":0,"activity":-0.0068,"lastBolusTime":1703145369013,"time":"2023-12-21T09:46:06.020Z"}},{"iob":-0.022,"basaliob":-0.071,"bolussnooze":0,"activity":-3.0E-4,"lastBolusTime":1703145369013,"time":"2023-12-21T09:51:06.020Z","iobWithZeroTemp":{"iob":-0.667,"basaliob":-0.716,"bolussnooze":0,"activity":-0.007,"lastBolusTime":1703145369013,"time":"2023-12-21T09:51:06.020Z"}},{"iob":-0.021,"basaliob":-0.064,"bolussnooze":0,"activity":-3.0E-4,"lastBolusTime":1703145369013,"time":"2023-12-21T09:56:06.020Z","iobWithZeroTemp":{"iob":-0.678,"basaliob":-0.721,"bolussnooze":0,"activity":-0.0072,"lastBolusTime":1703145369013,"time":"2023-12-21T09:56:06.020Z"}},{"iob":-0.02,"basaliob":-0.057,"bolussnooze":0,"activity":-3.0E-4,"lastBolusTime":1703145369013,"time":"2023-12-21T10:01:06.020Z","iobWithZeroTemp":{"iob":-0.688,"basaliob":-0.725,"bolussnooze":0,"activity":-0.0074,"lastBolusTime":1703145369013,"time":"2023-12-21T10:01:06.020Z"}},{"iob":-0.018,"basaliob":-0.051,"bolussnooze":0,"activity":-3.0E-4,"lastBolusTime":1703145369013,"time":"2023-12-21T10:06:06.020Z","iobWithZeroTemp":{"iob":-0.696,"basaliob":-0.729,"bolussnooze":0,"activity":-0.0076,"lastBolusTime":1703145369013,"time":"2023-12-21T10:06:06.020Z"}},{"iob":-0.017,"basaliob":-0.045,"bolussnooze":0,"activity":-3.0E-4,"lastBolusTime":1703145369013,"time":"2023-12-21T10:11:06.020Z","iobWithZeroTemp":{"iob":-0.704,"basaliob":-0.732,"bolussnooze":0,"activity":-0.0078,"lastBolusTime":1703145369013,"time":"2023-12-21T10:11:06.020Z"}},{"iob":-0.015,"basaliob":-0.04,"bolussnooze":0,"activity":-3.0E-4,"lastBolusTime":1703145369013,"time":"2023-12-21T10:16:06.020Z","iobWithZeroTemp":{"iob":-0.71,"basaliob":-0.735,"bolussnooze":0,"activity":-0.0079,"lastBolusTime":1703145369013,"time":"2023-12-21T10:16:06.020Z"}},{"iob":-0.014,"basaliob":-0.035,"bolussnooze":0,"activity":-3.0E-4,"lastBolusTime":1703145369013,"time":"2023-12-21T10:21:06.020Z","iobWithZeroTemp":{"iob":-0.716,"basaliob":-0.737,"bolussnooze":0,"activity":-0.0081,"lastBolusTime":1703145369013,"time":"2023-12-21T10:21:06.020Z"}},{"iob":-0.013,"basaliob":-0.031,"bolussnooze":0,"activity":-2.0E-4,"lastBolusTime":1703145369013,"time":"2023-12-21T10:26:06.020Z","iobWithZeroTemp":{"iob":-0.721,"basaliob":-0.739,"bolussnooze":0,"activity":-0.0081,"lastBolusTime":1703145369013,"time":"2023-12-21T10:26:06.020Z"}},{"iob":-0.011,"basaliob":-0.027,"bolussnooze":0,"activity":-2.0E-4,"lastBolusTime":1703145369013,"time":"2023-12-21T10:31:06.020Z","iobWithZeroTemp":{"iob":-0.725,"basaliob":-0.741,"bolussnooze":0,"activity":-0.0083,"lastBolusTime":1703145369013,"time":"2023-12-21T10:31:06.020Z"}},{"iob":-0.011,"basaliob":-0.024,"bolussnooze":0,"activity":-2.0E-4,"lastBolusTime":1703145369013,"time":"2023-12-21T10:36:06.020Z","iobWithZeroTemp":{"iob":-0.731,"basaliob":-0.744,"bolussnooze":0,"activity":-0.0084,"lastBolusTime":1703145369013,"time":"2023-12-21T10:36:06.020Z"}},{"iob":-0.01,"basaliob":-0.021,"bolussnooze":0,"activity":-2.0E-4,"lastBolusTime":1703145369013,"time":"2023-12-21T10:41:06.020Z","iobWithZeroTemp":{"iob":-0.734,"basaliob":-0.745,"bolussnooze":0,"activity":-0.0085,"lastBolusTime":1703145369013,"time":"2023-12-21T10:41:06.020Z"}},{"iob":-0.009,"basaliob":-0.018,"bolussnooze":0,"activity":-2.0E-4,"lastBolusTime":1703145369013,"time":"2023-12-21T10:46:06.020Z","iobWithZeroTemp":{"iob":-0.738,"basaliob":-0.747,"bolussnooze":0,"activity":-0.0086,"lastBolusTime":1703145369013,"time":"2023-12-21T10:46:06.020Z"}},{"iob":-0.008,"basaliob":-0.016,"bolussnooze":0,"activity":-2.0E-4,"lastBolusTime":1703145369013,"time":"2023-12-21T10:51:06.020Z","iobWithZeroTemp":{"iob":-0.74,"basaliob":-0.748,"bolussnooze":0,"activity":-0.0087,"lastBolusTime":1703145369013,"time":"2023-12-21T10:51:06.020Z"}},{"iob":-0.007,"basaliob":-0.014,"bolussnooze":0,"activity":-2.0E-4,"lastBolusTime":1703145369013,"time":"2023-12-21T10:56:06.020Z","iobWithZeroTemp":{"iob":-0.743,"basaliob":-0.75,"bolussnooze":0,"activity":-0.0087,"lastBolusTime":1703145369013,"time":"2023-12-21T10:56:06.020Z"}},{"iob":-0.007,"basaliob":-0.012,"bolussnooze":0,"activity":-2.0E-4,"lastBolusTime":1703145369013,"time":"2023-12-21T11:01:06.020Z","iobWithZeroTemp":{"iob":-0.746,"basaliob":-0.751,"bolussnooze":0,"activity":-0.0088,"lastBolusTime":1703145369013,"time":"2023-12-21T11:01:06.020Z"}},{"iob":-0.006,"basaliob":-0.01,"bolussnooze":0,"activity":-1.0E-4,"lastBolusTime":1703145369013,"time":"2023-12-21T11:06:06.020Z","iobWithZeroTemp":{"iob":-0.747,"basaliob":-0.751,"bolussnooze":0,"activity":-0.0088,"lastBolusTime":1703145369013,"time":"2023-12-21T11:06:06.020Z"}},{"iob":-0.005,"basaliob":-0.009,"bolussnooze":0,"activity":-1.0E-4,"lastBolusTime":1703145369013,"time":"2023-12-21T11:11:06.020Z","iobWithZeroTemp":{"iob":-0.749,"basaliob":-0.753,"bolussnooze":0,"activity":-0.0088,"lastBolusTime":1703145369013,"time":"2023-12-21T11:11:06.020Z"}},{"iob":-0.004,"basaliob":-0.007,"bolussnooze":0,"activity":-1.0E-4,"lastBolusTime":1703145369013,"time":"2023-12-21T11:16:06.020Z","iobWithZeroTemp":{"iob":-0.75,"basaliob":-0.753,"bolussnooze":0,"activity":-0.0089,"lastBolusTime":1703145369013,"time":"2023-12-21T11:16:06.020Z"}},{"iob":-0.004,"basaliob":-0.006,"bolussnooze":0,"activity":-1.0E-4,"lastBolusTime":1703145369013,"time":"2023-12-21T11:21:06.020Z","iobWithZeroTemp":{"iob":-0.752,"basaliob":-0.754,"bolussnooze":0,"activity":-0.0089,"lastBolusTime":1703145369013,"time":"2023-12-21T11:21:06.020Z"}},{"iob":-0.003,"basaliob":-0.005,"bolussnooze":0,"activity":-1.0E-4,"lastBolusTime":1703145369013,"time":"2023-12-21T11:26:06.020Z","iobWithZeroTemp":{"iob":-0.752,"basaliob":-0.754,"bolussnooze":0,"activity":-0.009,"lastBolusTime":1703145369013,"time":"2023-12-21T11:26:06.020Z"}},{"iob":-0.002,"basaliob":-0.004,"bolussnooze":0,"activity":-1.0E-4,"lastBolusTime":1703145369013,"time":"2023-12-21T11:31:06.020Z","iobWithZeroTemp":{"iob":-0.753,"basaliob":-0.755,"bolussnooze":0,"activity":-0.009,"lastBolusTime":1703145369013,"time":"2023-12-21T11:31:06.020Z"}},{"iob":-0.003,"basaliob":-0.004,"bolussnooze":0,"activity":0,"lastBolusTime":1703145369013,"time":"2023-12-21T11:36:06.020Z","iobWithZeroTemp":{"iob":-0.755,"basaliob":-0.756,"bolussnooze":0,"activity":-0.0089,"lastBolusTime":1703145369013,"time":"2023-12-21T11:36:06.020Z"}},{"iob":-0.002,"basaliob":-0.003,"bolussnooze":0,"activity":-1.0E-4,"lastBolusTime":1703145369013,"time":"2023-12-21T11:41:06.020Z","iobWithZeroTemp":{"iob":-0.755,"basaliob":-0.756,"bolussnooze":0,"activity":-0.0091,"lastBolusTime":1703145369013,"time":"2023-12-21T11:41:06.020Z"}},{"iob":-0.001,"basaliob":-0.002,"bolussnooze":0,"activity":-1.0E-4,"lastBolusTime":1703145369013,"time":"2023-12-21T11:46:06.020Z","iobWithZeroTemp":{"iob":-0.755,"basaliob":-0.756,"bolussnooze":0,"activity":-0.0091,"lastBolusTime":1703145369013,"time":"2023-12-21T11:46:06.020Z"}},{"iob":-0.001,"basaliob":-0.002,"bolussnooze":0,"activity":-1.0E-4,"lastBolusTime":1703145369013,"time":"2023-12-21T11:51:06.020Z","iobWithZeroTemp":{"iob":-0.756,"basaliob":-0.757,"bolussnooze":0,"activity":-0.0091,"lastBolusTime":1703145369013,"time":"2023-12-21T11:51:06.020Z"}},{"iob":-0.001,"basaliob":-0.002,"bolussnooze":0,"activity":-1.0E-4,"lastBolusTime":1703145369013,"time":"2023-12-21T11:56:06.020Z","iobWithZeroTemp":{"iob":-0.757,"basaliob":-0.758,"bolussnooze":0,"activity":-0.0091,"lastBolusTime":1703145369013,"time":"2023-12-21T11:56:06.020Z"}}],"profile":{"max_iob":7,"type":"current","max_daily_basal":0.8,"max_basal":4.4,"min_bg":90,"max_bg":90,"target_bg":90,"carb_ratio":16,"sens":57,"max_daily_safety_multiplier":9,"current_basal_safety_multiplier":8,"lgsThreshold":65,"high_temptarget_raises_sensitivity":false,"low_temptarget_lowers_sensitivity":false,"sensitivity_raises_target":false,"resistance_lowers_target":false,"adv_target_adjustments":false,"exercise_mode":false,"half_basal_exercise_target":160,"maxCOB":120,"skip_neutral_temps":false,"remainingCarbsCap":90,"enableUAM":true,"A52_risk_enable":false,"SMBInterval":3,"enableSMB_with_COB":true,"enableSMB_with_temptarget":true,"allowSMB_with_high_temptarget":true,"enableSMB_always":true,"enableSMB_after_carbs":true,"maxSMBBasalMinutes":120,"maxUAMSMBBasalMinutes":90,"bolus_increment":0.05,"carbsReqThreshold":5,"current_basal":0.55,"temptargetSet":false,"autosens_max":1.6,"autosens_min":0.6,"variable_sens":106.9,"insulinDivisor":75,"TDD":21.035695238095244},"autosens_data":{"ratio":1.0087870052112209},"meal_data":{"carbs":0,"mealCOB":0,"slopeFromMaxDeviation":0,"slopeFromMinDeviation":0.6613999999999999,"lastBolusTime":1703145369013,"lastCarbTime":0},"microBolusAllowed":true,"currentTime":1703145667774,"flatBGsDetected":false,"tdd1D":20.662500000000005,"tdd7D":21.47380952380953,"tddLast24H":21.66250000000001,"tddLast4H":2.216666666666667,"tddLast8to4H":6.470833333333334},"output":{"temp":"absolute","bg":92,"tick":"+2","eventualBG":111,"targetBG":90,"insulinReq":0.14,"deliverAt":"2023-12-21T08:01:07.774Z","sensitivityRatio":1.0087870052112209,"variable_sens":106.9,"predBGs":{"IOB":[92,94,95,96,98,99,100,101,102,103,104,104,104,104,104,105,105,105,105,105,106,106,106,106,106,106,106,107,107,107,107,107,107,107,107,108],"ZT":[92,91,90,90,90,90,90],"UAM":[92,94,95,96,98,99,100,101,102,103,103,104,104,104,104,104,104,105,105,105,105,105,106,106,106,106,106,106,107,107,107,107,107,107,107,107,107,107,108]},"reason":"COB: 0, Dev: 16, BGI: -1, ISF: 107, CR: 16, Target: 90, minPredBG 105, minGuardBG 94, IOBpredBG 108, UAMpredBG 108; Eventual BG 111 >= 90,  insulinReq 0.14. Microbolusing 0.05U. temp 0.75 < 0.83U\/hr.  25m left and 0.75 ~ req 0.8348328528661716U\/hr: no temp required","COB":0,"IOB":-0.025,"units":0.05,"timestamp":"2023-12-21T08:01:07.781Z"}}