{"algorithm":"OpenAPSSMBDynamicISFPlugin","input":{"glucoseStatus":{"glucose":116,"noise":0,"delta":5,"short_avgdelta":4.61,"long_avgdelta":4.18,"date":1703139936000},"currenttemp":{"temp":"absolute","duration":25,"rate":0.5,"minutesrunning":5},"iob_data":[{"iob":0.865,"basaliob":-0.337,"bolussnooze":4.0E-4,"activity":0.0062,"lastBolusTime":1703139665239,"time":"2023-12-21T06:25:59.718Z","iobWithZeroTemp":{"iob":0.865,"basaliob":-0.337,"bolussnooze":4.0E-4,"activity":0.0062,"lastBolusTime":1703139665239,"time":"2023-12-21T06:25:59.718Z"}},{"iob":0.832,"basaliob":-0.312,"bolussnooze":2.0E-4,"activity":0.0069,"lastBolusTime":1703139665239,"time":"2023-12-21T06:30:59.718Z","iobWithZeroTemp":{"iob":0.795,"basaliob":-0.349,"bolussnooze":2.0E-4,"activity":0.0069,"lastBolusTime":1703139665239,"time":"2023-12-21T06:30:59.718Z"}},{"iob":0.796,"basaliob":-0.288,"bolussnooze":1.0E-4,"activity":0.0075,"lastBolusTime":1703139665239,"time":"2023-12-21T06:35:59.718Z","iobWithZeroTemp":{"iob":0.714,"basaliob":-0.37,"bolussnooze":1.0E-4,"activity":0.0073,"lastBolusTime":1703139665239,"time":"2023-12-21T06:35:59.718Z"}},{"iob":0.758,"basaliob":-0.265,"bolussnooze":0,"activity":0.0079,"lastBolusTime":1703139665239,"time":"2023-12-21T06:40:59.718Z","iobWithZeroTemp":{"iob":0.631,"basaliob":-0.392,"bolussnooze":0,"activity":0.0075,"lastBolusTime":1703139665239,"time":"2023-12-21T06:40:59.718Z"}},{"iob":0.718,"basaliob":-0.244,"bolussnooze":0,"activity":0.008,"lastBolusTime":1703139665239,"time":"2023-12-21T06:45:59.718Z","iobWithZeroTemp":{"iob":0.548,"basaliob":-0.414,"bolussnooze":0,"activity":0.0073,"lastBolusTime":1703139665239,"time":"2023-12-21T06:45:59.718Z"}},{"iob":0.678,"basaliob":-0.223,"bolussnooze":0,"activity":0.0081,"lastBolusTime":1703139665239,"time":"2023-12-21T06:50:59.718Z","iobWithZeroTemp":{"iob":0.466,"basaliob":-0.435,"bolussnooze":0,"activity":0.0071,"lastBolusTime":1703139665239,"time":"2023-12-21T06:50:59.718Z"}},{"iob":0.638,"basaliob":-0.204,"bolussnooze":0,"activity":0.008,"lastBolusTime":1703139665239,"time":"2023-12-21T06:55:59.718Z","iobWithZeroTemp":{"iob":0.386,"basaliob":-0.456,"bolussnooze":0,"activity":0.0067,"lastBolusTime":1703139665239,"time":"2023-12-21T06:55:59.718Z"}},{"iob":0.597,"basaliob":-0.187,"bolussnooze":0,"activity":0.008,"lastBolusTime":1703139665239,"time":"2023-12-21T07:00:59.718Z","iobWithZeroTemp":{"iob":0.307,"basaliob":-0.477,"bolussnooze":0,"activity":0.0063,"lastBolusTime":1703139665239,"time":"2023-12-21T07:00:59.718Z"}},{"iob":0.558,"basaliob":-0.17,"bolussnooze":0,"activity":0.0077,"lastBolusTime":1703139665239,"time":"2023-12-21T07:05:59.718Z","iobWithZeroTemp":{"iob":0.232,"basaliob":-0.496,"bolussnooze":0,"activity":0.0056,"lastBolusTime":1703139665239,"time":"2023-12-21T07:05:59.718Z"}},{"iob":0.52,"basaliob":-0.155,"bolussnooze":0,"activity":0.0075,"lastBolusTime":1703139665239,"time":"2023-12-21T07:10:59.718Z","iobWithZeroTemp":{"iob":0.159,"basaliob":-0.516,"bolussnooze":0,"activity":0.005,"lastBolusTime":1703139665239,"time":"2023-12-21T07:10:59.718Z"}},{"iob":0.483,"basaliob":-0.141,"bolussnooze":0,"activity":0.0073,"lastBolusTime":1703139665239,"time":"2023-12-21T07:15:59.718Z","iobWithZeroTemp":{"iob":0.09,"basaliob":-0.534,"bolussnooze":0,"activity":0.0044,"lastBolusTime":1703139665239,"time":"2023-12-21T07:15:59.718Z"}},{"iob":0.448,"basaliob":-0.127,"bolussnooze":0,"activity":0.0069,"lastBolusTime":1703139665239,"time":"2023-12-21T07:20:59.718Z","iobWithZeroTemp":{"iob":0.024,"basaliob":-0.551,"bolussnooze":0,"activity":0.0036,"lastBolusTime":1703139665239,"time":"2023-12-21T07:20:59.718Z"}},{"iob":0.414,"basaliob":-0.115,"bolussnooze":0,"activity":0.0066,"lastBolusTime":1703139665239,"time":"2023-12-21T07:25:59.718Z","iobWithZeroTemp":{"iob":-0.038,"basaliob":-0.567,"bolussnooze":0,"activity":0.0029,"lastBolusTime":1703139665239,"time":"2023-12-21T07:25:59.718Z"}},{"iob":0.382,"basaliob":-0.104,"bolussnooze":0,"activity":0.0063,"lastBolusTime":1703139665239,"time":"2023-12-21T07:30:59.718Z","iobWithZeroTemp":{"iob":-0.097,"basaliob":-0.583,"bolussnooze":0,"activity":0.0023,"lastBolusTime":1703139665239,"time":"2023-12-21T07:30:59.718Z"}},{"iob":0.351,"basaliob":-0.094,"bolussnooze":0,"activity":0.006,"lastBolusTime":1703139665239,"time":"2023-12-21T07:35:59.718Z","iobWithZeroTemp":{"iob":-0.153,"basaliob":-0.598,"bolussnooze":0,"activity":0.0016,"lastBolusTime":1703139665239,"time":"2023-12-21T07:35:59.718Z"}},{"iob":0.323,"basaliob":-0.084,"bolussnooze":0,"activity":0.0055,"lastBolusTime":1703139665239,"time":"2023-12-21T07:40:59.718Z","iobWithZeroTemp":{"iob":-0.204,"basaliob":-0.611,"bolussnooze":0,"activity":8.0E-4,"lastBolusTime":1703139665239,"time":"2023-12-21T07:40:59.718Z"}},{"iob":0.296,"basaliob":-0.076,"bolussnooze":0,"activity":0.0052,"lastBolusTime":1703139665239,"time":"2023-12-21T07:45:59.718Z","iobWithZeroTemp":{"iob":-0.252,"basaliob":-0.624,"bolussnooze":0,"activity":1.0E-4,"lastBolusTime":1703139665239,"time":"2023-12-21T07:45:59.718Z"}},{"iob":0.271,"basaliob":-0.068,"bolussnooze":0,"activity":0.0049,"lastBolusTime":1703139665239,"time":"2023-12-21T07:50:59.718Z","iobWithZeroTemp":{"iob":-0.297,"basaliob":-0.636,"bolussnooze":0,"activity":-5.0E-4,"lastBolusTime":1703139665239,"time":"2023-12-21T07:50:59.718Z"}},{"iob":0.247,"basaliob":-0.061,"bolussnooze":0,"activity":0.0045,"lastBolusTime":1703139665239,"time":"2023-12-21T07:55:59.718Z","iobWithZeroTemp":{"iob":-0.339,"basaliob":-0.647,"bolussnooze":0,"activity":-0.0012,"lastBolusTime":1703139665239,"time":"2023-12-21T07:55:59.718Z"}},{"iob":0.226,"basaliob":-0.054,"bolussnooze":0,"activity":0.0042,"lastBolusTime":1703139665239,"time":"2023-12-21T08:00:59.718Z","iobWithZeroTemp":{"iob":-0.377,"basaliob":-0.657,"bolussnooze":0,"activity":-0.0018,"lastBolusTime":1703139665239,"time":"2023-12-21T08:00:59.718Z"}},{"iob":0.205,"basaliob":-0.049,"bolussnooze":0,"activity":0.0039,"lastBolusTime":1703139665239,"time":"2023-12-21T08:05:59.718Z","iobWithZeroTemp":{"iob":-0.413,"basaliob":-0.667,"bolussnooze":0,"activity":-0.0023,"lastBolusTime":1703139665239,"time":"2023-12-21T08:05:59.718Z"}},{"iob":0.187,"basaliob":-0.043,"bolussnooze":0,"activity":0.0036,"lastBolusTime":1703139665239,"time":"2023-12-21T08:10:59.718Z","iobWithZeroTemp":{"iob":-0.446,"basaliob":-0.676,"bolussnooze":0,"activity":-0.0029,"lastBolusTime":1703139665239,"time":"2023-12-21T08:10:59.718Z"}},{"iob":0.169,"basaliob":-0.038,"bolussnooze":0,"activity":0.0033,"lastBolusTime":1703139665239,"time":"2023-12-21T08:15:59.718Z","iobWithZeroTemp":{"iob":-0.476,"basaliob":-0.683,"bolussnooze":0,"activity":-0.0034,"lastBolusTime":1703139665239,"time":"2023-12-21T08:15:59.718Z"}},{"iob":0.153,"basaliob":-0.034,"bolussnooze":0,"activity":0.0031,"lastBolusTime":1703139665239,"time":"2023-12-21T08:20:59.718Z","iobWithZeroTemp":{"iob":-0.504,"basaliob":-0.691,"bolussnooze":0,"activity":-0.0038,"lastBolusTime":1703139665239,"time":"2023-12-21T08:20:59.718Z"}},{"iob":0.139,"basaliob":-0.03,"bolussnooze":0,"activity":0.0029,"lastBolusTime":1703139665239,"time":"2023-12-21T08:25:59.718Z","iobWithZeroTemp":{"iob":-0.529,"basaliob":-0.698,"bolussnooze":0,"activity":-0.0042,"lastBolusTime":1703139665239,"time":"2023-12-21T08:25:59.718Z"}},{"iob":0.125,"basaliob":-0.026,"bolussnooze":0,"activity":0.0025,"lastBolusTime":1703139665239,"time":"2023-12-21T08:30:59.718Z","iobWithZeroTemp":{"iob":-0.553,"basaliob":-0.704,"bolussnooze":0,"activity":-0.0048,"lastBolusTime":1703139665239,"time":"2023-12-21T08:30:59.718Z"}},{"iob":0.113,"basaliob":-0.023,"bolussnooze":0,"activity":0.0024,"lastBolusTime":1703139665239,"time":"2023-12-21T08:35:59.718Z","iobWithZeroTemp":{"iob":-0.574,"basaliob":-0.71,"bolussnooze":0,"activity":-0.0051,"lastBolusTime":1703139665239,"time":"2023-12-21T08:35:59.718Z"}},{"iob":0.102,"basaliob":-0.02,"bolussnooze":0,"activity":0.0022,"lastBolusTime":1703139665239,"time":"2023-12-21T08:40:59.718Z","iobWithZeroTemp":{"iob":-0.593,"basaliob":-0.715,"bolussnooze":0,"activity":-0.0054,"lastBolusTime":1703139665239,"time":"2023-12-21T08:40:59.718Z"}},{"iob":0.091,"basaliob":-0.018,"bolussnooze":0,"activity":0.0019,"lastBolusTime":1703139665239,"time":"2023-12-21T08:45:59.718Z","iobWithZeroTemp":{"iob":-0.611,"basaliob":-0.72,"bolussnooze":0,"activity":-0.0059,"lastBolusTime":1703139665239,"time":"2023-12-21T08:45:59.718Z"}},{"iob":0.081,"basaliob":-0.016,"bolussnooze":0,"activity":0.0018,"lastBolusTime":1703139665239,"time":"2023-12-21T08:50:59.718Z","iobWithZeroTemp":{"iob":-0.627,"basaliob":-0.724,"bolussnooze":0,"activity":-0.0061,"lastBolusTime":1703139665239,"time":"2023-12-21T08:50:59.718Z"}},{"iob":0.073,"basaliob":-0.014,"bolussnooze":0,"activity":0.0016,"lastBolusTime":1703139665239,"time":"2023-12-21T08:55:59.718Z","iobWithZeroTemp":{"iob":-0.641,"basaliob":-0.728,"bolussnooze":0,"activity":-0.0065,"lastBolusTime":1703139665239,"time":"2023-12-21T08:55:59.718Z"}},{"iob":0.065,"basaliob":-0.012,"bolussnooze":0,"activity":0.0015,"lastBolusTime":1703139665239,"time":"2023-12-21T09:00:59.718Z","iobWithZeroTemp":{"iob":-0.655,"basaliob":-0.732,"bolussnooze":0,"activity":-0.0067,"lastBolusTime":1703139665239,"time":"2023-12-21T09:00:59.718Z"}},{"iob":0.059,"basaliob":-0.01,"bolussnooze":0,"activity":0.0013,"lastBolusTime":1703139665239,"time":"2023-12-21T09:05:59.718Z","iobWithZeroTemp":{"iob":-0.665,"basaliob":-0.734,"bolussnooze":0,"activity":-0.007,"lastBolusTime":1703139665239,"time":"2023-12-21T09:05:59.718Z"}},{"iob":0.052,"basaliob":-0.009,"bolussnooze":0,"activity":0.0012,"lastBolusTime":1703139665239,"time":"2023-12-21T09:10:59.718Z","iobWithZeroTemp":{"iob":-0.677,"basaliob":-0.738,"bolussnooze":0,"activity":-0.0072,"lastBolusTime":1703139665239,"time":"2023-12-21T09:10:59.718Z"}},{"iob":0.046,"basaliob":-0.008,"bolussnooze":0,"activity":0.0011,"lastBolusTime":1703139665239,"time":"2023-12-21T09:15:59.718Z","iobWithZeroTemp":{"iob":-0.686,"basaliob":-0.74,"bolussnooze":0,"activity":-0.0074,"lastBolusTime":1703139665239,"time":"2023-12-21T09:15:59.718Z"}},{"iob":0.041,"basaliob":-0.007,"bolussnooze":0,"activity":0.001,"lastBolusTime":1703139665239,"time":"2023-12-21T09:20:59.718Z","iobWithZeroTemp":{"iob":-0.695,"basaliob":-0.743,"bolussnooze":0,"activity":-0.0075,"lastBolusTime":1703139665239,"time":"2023-12-21T09:20:59.718Z"}},{"iob":0.036,"basaliob":-0.006,"bolussnooze":0,"activity":9.0E-4,"lastBolusTime":1703139665239,"time":"2023-12-21T09:25:59.718Z","iobWithZeroTemp":{"iob":-0.703,"basaliob":-0.745,"bolussnooze":0,"activity":-0.0077,"lastBolusTime":1703139665239,"time":"2023-12-21T09:25:59.718Z"}},{"iob":0.032,"basaliob":-0.005,"bolussnooze":0,"activity":9.0E-4,"lastBolusTime":1703139665239,"time":"2023-12-21T09:30:59.718Z","iobWithZeroTemp":{"iob":-0.709,"basaliob":-0.746,"bolussnooze":0,"activity":-0.0078,"lastBolusTime":1703139665239,"time":"2023-12-21T09:30:59.718Z"}},{"iob":0.028,"basaliob":-0.004,"bolussnooze":0,"activity":8.0E-4,"lastBolusTime":1703139665239,"time":"2023-12-21T09:35:59.718Z","iobWithZeroTemp":{"iob":-0.716,"basaliob":-0.748,"bolussnooze":0,"activity":-0.0079,"lastBolusTime":1703139665239,"time":"2023-12-21T09:35:59.718Z"}},{"iob":0.025,"basaliob":-0.003,"bolussnooze":0,"activity":7.0E-4,"lastBolusTime":1703139665239,"time":"2023-12-21T09:40:59.718Z","iobWithZeroTemp":{"iob":-0.721,"basaliob":-0.749,"bolussnooze":0,"activity":-0.0081,"lastBolusTime":1703139665239,"time":"2023-12-21T09:40:59.718Z"}},{"iob":0.022,"basaliob":-0.003,"bolussnooze":0,"activity":6.0E-4,"lastBolusTime":1703139665239,"time":"2023-12-21T09:45:59.718Z","iobWithZeroTemp":{"iob":-0.726,"basaliob":-0.751,"bolussnooze":0,"activity":-0.0082,"lastBolusTime":1703139665239,"time":"2023-12-21T09:45:59.718Z"}},{"iob":0.019,"basaliob":-0.002,"bolussnooze":0,"activity":5.0E-4,"lastBolusTime":1703139665239,"time":"2023-12-21T09:50:59.718Z","iobWithZeroTemp":{"iob":-0.73,"basaliob":-0.751,"bolussnooze":0,"activity":-0.0084,"lastBolusTime":1703139665239,"time":"2023-12-21T09:50:59.718Z"}},{"iob":0.016,"basaliob":-0.002,"bolussnooze":0,"activity":5.0E-4,"lastBolusTime":1703139665239,"time":"2023-12-21T09:55:59.718Z","iobWithZeroTemp":{"iob":-0.735,"basaliob":-0.753,"bolussnooze":0,"activity":-0.0084,"lastBolusTime":1703139665239,"time":"2023-12-21T09:55:59.718Z"}},{"iob":0.014,"basaliob":-0.002,"bolussnooze":0,"activity":5.0E-4,"lastBolusTime":1703139665239,"time":"2023-12-21T10:00:59.718Z","iobWithZeroTemp":{"iob":-0.738,"basaliob":-0.754,"bolussnooze":0,"activity":-0.0084,"lastBolusTime":1703139665239,"time":"2023-12-21T10:00:59.718Z"}},{"iob":0.012,"basaliob":-0.001,"bolussnooze":0,"activity":4.0E-4,"lastBolusTime":1703139665239,"time":"2023-12-21T10:05:59.718Z","iobWithZeroTemp":{"iob":-0.741,"basaliob":-0.754,"bolussnooze":0,"activity":-0.0086,"lastBolusTime":1703139665239,"time":"2023-12-21T10:05:59.718Z"}},{"iob":0.01,"basaliob":-0.001,"bolussnooze":0,"activity":4.0E-4,"lastBolusTime":1703139665239,"time":"2023-12-21T10:10:59.718Z","iobWithZeroTemp":{"iob":-0.744,"basaliob":-0.755,"bolussnooze":0,"activity":-0.0086,"lastBolusTime":1703139665239,"time":"2023-12-21T10:10:59.718Z"}},{"iob":0.009,"basaliob":-0.001,"bolussnooze":0,"activity":3.0E-4,"lastBolusTime":1703139665239,"time":"2023-12-21T10:15:59.718Z","iobWithZeroTemp":{"iob":-0.746,"basaliob":-0.756,"bolussnooze":0,"activity":-0.0087,"lastBolusTime":1703139665239,"time":"2023-12-21T10:15:59.718Z"}},{"iob":0.007,"basaliob":-0.001,"bolussnooze":0,"activity":3.0E-4,"lastBolusTime":1703139665239,"time":"2023-12-21T10:20:59.718Z","iobWithZeroTemp":{"iob":-0.749,"basaliob":-0.757,"bolussnooze":0,"activity":-0.0087,"lastBolusTime":1703139665239,"time":"2023-12-21T10:20:59.718Z"}}],"profile":{"max_iob":7,"type":"current","max_daily_basal":0.8,"max_basal":4.4,"min_bg":90,"max_bg":90,"target_bg":90,"carb_ratio":16,"sens":57,"max_daily_safety_multiplier":9,"current_basal_safety_multiplier":8,"lgsThreshold":65,"high_temptarget_raises_sensitivity":false,"low_temptarget_lowers_sensitivity":false,"sensitivity_raises_target":false,"resistance_lowers_target":false,"adv_target_adjustments":false,"exercise_mode":false,"half_basal_exercise_target":160,"maxCOB":120,"skip_neutral_temps":false,"remainingCarbsCap":90,"enableUAM":true,"A52_risk_enable":false,"SMBInterval":3,"enableSMB_with_COB":true,"enableSMB_with_temptarget":true,"allowSMB_with_high_temptarget":true,"enableSMB_always":true,"enableSMB_after_carbs":true,"maxSMBBasalMinutes":120,"maxUAMSMBBasalMinutes":90,"bolus_increment":0.05,"carbsReqThreshold":5,"current_basal":0.55,"temptargetSet":false,"autosens_max":1.6,"autosens_min":0.6,"variable_sens":79,"insulinDivisor":75,"TDD":24.38684523809524},"autosens_data":{"ratio":1.0072347266881028},"meal_data":{"carbs":0,"mealCOB":0,"slopeFromMaxDeviation":0,"slopeFromMinDeviation":0.483375,"lastBolusTime":1703139665239,"lastCarbTime":0},"microBolusAllowed":true,"currentTime":1703139961424,"flatBGsDetected":false,"tdd1D":20.662500000000005,"tdd7D":21.47380952380953,"tddLast24H":21.62916666666667,"tddLast4H":5.304166666666667,"tddLast8to4H":4.908333333333333},"output":{"temp":"absolute","bg":116,"tick":"+5","eventualBG":181,"targetBG":90,"insulinReq":0.54,"deliverAt":"2023-12-21T06:26:01.424Z","sensitivityRatio":1.0072347266881028,"variable_sens":79,"predBGs":{"IOB":[116,120,123,126,128,129,129,129,129,128,126,124,121,119,116,114,112,110,108,106,104,102,101,99,98,97,96,95,94,93,92,91,90,90,89,89,88,88,87,87,87,86,86,86,86,85],"ZT":[116,114,111,108,105,102,99,96,93,90,88,86,84,83,81,81,80,80,80,81,82,83,85,86,88,90],"UAM":[116,120,124,128,132,135,138,141,143,146,149,151,153,156,158,160,162,165,167,168,170,172,174,175,177,178,179,180,181,182,183,183,183,184,184,184,183,183,183,182,182,182,182,182,182,181]},"reason":"COB: 0, Dev: 42, BGI: -2, ISF: 79, CR: 16, Target: 90, minPredBG 133, minGuardBG 120, IOBpredBG 85, UAMpredBG 181; Eventual BG 181 >= 90,  insulinReq 0.54; setting 30m low temp of 0U\/h. Microbolusing 0.25U. ","COB":0,"IOB":0.865,"units":0.25,"rate":0,"duration":30,"timestamp":"2023-12-21T06:26:01.431Z"}}