{"algorithm":"OpenAPSSMBDynamicISFPlugin","input":{"glucoseStatus":{"glucose":111,"noise":0,"delta":-1,"short_avgdelta":-1.67,"long_avgdelta":-0.68,"date":1703106639000},"currenttemp":{"temp":"absolute","duration":75,"rate":0,"minutesrunning":15},"iob_data":[{"iob":0.704,"basaliob":-0.405,"bolussnooze":0.4643,"activity":0.0093,"lastBolusTime":1703105530958,"time":"2023-12-20T21:11:01.490Z","iobWithZeroTemp":{"iob":0.704,"basaliob":-0.405,"bolussnooze":0.4643,"activity":0.0093,"lastBolusTime":1703105530958,"time":"2023-12-20T21:11:01.490Z"}},{"iob":0.658,"basaliob":-0.385,"bolussnooze":0.4025,"activity":0.0091,"lastBolusTime":1703105530958,"time":"2023-12-20T21:16:01.490Z","iobWithZeroTemp":{"iob":0.605,"basaliob":-0.438,"bolussnooze":0.4025,"activity":0.009,"lastBolusTime":1703105530958,"time":"2023-12-20T21:16:01.490Z"}},{"iob":0.614,"basaliob":-0.364,"bolussnooze":0.3453,"activity":0.0088,"lastBolusTime":1703105530958,"time":"2023-12-20T21:21:01.490Z","iobWithZeroTemp":{"iob":0.495,"basaliob":-0.483,"bolussnooze":0.3453,"activity":0.0086,"lastBolusTime":1703105530958,"time":"2023-12-20T21:21:01.490Z"}},{"iob":0.571,"basaliob":-0.343,"bolussnooze":0.2936,"activity":0.0085,"lastBolusTime":1703105530958,"time":"2023-12-20T21:26:01.490Z","iobWithZeroTemp":{"iob":0.387,"basaliob":-0.527,"bolussnooze":0.2936,"activity":0.0079,"lastBolusTime":1703105530958,"time":"2023-12-20T21:26:01.490Z"}},{"iob":0.529,"basaliob":-0.322,"bolussnooze":0.2476,"activity":0.0081,"lastBolusTime":1703105530958,"time":"2023-12-20T21:31:01.490Z","iobWithZeroTemp":{"iob":0.282,"basaliob":-0.569,"bolussnooze":0.2476,"activity":0.0071,"lastBolusTime":1703105530958,"time":"2023-12-20T21:31:01.490Z"}},{"iob":0.489,"basaliob":-0.302,"bolussnooze":0.2071,"activity":0.0077,"lastBolusTime":1703105530958,"time":"2023-12-20T21:36:01.490Z","iobWithZeroTemp":{"iob":0.181,"basaliob":-0.61,"bolussnooze":0.2071,"activity":0.0063,"lastBolusTime":1703105530958,"time":"2023-12-20T21:36:01.490Z"}},{"iob":0.452,"basaliob":-0.281,"bolussnooze":0.172,"activity":0.0073,"lastBolusTime":1703105530958,"time":"2023-12-20T21:41:01.490Z","iobWithZeroTemp":{"iob":0.086,"basaliob":-0.647,"bolussnooze":0.172,"activity":0.0054,"lastBolusTime":1703105530958,"time":"2023-12-20T21:41:01.490Z"}},{"iob":0.416,"basaliob":-0.262,"bolussnooze":0.1418,"activity":0.007,"lastBolusTime":1703105530958,"time":"2023-12-20T21:46:01.490Z","iobWithZeroTemp":{"iob":-0.006,"basaliob":-0.684,"bolussnooze":0.1418,"activity":0.0045,"lastBolusTime":1703105530958,"time":"2023-12-20T21:46:01.490Z"}},{"iob":0.382,"basaliob":-0.243,"bolussnooze":0.1162,"activity":0.0065,"lastBolusTime":1703105530958,"time":"2023-12-20T21:51:01.490Z","iobWithZeroTemp":{"iob":-0.093,"basaliob":-0.718,"bolussnooze":0.1162,"activity":0.0035,"lastBolusTime":1703105530958,"time":"2023-12-20T21:51:01.490Z"}},{"iob":0.35,"basaliob":-0.225,"bolussnooze":0.0945,"activity":0.0062,"lastBolusTime":1703105530958,"time":"2023-12-20T21:56:01.490Z","iobWithZeroTemp":{"iob":-0.175,"basaliob":-0.75,"bolussnooze":0.0945,"activity":0.0026,"lastBolusTime":1703105530958,"time":"2023-12-20T21:56:01.490Z"}},{"iob":0.32,"basaliob":-0.208,"bolussnooze":0.0762,"activity":0.0057,"lastBolusTime":1703105530958,"time":"2023-12-20T22:01:01.490Z","iobWithZeroTemp":{"iob":-0.252,"basaliob":-0.78,"bolussnooze":0.0762,"activity":0.0015,"lastBolusTime":1703105530958,"time":"2023-12-20T22:01:01.490Z"}},{"iob":0.293,"basaliob":-0.191,"bolussnooze":0.0611,"activity":0.0053,"lastBolusTime":1703105530958,"time":"2023-12-20T22:06:01.490Z","iobWithZeroTemp":{"iob":-0.324,"basaliob":-0.808,"bolussnooze":0.0611,"activity":6.0E-4,"lastBolusTime":1703105530958,"time":"2023-12-20T22:06:01.490Z"}},{"iob":0.267,"basaliob":-0.176,"bolussnooze":0.0485,"activity":0.005,"lastBolusTime":1703105530958,"time":"2023-12-20T22:11:01.490Z","iobWithZeroTemp":{"iob":-0.391,"basaliob":-0.834,"bolussnooze":0.0485,"activity":-3.0E-4,"lastBolusTime":1703105530958,"time":"2023-12-20T22:11:01.490Z"}},{"iob":0.243,"basaliob":-0.161,"bolussnooze":0.0382,"activity":0.0046,"lastBolusTime":1703105530958,"time":"2023-12-20T22:16:01.490Z","iobWithZeroTemp":{"iob":-0.454,"basaliob":-0.858,"bolussnooze":0.0382,"activity":-0.0013,"lastBolusTime":1703105530958,"time":"2023-12-20T22:16:01.490Z"}},{"iob":0.221,"basaliob":-0.148,"bolussnooze":0.0297,"activity":0.0043,"lastBolusTime":1703105530958,"time":"2023-12-20T22:21:01.490Z","iobWithZeroTemp":{"iob":-0.512,"basaliob":-0.881,"bolussnooze":0.0297,"activity":-0.0021,"lastBolusTime":1703105530958,"time":"2023-12-20T22:21:01.490Z"}},{"iob":0.2,"basaliob":-0.135,"bolussnooze":0.0229,"activity":0.0039,"lastBolusTime":1703105530958,"time":"2023-12-20T22:26:01.490Z","iobWithZeroTemp":{"iob":-0.567,"basaliob":-0.902,"bolussnooze":0.0229,"activity":-0.003,"lastBolusTime":1703105530958,"time":"2023-12-20T22:26:01.490Z"}},{"iob":0.181,"basaliob":-0.123,"bolussnooze":0.0174,"activity":0.0036,"lastBolusTime":1703105530958,"time":"2023-12-20T22:31:01.490Z","iobWithZeroTemp":{"iob":-0.617,"basaliob":-0.921,"bolussnooze":0.0174,"activity":-0.0038,"lastBolusTime":1703105530958,"time":"2023-12-20T22:31:01.490Z"}},{"iob":0.164,"basaliob":-0.112,"bolussnooze":0.013,"activity":0.0034,"lastBolusTime":1703105530958,"time":"2023-12-20T22:36:01.490Z","iobWithZeroTemp":{"iob":-0.662,"basaliob":-0.938,"bolussnooze":0.013,"activity":-0.0044,"lastBolusTime":1703105530958,"time":"2023-12-20T22:36:01.490Z"}},{"iob":0.147,"basaliob":-0.102,"bolussnooze":0.0096,"activity":0.0031,"lastBolusTime":1703105530958,"time":"2023-12-20T22:41:01.490Z","iobWithZeroTemp":{"iob":-0.706,"basaliob":-0.955,"bolussnooze":0.0096,"activity":-0.0052,"lastBolusTime":1703105530958,"time":"2023-12-20T22:41:01.490Z"}},{"iob":0.133,"basaliob":-0.092,"bolussnooze":0.0069,"activity":0.0029,"lastBolusTime":1703105530958,"time":"2023-12-20T22:46:01.490Z","iobWithZeroTemp":{"iob":-0.744,"basaliob":-0.969,"bolussnooze":0.0069,"activity":-0.0058,"lastBolusTime":1703105530958,"time":"2023-12-20T22:46:01.490Z"}},{"iob":0.119,"basaliob":-0.084,"bolussnooze":0.0048,"activity":0.0026,"lastBolusTime":1703105530958,"time":"2023-12-20T22:51:01.490Z","iobWithZeroTemp":{"iob":-0.781,"basaliob":-0.984,"bolussnooze":0.0048,"activity":-0.0065,"lastBolusTime":1703105530958,"time":"2023-12-20T22:51:01.490Z"}},{"iob":0.106,"basaliob":-0.076,"bolussnooze":0.0033,"activity":0.0024,"lastBolusTime":1703105530958,"time":"2023-12-20T22:56:01.490Z","iobWithZeroTemp":{"iob":-0.814,"basaliob":-0.996,"bolussnooze":0.0033,"activity":-0.007,"lastBolusTime":1703105530958,"time":"2023-12-20T22:56:01.490Z"}},{"iob":0.096,"basaliob":-0.068,"bolussnooze":0.0021,"activity":0.0022,"lastBolusTime":1703105530958,"time":"2023-12-20T23:01:01.490Z","iobWithZeroTemp":{"iob":-0.843,"basaliob":-1.007,"bolussnooze":0.0021,"activity":-0.0076,"lastBolusTime":1703105530958,"time":"2023-12-20T23:01:01.490Z"}},{"iob":0.086,"basaliob":-0.061,"bolussnooze":0.0013,"activity":0.002,"lastBolusTime":1703105530958,"time":"2023-12-20T23:06:01.490Z","iobWithZeroTemp":{"iob":-0.862,"basaliob":-1.009,"bolussnooze":0.0013,"activity":-0.0081,"lastBolusTime":1703105530958,"time":"2023-12-20T23:06:01.490Z"}},{"iob":0.076,"basaliob":-0.055,"bolussnooze":8.0E-4,"activity":0.0018,"lastBolusTime":1703105530958,"time":"2023-12-20T23:11:01.490Z","iobWithZeroTemp":{"iob":-0.879,"basaliob":-1.01,"bolussnooze":8.0E-4,"activity":-0.0085,"lastBolusTime":1703105530958,"time":"2023-12-20T23:11:01.490Z"}},{"iob":0.068,"basaliob":-0.049,"bolussnooze":4.0E-4,"activity":0.0016,"lastBolusTime":1703105530958,"time":"2023-12-20T23:16:01.490Z","iobWithZeroTemp":{"iob":-0.893,"basaliob":-1.01,"bolussnooze":4.0E-4,"activity":-0.009,"lastBolusTime":1703105530958,"time":"2023-12-20T23:16:01.490Z"}},{"iob":0.06,"basaliob":-0.044,"bolussnooze":2.0E-4,"activity":0.0014,"lastBolusTime":1703105530958,"time":"2023-12-20T23:21:01.490Z","iobWithZeroTemp":{"iob":-0.906,"basaliob":-1.01,"bolussnooze":2.0E-4,"activity":-0.0094,"lastBolusTime":1703105530958,"time":"2023-12-20T23:21:01.490Z"}},{"iob":0.053,"basaliob":-0.039,"bolussnooze":1.0E-4,"activity":0.0013,"lastBolusTime":1703105530958,"time":"2023-12-20T23:26:01.490Z","iobWithZeroTemp":{"iob":-0.918,"basaliob":-1.01,"bolussnooze":1.0E-4,"activity":-0.0096,"lastBolusTime":1703105530958,"time":"2023-12-20T23:26:01.490Z"}},{"iob":0.047,"basaliob":-0.035,"bolussnooze":0,"activity":0.0012,"lastBolusTime":1703105530958,"time":"2023-12-20T23:31:01.490Z","iobWithZeroTemp":{"iob":-0.927,"basaliob":-1.009,"bolussnooze":0,"activity":-0.0099,"lastBolusTime":1703105530958,"time":"2023-12-20T23:31:01.490Z"}},{"iob":0.041,"basaliob":-0.031,"bolussnooze":0,"activity":0.0011,"lastBolusTime":1703105530958,"time":"2023-12-20T23:36:01.490Z","iobWithZeroTemp":{"iob":-0.936,"basaliob":-1.008,"bolussnooze":0,"activity":-0.0101,"lastBolusTime":1703105530958,"time":"2023-12-20T23:36:01.490Z"}},{"iob":0.036,"basaliob":-0.028,"bolussnooze":0,"activity":9.0E-4,"lastBolusTime":1703105530958,"time":"2023-12-20T23:41:01.490Z","iobWithZeroTemp":{"iob":-0.943,"basaliob":-1.007,"bolussnooze":0,"activity":-0.0104,"lastBolusTime":1703105530958,"time":"2023-12-20T23:41:01.490Z"}},{"iob":0.031,"basaliob":-0.025,"bolussnooze":0,"activity":9.0E-4,"lastBolusTime":1703105530958,"time":"2023-12-20T23:46:01.490Z","iobWithZeroTemp":{"iob":-0.949,"basaliob":-1.005,"bolussnooze":0,"activity":-0.0105,"lastBolusTime":1703105530958,"time":"2023-12-20T23:46:01.490Z"}},{"iob":0.027,"basaliob":-0.022,"bolussnooze":0,"activity":8.0E-4,"lastBolusTime":1703105530958,"time":"2023-12-20T23:51:01.490Z","iobWithZeroTemp":{"iob":-0.954,"basaliob":-1.003,"bolussnooze":0,"activity":-0.0107,"lastBolusTime":1703105530958,"time":"2023-12-20T23:51:01.490Z"}},{"iob":0.024,"basaliob":-0.019,"bolussnooze":0,"activity":7.0E-4,"lastBolusTime":1703105530958,"time":"2023-12-20T23:56:01.490Z","iobWithZeroTemp":{"iob":-0.958,"basaliob":-1.001,"bolussnooze":0,"activity":-0.0109,"lastBolusTime":1703105530958,"time":"2023-12-20T23:56:01.490Z"}},{"iob":0.02,"basaliob":-0.017,"bolussnooze":0,"activity":6.0E-4,"lastBolusTime":1703105530958,"time":"2023-12-21T00:01:01.490Z","iobWithZeroTemp":{"iob":-0.962,"basaliob":-0.999,"bolussnooze":0,"activity":-0.011,"lastBolusTime":1703105530958,"time":"2023-12-21T00:01:01.490Z"}},{"iob":0.018,"basaliob":-0.015,"bolussnooze":0,"activity":5.0E-4,"lastBolusTime":1703105530958,"time":"2023-12-21T00:06:01.490Z","iobWithZeroTemp":{"iob":-0.965,"basaliob":-0.998,"bolussnooze":0,"activity":-0.0112,"lastBolusTime":1703105530958,"time":"2023-12-21T00:06:01.490Z"}},{"iob":0.015,"basaliob":-0.013,"bolussnooze":0,"activity":5.0E-4,"lastBolusTime":1703105530958,"time":"2023-12-21T00:11:01.490Z","iobWithZeroTemp":{"iob":-0.967,"basaliob":-0.995,"bolussnooze":0,"activity":-0.0112,"lastBolusTime":1703105530958,"time":"2023-12-21T00:11:01.490Z"}},{"iob":0.013,"basaliob":-0.011,"bolussnooze":0,"activity":4.0E-4,"lastBolusTime":1703105530958,"time":"2023-12-21T00:16:01.490Z","iobWithZeroTemp":{"iob":-0.969,"basaliob":-0.993,"bolussnooze":0,"activity":-0.0113,"lastBolusTime":1703105530958,"time":"2023-12-21T00:16:01.490Z"}},{"iob":0.011,"basaliob":-0.01,"bolussnooze":0,"activity":3.0E-4,"lastBolusTime":1703105530958,"time":"2023-12-21T00:21:01.490Z","iobWithZeroTemp":{"iob":-0.971,"basaliob":-0.992,"bolussnooze":0,"activity":-0.0115,"lastBolusTime":1703105530958,"time":"2023-12-21T00:21:01.490Z"}},{"iob":0.01,"basaliob":-0.008,"bolussnooze":0,"activity":4.0E-4,"lastBolusTime":1703105530958,"time":"2023-12-21T00:26:01.490Z","iobWithZeroTemp":{"iob":-0.971,"basaliob":-0.989,"bolussnooze":0,"activity":-0.0114,"lastBolusTime":1703105530958,"time":"2023-12-21T00:26:01.490Z"}},{"iob":0.008,"basaliob":-0.007,"bolussnooze":0,"activity":3.0E-4,"lastBolusTime":1703105530958,"time":"2023-12-21T00:31:01.490Z","iobWithZeroTemp":{"iob":-0.973,"basaliob":-0.988,"bolussnooze":0,"activity":-0.0115,"lastBolusTime":1703105530958,"time":"2023-12-21T00:31:01.490Z"}},{"iob":0.007,"basaliob":-0.006,"bolussnooze":0,"activity":2.0E-4,"lastBolusTime":1703105530958,"time":"2023-12-21T00:36:01.490Z","iobWithZeroTemp":{"iob":-0.973,"basaliob":-0.986,"bolussnooze":0,"activity":-0.0116,"lastBolusTime":1703105530958,"time":"2023-12-21T00:36:01.490Z"}},{"iob":0.006,"basaliob":-0.005,"bolussnooze":0,"activity":2.0E-4,"lastBolusTime":1703105530958,"time":"2023-12-21T00:41:01.490Z","iobWithZeroTemp":{"iob":-0.973,"basaliob":-0.984,"bolussnooze":0,"activity":-0.0116,"lastBolusTime":1703105530958,"time":"2023-12-21T00:41:01.490Z"}},{"iob":0.004,"basaliob":-0.005,"bolussnooze":0,"activity":2.0E-4,"lastBolusTime":1703105530958,"time":"2023-12-21T00:46:01.490Z","iobWithZeroTemp":{"iob":-0.975,"basaliob":-0.984,"bolussnooze":0,"activity":-0.0116,"lastBolusTime":1703105530958,"time":"2023-12-21T00:46:01.490Z"}},{"iob":0.004,"basaliob":-0.004,"bolussnooze":0,"activity":2.0E-4,"lastBolusTime":1703105530958,"time":"2023-12-21T00:51:01.490Z","iobWithZeroTemp":{"iob":-0.974,"basaliob":-0.982,"bolussnooze":0,"activity":-0.0116,"lastBolusTime":1703105530958,"time":"2023-12-21T00:51:01.490Z"}},{"iob":0.004,"basaliob":-0.003,"bolussnooze":0,"activity":1.0E-4,"lastBolusTime":1703105530958,"time":"2023-12-21T00:56:01.490Z","iobWithZeroTemp":{"iob":-0.973,"basaliob":-0.98,"bolussnooze":0,"activity":-0.0117,"lastBolusTime":1703105530958,"time":"2023-12-21T00:56:01.490Z"}},{"iob":0.002,"basaliob":-0.003,"bolussnooze":0,"activity":1.0E-4,"lastBolusTime":1703105530958,"time":"2023-12-21T01:01:01.490Z","iobWithZeroTemp":{"iob":-0.974,"basaliob":-0.979,"bolussnooze":0,"activity":-0.0117,"lastBolusTime":1703105530958,"time":"2023-12-21T01:01:01.490Z"}},{"iob":0.002,"basaliob":-0.002,"bolussnooze":0,"activity":1.0E-4,"lastBolusTime":1703105530958,"time":"2023-12-21T01:06:01.490Z","iobWithZeroTemp":{"iob":-0.974,"basaliob":-0.978,"bolussnooze":0,"activity":-0.0117,"lastBolusTime":1703105530958,"time":"2023-12-21T01:06:01.490Z"}}],"profile":{"max_iob":7,"type":"current","max_daily_basal":0.8,"max_basal":5,"min_bg":80,"max_bg":90,"target_bg":85,"carb_ratio":14,"sens":57,"max_daily_safety_multiplier":9,"current_basal_safety_multiplier":8,"lgsThreshold":65,"high_temptarget_raises_sensitivity":false,"low_temptarget_lowers_sensitivity":false,"sensitivity_raises_target":false,"resistance_lowers_target":false,"adv_target_adjustments":false,"exercise_mode":false,"half_basal_exercise_target":160,"maxCOB":120,"skip_neutral_temps":false,"remainingCarbsCap":90,"enableUAM":true,"A52_risk_enable":false,"SMBInterval":3,"enableSMB_with_COB":true,"enableSMB_with_temptarget":true,"allowSMB_with_high_temptarget":true,"enableSMB_always":true,"enableSMB_after_carbs":true,"maxSMBBasalMinutes":120,"maxUAMSMBBasalMinutes":90,"bolus_increment":0.05,"carbsReqThreshold":5,"current_basal":0.8,"temptargetSet":false,"autosens_max":1.6,"autosens_min":0.6,"variable_sens":87.3,"insulinDivisor":75,"TDD":22.714110714285717},"autosens_data":{"ratio":1.0236444594746923},"meal_data":{"carbs":0,"mealCOB":0,"slopeFromMaxDeviation":-0.872,"slopeFromMinDeviation":0,"lastBolusTime":1703105530958,"lastCarbTime":0},"microBolusAllowed":true,"currentTime":1703106663030,"flatBGsDetected":false,"tdd1D":21.666666666666675,"tdd7D":21.121428571428574,"tddLast24H":21.620833333333323,"tddLast4H":4.812499999999998,"tddLast8to4H":2.8833333333333337},"output":{"temp":"absolute","bg":111,"tick":-1,"eventualBG":64,"targetBG":85,"insulinReq":0,"deliverAt":"2023-12-20T21:11:03.030Z","sensitivityRatio":1.0236444594746923,"variable_sens":87.3,"predBGs":{"IOB":[111,109,107,105,103,100,98,96,93,90,88,85,82,80,77,75,72,70,68,66,65,63,61,60,58,57,56,55,54,53,53,52,51,51,50,50,49,49,48,48,48,48,47],"ZT":[111,107,103,99,95,92,89,86,84,82,80,80,79,79,80,81,83,85],"UAM":[111,108,105,101,97,93,90,86,82,79,75,72,69,66,63,60,58,55,53,50,48,46,44,42,40,39]},"reason":"COB: 0, Dev: 14, BGI: -4, ISF: 87, CR: 14, Target: 85, minPredBG 47, minGuardBG 25, IOBpredBG 47, UAMpredBG 39; minGuardBG 25<65 75m left and 0 ~ req 0U\/hr: no temp required","COB":0,"IOB":0.704,"timestamp":"2023-12-20T21:11:03.041Z"}}