{"algorithm":"OpenAPSSMBDynamicISFPlugin","input":{"glucoseStatus":{"glucose":78,"noise":0,"delta":1,"short_avgdelta":1.11,"long_avgdelta":1.99,"date":1703168737000},"currenttemp":{"temp":"absolute","duration":0,"rate":0},"iob_data":[{"iob":-0.081,"basaliob":-0.185,"bolussnooze":0,"activity":-0.0022,"lastBolusTime":1703167891548,"time":"2023-12-21T14:26:00.755Z","iobWithZeroTemp":{"iob":-0.081,"basaliob":-0.185,"bolussnooze":0,"activity":-0.0022,"lastBolusTime":1703167891548,"time":"2023-12-21T14:26:00.755Z"}},{"iob":-0.071,"basaliob":-0.171,"bolussnooze":0,"activity":-0.0019,"lastBolusTime":1703167891548,"time":"2023-12-21T14:31:00.755Z","iobWithZeroTemp":{"iob":-0.118,"basaliob":-0.218,"bolussnooze":0,"activity":-0.0019,"lastBolusTime":1703167891548,"time":"2023-12-21T14:31:00.755Z"}},{"iob":-0.062,"basaliob":-0.157,"bolussnooze":0,"activity":-0.0017,"lastBolusTime":1703167891548,"time":"2023-12-21T14:36:00.755Z","iobWithZeroTemp":{"iob":-0.166,"basaliob":-0.261,"bolussnooze":0,"activity":-0.0019,"lastBolusTime":1703167891548,"time":"2023-12-21T14:36:00.755Z"}},{"iob":-0.054,"basaliob":-0.144,"bolussnooze":0,"activity":-0.0015,"lastBolusTime":1703167891548,"time":"2023-12-21T14:41:00.755Z","iobWithZeroTemp":{"iob":-0.215,"basaliob":-0.305,"bolussnooze":0,"activity":-0.002,"lastBolusTime":1703167891548,"time":"2023-12-21T14:41:00.755Z"}},{"iob":-0.047,"basaliob":-0.132,"bolussnooze":0,"activity":-0.0013,"lastBolusTime":1703167891548,"time":"2023-12-21T14:46:00.755Z","iobWithZeroTemp":{"iob":-0.263,"basaliob":-0.348,"bolussnooze":0,"activity":-0.0021,"lastBolusTime":1703167891548,"time":"2023-12-21T14:46:00.755Z"}},{"iob":-0.041,"basaliob":-0.121,"bolussnooze":0,"activity":-0.0012,"lastBolusTime":1703167891548,"time":"2023-12-21T14:51:00.755Z","iobWithZeroTemp":{"iob":-0.31,"basaliob":-0.39,"bolussnooze":0,"activity":-0.0024,"lastBolusTime":1703167891548,"time":"2023-12-21T14:51:00.755Z"}},{"iob":-0.035,"basaliob":-0.11,"bolussnooze":0,"activity":-0.001,"lastBolusTime":1703167891548,"time":"2023-12-21T14:56:00.755Z","iobWithZeroTemp":{"iob":-0.355,"basaliob":-0.43,"bolussnooze":0,"activity":-0.0027,"lastBolusTime":1703167891548,"time":"2023-12-21T14:56:00.755Z"}},{"iob":-0.031,"basaliob":-0.101,"bolussnooze":0,"activity":-9.0E-4,"lastBolusTime":1703167891548,"time":"2023-12-21T15:01:00.755Z","iobWithZeroTemp":{"iob":-0.4,"basaliob":-0.47,"bolussnooze":0,"activity":-0.0031,"lastBolusTime":1703167891548,"time":"2023-12-21T15:01:00.755Z"}},{"iob":-0.026,"basaliob":-0.092,"bolussnooze":0,"activity":-8.0E-4,"lastBolusTime":1703167891548,"time":"2023-12-21T15:06:00.755Z","iobWithZeroTemp":{"iob":-0.442,"basaliob":-0.508,"bolussnooze":0,"activity":-0.0035,"lastBolusTime":1703167891548,"time":"2023-12-21T15:06:00.755Z"}},{"iob":-0.022,"basaliob":-0.083,"bolussnooze":0,"activity":-7.0E-4,"lastBolusTime":1703167891548,"time":"2023-12-21T15:11:00.755Z","iobWithZeroTemp":{"iob":-0.481,"basaliob":-0.542,"bolussnooze":0,"activity":-0.0039,"lastBolusTime":1703167891548,"time":"2023-12-21T15:11:00.755Z"}},{"iob":-0.019,"basaliob":-0.075,"bolussnooze":0,"activity":-6.0E-4,"lastBolusTime":1703167891548,"time":"2023-12-21T15:16:00.755Z","iobWithZeroTemp":{"iob":-0.52,"basaliob":-0.576,"bolussnooze":0,"activity":-0.0043,"lastBolusTime":1703167891548,"time":"2023-12-21T15:16:00.755Z"}},{"iob":-0.016,"basaliob":-0.068,"bolussnooze":0,"activity":-6.0E-4,"lastBolusTime":1703167891548,"time":"2023-12-21T15:21:00.755Z","iobWithZeroTemp":{"iob":-0.556,"basaliob":-0.608,"bolussnooze":0,"activity":-0.0048,"lastBolusTime":1703167891548,"time":"2023-12-21T15:21:00.755Z"}},{"iob":-0.014,"basaliob":-0.062,"bolussnooze":0,"activity":-5.0E-4,"lastBolusTime":1703167891548,"time":"2023-12-21T15:26:00.755Z","iobWithZeroTemp":{"iob":-0.59,"basaliob":-0.638,"bolussnooze":0,"activity":-0.0051,"lastBolusTime":1703167891548,"time":"2023-12-21T15:26:00.755Z"}},{"iob":-0.012,"basaliob":-0.056,"bolussnooze":0,"activity":-5.0E-4,"lastBolusTime":1703167891548,"time":"2023-12-21T15:31:00.755Z","iobWithZeroTemp":{"iob":-0.622,"basaliob":-0.666,"bolussnooze":0,"activity":-0.0056,"lastBolusTime":1703167891548,"time":"2023-12-21T15:31:00.755Z"}},{"iob":-0.009,"basaliob":-0.05,"bolussnooze":0,"activity":-4.0E-4,"lastBolusTime":1703167891548,"time":"2023-12-21T15:36:00.755Z","iobWithZeroTemp":{"iob":-0.65,"basaliob":-0.691,"bolussnooze":0,"activity":-0.006,"lastBolusTime":1703167891548,"time":"2023-12-21T15:36:00.755Z"}},{"iob":-0.008,"basaliob":-0.045,"bolussnooze":0,"activity":-3.0E-4,"lastBolusTime":1703167891548,"time":"2023-12-21T15:41:00.755Z","iobWithZeroTemp":{"iob":-0.679,"basaliob":-0.716,"bolussnooze":0,"activity":-0.0063,"lastBolusTime":1703167891548,"time":"2023-12-21T15:41:00.755Z"}},{"iob":-0.006,"basaliob":-0.04,"bolussnooze":0,"activity":-3.0E-4,"lastBolusTime":1703167891548,"time":"2023-12-21T15:46:00.755Z","iobWithZeroTemp":{"iob":-0.704,"basaliob":-0.738,"bolussnooze":0,"activity":-0.0067,"lastBolusTime":1703167891548,"time":"2023-12-21T15:46:00.755Z"}},{"iob":-0.005,"basaliob":-0.036,"bolussnooze":0,"activity":-2.0E-4,"lastBolusTime":1703167891548,"time":"2023-12-21T15:51:00.755Z","iobWithZeroTemp":{"iob":-0.728,"basaliob":-0.759,"bolussnooze":0,"activity":-0.007,"lastBolusTime":1703167891548,"time":"2023-12-21T15:51:00.755Z"}},{"iob":-0.003,"basaliob":-0.032,"bolussnooze":0,"activity":-2.0E-4,"lastBolusTime":1703167891548,"time":"2023-12-21T15:56:00.755Z","iobWithZeroTemp":{"iob":-0.749,"basaliob":-0.778,"bolussnooze":0,"activity":-0.0074,"lastBolusTime":1703167891548,"time":"2023-12-21T15:56:00.755Z"}},{"iob":-0.003,"basaliob":-0.029,"bolussnooze":0,"activity":-2.0E-4,"lastBolusTime":1703167891548,"time":"2023-12-21T16:01:00.755Z","iobWithZeroTemp":{"iob":-0.771,"basaliob":-0.797,"bolussnooze":0,"activity":-0.0078,"lastBolusTime":1703167891548,"time":"2023-12-21T16:01:00.755Z"}},{"iob":-0.002,"basaliob":-0.026,"bolussnooze":0,"activity":-1.0E-4,"lastBolusTime":1703167891548,"time":"2023-12-21T16:06:00.755Z","iobWithZeroTemp":{"iob":-0.789,"basaliob":-0.813,"bolussnooze":0,"activity":-0.008,"lastBolusTime":1703167891548,"time":"2023-12-21T16:06:00.755Z"}},{"iob":-0.002,"basaliob":-0.023,"bolussnooze":0,"activity":-1.0E-4,"lastBolusTime":1703167891548,"time":"2023-12-21T16:11:00.755Z","iobWithZeroTemp":{"iob":-0.807,"basaliob":-0.828,"bolussnooze":0,"activity":-0.0083,"lastBolusTime":1703167891548,"time":"2023-12-21T16:11:00.755Z"}},{"iob":-0.001,"basaliob":-0.02,"bolussnooze":0,"activity":-1.0E-4,"lastBolusTime":1703167891548,"time":"2023-12-21T16:16:00.755Z","iobWithZeroTemp":{"iob":-0.822,"basaliob":-0.841,"bolussnooze":0,"activity":-0.0086,"lastBolusTime":1703167891548,"time":"2023-12-21T16:16:00.755Z"}},{"iob":0,"basaliob":-0.018,"bolussnooze":0,"activity":0,"lastBolusTime":1703167891548,"time":"2023-12-21T16:21:00.755Z","iobWithZeroTemp":{"iob":-0.836,"basaliob":-0.854,"bolussnooze":0,"activity":-0.0088,"lastBolusTime":1703167891548,"time":"2023-12-21T16:21:00.755Z"}},{"iob":0,"basaliob":-0.016,"bolussnooze":0,"activity":-1.0E-4,"lastBolusTime":1703167891548,"time":"2023-12-21T16:26:00.755Z","iobWithZeroTemp":{"iob":-0.85,"basaliob":-0.866,"bolussnooze":0,"activity":-0.0092,"lastBolusTime":1703167891548,"time":"2023-12-21T16:26:00.755Z"}},{"iob":0,"basaliob":-0.014,"bolussnooze":0,"activity":-1.0E-4,"lastBolusTime":1703167891548,"time":"2023-12-21T16:31:00.755Z","iobWithZeroTemp":{"iob":-0.862,"basaliob":-0.876,"bolussnooze":0,"activity":-0.0094,"lastBolusTime":1703167891548,"time":"2023-12-21T16:31:00.755Z"}},{"iob":0.001,"basaliob":-0.012,"bolussnooze":0,"activity":0,"lastBolusTime":1703167891548,"time":"2023-12-21T16:36:00.755Z","iobWithZeroTemp":{"iob":-0.873,"basaliob":-0.886,"bolussnooze":0,"activity":-0.0095,"lastBolusTime":1703167891548,"time":"2023-12-21T16:36:00.755Z"}},{"iob":0.002,"basaliob":-0.01,"bolussnooze":0,"activity":0,"lastBolusTime":1703167891548,"time":"2023-12-21T16:41:00.755Z","iobWithZeroTemp":{"iob":-0.882,"basaliob":-0.894,"bolussnooze":0,"activity":-0.0097,"lastBolusTime":1703167891548,"time":"2023-12-21T16:41:00.755Z"}},{"iob":0.001,"basaliob":-0.009,"bolussnooze":0,"activity":-1.0E-4,"lastBolusTime":1703167891548,"time":"2023-12-21T16:46:00.755Z","iobWithZeroTemp":{"iob":-0.892,"basaliob":-0.902,"bolussnooze":0,"activity":-0.01,"lastBolusTime":1703167891548,"time":"2023-12-21T16:46:00.755Z"}},{"iob":0.001,"basaliob":-0.008,"bolussnooze":0,"activity":0,"lastBolusTime":1703167891548,"time":"2023-12-21T16:51:00.755Z","iobWithZeroTemp":{"iob":-0.901,"basaliob":-0.91,"bolussnooze":0,"activity":-0.0101,"lastBolusTime":1703167891548,"time":"2023-12-21T16:51:00.755Z"}},{"iob":0.001,"basaliob":-0.007,"bolussnooze":0,"activity":0,"lastBolusTime":1703167891548,"time":"2023-12-21T16:56:00.755Z","iobWithZeroTemp":{"iob":-0.908,"basaliob":-0.916,"bolussnooze":0,"activity":-0.0102,"lastBolusTime":1703167891548,"time":"2023-12-21T16:56:00.755Z"}},{"iob":0.001,"basaliob":-0.006,"bolussnooze":0,"activity":0,"lastBolusTime":1703167891548,"time":"2023-12-21T17:01:00.755Z","iobWithZeroTemp":{"iob":-0.915,"basaliob":-0.922,"bolussnooze":0,"activity":-0.0104,"lastBolusTime":1703167891548,"time":"2023-12-21T17:01:00.755Z"}},{"iob":0.002,"basaliob":-0.005,"bolussnooze":0,"activity":0,"lastBolusTime":1703167891548,"time":"2023-12-21T17:06:00.755Z","iobWithZeroTemp":{"iob":-0.928,"basaliob":-0.935,"bolussnooze":0,"activity":-0.0105,"lastBolusTime":1703167891548,"time":"2023-12-21T17:06:00.755Z"}},{"iob":0.002,"basaliob":-0.004,"bolussnooze":0,"activity":0,"lastBolusTime":1703167891548,"time":"2023-12-21T17:11:00.755Z","iobWithZeroTemp":{"iob":-0.942,"basaliob":-0.948,"bolussnooze":0,"activity":-0.0107,"lastBolusTime":1703167891548,"time":"2023-12-21T17:11:00.755Z"}},{"iob":0.001,"basaliob":-0.004,"bolussnooze":0,"activity":0,"lastBolusTime":1703167891548,"time":"2023-12-21T17:16:00.755Z","iobWithZeroTemp":{"iob":-0.956,"basaliob":-0.961,"bolussnooze":0,"activity":-0.0108,"lastBolusTime":1703167891548,"time":"2023-12-21T17:16:00.755Z"}},{"iob":0.002,"basaliob":-0.003,"bolussnooze":0,"activity":0,"lastBolusTime":1703167891548,"time":"2023-12-21T17:21:00.755Z","iobWithZeroTemp":{"iob":-0.967,"basaliob":-0.972,"bolussnooze":0,"activity":-0.011,"lastBolusTime":1703167891548,"time":"2023-12-21T17:21:00.755Z"}},{"iob":0.001,"basaliob":-0.003,"bolussnooze":0,"activity":0,"lastBolusTime":1703167891548,"time":"2023-12-21T17:26:00.755Z","iobWithZeroTemp":{"iob":-0.979,"basaliob":-0.983,"bolussnooze":0,"activity":-0.0111,"lastBolusTime":1703167891548,"time":"2023-12-21T17:26:00.755Z"}},{"iob":0.001,"basaliob":-0.002,"bolussnooze":0,"activity":0,"lastBolusTime":1703167891548,"time":"2023-12-21T17:31:00.755Z","iobWithZeroTemp":{"iob":-0.99,"basaliob":-0.993,"bolussnooze":0,"activity":-0.0113,"lastBolusTime":1703167891548,"time":"2023-12-21T17:31:00.755Z"}},{"iob":0.001,"basaliob":-0.002,"bolussnooze":0,"activity":0,"lastBolusTime":1703167891548,"time":"2023-12-21T17:36:00.755Z","iobWithZeroTemp":{"iob":-1,"basaliob":-1.003,"bolussnooze":0,"activity":-0.0114,"lastBolusTime":1703167891548,"time":"2023-12-21T17:36:00.755Z"}},{"iob":0.002,"basaliob":-0.001,"bolussnooze":0,"activity":0,"lastBolusTime":1703167891548,"time":"2023-12-21T17:41:00.755Z","iobWithZeroTemp":{"iob":-1.008,"basaliob":-1.011,"bolussnooze":0,"activity":-0.0116,"lastBolusTime":1703167891548,"time":"2023-12-21T17:41:00.755Z"}},{"iob":0.001,"basaliob":-0.001,"bolussnooze":0,"activity":0,"lastBolusTime":1703167891548,"time":"2023-12-21T17:46:00.755Z","iobWithZeroTemp":{"iob":-1.017,"basaliob":-1.019,"bolussnooze":0,"activity":-0.0117,"lastBolusTime":1703167891548,"time":"2023-12-21T17:46:00.755Z"}},{"iob":0.001,"basaliob":-0.001,"bolussnooze":0,"activity":1.0E-4,"lastBolusTime":1703167891548,"time":"2023-12-21T17:51:00.755Z","iobWithZeroTemp":{"iob":-1.025,"basaliob":-1.027,"bolussnooze":0,"activity":-0.0117,"lastBolusTime":1703167891548,"time":"2023-12-21T17:51:00.755Z"}},{"iob":0.001,"basaliob":-0.001,"bolussnooze":0,"activity":1.0E-4,"lastBolusTime":1703167891548,"time":"2023-12-21T17:56:00.755Z","iobWithZeroTemp":{"iob":-1.032,"basaliob":-1.034,"bolussnooze":0,"activity":-0.0118,"lastBolusTime":1703167891548,"time":"2023-12-21T17:56:00.755Z"}},{"iob":0,"basaliob":-0.001,"bolussnooze":0,"activity":0,"lastBolusTime":1703167891548,"time":"2023-12-21T18:01:00.755Z","iobWithZeroTemp":{"iob":-1.04,"basaliob":-1.041,"bolussnooze":0,"activity":-0.0121,"lastBolusTime":1703167891548,"time":"2023-12-21T18:01:00.755Z"}},{"iob":0.001,"basaliob":0,"bolussnooze":0,"activity":0,"lastBolusTime":1703167891548,"time":"2023-12-21T18:06:00.755Z","iobWithZeroTemp":{"iob":-1.045,"basaliob":-1.046,"bolussnooze":0,"activity":-0.0122,"lastBolusTime":1703167891548,"time":"2023-12-21T18:06:00.755Z"}},{"iob":0.001,"basaliob":0,"bolussnooze":0,"activity":0,"lastBolusTime":1703167891548,"time":"2023-12-21T18:11:00.755Z","iobWithZeroTemp":{"iob":-1.051,"basaliob":-1.052,"bolussnooze":0,"activity":-0.0123,"lastBolusTime":1703167891548,"time":"2023-12-21T18:11:00.755Z"}},{"iob":0.001,"basaliob":0,"bolussnooze":0,"activity":0,"lastBolusTime":1703167891548,"time":"2023-12-21T18:16:00.755Z","iobWithZeroTemp":{"iob":-1.056,"basaliob":-1.057,"bolussnooze":0,"activity":-0.0124,"lastBolusTime":1703167891548,"time":"2023-12-21T18:16:00.755Z"}},{"iob":0.001,"basaliob":0,"bolussnooze":0,"activity":0,"lastBolusTime":1703167891548,"time":"2023-12-21T18:21:00.755Z","iobWithZeroTemp":{"iob":-1.061,"basaliob":-1.062,"bolussnooze":0,"activity":-0.0124,"lastBolusTime":1703167891548,"time":"2023-12-21T18:21:00.755Z"}}],"profile":{"max_iob":7,"type":"current","max_daily_basal":0.8,"max_basal":5,"min_bg":80,"max_bg":90,"target_bg":85,"carb_ratio":16,"sens":57,"max_daily_safety_multiplier":9,"current_basal_safety_multiplier":8,"lgsThreshold":65,"high_temptarget_raises_sensitivity":false,"low_temptarget_lowers_sensitivity":false,"sensitivity_raises_target":false,"resistance_lowers_target":false,"adv_target_adjustments":false,"exercise_mode":false,"half_basal_exercise_target":160,"maxCOB":120,"skip_neutral_temps":false,"remainingCarbsCap":90,"enableUAM":true,"A52_risk_enable":false,"SMBInterval":3,"enableSMB_with_COB":true,"enableSMB_with_temptarget":true,"allowSMB_with_high_temptarget":true,"enableSMB_always":true,"enableSMB_after_carbs":true,"maxSMBBasalMinutes":120,"maxUAMSMBBasalMinutes":90,"bolus_increment":0.05,"carbsReqThreshold":5,"current_basal":0.7,"temptargetSet":false,"autosens_max":1.6,"autosens_min":0.6,"variable_sens":140.2,"insulinDivisor":75,"TDD":18.00382023809524},"autosens_data":{"ratio":0.9690098680563258},"meal_data":{"carbs":0,"mealCOB":0,"slopeFromMaxDeviation":-0.9430000000000001,"slopeFromMinDeviation":0.29311111111111116,"lastBolusTime":1703167891548,"lastCarbTime":0},"microBolusAllowed":true,"currentTime":1703168762434,"flatBGsDetected":false,"tdd1D":20.662500000000005,"tdd7D":21.47380952380953,"tddLast24H":20.808333333333344,"tddLast4H":2.029166666666667,"tddLast8to4H":1.8041666666666663},"output":{"temp":"absolute","bg":78,"tick":"+1","eventualBG":92,"targetBG":85,"insulinReq":0.01,"deliverAt":"2023-12-21T14:26:02.434Z","sensitivityRatio":0.9690098680563258,"variable_sens":140.2,"predBGs":{"IOB":[78,79,80,81,81,82,83,83,84,84,84,85,85,85,86,86,86,86,87],"ZT":[78,80,81,82,84,85,86]},"reason":"COB: 0, Dev: 3, BGI: 2, ISF: 140, CR: 16, Target: 85, minPredBG 87, minGuardBG 79, IOBpredBG 87; Eventual BG 92 >= 90,  insulinReq 0.01. no temp, setting 0.7U\/hr. ","COB":0,"IOB":-0.081,"duration":30,"rate":0.698306907639428,"timestamp":"2023-12-21T14:26:02.496Z"}}