{"algorithm":"OpenAPSSMBDynamicISFPlugin","input":{"glucoseStatus":{"glucose":108,"noise":0,"delta":3,"short_avgdelta":3.11,"long_avgdelta":2.94,"date":1703183137000},"currenttemp":{"temp":"absolute","duration":25,"rate":0.1,"minutesrunning":5},"iob_data":[{"iob":0.314,"basaliob":0.028,"bolussnooze":0,"activity":0.0018,"lastBolusTime":1703182870037,"time":"2023-12-21T18:25:56.979Z","iobWithZeroTemp":{"iob":0.314,"basaliob":0.028,"bolussnooze":0,"activity":0.0018,"lastBolusTime":1703182870037,"time":"2023-12-21T18:25:56.979Z"}},{"iob":0.304,"basaliob":0.029,"bolussnooze":0,"activity":0.0022,"lastBolusTime":1703182870037,"time":"2023-12-21T18:30:56.979Z","iobWithZeroTemp":{"iob":0.251,"basaliob":-0.024,"bolussnooze":0,"activity":0.0021,"lastBolusTime":1703182870037,"time":"2023-12-21T18:30:56.979Z"}},{"iob":0.292,"basaliob":0.029,"bolussnooze":0,"activity":0.0024,"lastBolusTime":1703182870037,"time":"2023-12-21T18:35:56.979Z","iobWithZeroTemp":{"iob":0.173,"basaliob":-0.09,"bolussnooze":0,"activity":0.0022,"lastBolusTime":1703182870037,"time":"2023-12-21T18:35:56.979Z"}},{"iob":0.279,"basaliob":0.029,"bolussnooze":0,"activity":0.0026,"lastBolusTime":1703182870037,"time":"2023-12-21T18:40:56.979Z","iobWithZeroTemp":{"iob":0.095,"basaliob":-0.155,"bolussnooze":0,"activity":0.002,"lastBolusTime":1703182870037,"time":"2023-12-21T18:40:56.979Z"}},{"iob":0.266,"basaliob":0.029,"bolussnooze":0,"activity":0.0027,"lastBolusTime":1703182870037,"time":"2023-12-21T18:45:56.979Z","iobWithZeroTemp":{"iob":0.019,"basaliob":-0.218,"bolussnooze":0,"activity":0.0017,"lastBolusTime":1703182870037,"time":"2023-12-21T18:45:56.979Z"}},{"iob":0.252,"basaliob":0.028,"bolussnooze":0,"activity":0.0028,"lastBolusTime":1703182870037,"time":"2023-12-21T18:50:56.979Z","iobWithZeroTemp":{"iob":-0.056,"basaliob":-0.28,"bolussnooze":0,"activity":0.0014,"lastBolusTime":1703182870037,"time":"2023-12-21T18:50:56.979Z"}},{"iob":0.238,"basaliob":0.027,"bolussnooze":0,"activity":0.0029,"lastBolusTime":1703182870037,"time":"2023-12-21T18:55:56.979Z","iobWithZeroTemp":{"iob":-0.128,"basaliob":-0.339,"bolussnooze":0,"activity":0.001,"lastBolusTime":1703182870037,"time":"2023-12-21T18:55:56.979Z"}},{"iob":0.224,"basaliob":0.026,"bolussnooze":0,"activity":0.0028,"lastBolusTime":1703182870037,"time":"2023-12-21T19:00:56.979Z","iobWithZeroTemp":{"iob":-0.198,"basaliob":-0.396,"bolussnooze":0,"activity":3.0E-4,"lastBolusTime":1703182870037,"time":"2023-12-21T19:00:56.979Z"}},{"iob":0.21,"basaliob":0.025,"bolussnooze":0,"activity":0.0027,"lastBolusTime":1703182870037,"time":"2023-12-21T19:05:56.979Z","iobWithZeroTemp":{"iob":-0.265,"basaliob":-0.45,"bolussnooze":0,"activity":-3.0E-4,"lastBolusTime":1703182870037,"time":"2023-12-21T19:05:56.979Z"}},{"iob":0.196,"basaliob":0.024,"bolussnooze":0,"activity":0.0027,"lastBolusTime":1703182870037,"time":"2023-12-21T19:10:56.979Z","iobWithZeroTemp":{"iob":-0.329,"basaliob":-0.501,"bolussnooze":0,"activity":-9.0E-4,"lastBolusTime":1703182870037,"time":"2023-12-21T19:10:56.979Z"}},{"iob":0.183,"basaliob":0.023,"bolussnooze":0,"activity":0.0026,"lastBolusTime":1703182870037,"time":"2023-12-21T19:15:56.979Z","iobWithZeroTemp":{"iob":-0.389,"basaliob":-0.549,"bolussnooze":0,"activity":-0.0016,"lastBolusTime":1703182870037,"time":"2023-12-21T19:15:56.979Z"}},{"iob":0.17,"basaliob":0.022,"bolussnooze":0,"activity":0.0025,"lastBolusTime":1703182870037,"time":"2023-12-21T19:20:56.979Z","iobWithZeroTemp":{"iob":-0.447,"basaliob":-0.595,"bolussnooze":0,"activity":-0.0022,"lastBolusTime":1703182870037,"time":"2023-12-21T19:20:56.979Z"}},{"iob":0.158,"basaliob":0.021,"bolussnooze":0,"activity":0.0024,"lastBolusTime":1703182870037,"time":"2023-12-21T19:25:56.979Z","iobWithZeroTemp":{"iob":-0.5,"basaliob":-0.637,"bolussnooze":0,"activity":-0.0029,"lastBolusTime":1703182870037,"time":"2023-12-21T19:25:56.979Z"}},{"iob":0.146,"basaliob":0.019,"bolussnooze":0,"activity":0.0023,"lastBolusTime":1703182870037,"time":"2023-12-21T19:30:56.979Z","iobWithZeroTemp":{"iob":-0.551,"basaliob":-0.678,"bolussnooze":0,"activity":-0.0036,"lastBolusTime":1703182870037,"time":"2023-12-21T19:30:56.979Z"}},{"iob":0.135,"basaliob":0.018,"bolussnooze":0,"activity":0.0021,"lastBolusTime":1703182870037,"time":"2023-12-21T19:35:56.979Z","iobWithZeroTemp":{"iob":-0.598,"basaliob":-0.715,"bolussnooze":0,"activity":-0.0043,"lastBolusTime":1703182870037,"time":"2023-12-21T19:35:56.979Z"}},{"iob":0.124,"basaliob":0.017,"bolussnooze":0,"activity":0.002,"lastBolusTime":1703182870037,"time":"2023-12-21T19:40:56.979Z","iobWithZeroTemp":{"iob":-0.643,"basaliob":-0.75,"bolussnooze":0,"activity":-0.0049,"lastBolusTime":1703182870037,"time":"2023-12-21T19:40:56.979Z"}},{"iob":0.114,"basaliob":0.016,"bolussnooze":0,"activity":0.0019,"lastBolusTime":1703182870037,"time":"2023-12-21T19:45:56.979Z","iobWithZeroTemp":{"iob":-0.684,"basaliob":-0.782,"bolussnooze":0,"activity":-0.0055,"lastBolusTime":1703182870037,"time":"2023-12-21T19:45:56.979Z"}},{"iob":0.105,"basaliob":0.015,"bolussnooze":0,"activity":0.0018,"lastBolusTime":1703182870037,"time":"2023-12-21T19:50:56.979Z","iobWithZeroTemp":{"iob":-0.721,"basaliob":-0.811,"bolussnooze":0,"activity":-0.006,"lastBolusTime":1703182870037,"time":"2023-12-21T19:50:56.979Z"}},{"iob":0.096,"basaliob":0.014,"bolussnooze":0,"activity":0.0017,"lastBolusTime":1703182870037,"time":"2023-12-21T19:55:56.979Z","iobWithZeroTemp":{"iob":-0.757,"basaliob":-0.839,"bolussnooze":0,"activity":-0.0066,"lastBolusTime":1703182870037,"time":"2023-12-21T19:55:56.979Z"}},{"iob":0.088,"basaliob":0.013,"bolussnooze":0,"activity":0.0016,"lastBolusTime":1703182870037,"time":"2023-12-21T20:00:56.979Z","iobWithZeroTemp":{"iob":-0.789,"basaliob":-0.864,"bolussnooze":0,"activity":-0.0071,"lastBolusTime":1703182870037,"time":"2023-12-21T20:00:56.979Z"}},{"iob":0.081,"basaliob":0.012,"bolussnooze":0,"activity":0.0015,"lastBolusTime":1703182870037,"time":"2023-12-21T20:05:56.979Z","iobWithZeroTemp":{"iob":-0.819,"basaliob":-0.888,"bolussnooze":0,"activity":-0.0076,"lastBolusTime":1703182870037,"time":"2023-12-21T20:05:56.979Z"}},{"iob":0.073,"basaliob":0.011,"bolussnooze":0,"activity":0.0014,"lastBolusTime":1703182870037,"time":"2023-12-21T20:10:56.979Z","iobWithZeroTemp":{"iob":-0.847,"basaliob":-0.909,"bolussnooze":0,"activity":-0.008,"lastBolusTime":1703182870037,"time":"2023-12-21T20:10:56.979Z"}},{"iob":0.067,"basaliob":0.01,"bolussnooze":0,"activity":0.0013,"lastBolusTime":1703182870037,"time":"2023-12-21T20:15:56.979Z","iobWithZeroTemp":{"iob":-0.872,"basaliob":-0.929,"bolussnooze":0,"activity":-0.0085,"lastBolusTime":1703182870037,"time":"2023-12-21T20:15:56.979Z"}},{"iob":0.06,"basaliob":0.009,"bolussnooze":0,"activity":0.0012,"lastBolusTime":1703182870037,"time":"2023-12-21T20:20:56.979Z","iobWithZeroTemp":{"iob":-0.896,"basaliob":-0.947,"bolussnooze":0,"activity":-0.0089,"lastBolusTime":1703182870037,"time":"2023-12-21T20:20:56.979Z"}},{"iob":0.054,"basaliob":0.008,"bolussnooze":0,"activity":0.0011,"lastBolusTime":1703182870037,"time":"2023-12-21T20:25:56.979Z","iobWithZeroTemp":{"iob":-0.918,"basaliob":-0.964,"bolussnooze":0,"activity":-0.0093,"lastBolusTime":1703182870037,"time":"2023-12-21T20:25:56.979Z"}},{"iob":0.049,"basaliob":0.007,"bolussnooze":0,"activity":0.001,"lastBolusTime":1703182870037,"time":"2023-12-21T20:30:56.979Z","iobWithZeroTemp":{"iob":-0.937,"basaliob":-0.979,"bolussnooze":0,"activity":-0.0096,"lastBolusTime":1703182870037,"time":"2023-12-21T20:30:56.979Z"}},{"iob":0.045,"basaliob":0.007,"bolussnooze":0,"activity":9.0E-4,"lastBolusTime":1703182870037,"time":"2023-12-21T20:35:56.979Z","iobWithZeroTemp":{"iob":-0.954,"basaliob":-0.992,"bolussnooze":0,"activity":-0.01,"lastBolusTime":1703182870037,"time":"2023-12-21T20:35:56.979Z"}},{"iob":0.04,"basaliob":0.006,"bolussnooze":0,"activity":8.0E-4,"lastBolusTime":1703182870037,"time":"2023-12-21T20:40:56.979Z","iobWithZeroTemp":{"iob":-0.97,"basaliob":-1.004,"bolussnooze":0,"activity":-0.0103,"lastBolusTime":1703182870037,"time":"2023-12-21T20:40:56.979Z"}},{"iob":0.036,"basaliob":0.006,"bolussnooze":0,"activity":8.0E-4,"lastBolusTime":1703182870037,"time":"2023-12-21T20:45:56.979Z","iobWithZeroTemp":{"iob":-0.985,"basaliob":-1.015,"bolussnooze":0,"activity":-0.0105,"lastBolusTime":1703182870037,"time":"2023-12-21T20:45:56.979Z"}},{"iob":0.032,"basaliob":0.005,"bolussnooze":0,"activity":7.0E-4,"lastBolusTime":1703182870037,"time":"2023-12-21T20:50:56.979Z","iobWithZeroTemp":{"iob":-0.998,"basaliob":-1.025,"bolussnooze":0,"activity":-0.0108,"lastBolusTime":1703182870037,"time":"2023-12-21T20:50:56.979Z"}},{"iob":0.029,"basaliob":0.005,"bolussnooze":0,"activity":7.0E-4,"lastBolusTime":1703182870037,"time":"2023-12-21T20:55:56.979Z","iobWithZeroTemp":{"iob":-1.01,"basaliob":-1.034,"bolussnooze":0,"activity":-0.011,"lastBolusTime":1703182870037,"time":"2023-12-21T20:55:56.979Z"}},{"iob":0.026,"basaliob":0.004,"bolussnooze":0,"activity":6.0E-4,"lastBolusTime":1703182870037,"time":"2023-12-21T21:00:56.979Z","iobWithZeroTemp":{"iob":-1.021,"basaliob":-1.043,"bolussnooze":0,"activity":-0.0113,"lastBolusTime":1703182870037,"time":"2023-12-21T21:00:56.979Z"}},{"iob":0.023,"basaliob":0.004,"bolussnooze":0,"activity":6.0E-4,"lastBolusTime":1703182870037,"time":"2023-12-21T21:05:56.979Z","iobWithZeroTemp":{"iob":-1.031,"basaliob":-1.05,"bolussnooze":0,"activity":-0.0114,"lastBolusTime":1703182870037,"time":"2023-12-21T21:05:56.979Z"}},{"iob":0.02,"basaliob":0.003,"bolussnooze":0,"activity":5.0E-4,"lastBolusTime":1703182870037,"time":"2023-12-21T21:10:56.979Z","iobWithZeroTemp":{"iob":-1.04,"basaliob":-1.057,"bolussnooze":0,"activity":-0.0117,"lastBolusTime":1703182870037,"time":"2023-12-21T21:10:56.979Z"}},{"iob":0.018,"basaliob":0.003,"bolussnooze":0,"activity":5.0E-4,"lastBolusTime":1703182870037,"time":"2023-12-21T21:15:56.979Z","iobWithZeroTemp":{"iob":-1.047,"basaliob":-1.062,"bolussnooze":0,"activity":-0.0118,"lastBolusTime":1703182870037,"time":"2023-12-21T21:15:56.979Z"}},{"iob":0.016,"basaliob":0.003,"bolussnooze":0,"activity":4.0E-4,"lastBolusTime":1703182870037,"time":"2023-12-21T21:20:56.979Z","iobWithZeroTemp":{"iob":-1.054,"basaliob":-1.067,"bolussnooze":0,"activity":-0.012,"lastBolusTime":1703182870037,"time":"2023-12-21T21:20:56.979Z"}},{"iob":0.014,"basaliob":0.002,"bolussnooze":0,"activity":4.0E-4,"lastBolusTime":1703182870037,"time":"2023-12-21T21:25:56.979Z","iobWithZeroTemp":{"iob":-1.061,"basaliob":-1.073,"bolussnooze":0,"activity":-0.0121,"lastBolusTime":1703182870037,"time":"2023-12-21T21:25:56.979Z"}},{"iob":0.012,"basaliob":0.002,"bolussnooze":0,"activity":4.0E-4,"lastBolusTime":1703182870037,"time":"2023-12-21T21:30:56.979Z","iobWithZeroTemp":{"iob":-1.067,"basaliob":-1.077,"bolussnooze":0,"activity":-0.0122,"lastBolusTime":1703182870037,"time":"2023-12-21T21:30:56.979Z"}},{"iob":0.011,"basaliob":0.002,"bolussnooze":0,"activity":2.0E-4,"lastBolusTime":1703182870037,"time":"2023-12-21T21:35:56.979Z","iobWithZeroTemp":{"iob":-1.071,"basaliob":-1.08,"bolussnooze":0,"activity":-0.0125,"lastBolusTime":1703182870037,"time":"2023-12-21T21:35:56.979Z"}},{"iob":0.01,"basaliob":0.002,"bolussnooze":0,"activity":2.0E-4,"lastBolusTime":1703182870037,"time":"2023-12-21T21:40:56.979Z","iobWithZeroTemp":{"iob":-1.075,"basaliob":-1.083,"bolussnooze":0,"activity":-0.0126,"lastBolusTime":1703182870037,"time":"2023-12-21T21:40:56.979Z"}},{"iob":0.008,"basaliob":0.001,"bolussnooze":0,"activity":2.0E-4,"lastBolusTime":1703182870037,"time":"2023-12-21T21:45:56.979Z","iobWithZeroTemp":{"iob":-1.08,"basaliob":-1.087,"bolussnooze":0,"activity":-0.0126,"lastBolusTime":1703182870037,"time":"2023-12-21T21:45:56.979Z"}},{"iob":0.007,"basaliob":0.001,"bolussnooze":0,"activity":2.0E-4,"lastBolusTime":1703182870037,"time":"2023-12-21T21:50:56.979Z","iobWithZeroTemp":{"iob":-1.083,"basaliob":-1.089,"bolussnooze":0,"activity":-0.0127,"lastBolusTime":1703182870037,"time":"2023-12-21T21:50:56.979Z"}},{"iob":0.006,"basaliob":0.001,"bolussnooze":0,"activity":2.0E-4,"lastBolusTime":1703182870037,"time":"2023-12-21T21:55:56.979Z","iobWithZeroTemp":{"iob":-1.086,"basaliob":-1.091,"bolussnooze":0,"activity":-0.0128,"lastBolusTime":1703182870037,"time":"2023-12-21T21:55:56.979Z"}},{"iob":0.005,"basaliob":0.001,"bolussnooze":0,"activity":1.0E-4,"lastBolusTime":1703182870037,"time":"2023-12-21T22:00:56.979Z","iobWithZeroTemp":{"iob":-1.089,"basaliob":-1.093,"bolussnooze":0,"activity":-0.0129,"lastBolusTime":1703182870037,"time":"2023-12-21T22:00:56.979Z"}},{"iob":0.005,"basaliob":0.001,"bolussnooze":0,"activity":1.0E-4,"lastBolusTime":1703182870037,"time":"2023-12-21T22:05:56.979Z","iobWithZeroTemp":{"iob":-1.091,"basaliob":-1.095,"bolussnooze":0,"activity":-0.0129,"lastBolusTime":1703182870037,"time":"2023-12-21T22:05:56.979Z"}},{"iob":0.004,"basaliob":0.001,"bolussnooze":0,"activity":1.0E-4,"lastBolusTime":1703182870037,"time":"2023-12-21T22:10:56.979Z","iobWithZeroTemp":{"iob":-1.093,"basaliob":-1.096,"bolussnooze":0,"activity":-0.013,"lastBolusTime":1703182870037,"time":"2023-12-21T22:10:56.979Z"}},{"iob":0.004,"basaliob":0.001,"bolussnooze":0,"activity":1.0E-4,"lastBolusTime":1703182870037,"time":"2023-12-21T22:15:56.979Z","iobWithZeroTemp":{"iob":-1.094,"basaliob":-1.097,"bolussnooze":0,"activity":-0.013,"lastBolusTime":1703182870037,"time":"2023-12-21T22:15:56.979Z"}},{"iob":0.002,"basaliob":0,"bolussnooze":0,"activity":1.0E-4,"lastBolusTime":1703182870037,"time":"2023-12-21T22:20:56.979Z","iobWithZeroTemp":{"iob":-1.097,"basaliob":-1.099,"bolussnooze":0,"activity":-0.0131,"lastBolusTime":1703182870037,"time":"2023-12-21T22:20:56.979Z"}}],"profile":{"max_iob":7,"type":"current","max_daily_basal":0.8,"max_basal":5,"min_bg":80,"max_bg":90,"target_bg":85,"carb_ratio":14,"sens":57,"max_daily_safety_multiplier":9,"current_basal_safety_multiplier":8,"lgsThreshold":65,"high_temptarget_raises_sensitivity":false,"low_temptarget_lowers_sensitivity":false,"sensitivity_raises_target":false,"resistance_lowers_target":false,"adv_target_adjustments":false,"exercise_mode":false,"half_basal_exercise_target":160,"maxCOB":120,"skip_neutral_temps":false,"remainingCarbsCap":90,"enableUAM":true,"A52_risk_enable":false,"SMBInterval":3,"enableSMB_with_COB":true,"enableSMB_with_temptarget":true,"allowSMB_with_high_temptarget":true,"enableSMB_always":true,"enableSMB_after_carbs":true,"maxSMBBasalMinutes":120,"maxUAMSMBBasalMinutes":90,"bolus_increment":0.05,"carbsReqThreshold":5,"current_basal":0.8,"temptargetSet":false,"autosens_max":1.6,"autosens_min":0.6,"variable_sens":100,"insulinDivisor":75,"TDD":20.17604523809524},"autosens_data":{"ratio":1.0200410245038252},"meal_data":{"carbs":0,"mealCOB":0,"slopeFromMaxDeviation":0,"slopeFromMinDeviation":0.5014444444444445,"lastBolusTime":1703182870037,"lastCarbTime":0},"microBolusAllowed":true,"currentTime":1703183158776,"flatBGsDetected":false,"tdd1D":20.662500000000005,"tdd7D":21.47380952380953,"tddLast24H":21.90416666666667,"tddLast4H":3.5,"tddLast8to4H":2.029166666666667},"output":{"temp":"absolute","bg":108,"tick":"+3","eventualBG":123,"targetBG":85,"insulinReq":0.26,"deliverAt":"2023-12-21T18:25:58.776Z","sensitivityRatio":1.0200410245038252,"variable_sens":100,"predBGs":{"IOB":[108,111,113,115,116,117,118,118,118,117,117,116,115,114,112,111,110,110,109,108,107,106,106,105,104,104,103,103,102,102,102,101,101,101,100,100,100,100,99],"ZT":[108,107,106,105,104,103,102,102,102,102,102],"UAM":[108,111,113,116,118,119,121,122,124,125,126,127,127,128,129,129,129,130,130,130,130,129,129,128,128,127,127,126,126,126,125,125,125,125,124,124,124,124,124,123]},"reason":"COB: 0, Dev: 23, BGI: -1, ISF: 100, CR: 14, Target: 85, minPredBG 111, minGuardBG 111, IOBpredBG 99, UAMpredBG 123; Eventual BG 123 >= 90,  insulinReq 0.26. Microbolusing 0.1U. temp 0.10 < 1.34U\/hr. ","COB":0,"IOB":0.314,"units":0.1,"duration":30,"rate":1.3360328196030602,"timestamp":"2023-12-21T18:25:58.781Z"}}