{"algorithm":"OpenAPSSMBDynamicISFPlugin","input":{"glucoseStatus":{"glucose":106,"noise":0,"delta":-2,"short_avgdelta":-1.39,"long_avgdelta":1.06,"date":1703184037000},"currenttemp":{"temp":"absolute","duration":55,"rate":0,"minutesrunning":5},"iob_data":[{"iob":0.58,"basaliob":-0.01,"bolussnooze":0.232,"activity":0.0042,"lastBolusTime":1703183489807,"time":"2023-12-21T18:41:03.723Z","iobWithZeroTemp":{"iob":0.58,"basaliob":-0.01,"bolussnooze":0.232,"activity":0.0042,"lastBolusTime":1703183489807,"time":"2023-12-21T18:41:03.723Z"}},{"iob":0.558,"basaliob":-0.01,"bolussnooze":0.2138,"activity":0.0048,"lastBolusTime":1703183489807,"time":"2023-12-21T18:46:03.723Z","iobWithZeroTemp":{"iob":0.505,"basaliob":-0.063,"bolussnooze":0.2138,"activity":0.0047,"lastBolusTime":1703183489807,"time":"2023-12-21T18:46:03.723Z"}},{"iob":0.534,"basaliob":-0.01,"bolussnooze":0.193,"activity":0.0051,"lastBolusTime":1703183489807,"time":"2023-12-21T18:51:03.723Z","iobWithZeroTemp":{"iob":0.415,"basaliob":-0.129,"bolussnooze":0.193,"activity":0.0049,"lastBolusTime":1703183489807,"time":"2023-12-21T18:51:03.723Z"}},{"iob":0.507,"basaliob":-0.011,"bolussnooze":0.1715,"activity":0.0053,"lastBolusTime":1703183489807,"time":"2023-12-21T18:56:03.723Z","iobWithZeroTemp":{"iob":0.323,"basaliob":-0.195,"bolussnooze":0.1715,"activity":0.0047,"lastBolusTime":1703183489807,"time":"2023-12-21T18:56:03.723Z"}},{"iob":0.481,"basaliob":-0.01,"bolussnooze":0.1503,"activity":0.0054,"lastBolusTime":1703183489807,"time":"2023-12-21T19:01:03.723Z","iobWithZeroTemp":{"iob":0.234,"basaliob":-0.257,"bolussnooze":0.1503,"activity":0.0044,"lastBolusTime":1703183489807,"time":"2023-12-21T19:01:03.723Z"}},{"iob":0.454,"basaliob":-0.01,"bolussnooze":0.1303,"activity":0.0055,"lastBolusTime":1703183489807,"time":"2023-12-21T19:06:03.723Z","iobWithZeroTemp":{"iob":0.146,"basaliob":-0.318,"bolussnooze":0.1303,"activity":0.0041,"lastBolusTime":1703183489807,"time":"2023-12-21T19:06:03.723Z"}},{"iob":0.426,"basaliob":-0.01,"bolussnooze":0.1118,"activity":0.0054,"lastBolusTime":1703183489807,"time":"2023-12-21T19:11:03.723Z","iobWithZeroTemp":{"iob":0.06,"basaliob":-0.376,"bolussnooze":0.1118,"activity":0.0035,"lastBolusTime":1703183489807,"time":"2023-12-21T19:11:03.723Z"}},{"iob":0.399,"basaliob":-0.01,"bolussnooze":0.095,"activity":0.0053,"lastBolusTime":1703183489807,"time":"2023-12-21T19:16:03.723Z","iobWithZeroTemp":{"iob":-0.023,"basaliob":-0.432,"bolussnooze":0.095,"activity":0.0028,"lastBolusTime":1703183489807,"time":"2023-12-21T19:16:03.723Z"}},{"iob":0.373,"basaliob":-0.009,"bolussnooze":0.0801,"activity":0.0052,"lastBolusTime":1703183489807,"time":"2023-12-21T19:21:03.723Z","iobWithZeroTemp":{"iob":-0.102,"basaliob":-0.484,"bolussnooze":0.0801,"activity":0.0022,"lastBolusTime":1703183489807,"time":"2023-12-21T19:21:03.723Z"}},{"iob":0.347,"basaliob":-0.009,"bolussnooze":0.067,"activity":0.005,"lastBolusTime":1703183489807,"time":"2023-12-21T19:26:03.723Z","iobWithZeroTemp":{"iob":-0.178,"basaliob":-0.534,"bolussnooze":0.067,"activity":0.0014,"lastBolusTime":1703183489807,"time":"2023-12-21T19:26:03.723Z"}},{"iob":0.323,"basaliob":-0.008,"bolussnooze":0.0556,"activity":0.0048,"lastBolusTime":1703183489807,"time":"2023-12-21T19:31:03.723Z","iobWithZeroTemp":{"iob":-0.249,"basaliob":-0.58,"bolussnooze":0.0556,"activity":6.0E-4,"lastBolusTime":1703183489807,"time":"2023-12-21T19:31:03.723Z"}},{"iob":0.299,"basaliob":-0.008,"bolussnooze":0.0459,"activity":0.0046,"lastBolusTime":1703183489807,"time":"2023-12-21T19:36:03.723Z","iobWithZeroTemp":{"iob":-0.318,"basaliob":-0.625,"bolussnooze":0.0459,"activity":-1.0E-4,"lastBolusTime":1703183489807,"time":"2023-12-21T19:36:03.723Z"}},{"iob":0.276,"basaliob":-0.008,"bolussnooze":0.0375,"activity":0.0044,"lastBolusTime":1703183489807,"time":"2023-12-21T19:41:03.723Z","iobWithZeroTemp":{"iob":-0.382,"basaliob":-0.666,"bolussnooze":0.0375,"activity":-9.0E-4,"lastBolusTime":1703183489807,"time":"2023-12-21T19:41:03.723Z"}},{"iob":0.255,"basaliob":-0.007,"bolussnooze":0.0304,"activity":0.0042,"lastBolusTime":1703183489807,"time":"2023-12-21T19:46:03.723Z","iobWithZeroTemp":{"iob":-0.442,"basaliob":-0.704,"bolussnooze":0.0304,"activity":-0.0017,"lastBolusTime":1703183489807,"time":"2023-12-21T19:46:03.723Z"}},{"iob":0.235,"basaliob":-0.007,"bolussnooze":0.0245,"activity":0.0039,"lastBolusTime":1703183489807,"time":"2023-12-21T19:51:03.723Z","iobWithZeroTemp":{"iob":-0.498,"basaliob":-0.74,"bolussnooze":0.0245,"activity":-0.0025,"lastBolusTime":1703183489807,"time":"2023-12-21T19:51:03.723Z"}},{"iob":0.216,"basaliob":-0.006,"bolussnooze":0.0196,"activity":0.0037,"lastBolusTime":1703183489807,"time":"2023-12-21T19:56:03.723Z","iobWithZeroTemp":{"iob":-0.551,"basaliob":-0.773,"bolussnooze":0.0196,"activity":-0.0032,"lastBolusTime":1703183489807,"time":"2023-12-21T19:56:03.723Z"}},{"iob":0.198,"basaliob":-0.006,"bolussnooze":0.0155,"activity":0.0035,"lastBolusTime":1703183489807,"time":"2023-12-21T20:01:03.723Z","iobWithZeroTemp":{"iob":-0.6,"basaliob":-0.804,"bolussnooze":0.0155,"activity":-0.0039,"lastBolusTime":1703183489807,"time":"2023-12-21T20:01:03.723Z"}},{"iob":0.182,"basaliob":-0.005,"bolussnooze":0.0121,"activity":0.0032,"lastBolusTime":1703183489807,"time":"2023-12-21T20:06:03.723Z","iobWithZeroTemp":{"iob":-0.644,"basaliob":-0.831,"bolussnooze":0.0121,"activity":-0.0046,"lastBolusTime":1703183489807,"time":"2023-12-21T20:06:03.723Z"}},{"iob":0.166,"basaliob":-0.005,"bolussnooze":0.0094,"activity":0.003,"lastBolusTime":1703183489807,"time":"2023-12-21T20:11:03.723Z","iobWithZeroTemp":{"iob":-0.687,"basaliob":-0.858,"bolussnooze":0.0094,"activity":-0.0053,"lastBolusTime":1703183489807,"time":"2023-12-21T20:11:03.723Z"}},{"iob":0.151,"basaliob":-0.005,"bolussnooze":0.0072,"activity":0.0028,"lastBolusTime":1703183489807,"time":"2023-12-21T20:16:03.723Z","iobWithZeroTemp":{"iob":-0.726,"basaliob":-0.882,"bolussnooze":0.0072,"activity":-0.0059,"lastBolusTime":1703183489807,"time":"2023-12-21T20:16:03.723Z"}},{"iob":0.138,"basaliob":-0.004,"bolussnooze":0.0054,"activity":0.0026,"lastBolusTime":1703183489807,"time":"2023-12-21T20:21:03.723Z","iobWithZeroTemp":{"iob":-0.762,"basaliob":-0.904,"bolussnooze":0.0054,"activity":-0.0065,"lastBolusTime":1703183489807,"time":"2023-12-21T20:21:03.723Z"}},{"iob":0.125,"basaliob":-0.004,"bolussnooze":0.004,"activity":0.0024,"lastBolusTime":1703183489807,"time":"2023-12-21T20:26:03.723Z","iobWithZeroTemp":{"iob":-0.795,"basaliob":-0.924,"bolussnooze":0.004,"activity":-0.007,"lastBolusTime":1703183489807,"time":"2023-12-21T20:26:03.723Z"}},{"iob":0.113,"basaliob":-0.004,"bolussnooze":0.0029,"activity":0.0022,"lastBolusTime":1703183489807,"time":"2023-12-21T20:31:03.723Z","iobWithZeroTemp":{"iob":-0.826,"basaliob":-0.943,"bolussnooze":0.0029,"activity":-0.0076,"lastBolusTime":1703183489807,"time":"2023-12-21T20:31:03.723Z"}},{"iob":0.103,"basaliob":-0.003,"bolussnooze":0.0021,"activity":0.002,"lastBolusTime":1703183489807,"time":"2023-12-21T20:36:03.723Z","iobWithZeroTemp":{"iob":-0.853,"basaliob":-0.959,"bolussnooze":0.0021,"activity":-0.0081,"lastBolusTime":1703183489807,"time":"2023-12-21T20:36:03.723Z"}},{"iob":0.093,"basaliob":-0.003,"bolussnooze":0.0014,"activity":0.0019,"lastBolusTime":1703183489807,"time":"2023-12-21T20:41:03.723Z","iobWithZeroTemp":{"iob":-0.879,"basaliob":-0.975,"bolussnooze":0.0014,"activity":-0.0085,"lastBolusTime":1703183489807,"time":"2023-12-21T20:41:03.723Z"}},{"iob":0.083,"basaliob":-0.003,"bolussnooze":0.001,"activity":0.0017,"lastBolusTime":1703183489807,"time":"2023-12-21T20:46:03.723Z","iobWithZeroTemp":{"iob":-0.903,"basaliob":-0.989,"bolussnooze":0.001,"activity":-0.0089,"lastBolusTime":1703183489807,"time":"2023-12-21T20:46:03.723Z"}},{"iob":0.075,"basaliob":-0.003,"bolussnooze":6.0E-4,"activity":0.0016,"lastBolusTime":1703183489807,"time":"2023-12-21T20:51:03.723Z","iobWithZeroTemp":{"iob":-0.924,"basaliob":-1.002,"bolussnooze":6.0E-4,"activity":-0.0093,"lastBolusTime":1703183489807,"time":"2023-12-21T20:51:03.723Z"}},{"iob":0.068,"basaliob":-0.002,"bolussnooze":3.0E-4,"activity":0.0015,"lastBolusTime":1703183489807,"time":"2023-12-21T20:56:03.723Z","iobWithZeroTemp":{"iob":-0.942,"basaliob":-1.012,"bolussnooze":3.0E-4,"activity":-0.0096,"lastBolusTime":1703183489807,"time":"2023-12-21T20:56:03.723Z"}},{"iob":0.061,"basaliob":-0.002,"bolussnooze":2.0E-4,"activity":0.0014,"lastBolusTime":1703183489807,"time":"2023-12-21T21:01:03.723Z","iobWithZeroTemp":{"iob":-0.96,"basaliob":-1.023,"bolussnooze":2.0E-4,"activity":-0.0099,"lastBolusTime":1703183489807,"time":"2023-12-21T21:01:03.723Z"}},{"iob":0.054,"basaliob":-0.002,"bolussnooze":1.0E-4,"activity":0.0013,"lastBolusTime":1703183489807,"time":"2023-12-21T21:06:03.723Z","iobWithZeroTemp":{"iob":-0.976,"basaliob":-1.032,"bolussnooze":1.0E-4,"activity":-0.0102,"lastBolusTime":1703183489807,"time":"2023-12-21T21:06:03.723Z"}},{"iob":0.048,"basaliob":-0.002,"bolussnooze":0,"activity":0.0011,"lastBolusTime":1703183489807,"time":"2023-12-21T21:11:03.723Z","iobWithZeroTemp":{"iob":-0.991,"basaliob":-1.041,"bolussnooze":0,"activity":-0.0106,"lastBolusTime":1703183489807,"time":"2023-12-21T21:11:03.723Z"}},{"iob":0.043,"basaliob":-0.002,"bolussnooze":0,"activity":0.001,"lastBolusTime":1703183489807,"time":"2023-12-21T21:16:03.723Z","iobWithZeroTemp":{"iob":-1.004,"basaliob":-1.049,"bolussnooze":0,"activity":-0.0109,"lastBolusTime":1703183489807,"time":"2023-12-21T21:16:03.723Z"}},{"iob":0.039,"basaliob":-0.001,"bolussnooze":0,"activity":9.0E-4,"lastBolusTime":1703183489807,"time":"2023-12-21T21:21:03.723Z","iobWithZeroTemp":{"iob":-1.015,"basaliob":-1.055,"bolussnooze":0,"activity":-0.0111,"lastBolusTime":1703183489807,"time":"2023-12-21T21:21:03.723Z"}},{"iob":0.034,"basaliob":-0.001,"bolussnooze":0,"activity":9.0E-4,"lastBolusTime":1703183489807,"time":"2023-12-21T21:26:03.723Z","iobWithZeroTemp":{"iob":-1.026,"basaliob":-1.061,"bolussnooze":0,"activity":-0.0113,"lastBolusTime":1703183489807,"time":"2023-12-21T21:26:03.723Z"}},{"iob":0.03,"basaliob":-0.001,"bolussnooze":0,"activity":8.0E-4,"lastBolusTime":1703183489807,"time":"2023-12-21T21:31:03.723Z","iobWithZeroTemp":{"iob":-1.035,"basaliob":-1.066,"bolussnooze":0,"activity":-0.0115,"lastBolusTime":1703183489807,"time":"2023-12-21T21:31:03.723Z"}},{"iob":0.026,"basaliob":-0.001,"bolussnooze":0,"activity":7.0E-4,"lastBolusTime":1703183489807,"time":"2023-12-21T21:36:03.723Z","iobWithZeroTemp":{"iob":-1.044,"basaliob":-1.071,"bolussnooze":0,"activity":-0.0117,"lastBolusTime":1703183489807,"time":"2023-12-21T21:36:03.723Z"}},{"iob":0.023,"basaliob":-0.001,"bolussnooze":0,"activity":6.0E-4,"lastBolusTime":1703183489807,"time":"2023-12-21T21:41:03.723Z","iobWithZeroTemp":{"iob":-1.052,"basaliob":-1.076,"bolussnooze":0,"activity":-0.0119,"lastBolusTime":1703183489807,"time":"2023-12-21T21:41:03.723Z"}},{"iob":0.02,"basaliob":-0.001,"bolussnooze":0,"activity":6.0E-4,"lastBolusTime":1703183489807,"time":"2023-12-21T21:46:03.723Z","iobWithZeroTemp":{"iob":-1.059,"basaliob":-1.08,"bolussnooze":0,"activity":-0.012,"lastBolusTime":1703183489807,"time":"2023-12-21T21:46:03.723Z"}},{"iob":0.017,"basaliob":-0.001,"bolussnooze":0,"activity":5.0E-4,"lastBolusTime":1703183489807,"time":"2023-12-21T21:51:03.723Z","iobWithZeroTemp":{"iob":-1.065,"basaliob":-1.083,"bolussnooze":0,"activity":-0.0122,"lastBolusTime":1703183489807,"time":"2023-12-21T21:51:03.723Z"}},{"iob":0.015,"basaliob":-0.001,"bolussnooze":0,"activity":4.0E-4,"lastBolusTime":1703183489807,"time":"2023-12-21T21:56:03.723Z","iobWithZeroTemp":{"iob":-1.07,"basaliob":-1.086,"bolussnooze":0,"activity":-0.0124,"lastBolusTime":1703183489807,"time":"2023-12-21T21:56:03.723Z"}},{"iob":0.013,"basaliob":-0.001,"bolussnooze":0,"activity":4.0E-4,"lastBolusTime":1703183489807,"time":"2023-12-21T22:01:03.723Z","iobWithZeroTemp":{"iob":-1.075,"basaliob":-1.089,"bolussnooze":0,"activity":-0.0124,"lastBolusTime":1703183489807,"time":"2023-12-21T22:01:03.723Z"}},{"iob":0.011,"basaliob":-0.001,"bolussnooze":0,"activity":4.0E-4,"lastBolusTime":1703183489807,"time":"2023-12-21T22:06:03.723Z","iobWithZeroTemp":{"iob":-1.079,"basaliob":-1.091,"bolussnooze":0,"activity":-0.0125,"lastBolusTime":1703183489807,"time":"2023-12-21T22:06:03.723Z"}},{"iob":0.009,"basaliob":-0.001,"bolussnooze":0,"activity":3.0E-4,"lastBolusTime":1703183489807,"time":"2023-12-21T22:11:03.723Z","iobWithZeroTemp":{"iob":-1.083,"basaliob":-1.093,"bolussnooze":0,"activity":-0.0127,"lastBolusTime":1703183489807,"time":"2023-12-21T22:11:03.723Z"}},{"iob":0.008,"basaliob":-0.001,"bolussnooze":0,"activity":3.0E-4,"lastBolusTime":1703183489807,"time":"2023-12-21T22:16:03.723Z","iobWithZeroTemp":{"iob":-1.086,"basaliob":-1.095,"bolussnooze":0,"activity":-0.0127,"lastBolusTime":1703183489807,"time":"2023-12-21T22:16:03.723Z"}},{"iob":0.008,"basaliob":0,"bolussnooze":0,"activity":2.0E-4,"lastBolusTime":1703183489807,"time":"2023-12-21T22:21:03.723Z","iobWithZeroTemp":{"iob":-1.088,"basaliob":-1.096,"bolussnooze":0,"activity":-0.0128,"lastBolusTime":1703183489807,"time":"2023-12-21T22:21:03.723Z"}},{"iob":0.006,"basaliob":0,"bolussnooze":0,"activity":2.0E-4,"lastBolusTime":1703183489807,"time":"2023-12-21T22:26:03.723Z","iobWithZeroTemp":{"iob":-1.091,"basaliob":-1.097,"bolussnooze":0,"activity":-0.0129,"lastBolusTime":1703183489807,"time":"2023-12-21T22:26:03.723Z"}},{"iob":0.005,"basaliob":0,"bolussnooze":0,"activity":2.0E-4,"lastBolusTime":1703183489807,"time":"2023-12-21T22:31:03.723Z","iobWithZeroTemp":{"iob":-1.093,"basaliob":-1.098,"bolussnooze":0,"activity":-0.0129,"lastBolusTime":1703183489807,"time":"2023-12-21T22:31:03.723Z"}},{"iob":0.005,"basaliob":0,"bolussnooze":0,"activity":2.0E-4,"lastBolusTime":1703183489807,"time":"2023-12-21T22:36:03.723Z","iobWithZeroTemp":{"iob":-1.094,"basaliob":-1.099,"bolussnooze":0,"activity":-0.013,"lastBolusTime":1703183489807,"time":"2023-12-21T22:36:03.723Z"}}],"profile":{"max_iob":7,"type":"current","max_daily_basal":0.8,"max_basal":5,"min_bg":80,"max_bg":90,"target_bg":85,"carb_ratio":14,"sens":57,"max_daily_safety_multiplier":9,"current_basal_safety_multiplier":8,"lgsThreshold":65,"high_temptarget_raises_sensitivity":false,"low_temptarget_lowers_sensitivity":false,"sensitivity_raises_target":false,"resistance_lowers_target":false,"adv_target_adjustments":false,"exercise_mode":false,"half_basal_exercise_target":160,"maxCOB":120,"skip_neutral_temps":false,"remainingCarbsCap":90,"enableUAM":true,"A52_risk_enable":false,"SMBInterval":3,"enableSMB_with_COB":true,"enableSMB_with_temptarget":true,"allowSMB_with_high_temptarget":true,"enableSMB_always":true,"enableSMB_after_carbs":true,"maxSMBBasalMinutes":120,"maxUAMSMBBasalMinutes":90,"bolus_increment":0.05,"carbsReqThreshold":5,"current_basal":0.8,"temptargetSet":false,"autosens_max":1.6,"autosens_min":0.6,"variable_sens":99.8,"insulinDivisor":75,"TDD":20.471395238095244},"autosens_data":{"ratio":1.0380862623350704},"meal_data":{"carbs":0,"mealCOB":0,"slopeFromMaxDeviation":-1.1053333333333333,"slopeFromMinDeviation":0.0689090909090909,"lastBolusTime":1703183489807,"lastCarbTime":0},"microBolusAllowed":true,"currentTime":1703184065346,"flatBGsDetected":false,"tdd1D":20.662500000000005,"tdd7D":21.47380952380953,"tddLast24H":22.29166666666667,"tddLast4H":3.4916666666666663,"tddLast8to4H":2.545833333333334},"output":{"temp":"absolute","bg":106,"tick":-2,"eventualBG":49,"targetBG":85,"insulinReq":0,"deliverAt":"2023-12-21T18:41:05.346Z","sensitivityRatio":1.0380862623350704,"variable_sens":99.8,"predBGs":{"IOB":[106,104,102,99,96,94,91,88,85,82,79,76,73,70,67,65,62,59,57,55,52,50,48,46,44,43,41,39],"ZT":[106,104,102,99,97,94,92,90,89,87,86,86,86],"UAM":[106,104,101,99,96,93,90,87,84,81,78,75,72,69,67,64,61,59,56,54,52,49,47,45,44,42,40,39]},"reason":"COB: 0, Dev: 1, BGI: -2, ISF: 100, CR: 14, Target: 85, minPredBG 63, minGuardBG 24, IOBpredBG 39, UAMpredBG 39; minGuardBG 24<65 55m left and 0 ~ req 0U\/hr: no temp required","COB":0,"IOB":0.58,"timestamp":"2023-12-21T18:41:05.353Z"}}